timestamp,buy_pool_address,sell_pool_address,buy_pool_name,sell_pool_name,buy_dex,sell_dex,buy_price_usd,sell_price_usd,buy_high_usd,buy_low_usd,sell_high_usd,sell_low_usd,observed_spread_bps,optimistic_spread_bps,conservative_spread_bps,buy_fee_bps,sell_fee_bps,explicit_fee_total_bps,explicit_fee_known,fee_adjusted_spread_bps,conservative_fee_adjusted_spread_bps,buy_volume_usd,sell_volume_usd,min_pool_volume_usd,total_volume_usd,buy_reserve_usd,sell_reserve_usd,min_pool_reserve_usd,buy_fee_source,sell_fee_source
2026-03-16 08:00:00+00:00,0x2f5e87c9312fa29aed5c179e456625d79015299c,0x4bfc22a4da7f31f8a912a79a7e44a822398b4390,WBTC / WETH 0.05%,WBTC / WETH 0.01%,uniswap_v3_arbitrum,pancakeswap-v3-arbitrum,73047.5919169698,73038.7367661929,73604.9399459096,72828.0150497802,73599.3517139659,72811.6133614876,-1.2122440376904908,105.91208117624262,-107.78170391892105,5.0,1.0,6.0,True,-7.212244037690491,-113.78170391892105,2654677.6975625725,333112.7533154653,333112.7533154653,2987790.450878038,49258461.5394,1897218.2204,1897218.2204,api_detail,api_detail
2026-03-16 08:00:00+00:00,0x2f5e87c9312fa29aed5c179e456625d79015299c,0x960ea3e3c7fb317332d990873d354e18d7645590,WBTC / WETH 0.05%,USDT / WBTC / WETH,uniswap_v3_arbitrum,curve_arbitrum,73047.5919169698,73023.3224151185,73604.9399459096,72828.0150497802,73598.5597377394,72989.1845449682,-3.322423260563312,105.80333508094509,-83.65680365936102,5.0,,,False,,,2654677.6975625725,559.9919840796282,559.9919840796282,2655237.689546652,49258461.5394,737680.0564,737680.0564,api_detail,unknown
2026-03-16 08:00:00+00:00,0x4bfc22a4da7f31f8a912a79a7e44a822398b4390,0x2f5e87c9312fa29aed5c179e456625d79015299c,WBTC / WETH 0.01%,WBTC / WETH 0.05%,pancakeswap-v3-arbitrum,uniswap_v3_arbitrum,73038.7367661929,73047.5919169698,73599.3517139659,72811.6133614876,73604.9399459096,72828.0150497802,1.2123910090688916,108.95605079966674,-104.80210032058346,1.0,5.0,6.0,True,-4.787608990931108,-110.80210032058346,333112.7533154653,2654677.6975625725,333112.7533154653,2987790.450878038,1897218.2204,49258461.5394,1897218.2204,api_detail,api_detail
2026-03-16 08:00:00+00:00,0x4bfc22a4da7f31f8a912a79a7e44a822398b4390,0x960ea3e3c7fb317332d990873d354e18d7645590,WBTC / WETH 0.01%,USDT / WBTC / WETH,pancakeswap-v3-arbitrum,curve_arbitrum,73038.7367661929,73023.3224151185,73599.3517139659,72811.6133614876,73598.5597377394,72989.1845449682,-2.11043505910391,108.07978836354648,-82.90387819841483,1.0,,,False,,,333112.7533154653,559.9919840796282,559.9919840796282,333672.74529954494,1897218.2204,737680.0564,737680.0564,api_detail,unknown
2026-03-16 08:00:00+00:00,0x960ea3e3c7fb317332d990873d354e18d7645590,0x2f5e87c9312fa29aed5c179e456625d79015299c,USDT / WBTC / WETH,WBTC / WETH 0.05%,curve_arbitrum,uniswap_v3_arbitrum,73023.3224151185,73047.5919169698,73598.5597377394,72989.1845449682,73604.9399459096,72828.0150497802,3.3235274770615497,84.3625538194681,-104.69562049922665,,5.0,,False,,,559.9919840796282,2654677.6975625725,559.9919840796282,2655237.689546652,737680.0564,49258461.5394,737680.0564,unknown,api_detail
2026-03-16 08:00:00+00:00,0x960ea3e3c7fb317332d990873d354e18d7645590,0x4bfc22a4da7f31f8a912a79a7e44a822398b4390,USDT / WBTC / WETH,WBTC / WETH 0.01%,curve_arbitrum,pancakeswap-v3-arbitrum,73023.3224151185,73038.7367661929,73598.5597377394,72989.1845449682,73599.3517139659,72811.6133614876,2.110880546735139,83.59692916171335,-106.92415436606373,,1.0,,False,,,559.9919840796282,333112.7533154653,559.9919840796282,333672.74529954494,737680.0564,1897218.2204,737680.0564,unknown,api_detail
2026-03-16 09:00:00+00:00,0x2f5e87c9312fa29aed5c179e456625d79015299c,0x4bfc22a4da7f31f8a912a79a7e44a822398b4390,WBTC / WETH 0.05%,WBTC / WETH 0.01%,uniswap_v3_arbitrum,pancakeswap-v3-arbitrum,73147.0412154045,73182.6164267201,73871.9095638102,72397.9472794091,73292.3986574256,72297.0177684286,4.863520208675531,123.54651086508017,-213.1922410941889,5.0,1.0,6.0,True,-1.1364797913244686,-219.1922410941889,2844176.359981551,426377.33060233964,426377.33060233964,3270553.6905838903,49258461.5394,1897218.2204,1897218.2204,api_detail,api_detail
2026-03-16 09:00:00+00:00,0x2f5e87c9312fa29aed5c179e456625d79015299c,0x960ea3e3c7fb317332d990873d354e18d7645590,WBTC / WETH 0.05%,USDT / WBTC / WETH,uniswap_v3_arbitrum,curve_arbitrum,73147.0412154045,73023.3224151185,73871.9095638102,72397.9472794091,73023.3224151185,73023.3224151185,-16.91371219263327,86.38023027032204,-114.87277825933285,5.0,,,False,,,2844176.359981551,0.0,0.0,2844176.359981551,49258461.5394,737680.0564,737680.0564,api_detail,unknown
2026-03-16 09:00:00+00:00,0x4bfc22a4da7f31f8a912a79a7e44a822398b4390,0x2f5e87c9312fa29aed5c179e456625d79015299c,WBTC / WETH 0.01%,WBTC / WETH 0.05%,pancakeswap-v3-arbitrum,uniswap_v3_arbitrum,73182.6164267201,73147.0412154045,73292.3986574256,72297.0177684286,73871.9095638102,72397.9472794091,-4.86115597564285,217.83634290781782,-122.03876451052365,1.0,5.0,6.0,True,-10.86115597564285,-128.03876451052366,426377.33060233964,2844176.359981551,426377.33060233964,3270553.6905838903,1897218.2204,49258461.5394,1897218.2204,api_detail,api_detail
2026-03-16 09:00:00+00:00,0x4bfc22a4da7f31f8a912a79a7e44a822398b4390,0x960ea3e3c7fb317332d990873d354e18d7645590,WBTC / WETH 0.01%,USDT / WBTC / WETH,pancakeswap-v3-arbitrum,curve_arbitrum,73182.6164267201,73023.3224151185,73292.3986574256,72297.0177684286,73023.3224151185,73023.3224151185,-21.766646148966284,100.46121805691755,-36.71270789823433,1.0,,,False,,,426377.33060233964,0.0,0.0,426377.33060233964,1897218.2204,737680.0564,737680.0564,api_detail,unknown
2026-03-16 09:00:00+00:00,0x960ea3e3c7fb317332d990873d354e18d7645590,0x2f5e87c9312fa29aed5c179e456625d79015299c,USDT / WBTC / WETH,WBTC / WETH 0.05%,curve_arbitrum,uniswap_v3_arbitrum,73023.3224151185,73147.0412154045,73023.3224151185,73023.3224151185,73871.9095638102,72397.9472794091,16.942368026300336,116.20768825988392,-85.6404659533716,,5.0,,False,,,0.0,2844176.359981551,0.0,2844176.359981551,737680.0564,49258461.5394,737680.0564,unknown,api_detail
2026-03-16 09:00:00+00:00,0x960ea3e3c7fb317332d990873d354e18d7645590,0x4bfc22a4da7f31f8a912a79a7e44a822398b4390,USDT / WBTC / WETH,WBTC / WETH 0.01%,curve_arbitrum,pancakeswap-v3-arbitrum,73023.3224151185,73182.6164267201,73023.3224151185,73023.3224151185,73292.3986574256,72297.0177684286,21.814128189903137,36.84798683596835,-99.46201058355642,,1.0,,False,,,0.0,426377.33060233964,0.0,426377.33060233964,737680.0564,1897218.2204,737680.0564,unknown,api_detail
2026-03-16 10:00:00+00:00,0x2f5e87c9312fa29aed5c179e456625d79015299c,0x4bfc22a4da7f31f8a912a79a7e44a822398b4390,WBTC / WETH 0.05%,WBTC / WETH 0.01%,uniswap_v3_arbitrum,pancakeswap-v3-arbitrum,73484.8457278789,73606.7756904762,73501.3061167822,72570.3548186719,73606.7756904762,73023.3289452035,16.592531615133854,142.81601273604895,-65.02975209981665,5.0,1.0,6.0,True,10.592531615133854,-71.02975209981665,3063160.2878271714,464079.04365536006,464079.04365536006,3527239.3314825315,49258461.5394,1897218.2204,1897218.2204,api_detail,api_detail
2026-03-16 10:00:00+00:00,0x2f5e87c9312fa29aed5c179e456625d79015299c,0x960ea3e3c7fb317332d990873d354e18d7645590,WBTC / WETH 0.05%,USDT / WBTC / WETH,uniswap_v3_arbitrum,curve_arbitrum,73484.8457278789,73551.7382655467,73501.3061167822,72570.3548186719,73551.7382655467,73023.3224151185,9.102902374662492,135.23200338856344,-65.03064053096752,5.0,,,False,,,3063160.2878271714,414.8681817656267,414.8681817656267,3063575.156008937,49258461.5394,737680.0564,737680.0564,api_detail,unknown
2026-03-16 10:00:00+00:00,0x4bfc22a4da7f31f8a912a79a7e44a822398b4390,0x2f5e87c9312fa29aed5c179e456625d79015299c,WBTC / WETH 0.01%,WBTC / WETH 0.05%,pancakeswap-v3-arbitrum,uniswap_v3_arbitrum,73606.7756904762,73484.8457278789,73606.7756904762,73023.3289452035,73501.3061167822,72570.3548186719,-16.565046010170725,65.45540698882357,-140.80509057516122,1.0,5.0,6.0,True,-22.565046010170725,-146.80509057516122,464079.04365536006,3063160.2878271714,464079.04365536006,3527239.3314825315,1897218.2204,49258461.5394,1897218.2204,api_detail,api_detail
2026-03-16 10:00:00+00:00,0x4bfc22a4da7f31f8a912a79a7e44a822398b4390,0x960ea3e3c7fb317332d990873d354e18d7645590,WBTC / WETH 0.01%,USDT / WBTC / WETH,pancakeswap-v3-arbitrum,curve_arbitrum,73606.7756904762,73551.7382655467,73606.7756904762,73023.3289452035,73551.7382655467,73023.3224151185,-7.4772226351760285,72.36171343814269,-79.26624551674254,1.0,,,False,,,464079.04365536006,414.8681817656267,414.8681817656267,464493.91183712566,1897218.2204,737680.0564,737680.0564,api_detail,unknown
2026-03-16 10:00:00+00:00,0x960ea3e3c7fb317332d990873d354e18d7645590,0x2f5e87c9312fa29aed5c179e456625d79015299c,USDT / WBTC / WETH,WBTC / WETH 0.05%,curve_arbitrum,uniswap_v3_arbitrum,73551.7382655467,73484.8457278789,73551.7382655467,73023.3224151185,73501.3061167822,72570.3548186719,-9.094623627560194,65.45630708864269,-133.4276347530594,,5.0,,False,,,414.8681817656267,3063160.2878271714,414.8681817656267,3063575.156008937,737680.0564,49258461.5394,737680.0564,unknown,api_detail
2026-03-16 10:00:00+00:00,0x960ea3e3c7fb317332d990873d354e18d7645590,0x4bfc22a4da7f31f8a912a79a7e44a822398b4390,USDT / WBTC / WETH,WBTC / WETH 0.01%,curve_arbitrum,pancakeswap-v3-arbitrum,73551.7382655467,73606.7756904762,73551.7382655467,73023.3224151185,73606.7756904762,73023.3289452035,7.482817704567157,79.89957948515868,-71.84185347672734,,1.0,,False,,,414.8681817656267,464079.04365536006,414.8681817656267,464493.91183712566,737680.0564,1897218.2204,737680.0564,unknown,api_detail
2026-03-16 11:00:00+00:00,0x2f5e87c9312fa29aed5c179e456625d79015299c,0x4bfc22a4da7f31f8a912a79a7e44a822398b4390,WBTC / WETH 0.05%,WBTC / WETH 0.01%,uniswap_v3_arbitrum,pancakeswap-v3-arbitrum,73421.7675000638,73446.1299647986,74018.2109217921,73364.7224278075,73721.9552409996,73373.0606512587,3.318152853617473,48.69272333765329,-87.16101922742637,5.0,1.0,6.0,True,-2.681847146382527,-93.16101922742637,2245899.0682499474,191613.86736240584,191613.86736240584,2437512.935612353,49258461.5394,1897218.2204,1897218.2204,api_detail,api_detail
2026-03-16 11:00:00+00:00,0x2f5e87c9312fa29aed5c179e456625d79015299c,0x960ea3e3c7fb317332d990873d354e18d7645590,WBTC / WETH 0.05%,USDT / WBTC / WETH,uniswap_v3_arbitrum,curve_arbitrum,73421.7675000638,73551.7382655467,74018.2109217921,73364.7224278075,73551.7382655467,73551.7382655467,17.701939071785855,25.491248593385585,-63.02133629496609,5.0,,,False,,,2245899.0682499474,0.0,0.0,2245899.0682499474,49258461.5394,737680.0564,737680.0564,api_detail,unknown
2026-03-16 11:00:00+00:00,0x4bfc22a4da7f31f8a912a79a7e44a822398b4390,0x2f5e87c9312fa29aed5c179e456625d79015299c,WBTC / WETH 0.01%,WBTC / WETH 0.05%,pancakeswap-v3-arbitrum,uniswap_v3_arbitrum,73446.1299647986,73421.7675000638,73721.9552409996,73373.0606512587,74018.2109217921,73364.7224278075,-3.31705220499412,87.92740343759098,-48.45677410810545,1.0,5.0,6.0,True,-9.31705220499412,-54.45677410810545,191613.86736240584,2245899.0682499474,191613.86736240584,2437512.935612353,1897218.2204,49258461.5394,1897218.2204,api_detail,api_detail
2026-03-16 11:00:00+00:00,0x4bfc22a4da7f31f8a912a79a7e44a822398b4390,0x960ea3e3c7fb317332d990873d354e18d7645590,WBTC / WETH 0.01%,USDT / WBTC / WETH,pancakeswap-v3-arbitrum,curve_arbitrum,73446.1299647986,73551.7382655467,73721.9552409996,73373.0606512587,73551.7382655467,73551.7382655467,14.379015041188214,24.351936896465087,-23.089047882202117,1.0,,,False,,,191613.86736240584,0.0,0.0,191613.86736240584,1897218.2204,737680.0564,737680.0564,api_detail,unknown
2026-03-16 11:00:00+00:00,0x960ea3e3c7fb317332d990873d354e18d7645590,0x2f5e87c9312fa29aed5c179e456625d79015299c,USDT / WBTC / WETH,WBTC / WETH 0.05%,curve_arbitrum,uniswap_v3_arbitrum,73551.7382655467,73421.7675000638,73551.7382655467,73551.7382655467,74018.2109217921,73364.7224278075,-17.67065857963268,63.421024063534674,-25.426433439819096,,5.0,,False,,,0.0,2245899.0682499474,0.0,2245899.0682499474,737680.0564,49258461.5394,737680.0564,unknown,api_detail
2026-03-16 11:00:00+00:00,0x960ea3e3c7fb317332d990873d354e18d7645590,0x4bfc22a4da7f31f8a912a79a7e44a822398b4390,USDT / WBTC / WETH,WBTC / WETH 0.01%,curve_arbitrum,pancakeswap-v3-arbitrum,73551.7382655467,73446.1299647986,73551.7382655467,73551.7382655467,73721.9552409996,73373.0606512587,-14.358369120632819,23.142481668938508,-24.29277927367357,,1.0,,False,,,0.0,191613.86736240584,0.0,191613.86736240584,737680.0564,1897218.2204,737680.0564,unknown,api_detail
2026-03-16 12:00:00+00:00,0x2f5e87c9312fa29aed5c179e456625d79015299c,0x4bfc22a4da7f31f8a912a79a7e44a822398b4390,WBTC / WETH 0.05%,WBTC / WETH 0.01%,uniswap_v3_arbitrum,pancakeswap-v3-arbitrum,73715.6177584764,73703.0570054152,74016.1723444522,72981.3939912581,74019.3854675493,73064.771308493,-1.7039473375024539,142.2268635229873,-128.53961584660567,5.0,1.0,6.0,True,-7.703947337502454,-134.53961584660567,11469869.831809824,1063880.7514153244,1063880.7514153244,12533750.58322515,49258461.5394,1897218.2204,1897218.2204,api_detail,api_detail
2026-03-16 12:00:00+00:00,0x2f5e87c9312fa29aed5c179e456625d79015299c,0x960ea3e3c7fb317332d990873d354e18d7645590,WBTC / WETH 0.05%,USDT / WBTC / WETH,uniswap_v3_arbitrum,curve_arbitrum,73715.6177584764,73622.5934460208,74016.1723444522,72981.3939912581,73627.2796754516,73551.7382655467,-12.619349234836985,88.500047597182,-62.74764881709305,5.0,,,False,,,11469869.831809824,340.3459410816989,340.3459410816989,11470210.177750906,49258461.5394,737680.0564,737680.0564,api_detail,unknown
2026-03-16 12:00:00+00:00,0x4bfc22a4da7f31f8a912a79a7e44a822398b4390,0x2f5e87c9312fa29aed5c179e456625d79015299c,WBTC / WETH 0.01%,WBTC / WETH 0.05%,pancakeswap-v3-arbitrum,uniswap_v3_arbitrum,73703.0570054152,73715.6177584764,74019.3854675493,73064.771308493,74016.1723444522,72981.3939912581,1.7042377306375478,130.21337354800045,-140.2323823326357,1.0,5.0,6.0,True,-4.295762269362452,-146.2323823326357,1063880.7514153244,11469869.831809824,1063880.7514153244,12533750.58322515,1897218.2204,49258461.5394,1897218.2204,api_detail,api_detail
2026-03-16 12:00:00+00:00,0x4bfc22a4da7f31f8a912a79a7e44a822398b4390,0x960ea3e3c7fb317332d990873d354e18d7645590,WBTC / WETH 0.01%,USDT / WBTC / WETH,pancakeswap-v3-arbitrum,curve_arbitrum,73703.0570054152,73622.5934460208,74019.3854675493,73064.771308493,73627.2796754516,73551.7382655467,-10.917262141311168,76.98763123251018,-63.179017097843015,1.0,,,False,,,1063880.7514153244,340.3459410816989,340.3459410816989,1064221.097356406,1897218.2204,737680.0564,737680.0564,api_detail,unknown
2026-03-16 12:00:00+00:00,0x960ea3e3c7fb317332d990873d354e18d7645590,0x2f5e87c9312fa29aed5c179e456625d79015299c,USDT / WBTC / WETH,WBTC / WETH 0.05%,curve_arbitrum,uniswap_v3_arbitrum,73622.5934460208,73715.6177584764,73627.2796754516,73551.7382655467,74016.1723444522,72981.3939912581,12.635294153797716,63.143861703003346,-87.72369250100832,,5.0,,False,,,340.3459410816989,11469869.831809824,340.3459410816989,11470210.177750906,737680.0564,49258461.5394,737680.0564,unknown,api_detail
2026-03-16 12:00:00+00:00,0x960ea3e3c7fb317332d990873d354e18d7645590,0x4bfc22a4da7f31f8a912a79a7e44a822398b4390,USDT / WBTC / WETH,WBTC / WETH 0.01%,curve_arbitrum,pancakeswap-v3-arbitrum,73622.5934460208,73703.0570054152,73627.2796754516,73551.7382655467,74019.3854675493,73064.771308493,10.929193828712602,63.58071379825914,-76.39944996448821,,1.0,,False,,,340.3459410816989,1063880.7514153244,340.3459410816989,1064221.097356406,737680.0564,1897218.2204,737680.0564,unknown,api_detail
2026-03-16 13:00:00+00:00,0x2f5e87c9312fa29aed5c179e456625d79015299c,0x4bfc22a4da7f31f8a912a79a7e44a822398b4390,WBTC / WETH 0.05%,WBTC / WETH 0.01%,uniswap_v3_arbitrum,pancakeswap-v3-arbitrum,73799.3608931032,73777.8312724809,74312.8714272566,73631.6884182654,74281.4016012874,73636.067533563,-2.9173180311814484,88.2382567857598,-91.07492157076958,5.0,1.0,6.0,True,-8.917318031181448,-97.07492157076958,9285152.789034098,655432.0666940255,655432.0666940255,9940584.855728123,49258461.5394,1897218.2204,1897218.2204,api_detail,api_detail
2026-03-16 13:00:00+00:00,0x2f5e87c9312fa29aed5c179e456625d79015299c,0x960ea3e3c7fb317332d990873d354e18d7645590,WBTC / WETH 0.05%,USDT / WBTC / WETH,uniswap_v3_arbitrum,curve_arbitrum,73799.3608931032,74119.1153381797,74312.8714272566,73631.6884182654,74119.1153381797,73622.5934460208,43.32753579528337,66.19798219829943,-92.88807819941458,5.0,,,False,,,9285152.789034098,327.115505543797,327.115505543797,9285479.904539643,49258461.5394,737680.0564,737680.0564,api_detail,unknown
2026-03-16 13:00:00+00:00,0x4bfc22a4da7f31f8a912a79a7e44a822398b4390,0x2f5e87c9312fa29aed5c179e456625d79015299c,WBTC / WETH 0.01%,WBTC / WETH 0.05%,pancakeswap-v3-arbitrum,uniswap_v3_arbitrum,73777.8312724809,73799.3608931032,74281.4016012874,73636.067533563,74312.8714272566,73631.6884182654,2.918169353989253,91.91200947621603,-87.46646792011315,1.0,5.0,6.0,True,-3.081830646010747,-93.46646792011315,655432.0666940255,9285152.789034098,655432.0666940255,9940584.855728123,1897218.2204,49258461.5394,1897218.2204,api_detail,api_detail
2026-03-16 13:00:00+00:00,0x4bfc22a4da7f31f8a912a79a7e44a822398b4390,0x960ea3e3c7fb317332d990873d354e18d7645590,WBTC / WETH 0.01%,USDT / WBTC / WETH,pancakeswap-v3-arbitrum,curve_arbitrum,73777.8312724809,74119.1153381797,74281.4016012874,73636.067533563,74119.1153381797,73622.5934460208,46.258348857985965,65.59934836234183,-88.69086218954658,1.0,,,False,,,655432.0666940255,327.115505543797,327.115505543797,655759.1821995693,1897218.2204,737680.0564,737680.0564,api_detail,unknown
2026-03-16 13:00:00+00:00,0x960ea3e3c7fb317332d990873d354e18d7645590,0x2f5e87c9312fa29aed5c179e456625d79015299c,USDT / WBTC / WETH,WBTC / WETH 0.05%,curve_arbitrum,uniswap_v3_arbitrum,74119.1153381797,73799.3608931032,74119.1153381797,73622.5934460208,74312.8714272566,73631.6884182654,-43.14061812766834,93.75898741490474,-65.76264674643562,,5.0,,False,,,327.115505543797,9285152.789034098,327.115505543797,9285479.904539643,737680.0564,49258461.5394,737680.0564,unknown,api_detail
2026-03-16 13:00:00+00:00,0x960ea3e3c7fb317332d990873d354e18d7645590,0x4bfc22a4da7f31f8a912a79a7e44a822398b4390,USDT / WBTC / WETH,WBTC / WETH 0.01%,curve_arbitrum,pancakeswap-v3-arbitrum,74119.1153381797,73777.8312724809,74119.1153381797,73622.5934460208,74281.4016012874,73636.067533563,-46.045350668535434,89.48450800631447,-65.17182543433364,,1.0,,False,,,327.115505543797,655432.0666940255,327.115505543797,655759.1821995693,737680.0564,1897218.2204,737680.0564,unknown,api_detail
2026-03-16 14:00:00+00:00,0x2f5e87c9312fa29aed5c179e456625d79015299c,0x4bfc22a4da7f31f8a912a79a7e44a822398b4390,WBTC / WETH 0.05%,WBTC / WETH 0.01%,uniswap_v3_arbitrum,pancakeswap-v3-arbitrum,73278.2687711739,73301.2294026598,74329.9195716416,72897.3171018379,74331.7270491353,72900.0141209537,3.1333479721795676,196.77129479175548,-192.37279670533124,5.0,1.0,6.0,True,-2.8666520278204324,-198.37279670533124,9280563.16443223,847101.6814391641,847101.6814391641,10127664.845871393,49258461.5394,1897218.2204,1897218.2204,api_detail,api_detail
2026-03-16 14:00:00+00:00,0x2f5e87c9312fa29aed5c179e456625d79015299c,0x960ea3e3c7fb317332d990873d354e18d7645590,WBTC / WETH 0.05%,USDT / WBTC / WETH,uniswap_v3_arbitrum,curve_arbitrum,73278.2687711739,73149.9393297823,74329.9195716416,72897.3171018379,74150.6266470398,72940.4327639817,-17.512619163033705,171.92807568638057,-186.93506136794102,5.0,,,False,,,9280563.16443223,1769.8533596870948,1769.8533596870948,9282333.017791916,49258461.5394,737680.0564,737680.0564,api_detail,unknown
2026-03-16 14:00:00+00:00,0x4bfc22a4da7f31f8a912a79a7e44a822398b4390,0x2f5e87c9312fa29aed5c179e456625d79015299c,WBTC / WETH 0.01%,WBTC / WETH 0.05%,pancakeswap-v3-arbitrum,uniswap_v3_arbitrum,73301.2294026598,73278.2687711739,74331.7270491353,72900.0141209537,74329.9195716416,72897.3171018379,-3.1323664927596084,196.1461143636334,-192.97411808408606,1.0,5.0,6.0,True,-9.132366492759608,-198.97411808408606,847101.6814391641,9280563.16443223,847101.6814391641,10127664.845871393,1897218.2204,49258461.5394,1897218.2204,api_detail,api_detail
2026-03-16 14:00:00+00:00,0x4bfc22a4da7f31f8a912a79a7e44a822398b4390,0x960ea3e3c7fb317332d990873d354e18d7645590,WBTC / WETH 0.01%,USDT / WBTC / WETH,pancakeswap-v3-arbitrum,curve_arbitrum,73301.2294026598,73149.9393297823,74331.7270491353,72900.0141209537,74150.6266470398,72940.4327639817,-20.639500061646608,171.55175361298626,-187.17367944833364,1.0,,,False,,,847101.6814391641,1769.8533596870948,1769.8533596870948,848871.5347988512,1897218.2204,737680.0564,737680.0564,api_detail,unknown
2026-03-16 14:00:00+00:00,0x960ea3e3c7fb317332d990873d354e18d7645590,0x2f5e87c9312fa29aed5c179e456625d79015299c,USDT / WBTC / WETH,WBTC / WETH 0.05%,curve_arbitrum,uniswap_v3_arbitrum,73149.9393297823,73278.2687711739,74150.6266470398,72940.4327639817,74329.9195716416,72897.3171018379,17.543342150025953,190.49610140865926,-169.0221110561474,,5.0,,False,,,1769.8533596870948,9280563.16443223,1769.8533596870948,9282333.017791916,737680.0564,49258461.5394,737680.0564,unknown,api_detail
2026-03-16 14:00:00+00:00,0x960ea3e3c7fb317332d990873d354e18d7645590,0x4bfc22a4da7f31f8a912a79a7e44a822398b4390,USDT / WBTC / WETH,WBTC / WETH 0.01%,curve_arbitrum,pancakeswap-v3-arbitrum,73149.9393297823,73301.2294026598,74150.6266470398,72940.4327639817,74331.7270491353,72900.0141209537,20.68218706176017,190.74390326905498,-168.65838936723665,,1.0,,False,,,1769.8533596870948,847101.6814391641,1769.8533596870948,848871.5347988512,737680.0564,1897218.2204,737680.0564,unknown,api_detail
2026-03-16 15:00:00+00:00,0x2f5e87c9312fa29aed5c179e456625d79015299c,0x4bfc22a4da7f31f8a912a79a7e44a822398b4390,WBTC / WETH 0.05%,WBTC / WETH 0.01%,uniswap_v3_arbitrum,pancakeswap-v3-arbitrum,73140.3057189582,73125.9702064307,73962.7325384267,73140.3057189582,73804.9089071145,73083.8804906462,-1.9600017236165446,90.86688681751332,-118.82363152603936,5.0,1.0,6.0,True,-7.960001723616545,-124.82363152603936,3925164.8441989925,532295.5880111424,532295.5880111424,4457460.432210135,49258461.5394,1897218.2204,1897218.2204,api_detail,api_detail
2026-03-16 15:00:00+00:00,0x2f5e87c9312fa29aed5c179e456625d79015299c,0x960ea3e3c7fb317332d990873d354e18d7645590,WBTC / WETH 0.05%,USDT / WBTC / WETH,uniswap_v3_arbitrum,curve_arbitrum,73140.3057189582,73135.5777088652,73962.7325384267,73140.3057189582,73674.0924074814,73135.5777088652,-0.6464301791653249,72.98119460619645,-111.83400087763972,5.0,,,False,,,3925164.8441989925,1095.9640204427362,1095.9640204427362,3926260.808219435,49258461.5394,737680.0564,737680.0564,api_detail,unknown
2026-03-16 15:00:00+00:00,0x4bfc22a4da7f31f8a912a79a7e44a822398b4390,0x2f5e87c9312fa29aed5c179e456625d79015299c,WBTC / WETH 0.01%,WBTC / WETH 0.05%,pancakeswap-v3-arbitrum,uniswap_v3_arbitrum,73125.9702064307,73140.3057189582,73804.9089071145,73083.8804906462,73962.7325384267,73140.3057189582,1.960385959602906,120.25251558624994,-90.04864283386871,1.0,5.0,6.0,True,-4.039614040397094,-96.04864283386871,532295.5880111424,3925164.8441989925,532295.5880111424,4457460.432210135,1897218.2204,49258461.5394,1897218.2204,api_detail,api_detail
2026-03-16 15:00:00+00:00,0x4bfc22a4da7f31f8a912a79a7e44a822398b4390,0x960ea3e3c7fb317332d990873d354e18d7645590,WBTC / WETH 0.01%,USDT / WBTC / WETH,pancakeswap-v3-arbitrum,curve_arbitrum,73125.9702064307,73135.5777088652,73804.9089071145,73083.8804906462,73674.0924074814,73135.5777088652,1.3138290551717446,80.75815253279161,-90.6892519970015,1.0,,,False,,,532295.5880111424,1095.9640204427362,1095.9640204427362,533391.5520315851,1897218.2204,737680.0564,737680.0564,api_detail,unknown
2026-03-16 15:00:00+00:00,0x960ea3e3c7fb317332d990873d354e18d7645590,0x2f5e87c9312fa29aed5c179e456625d79015299c,USDT / WBTC / WETH,WBTC / WETH 0.05%,curve_arbitrum,uniswap_v3_arbitrum,73135.5777088652,73140.3057189582,73674.0924074814,73135.5777088652,73962.7325384267,73140.3057189582,0.6464719690635334,113.09883034686719,-72.45242813048725,,5.0,,False,,,1095.9640204427362,3925164.8441989925,1095.9640204427362,3926260.808219435,737680.0564,49258461.5394,737680.0564,unknown,api_detail
2026-03-16 15:00:00+00:00,0x960ea3e3c7fb317332d990873d354e18d7645590,0x4bfc22a4da7f31f8a912a79a7e44a822398b4390,USDT / WBTC / WETH,WBTC / WETH 0.01%,curve_arbitrum,pancakeswap-v3-arbitrum,73135.5777088652,73125.9702064307,73674.0924074814,73135.5777088652,73804.9089071145,73083.8804906462,-1.3136564631699432,91.51923307610276,-80.11118936773754,,1.0,,False,,,1095.9640204427362,532295.5880111424,1095.9640204427362,533391.5520315851,737680.0564,1897218.2204,737680.0564,unknown,api_detail
2026-03-16 16:00:00+00:00,0x2f5e87c9312fa29aed5c179e456625d79015299c,0x4bfc22a4da7f31f8a912a79a7e44a822398b4390,WBTC / WETH 0.05%,WBTC / WETH 0.01%,uniswap_v3_arbitrum,pancakeswap-v3-arbitrum,73523.9150755097,73580.5152759127,73723.646073972,73032.5003205187,73723.161668833,72906.6379850769,7.698202733743553,94.5690405344446,-110.82035851500693,5.0,1.0,6.0,True,1.6982027337435532,-116.82035851500693,5176830.636212793,512952.23078136536,512952.23078136536,5689782.866994158,49258461.5394,1897218.2204,1897218.2204,api_detail,api_detail
2026-03-16 16:00:00+00:00,0x2f5e87c9312fa29aed5c179e456625d79015299c,0x960ea3e3c7fb317332d990873d354e18d7645590,WBTC / WETH 0.05%,USDT / WBTC / WETH,uniswap_v3_arbitrum,curve_arbitrum,73523.9150755097,73674.7483574207,73723.646073972,73032.5003205187,73674.7483574207,73135.5777088652,20.514859927696083,87.94003136731732,-79.7665873058906,5.0,,,False,,,5176830.636212793,525.968899826122,525.968899826122,5177356.60511262,49258461.5394,737680.0564,737680.0564,api_detail,unknown
2026-03-16 16:00:00+00:00,0x4bfc22a4da7f31f8a912a79a7e44a822398b4390,0x2f5e87c9312fa29aed5c179e456625d79015299c,WBTC / WETH 0.01%,WBTC / WETH 0.05%,pancakeswap-v3-arbitrum,uniswap_v3_arbitrum,73580.5152759127,73523.9150755097,73723.161668833,72906.6379850769,73723.646073972,73032.5003205187,-7.6922810598356595,112.06223623455801,-93.68308855455476,1.0,5.0,6.0,True,-13.69228105983566,-99.68308855455476,512952.23078136536,5176830.636212793,512952.23078136536,5689782.866994158,1897218.2204,49258461.5394,1897218.2204,api_detail,api_detail
2026-03-16 16:00:00+00:00,0x4bfc22a4da7f31f8a912a79a7e44a822398b4390,0x960ea3e3c7fb317332d990873d354e18d7645590,WBTC / WETH 0.01%,USDT / WBTC / WETH,pancakeswap-v3-arbitrum,curve_arbitrum,73580.5152759127,73674.7483574207,73723.161668833,72906.6379850769,73674.7483574207,73135.5777088652,12.806798261013608,105.355341238067,-79.701405456164,1.0,,,False,,,512952.23078136536,525.968899826122,525.968899826122,513478.1996811915,1897218.2204,737680.0564,737680.0564,api_detail,unknown
2026-03-16 16:00:00+00:00,0x960ea3e3c7fb317332d990873d354e18d7645590,0x2f5e87c9312fa29aed5c179e456625d79015299c,USDT / WBTC / WETH,WBTC / WETH 0.05%,curve_arbitrum,uniswap_v3_arbitrum,73674.7483574207,73523.9150755097,73674.7483574207,73135.5777088652,73723.646073972,73032.5003205187,-20.472860141883544,80.40797427590896,-87.1734279683245,,5.0,,False,,,525.968899826122,5176830.636212793,525.968899826122,5177356.60511262,737680.0564,49258461.5394,737680.0564,unknown,api_detail
2026-03-16 16:00:00+00:00,0x960ea3e3c7fb317332d990873d354e18d7645590,0x4bfc22a4da7f31f8a912a79a7e44a822398b4390,USDT / WBTC / WETH,WBTC / WETH 0.01%,curve_arbitrum,pancakeswap-v3-arbitrum,73674.7483574207,73580.5152759127,73674.7483574207,73135.5777088652,73723.161668833,72906.6379850769,-12.790417830930156,80.34174041898324,-104.25693870272035,,1.0,,False,,,525.968899826122,512952.23078136536,525.968899826122,513478.1996811915,737680.0564,1897218.2204,737680.0564,unknown,api_detail
2026-03-16 17:00:00+00:00,0x2f5e87c9312fa29aed5c179e456625d79015299c,0x4bfc22a4da7f31f8a912a79a7e44a822398b4390,WBTC / WETH 0.05%,WBTC / WETH 0.01%,uniswap_v3_arbitrum,pancakeswap-v3-arbitrum,73780.6563957113,73841.8573488824,74283.478935429,73442.8201827918,73941.4871492631,73420.8586785941,8.29498626887526,67.89866800188005,-116.12545201130531,5.0,1.0,6.0,True,2.2949862688752596,-122.12545201130531,4759425.785682632,518777.660604068,518777.660604068,5278203.4462867,49258461.5394,1897218.2204,1897218.2204,api_detail,api_detail
2026-03-16 17:00:00+00:00,0x2f5e87c9312fa29aed5c179e456625d79015299c,0x960ea3e3c7fb317332d990873d354e18d7645590,WBTC / WETH 0.05%,USDT / WBTC / WETH,uniswap_v3_arbitrum,curve_arbitrum,73780.6563957113,73722.1126030744,74283.478935429,73442.8201827918,73722.1126030744,73559.0846001506,-7.934843019409277,38.0285533136493,-97.5175564822528,5.0,,,False,,,4759425.785682632,597.5566417215264,597.5566417215264,4760023.342324353,49258461.5394,737680.0564,737680.0564,api_detail,unknown
2026-03-16 17:00:00+00:00,0x4bfc22a4da7f31f8a912a79a7e44a822398b4390,0x2f5e87c9312fa29aed5c179e456625d79015299c,WBTC / WETH 0.01%,WBTC / WETH 0.05%,pancakeswap-v3-arbitrum,uniswap_v3_arbitrum,73841.8573488824,73780.6563957113,73941.4871492631,73420.8586785941,74283.478935429,73442.8201827918,-8.288111291939737,117.48980771405738,-67.4407542635258,1.0,5.0,6.0,True,-14.288111291939737,-73.4407542635258,518777.660604068,4759425.785682632,518777.660604068,5278203.4462867,1897218.2204,49258461.5394,1897218.2204,api_detail,api_detail
2026-03-16 17:00:00+00:00,0x4bfc22a4da7f31f8a912a79a7e44a822398b4390,0x960ea3e3c7fb317332d990873d354e18d7645590,WBTC / WETH 0.01%,USDT / WBTC / WETH,pancakeswap-v3-arbitrum,curve_arbitrum,73841.8573488824,73722.1126030744,73941.4871492631,73420.8586785941,73722.1126030744,73559.0846001506,-16.21637782514562,41.03110885682604,-51.71691344813878,1.0,,,False,,,518777.660604068,597.5566417215264,597.5566417215264,519375.21724578954,1897218.2204,737680.0564,737680.0564,api_detail,unknown
2026-03-16 17:00:00+00:00,0x960ea3e3c7fb317332d990873d354e18d7645590,0x2f5e87c9312fa29aed5c179e456625d79015299c,USDT / WBTC / WETH,WBTC / WETH 0.05%,curve_arbitrum,uniswap_v3_arbitrum,73722.1126030744,73780.6563957113,73722.1126030744,73559.0846001506,74283.478935429,73442.8201827918,7.941144192664673,98.47788879049135,-37.88448410130929,,5.0,,False,,,597.5566417215264,4759425.785682632,597.5566417215264,4760023.342324353,737680.0564,49258461.5394,737680.0564,unknown,api_detail
2026-03-16 17:00:00+00:00,0x960ea3e3c7fb317332d990873d354e18d7645590,0x4bfc22a4da7f31f8a912a79a7e44a822398b4390,USDT / WBTC / WETH,WBTC / WETH 0.01%,curve_arbitrum,pancakeswap-v3-arbitrum,73722.1126030744,73841.8573488824,73722.1126030744,73559.0846001506,73941.4871492631,73420.8586785941,16.242717629744163,51.98576779348984,-40.86344162467004,,1.0,,False,,,597.5566417215264,518777.660604068,597.5566417215264,519375.21724578954,737680.0564,1897218.2204,737680.0564,unknown,api_detail
2026-03-16 18:00:00+00:00,0x2f5e87c9312fa29aed5c179e456625d79015299c,0x4bfc22a4da7f31f8a912a79a7e44a822398b4390,WBTC / WETH 0.05%,WBTC / WETH 0.01%,uniswap_v3_arbitrum,pancakeswap-v3-arbitrum,73867.4321763183,73859.239020813,74319.1273122917,73532.9267443164,74282.4573658664,73746.8992223701,-1.1091702072096865,101.9312918355908,-76.996072292006,5.0,1.0,6.0,True,-7.1091702072096865,-82.996072292006,5252478.193086592,605349.8406708628,605349.8406708628,5857828.033757455,49258461.5394,1897218.2204,1897218.2204,api_detail,api_detail
2026-03-16 18:00:00+00:00,0x2f5e87c9312fa29aed5c179e456625d79015299c,0x960ea3e3c7fb317332d990873d354e18d7645590,WBTC / WETH 0.05%,USDT / WBTC / WETH,uniswap_v3_arbitrum,curve_arbitrum,73867.4321763183,74082.8969225496,74319.1273122917,73532.9267443164,74090.679761937,73722.1126030744,29.16911281239498,75.85078444653615,-80.3312324576444,5.0,,,False,,,5252478.193086592,243.0102677525233,243.0102677525233,5252721.203354344,49258461.5394,737680.0564,737680.0564,api_detail,unknown
2026-03-16 18:00:00+00:00,0x4bfc22a4da7f31f8a912a79a7e44a822398b4390,0x2f5e87c9312fa29aed5c179e456625d79015299c,WBTC / WETH 0.01%,WBTC / WETH 0.05%,pancakeswap-v3-arbitrum,uniswap_v3_arbitrum,73859.239020813,73867.4321763183,74282.4573658664,73746.8992223701,74319.1273122917,73532.9267443164,1.1092932467104966,77.59351185683715,-100.90277679672188,1.0,5.0,6.0,True,-4.890706753289503,-106.90277679672188,605349.8406708628,5252478.193086592,605349.8406708628,5857828.033757455,1897218.2204,49258461.5394,1897218.2204,api_detail,api_detail
2026-03-16 18:00:00+00:00,0x4bfc22a4da7f31f8a912a79a7e44a822398b4390,0x960ea3e3c7fb317332d990873d354e18d7645590,WBTC / WETH 0.01%,USDT / WBTC / WETH,pancakeswap-v3-arbitrum,curve_arbitrum,73859.239020813,74082.8969225496,74282.4573658664,73746.8992223701,74090.679761937,73722.1126030744,30.281641769092094,46.61627040484673,-75.43433303937475,1.0,,,False,,,605349.8406708628,243.0102677525233,243.0102677525233,605592.8509386154,1897218.2204,737680.0564,737680.0564,api_detail,unknown
2026-03-16 18:00:00+00:00,0x960ea3e3c7fb317332d990873d354e18d7645590,0x2f5e87c9312fa29aed5c179e456625d79015299c,USDT / WBTC / WETH,WBTC / WETH 0.05%,curve_arbitrum,uniswap_v3_arbitrum,74082.8969225496,73867.4321763183,74090.679761937,73722.1126030744,74319.1273122917,73532.9267443164,-29.084276557996837,80.98176898859055,-75.27978139932556,,5.0,,False,,,243.0102677525233,5252478.193086592,243.0102677525233,5252721.203354344,737680.0564,49258461.5394,737680.0564,unknown,api_detail
2026-03-16 18:00:00+00:00,0x960ea3e3c7fb317332d990873d354e18d7645590,0x4bfc22a4da7f31f8a912a79a7e44a822398b4390,USDT / WBTC / WETH,WBTC / WETH 0.01%,curve_arbitrum,pancakeswap-v3-arbitrum,74082.8969225496,73859.239020813,74090.679761937,73722.1126030744,74282.4573658664,73746.8992223701,-30.190220823900216,76.00769199452185,-46.399971045144596,,1.0,,False,,,243.0102677525233,605349.8406708628,243.0102677525233,605592.8509386154,737680.0564,1897218.2204,737680.0564,unknown,api_detail
2026-03-16 19:00:00+00:00,0x2f5e87c9312fa29aed5c179e456625d79015299c,0x4bfc22a4da7f31f8a912a79a7e44a822398b4390,WBTC / WETH 0.05%,WBTC / WETH 0.01%,uniswap_v3_arbitrum,pancakeswap-v3-arbitrum,73958.1713125714,73902.74024746,74676.7496297477,73556.682937477,74207.1983084443,73680.5351253082,-7.494920997591636,88.43729012634194,-133.40357063996498,5.0,1.0,6.0,True,-13.494920997591636,-139.40357063996498,4319085.328555735,367161.55830633256,367161.55830633256,4686246.8868620675,49258461.5394,1897218.2204,1897218.2204,api_detail,api_detail
2026-03-16 19:00:00+00:00,0x2f5e87c9312fa29aed5c179e456625d79015299c,0x960ea3e3c7fb317332d990873d354e18d7645590,WBTC / WETH 0.05%,USDT / WBTC / WETH,uniswap_v3_arbitrum,curve_arbitrum,73958.1713125714,73883.8281563476,74676.7496297477,73556.682937477,74082.8969225496,73883.8281563476,-10.052054411892053,71.53856917662793,-106.1805016061168,5.0,,,False,,,4319085.328555735,143.7963882612858,143.7963882612858,4319229.124943996,49258461.5394,737680.0564,737680.0564,api_detail,unknown
2026-03-16 19:00:00+00:00,0x4bfc22a4da7f31f8a912a79a7e44a822398b4390,0x2f5e87c9312fa29aed5c179e456625d79015299c,WBTC / WETH 0.01%,WBTC / WETH 0.05%,pancakeswap-v3-arbitrum,uniswap_v3_arbitrum,73902.74024746,73958.1713125714,74207.1983084443,73680.5351253082,74676.7496297477,73556.682937477,7.500542595011428,135.20728408734195,-87.66203088053759,1.0,5.0,6.0,True,1.500542595011428,-93.66203088053759,367161.55830633256,4319085.328555735,367161.55830633256,4686246.8868620675,1897218.2204,49258461.5394,1897218.2204,api_detail,api_detail
2026-03-16 19:00:00+00:00,0x4bfc22a4da7f31f8a912a79a7e44a822398b4390,0x960ea3e3c7fb317332d990873d354e18d7645590,WBTC / WETH 0.01%,USDT / WBTC / WETH,pancakeswap-v3-arbitrum,curve_arbitrum,73902.74024746,73883.8281563476,74207.1983084443,73680.5351253082,74082.8969225496,73883.8281563476,-2.5590514031093026,54.608967830798164,-43.57665556279366,1.0,,,False,,,367161.55830633256,143.7963882612858,143.7963882612858,367305.3546945939,1897218.2204,737680.0564,737680.0564,api_detail,unknown
2026-03-16 19:00:00+00:00,0x960ea3e3c7fb317332d990873d354e18d7645590,0x2f5e87c9312fa29aed5c179e456625d79015299c,USDT / WBTC / WETH,WBTC / WETH 0.05%,curve_arbitrum,uniswap_v3_arbitrum,73883.8281563476,73958.1713125714,74082.8969225496,73883.8281563476,74676.7496297477,73556.682937477,10.062168958879791,107.32003107935651,-71.03042766034461,,5.0,,False,,,143.7963882612858,4319085.328555735,143.7963882612858,4319229.124943996,737680.0564,49258461.5394,737680.0564,unknown,api_detail
2026-03-16 19:00:00+00:00,0x960ea3e3c7fb317332d990873d354e18d7645590,0x4bfc22a4da7f31f8a912a79a7e44a822398b4390,USDT / WBTC / WETH,WBTC / WETH 0.01%,curve_arbitrum,pancakeswap-v3-arbitrum,73883.8281563476,73902.74024746,74082.8969225496,73883.8281563476,74207.1983084443,73680.5351253082,2.559706445146581,43.76737916346407,-54.31237356471663,,1.0,,False,,,143.7963882612858,367161.55830633256,143.7963882612858,367305.3546945939,737680.0564,1897218.2204,737680.0564,unknown,api_detail
2026-03-16 20:00:00+00:00,0x2f5e87c9312fa29aed5c179e456625d79015299c,0x4bfc22a4da7f31f8a912a79a7e44a822398b4390,WBTC / WETH 0.05%,WBTC / WETH 0.01%,uniswap_v3_arbitrum,pancakeswap-v3-arbitrum,74096.7136383458,74116.6300872349,74152.9486741134,73710.4895852614,74145.5854151695,73722.1818886017,2.6878990863621333,59.02766788773217,-58.091659632422136,5.0,1.0,6.0,True,-3.3121009136378667,-64.09165963242214,1890834.6803070887,230170.78614760577,230170.78614760577,2121005.4664546945,49258461.5394,1897218.2204,1897218.2204,api_detail,api_detail
2026-03-16 20:00:00+00:00,0x2f5e87c9312fa29aed5c179e456625d79015299c,0x960ea3e3c7fb317332d990873d354e18d7645590,WBTC / WETH 0.05%,USDT / WBTC / WETH,uniswap_v3_arbitrum,curve_arbitrum,74096.7136383458,73883.8281563476,74152.9486741134,73710.4895852614,73883.8281563476,73883.8281563476,-28.730758969588432,23.516133465062428,-36.29262525331578,5.0,,,False,,,1890834.6803070887,0.0,0.0,1890834.6803070887,49258461.5394,737680.0564,737680.0564,api_detail,unknown
2026-03-16 20:00:00+00:00,0x4bfc22a4da7f31f8a912a79a7e44a822398b4390,0x2f5e87c9312fa29aed5c179e456625d79015299c,WBTC / WETH 0.01%,WBTC / WETH 0.05%,pancakeswap-v3-arbitrum,uniswap_v3_arbitrum,74116.6300872349,74096.7136383458,74145.5854151695,73722.1818886017,74152.9486741134,73710.4895852614,-2.687176800355573,58.431095563966636,-58.68128594195166,1.0,5.0,6.0,True,-8.687176800355573,-64.68128594195166,230170.78614760577,1890834.6803070887,230170.78614760577,2121005.4664546945,1897218.2204,49258461.5394,1897218.2204,api_detail,api_detail
2026-03-16 20:00:00+00:00,0x4bfc22a4da7f31f8a912a79a7e44a822398b4390,0x960ea3e3c7fb317332d990873d354e18d7645590,WBTC / WETH 0.01%,USDT / WBTC / WETH,pancakeswap-v3-arbitrum,curve_arbitrum,74116.6300872349,73883.8281563476,74145.5854151695,73722.1818886017,73883.8281563476,73883.8281563476,-31.41021530704835,21.926408525205776,-35.30314817210112,1.0,,,False,,,230170.78614760577,0.0,0.0,230170.78614760577,1897218.2204,737680.0564,737680.0564,api_detail,unknown
2026-03-16 20:00:00+00:00,0x960ea3e3c7fb317332d990873d354e18d7645590,0x2f5e87c9312fa29aed5c179e456625d79015299c,USDT / WBTC / WETH,WBTC / WETH 0.05%,curve_arbitrum,uniswap_v3_arbitrum,73883.8281563476,74096.7136383458,73883.8281563476,73883.8281563476,74152.9486741134,73710.4895852614,28.81354246394796,36.42482048930917,-23.460962352871427,,5.0,,False,,,0.0,1890834.6803070887,0.0,1890834.6803070887,737680.0564,49258461.5394,737680.0564,unknown,api_detail
2026-03-16 20:00:00+00:00,0x960ea3e3c7fb317332d990873d354e18d7645590,0x4bfc22a4da7f31f8a912a79a7e44a822398b4390,USDT / WBTC / WETH,WBTC / WETH 0.01%,curve_arbitrum,pancakeswap-v3-arbitrum,73883.8281563476,74116.6300872349,73883.8281563476,73883.8281563476,74145.5854151695,73722.1818886017,31.509186339755413,35.428220945452615,-21.878436970516056,,1.0,,False,,,0.0,230170.78614760577,0.0,230170.78614760577,737680.0564,1897218.2204,737680.0564,unknown,api_detail
2026-03-16 21:00:00+00:00,0x2f5e87c9312fa29aed5c179e456625d79015299c,0x4bfc22a4da7f31f8a912a79a7e44a822398b4390,WBTC / WETH 0.05%,WBTC / WETH 0.01%,uniswap_v3_arbitrum,pancakeswap-v3-arbitrum,74238.6083618881,74246.8872462789,74577.3690814854,73335.2935572783,74579.1056370395,73902.6938979266,1.115172357548655,169.60620452002752,-90.46647687740771,5.0,1.0,6.0,True,-4.884827642451345,-96.46647687740771,6447463.626994807,762223.3718721633,762223.3718721633,7209686.998866971,49258461.5394,1897218.2204,1897218.2204,api_detail,api_detail
2026-03-16 21:00:00+00:00,0x2f5e87c9312fa29aed5c179e456625d79015299c,0x960ea3e3c7fb317332d990873d354e18d7645590,WBTC / WETH 0.05%,USDT / WBTC / WETH,uniswap_v3_arbitrum,curve_arbitrum,74238.6083618881,74430.8283948423,74577.3690814854,73335.2935572783,74573.7909970209,73883.8281563476,25.892192377476864,168.88150025270886,-92.9961640749244,5.0,,,False,,,6447463.626994807,661.6822327155609,661.6822327155609,6448125.309227522,49258461.5394,737680.0564,737680.0564,api_detail,unknown
2026-03-16 21:00:00+00:00,0x4bfc22a4da7f31f8a912a79a7e44a822398b4390,0x2f5e87c9312fa29aed5c179e456625d79015299c,WBTC / WETH 0.01%,WBTC / WETH 0.05%,pancakeswap-v3-arbitrum,uniswap_v3_arbitrum,74246.8872462789,74238.6083618881,74579.1056370395,73902.6938979266,74577.3690814854,73335.2935572783,-1.1150480104771265,91.29236675602837,-166.77755373127656,1.0,5.0,6.0,True,-7.1150480104771265,-172.77755373127656,762223.3718721633,6447463.626994807,762223.3718721633,7209686.998866971,1897218.2204,49258461.5394,1897218.2204,api_detail,api_detail
2026-03-16 21:00:00+00:00,0x4bfc22a4da7f31f8a912a79a7e44a822398b4390,0x960ea3e3c7fb317332d990873d354e18d7645590,WBTC / WETH 0.01%,USDT / WBTC / WETH,pancakeswap-v3-arbitrum,curve_arbitrum,74246.8872462789,74430.8283948423,74579.1056370395,73902.6938979266,74573.7909970209,73883.8281563476,24.77425726324034,90.80820518142518,-93.22684614584409,1.0,,,False,,,762223.3718721633,661.6822327155609,661.6822327155609,762885.0541048788,1897218.2204,737680.0564,737680.0564,api_detail,unknown
2026-03-16 21:00:00+00:00,0x960ea3e3c7fb317332d990873d354e18d7645590,0x2f5e87c9312fa29aed5c179e456625d79015299c,USDT / WBTC / WETH,WBTC / WETH 0.05%,curve_arbitrum,uniswap_v3_arbitrum,74430.8283948423,74238.6083618881,74573.7909970209,73883.8281563476,74577.3690814854,73335.2935572783,-25.82532494929568,93.86911079785732,-166.07677083119944,,5.0,,False,,,661.6822327155609,6447463.626994807,661.6822327155609,6448125.309227522,737680.0564,49258461.5394,737680.0564,unknown,api_detail
2026-03-16 21:00:00+00:00,0x960ea3e3c7fb317332d990873d354e18d7645590,0x4bfc22a4da7f31f8a912a79a7e44a822398b4390,USDT / WBTC / WETH,WBTC / WETH 0.01%,curve_arbitrum,pancakeswap-v3-arbitrum,74430.8283948423,74246.8872462789,74573.7909970209,73883.8281563476,74579.1056370395,73902.6938979266,-24.7130325605982,94.10414945211,-89.99101294463019,,1.0,,False,,,661.6822327155609,762223.3718721633,661.6822327155609,762885.0541048788,737680.0564,1897218.2204,737680.0564,unknown,api_detail
2026-03-16 22:00:00+00:00,0x2f5e87c9312fa29aed5c179e456625d79015299c,0x4bfc22a4da7f31f8a912a79a7e44a822398b4390,WBTC / WETH 0.05%,WBTC / WETH 0.01%,uniswap_v3_arbitrum,pancakeswap-v3-arbitrum,74587.5810258587,74586.450539466,74840.4855642968,74139.7806063368,74843.412636612,74189.2220479978,-0.151564962579398,94.90613871806718,-87.02021524693238,5.0,1.0,6.0,True,-6.151564962579398,-93.02021524693238,3795392.398174734,446833.0623060812,446833.0623060812,4242225.460480815,49258461.5394,1897218.2204,1897218.2204,api_detail,api_detail
2026-03-16 22:00:00+00:00,0x2f5e87c9312fa29aed5c179e456625d79015299c,0x960ea3e3c7fb317332d990873d354e18d7645590,WBTC / WETH 0.05%,USDT / WBTC / WETH,uniswap_v3_arbitrum,curve_arbitrum,74587.5810258587,74664.7013646525,74840.4855642968,74139.7806063368,74664.7013646525,74430.8283948423,10.339568294495116,70.80149873964325,-54.73737461290984,5.0,,,False,,,3795392.398174734,60.9711951343752,60.9711951343752,3795453.369369868,49258461.5394,737680.0564,737680.0564,api_detail,unknown
2026-03-16 22:00:00+00:00,0x4bfc22a4da7f31f8a912a79a7e44a822398b4390,0x2f5e87c9312fa29aed5c179e456625d79015299c,WBTC / WETH 0.01%,WBTC / WETH 0.05%,pancakeswap-v3-arbitrum,uniswap_v3_arbitrum,74586.450539466,74587.5810258587,74843.412636612,74189.2220479978,74840.4855642968,74139.7806063368,0.1515672598073614,87.784114500844,-94.01388919710985,1.0,5.0,6.0,True,-5.848432740192639,-100.01388919710985,446833.0623060812,3795392.398174734,446833.0623060812,4242225.460480815,1897218.2204,49258461.5394,1897218.2204,api_detail,api_detail
2026-03-16 22:00:00+00:00,0x4bfc22a4da7f31f8a912a79a7e44a822398b4390,0x960ea3e3c7fb317332d990873d354e18d7645590,WBTC / WETH 0.01%,USDT / WBTC / WETH,pancakeswap-v3-arbitrum,curve_arbitrum,74586.450539466,74664.7013646525,74843.412636612,74189.2220479978,74664.7013646525,74430.8283948423,10.491292268306474,64.09007986996951,-55.126326718013544,1.0,,,False,,,446833.0623060812,60.9711951343752,60.9711951343752,446894.03350121557,1897218.2204,737680.0564,737680.0564,api_detail,unknown
2026-03-16 22:00:00+00:00,0x960ea3e3c7fb317332d990873d354e18d7645590,0x2f5e87c9312fa29aed5c179e456625d79015299c,USDT / WBTC / WETH,WBTC / WETH 0.05%,curve_arbitrum,uniswap_v3_arbitrum,74664.7013646525,74587.5810258587,74664.7013646525,74430.8283948423,74840.4855642968,74139.7806063368,-10.328888669514091,55.038641687734646,-70.3037377397453,,5.0,,False,,,60.9711951343752,3795392.398174734,60.9711951343752,3795453.369369868,737680.0564,49258461.5394,737680.0564,unknown,api_detail
2026-03-16 22:00:00+00:00,0x960ea3e3c7fb317332d990873d354e18d7645590,0x4bfc22a4da7f31f8a912a79a7e44a822398b4390,USDT / WBTC / WETH,WBTC / WETH 0.01%,curve_arbitrum,pancakeswap-v3-arbitrum,74664.7013646525,74586.450539466,74664.7013646525,74430.8283948423,74843.412636612,74189.2220479978,-10.480297082330337,55.43190243443297,-63.68194179636855,,1.0,,False,,,60.9711951343752,446833.0623060812,60.9711951343752,446894.03350121557,737680.0564,1897218.2204,737680.0564,unknown,api_detail
2026-03-16 23:00:00+00:00,0x2f5e87c9312fa29aed5c179e456625d79015299c,0x4bfc22a4da7f31f8a912a79a7e44a822398b4390,WBTC / WETH 0.05%,WBTC / WETH 0.01%,uniswap_v3_arbitrum,pancakeswap-v3-arbitrum,74717.6766459887,74660.2872430601,74895.3996067008,74142.4352559513,74826.8038395393,74137.1337221379,-7.680833439256407,92.30457311328433,-101.24331915508544,5.0,1.0,6.0,True,-13.680833439256407,-107.24331915508544,4160031.0830226853,486278.5386415805,486278.5386415805,4646309.621664266,49258461.5394,1897218.2204,1897218.2204,api_detail,api_detail
2026-03-16 23:00:00+00:00,0x2f5e87c9312fa29aed5c179e456625d79015299c,0x960ea3e3c7fb317332d990873d354e18d7645590,WBTC / WETH 0.05%,USDT / WBTC / WETH,uniswap_v3_arbitrum,curve_arbitrum,74717.6766459887,74658.8934775258,74895.3996067008,74142.4352559513,74944.3547959378,74204.6987130674,-7.867371029404158,108.15932026216224,-92.22207201783905,5.0,,,False,,,4160031.0830226853,367.9377303567598,367.9377303567598,4160399.020753042,49258461.5394,737680.0564,737680.0564,api_detail,unknown
2026-03-16 23:00:00+00:00,0x4bfc22a4da7f31f8a912a79a7e44a822398b4390,0x2f5e87c9312fa29aed5c179e456625d79015299c,WBTC / WETH 0.01%,WBTC / WETH 0.05%,pancakeswap-v3-arbitrum,uniswap_v3_arbitrum,74660.2872430601,74717.6766459887,74826.8038395393,74137.1337221379,74895.3996067008,74142.4352559513,7.686737494294604,102.2788239163419,-91.46035223628779,1.0,5.0,6.0,True,1.6867374942946043,-97.46035223628779,486278.5386415805,4160031.0830226853,486278.5386415805,4646309.621664266,1897218.2204,49258461.5394,1897218.2204,api_detail,api_detail
2026-03-16 23:00:00+00:00,0x4bfc22a4da7f31f8a912a79a7e44a822398b4390,0x960ea3e3c7fb317332d990873d354e18d7645590,WBTC / WETH 0.01%,USDT / WBTC / WETH,pancakeswap-v3-arbitrum,curve_arbitrum,74660.2872430601,74658.8934775258,74826.8038395393,74137.1337221379,74944.3547959378,74204.6987130674,-0.1866809766970512,108.88215301461778,-83.13934239473353,1.0,,,False,,,486278.5386415805,367.9377303567598,367.9377303567598,486646.47637193726,1897218.2204,737680.0564,737680.0564,api_detail,unknown
2026-03-16 23:00:00+00:00,0x960ea3e3c7fb317332d990873d354e18d7645590,0x2f5e87c9312fa29aed5c179e456625d79015299c,USDT / WBTC / WETH,WBTC / WETH 0.05%,curve_arbitrum,uniswap_v3_arbitrum,74658.8934775258,74717.6766459887,74944.3547959378,74204.6987130674,74895.3996067008,74142.4352559513,7.87356545548068,93.08047948610066,-107.00199396872611,,5.0,,False,,,367.9377303567598,4160031.0830226853,367.9377303567598,4160399.020753042,737680.0564,49258461.5394,737680.0564,unknown,api_detail
2026-03-16 23:00:00+00:00,0x960ea3e3c7fb317332d990873d354e18d7645590,0x4bfc22a4da7f31f8a912a79a7e44a822398b4390,USDT / WBTC / WETH,WBTC / WETH 0.01%,curve_arbitrum,pancakeswap-v3-arbitrum,74658.8934775258,74660.2872430601,74944.3547959378,74204.6987130674,74826.8038395393,74137.1337221379,0.1866844617404162,83.8363523147545,-107.70938998645563,,1.0,,False,,,367.9377303567598,486278.5386415805,367.9377303567598,486646.47637193726,737680.0564,1897218.2204,737680.0564,unknown,api_detail
2026-03-17 00:00:00+00:00,0x2f5e87c9312fa29aed5c179e456625d79015299c,0x4bfc22a4da7f31f8a912a79a7e44a822398b4390,WBTC / WETH 0.05%,WBTC / WETH 0.01%,uniswap_v3_arbitrum,pancakeswap-v3-arbitrum,74862.03080601,74958.3771267055,75454.8262661661,74496.229585622,75465.3791666581,74496.809320944,12.869851332935056,130.09377607791527,-126.96562865875616,5.0,1.0,6.0,True,6.869851332935056,-132.96562865875615,10876339.738208394,1071683.2469223402,1071683.2469223402,11948022.985130735,49258461.5394,1897218.2204,1897218.2204,api_detail,api_detail
2026-03-17 00:00:00+00:00,0x2f5e87c9312fa29aed5c179e456625d79015299c,0x960ea3e3c7fb317332d990873d354e18d7645590,WBTC / WETH 0.05%,USDT / WBTC / WETH,uniswap_v3_arbitrum,curve_arbitrum,74862.03080601,74973.8950393246,75454.8262661661,74496.229585622,75152.8457856713,74639.6148237139,14.942719574957408,88.14086346405236,-108.0396686060281,5.0,,,False,,,10876339.738208394,1017.325288830767,1017.325288830767,10877357.063497225,49258461.5394,737680.0564,737680.0564,api_detail,unknown
2026-03-17 00:00:00+00:00,0x4bfc22a4da7f31f8a912a79a7e44a822398b4390,0x2f5e87c9312fa29aed5c179e456625d79015299c,WBTC / WETH 0.01%,WBTC / WETH 0.05%,pancakeswap-v3-arbitrum,uniswap_v3_arbitrum,74958.3771267055,74862.03080601,75465.3791666581,74496.809320944,75454.8262661661,74496.229585622,-12.853309314933004,128.59838615299824,-128.42307184276146,1.0,5.0,6.0,True,-18.853309314933004,-134.42307184276146,1071683.2469223402,10876339.738208394,1071683.2469223402,11948022.985130735,1897218.2204,49258461.5394,1897218.2204,api_detail,api_detail
2026-03-17 00:00:00+00:00,0x4bfc22a4da7f31f8a912a79a7e44a822398b4390,0x960ea3e3c7fb317332d990873d354e18d7645590,WBTC / WETH 0.01%,USDT / WBTC / WETH,pancakeswap-v3-arbitrum,curve_arbitrum,74958.3771267055,74973.8950393246,75465.3791666581,74496.809320944,75152.8457856713,74639.6148237139,2.0702039203546185,88.06235739587277,-109.42293698950056,1.0,,,False,,,1071683.2469223402,1017.325288830767,1017.325288830767,1072700.572211171,1897218.2204,737680.0564,737680.0564,api_detail,unknown
2026-03-17 00:00:00+00:00,0x960ea3e3c7fb317332d990873d354e18d7645590,0x2f5e87c9312fa29aed5c179e456625d79015299c,USDT / WBTC / WETH,WBTC / WETH 0.05%,curve_arbitrum,uniswap_v3_arbitrum,74973.8950393246,74862.03080601,75152.8457856713,74639.6148237139,75454.8262661661,74496.229585622,-14.920424403177535,109.219674348211,-87.37076995353088,,5.0,,False,,,1017.325288830767,10876339.738208394,1017.325288830767,10877357.063497225,737680.0564,49258461.5394,737680.0564,unknown,api_detail
2026-03-17 00:00:00+00:00,0x960ea3e3c7fb317332d990873d354e18d7645590,0x4bfc22a4da7f31f8a912a79a7e44a822398b4390,USDT / WBTC / WETH,WBTC / WETH 0.01%,curve_arbitrum,pancakeswap-v3-arbitrum,74973.8950393246,74958.3771267055,75152.8457856713,74639.6148237139,75465.3791666581,74496.809320944,-2.0697754346321595,110.6335214744214,-87.29362911928385,,1.0,,False,,,1017.325288830767,1071683.2469223402,1017.325288830767,1072700.572211171,737680.0564,1897218.2204,737680.0564,unknown,api_detail
2026-03-17 01:00:00+00:00,0x2f5e87c9312fa29aed5c179e456625d79015299c,0x4bfc22a4da7f31f8a912a79a7e44a822398b4390,WBTC / WETH 0.05%,WBTC / WETH 0.01%,uniswap_v3_arbitrum,pancakeswap-v3-arbitrum,75418.4875601632,75432.3008783794,75840.5537705834,74836.7853218287,75770.7985188407,74945.8454157165,1.8315559835624384,124.80669673281098,-117.97228664408021,5.0,1.0,6.0,True,-4.168444016437562,-123.97228664408021,7458346.454901125,806472.8231617467,806472.8231617467,8264819.278062872,49258461.5394,1897218.2204,1897218.2204,api_detail,api_detail
2026-03-17 01:00:00+00:00,0x2f5e87c9312fa29aed5c179e456625d79015299c,0x960ea3e3c7fb317332d990873d354e18d7645590,WBTC / WETH 0.05%,USDT / WBTC / WETH,uniswap_v3_arbitrum,curve_arbitrum,75418.4875601632,75610.9070054633,75840.5537705834,74836.7853218287,75665.1480076837,74973.8950393246,25.51356458144527,110.68923956216281,-114.27378733024906,5.0,,,False,,,7458346.454901125,1374.2481613335394,1374.2481613335394,7459720.703062459,49258461.5394,737680.0564,737680.0564,api_detail,unknown
2026-03-17 01:00:00+00:00,0x4bfc22a4da7f31f8a912a79a7e44a822398b4390,0x2f5e87c9312fa29aed5c179e456625d79015299c,WBTC / WETH 0.01%,WBTC / WETH 0.05%,pancakeswap-v3-arbitrum,uniswap_v3_arbitrum,75432.3008783794,75418.4875601632,75770.7985188407,74945.8454157165,75840.5537705834,74836.7853218287,-1.831220585261084,119.38064744003496,-123.26822671398286,1.0,5.0,6.0,True,-7.831220585261084,-129.26822671398287,806472.8231617467,7458346.454901125,806472.8231617467,8264819.278062872,1897218.2204,49258461.5394,1897218.2204,api_detail,api_detail
2026-03-17 01:00:00+00:00,0x4bfc22a4da7f31f8a912a79a7e44a822398b4390,0x960ea3e3c7fb317332d990873d354e18d7645590,WBTC / WETH 0.01%,USDT / WBTC / WETH,pancakeswap-v3-arbitrum,curve_arbitrum,75432.3008783794,75610.9070054633,75770.7985188407,74945.8454157165,75665.1480076837,74973.8950393246,23.67767189971781,95.97631302673548,-105.172902370555,1.0,,,False,,,806472.8231617467,1374.2481613335394,1374.2481613335394,807847.0713230802,1897218.2204,737680.0564,737680.0564,api_detail,unknown
2026-03-17 01:00:00+00:00,0x960ea3e3c7fb317332d990873d354e18d7645590,0x2f5e87c9312fa29aed5c179e456625d79015299c,USDT / WBTC / WETH,WBTC / WETH 0.05%,curve_arbitrum,uniswap_v3_arbitrum,75610.9070054633,75418.4875601632,75665.1480076837,74973.8950393246,75840.5537705834,74836.7853218287,-25.448636039534513,115.59473211365301,-109.47744208084754,,5.0,,False,,,1374.2481613335394,7458346.454901125,1374.2481613335394,7459720.703062459,737680.0564,49258461.5394,737680.0564,unknown,api_detail
2026-03-17 01:00:00+00:00,0x960ea3e3c7fb317332d990873d354e18d7645590,0x4bfc22a4da7f31f8a912a79a7e44a822398b4390,USDT / WBTC / WETH,WBTC / WETH 0.01%,curve_arbitrum,pancakeswap-v3-arbitrum,75610.9070054633,75432.3008783794,75665.1480076837,74973.8950393246,75770.7985188407,74945.8454157165,-23.621741116132135,106.29079349527171,-95.06392452892088,,1.0,,False,,,1374.2481613335394,806472.8231617467,1374.2481613335394,807847.0713230802,737680.0564,1897218.2204,737680.0564,unknown,api_detail
2026-03-17 02:00:00+00:00,0x2f5e87c9312fa29aed5c179e456625d79015299c,0x4bfc22a4da7f31f8a912a79a7e44a822398b4390,WBTC / WETH 0.05%,WBTC / WETH 0.01%,uniswap_v3_arbitrum,pancakeswap-v3-arbitrum,75068.6478675953,75057.7404267211,75526.4045187876,74895.39822974,75504.4937433994,74871.168606541,-1.4529955159758856,81.32615995858794,-86.75587252185535,5.0,1.0,6.0,True,-7.452995515975886,-92.75587252185535,2035863.6234433597,288395.2419526721,288395.2419526721,2324258.8653960316,49258461.5394,1897218.2204,1897218.2204,api_detail,api_detail
2026-03-17 02:00:00+00:00,0x2f5e87c9312fa29aed5c179e456625d79015299c,0x960ea3e3c7fb317332d990873d354e18d7645590,WBTC / WETH 0.05%,USDT / WBTC / WETH,uniswap_v3_arbitrum,curve_arbitrum,75068.6478675953,75166.7675997068,75526.4045187876,74895.39822974,75610.9070054633,75001.6686913451,13.070667302355066,95.53441100993876,-69.47713594812721,5.0,,,False,,,2035863.6234433597,530.1379922410603,530.1379922410603,2036393.7614356007,49258461.5394,737680.0564,737680.0564,api_detail,unknown
2026-03-17 02:00:00+00:00,0x4bfc22a4da7f31f8a912a79a7e44a822398b4390,0x2f5e87c9312fa29aed5c179e456625d79015299c,WBTC / WETH 0.01%,WBTC / WETH 0.05%,pancakeswap-v3-arbitrum,uniswap_v3_arbitrum,75057.7404267211,75068.6478675953,75504.4937433994,74871.168606541,75526.4045187876,74895.39822974,1.4532066662531484,87.51511756013298,-80.67010100476946,1.0,5.0,6.0,True,-4.546793333746852,-86.67010100476946,288395.2419526721,2035863.6234433597,288395.2419526721,2324258.8653960316,1897218.2204,49258461.5394,1897218.2204,api_detail,api_detail
2026-03-17 02:00:00+00:00,0x4bfc22a4da7f31f8a912a79a7e44a822398b4390,0x960ea3e3c7fb317332d990873d354e18d7645590,WBTC / WETH 0.01%,USDT / WBTC / WETH,pancakeswap-v3-arbitrum,curve_arbitrum,75057.7404267211,75166.7675997068,75504.4937433994,74871.168606541,75610.9070054633,75001.6686913451,14.52577340669503,98.80150299372615,-66.59538090052597,1.0,,,False,,,288395.2419526721,530.1379922410603,530.1379922410603,288925.37994491315,1897218.2204,737680.0564,737680.0564,api_detail,unknown
2026-03-17 02:00:00+00:00,0x960ea3e3c7fb317332d990873d354e18d7645590,0x2f5e87c9312fa29aed5c179e456625d79015299c,USDT / WBTC / WETH,WBTC / WETH 0.05%,curve_arbitrum,uniswap_v3_arbitrum,75166.7675997068,75068.6478675953,75610.9070054633,75001.6686913451,75526.4045187876,74895.39822974,-13.053605369067744,69.9632203653966,-94.63036538783997,,5.0,,False,,,530.1379922410603,2035863.6234433597,530.1379922410603,2036393.7614356007,737680.0564,49258461.5394,737680.0564,unknown,api_detail
2026-03-17 02:00:00+00:00,0x960ea3e3c7fb317332d990873d354e18d7645590,0x4bfc22a4da7f31f8a912a79a7e44a822398b4390,USDT / WBTC / WETH,WBTC / WETH 0.01%,curve_arbitrum,pancakeswap-v3-arbitrum,75166.7675997068,75057.7404267211,75610.9070054633,75001.6686913451,75504.4937433994,74871.168606541,-14.504704202037422,67.04184864520624,-97.83487967798821,,1.0,,False,,,530.1379922410603,288395.2419526721,530.1379922410603,288925.37994491315,737680.0564,1897218.2204,737680.0564,unknown,api_detail
2026-03-17 03:00:00+00:00,0x2f5e87c9312fa29aed5c179e456625d79015299c,0x4bfc22a4da7f31f8a912a79a7e44a822398b4390,WBTC / WETH 0.05%,WBTC / WETH 0.01%,uniswap_v3_arbitrum,pancakeswap-v3-arbitrum,74271.9410017454,74260.6391375699,75159.4345342868,74058.220327208,75160.5769478347,74057.7876207665,-1.5216869282086432,148.85000149291062,-146.57466761777593,5.0,1.0,6.0,True,-7.521686928208643,-152.57466761777593,5052904.621921777,546149.562821609,546149.562821609,5599054.184743386,49258461.5394,1897218.2204,1897218.2204,api_detail,api_detail
2026-03-17 03:00:00+00:00,0x2f5e87c9312fa29aed5c179e456625d79015299c,0x960ea3e3c7fb317332d990873d354e18d7645590,WBTC / WETH 0.05%,USDT / WBTC / WETH,uniswap_v3_arbitrum,curve_arbitrum,74271.9410017454,74317.449317199,75159.4345342868,74058.220327208,75166.7675997068,74317.449317199,6.127255439913881,149.68591840324618,-112.02655026677944,5.0,,,False,,,5052904.621921777,625.1043409224001,625.1043409224001,5053529.726262699,49258461.5394,737680.0564,737680.0564,api_detail,unknown
2026-03-17 03:00:00+00:00,0x4bfc22a4da7f31f8a912a79a7e44a822398b4390,0x2f5e87c9312fa29aed5c179e456625d79015299c,WBTC / WETH 0.01%,WBTC / WETH 0.05%,pancakeswap-v3-arbitrum,uniswap_v3_arbitrum,74260.6391375699,74271.9410017454,75160.5769478347,74057.7876207665,75159.4345342868,74058.220327208,1.521918516560472,148.7550396673476,-146.6668651827685,1.0,5.0,6.0,True,-4.478081483439528,-152.6668651827685,546149.562821609,5052904.621921777,546149.562821609,5599054.184743386,1897218.2204,49258461.5394,1897218.2204,api_detail,api_detail
2026-03-17 03:00:00+00:00,0x4bfc22a4da7f31f8a912a79a7e44a822398b4390,0x960ea3e3c7fb317332d990873d354e18d7645590,WBTC / WETH 0.01%,USDT / WBTC / WETH,pancakeswap-v3-arbitrum,curve_arbitrum,74260.6391375699,74317.449317199,75160.5769478347,74057.7876207665,75166.7675997068,74317.449317199,7.65010647482578,149.7452212074091,-112.17684388198256,1.0,,,False,,,546149.562821609,625.1043409224001,625.1043409224001,546774.6671625314,1897218.2204,737680.0564,737680.0564,api_detail,unknown
2026-03-17 03:00:00+00:00,0x960ea3e3c7fb317332d990873d354e18d7645590,0x2f5e87c9312fa29aed5c179e456625d79015299c,USDT / WBTC / WETH,WBTC / WETH 0.05%,curve_arbitrum,uniswap_v3_arbitrum,74317.449317199,74271.9410017454,75166.7675997068,74317.449317199,75159.4345342868,74058.220327208,-6.123503412954756,113.29576362262728,-147.4783748055075,,5.0,,False,,,625.1043409224001,5052904.621921777,625.1043409224001,5053529.726262699,737680.0564,49258461.5394,737680.0564,unknown,api_detail
2026-03-17 03:00:00+00:00,0x960ea3e3c7fb317332d990873d354e18d7645590,0x4bfc22a4da7f31f8a912a79a7e44a822398b4390,USDT / WBTC / WETH,WBTC / WETH 0.01%,curve_arbitrum,pancakeswap-v3-arbitrum,74317.449317199,74260.6391375699,75166.7675997068,74317.449317199,75160.5769478347,74057.7876207665,-7.6442585356539805,113.44948439189429,-147.53594099537025,,1.0,,False,,,625.1043409224001,546149.562821609,625.1043409224001,546774.6671625314,737680.0564,1897218.2204,737680.0564,unknown,api_detail
2026-03-17 04:00:00+00:00,0x2f5e87c9312fa29aed5c179e456625d79015299c,0x4bfc22a4da7f31f8a912a79a7e44a822398b4390,WBTC / WETH 0.05%,WBTC / WETH 0.01%,uniswap_v3_arbitrum,pancakeswap-v3-arbitrum,74086.2428916815,74078.9264515948,74592.7853636863,73834.2220883596,74592.809299134,73826.5832528937,-0.9875571767614666,102.7419520810513,-102.71799170079032,5.0,1.0,6.0,True,-6.987557176761467,-108.71799170079032,5854004.28492461,575785.327416353,575785.327416353,6429789.6123409625,49258461.5394,1897218.2204,1897218.2204,api_detail,api_detail
2026-03-17 04:00:00+00:00,0x2f5e87c9312fa29aed5c179e456625d79015299c,0x960ea3e3c7fb317332d990873d354e18d7645590,WBTC / WETH 0.05%,USDT / WBTC / WETH,uniswap_v3_arbitrum,curve_arbitrum,74086.2428916815,74137.8174520645,74592.7853636863,73834.2220883596,74509.4881722718,73850.2082109444,6.9614220359914825,91.45705945192705,-99.55080094158907,5.0,,,False,,,5854004.28492461,1091.682320249332,1091.682320249332,5855095.967244859,49258461.5394,737680.0564,737680.0564,api_detail,unknown
2026-03-17 04:00:00+00:00,0x4bfc22a4da7f31f8a912a79a7e44a822398b4390,0x2f5e87c9312fa29aed5c179e456625d79015299c,WBTC / WETH 0.01%,WBTC / WETH 0.05%,pancakeswap-v3-arbitrum,uniswap_v3_arbitrum,74078.9264515948,74086.2428916815,74592.809299134,73826.5832528937,74592.7853636863,73834.2220883596,0.9876547133114144,103.78404052209245,-101.69709626195788,1.0,5.0,6.0,True,-5.012345286688586,-107.69709626195788,575785.327416353,5854004.28492461,575785.327416353,6429789.6123409625,1897218.2204,49258461.5394,1897218.2204,api_detail,api_detail
2026-03-17 04:00:00+00:00,0x4bfc22a4da7f31f8a912a79a7e44a822398b4390,0x960ea3e3c7fb317332d990873d354e18d7645590,WBTC / WETH 0.01%,USDT / WBTC / WETH,pancakeswap-v3-arbitrum,curve_arbitrum,74078.9264515948,74137.8174520645,74592.809299134,73826.5832528937,74509.4881722718,73850.2082109444,7.949764297432438,92.50122236306169,-99.55397781193587,1.0,,,False,,,575785.327416353,1091.682320249332,1091.682320249332,576877.0097366024,1897218.2204,737680.0564,737680.0564,api_detail,unknown
2026-03-17 04:00:00+00:00,0x960ea3e3c7fb317332d990873d354e18d7645590,0x2f5e87c9312fa29aed5c179e456625d79015299c,USDT / WBTC / WETH,WBTC / WETH 0.05%,curve_arbitrum,uniswap_v3_arbitrum,74137.8174520645,74086.2428916815,74509.4881722718,73850.2082109444,74592.7853636863,73834.2220883596,-6.956579267570762,100.55180218596193,-90.62820057908927,,5.0,,False,,,1091.682320249332,5854004.28492461,1091.682320249332,5855095.967244859,737680.0564,49258461.5394,737680.0564,unknown,api_detail
2026-03-17 04:00:00+00:00,0x960ea3e3c7fb317332d990873d354e18d7645590,0x4bfc22a4da7f31f8a912a79a7e44a822398b4390,USDT / WBTC / WETH,WBTC / WETH 0.01%,curve_arbitrum,pancakeswap-v3-arbitrum,74137.8174520645,74078.9264515948,74509.4881722718,73850.2082109444,74592.809299134,73826.5832528937,-7.9434494423535895,100.55504326655918,-91.65341705195561,,1.0,,False,,,1091.682320249332,575785.327416353,1091.682320249332,576877.0097366024,737680.0564,1897218.2204,737680.0564,unknown,api_detail
2026-03-17 05:00:00+00:00,0x2f5e87c9312fa29aed5c179e456625d79015299c,0x4bfc22a4da7f31f8a912a79a7e44a822398b4390,WBTC / WETH 0.05%,WBTC / WETH 0.01%,uniswap_v3_arbitrum,pancakeswap-v3-arbitrum,73906.2311695002,73902.1914961422,74532.3949776765,73653.5152076285,74292.5088114241,73653.1590481052,-0.5465944202642792,86.7567015632953,-117.96694978534306,5.0,1.0,6.0,True,-6.546594420264279,-123.96694978534306,2145887.1267229263,348942.2982763387,348942.2982763387,2494829.424999265,49258461.5394,1897218.2204,1897218.2204,api_detail,api_detail
2026-03-17 05:00:00+00:00,0x2f5e87c9312fa29aed5c179e456625d79015299c,0x960ea3e3c7fb317332d990873d354e18d7645590,WBTC / WETH 0.05%,USDT / WBTC / WETH,uniswap_v3_arbitrum,curve_arbitrum,73906.2311695002,73907.6567354737,74532.3949776765,73653.5152076285,74452.016902168,73750.9817563098,0.19288846839327078,108.41324983451806,-104.84209203269756,5.0,,,False,,,2145887.1267229263,2025.5976835425852,2025.5976835425852,2147912.7244064687,49258461.5394,737680.0564,737680.0564,api_detail,unknown
2026-03-17 05:00:00+00:00,0x4bfc22a4da7f31f8a912a79a7e44a822398b4390,0x2f5e87c9312fa29aed5c179e456625d79015299c,WBTC / WETH 0.01%,WBTC / WETH 0.05%,pancakeswap-v3-arbitrum,uniswap_v3_arbitrum,73902.1914961422,73906.2311695002,74292.5088114241,73653.1590481052,74532.3949776765,73653.5152076285,0.5466242984430991,119.37518240012545,-86.01050281092814,1.0,5.0,6.0,True,-5.453375701556901,-92.01050281092814,348942.2982763387,2145887.1267229263,348942.2982763387,2494829.424999265,1897218.2204,49258461.5394,1897218.2204,api_detail,api_detail
2026-03-17 05:00:00+00:00,0x4bfc22a4da7f31f8a912a79a7e44a822398b4390,0x960ea3e3c7fb317332d990873d354e18d7645590,WBTC / WETH 0.01%,USDT / WBTC / WETH,pancakeswap-v3-arbitrum,curve_arbitrum,73902.1914961422,73907.6567354737,74292.5088114241,73653.1590481052,74452.016902168,73750.9817563098,0.7395233105889076,108.46213039430452,-72.89120582653075,1.0,,,False,,,348942.2982763387,2025.5976835425852,2025.5976835425852,350967.8959598813,1897218.2204,737680.0564,737680.0564,api_detail,unknown
2026-03-17 05:00:00+00:00,0x960ea3e3c7fb317332d990873d354e18d7645590,0x2f5e87c9312fa29aed5c179e456625d79015299c,USDT / WBTC / WETH,WBTC / WETH 0.05%,curve_arbitrum,uniswap_v3_arbitrum,73907.6567354737,73906.2311695002,74452.016902168,73750.9817563098,74532.3949776765,73653.5152076285,-0.1928847478693818,105.95292466053729,-107.25051217736036,,5.0,,False,,,2025.5976835425852,2145887.1267229263,2025.5976835425852,2147912.7244064687,737680.0564,49258461.5394,737680.0564,unknown,api_detail
2026-03-17 05:00:00+00:00,0x960ea3e3c7fb317332d990873d354e18d7645590,0x4bfc22a4da7f31f8a912a79a7e44a822398b4390,USDT / WBTC / WETH,WBTC / WETH 0.01%,curve_arbitrum,pancakeswap-v3-arbitrum,73907.6567354737,73902.1914961422,74452.016902168,73750.9817563098,74292.5088114241,73653.1590481052,-0.7394686251604998,73.42641985480513,-107.29834963538076,,1.0,,False,,,2025.5976835425852,348942.2982763387,2025.5976835425852,350967.8959598813,737680.0564,1897218.2204,737680.0564,unknown,api_detail
2026-03-17 06:00:00+00:00,0x2f5e87c9312fa29aed5c179e456625d79015299c,0x4bfc22a4da7f31f8a912a79a7e44a822398b4390,WBTC / WETH 0.05%,WBTC / WETH 0.01%,uniswap_v3_arbitrum,pancakeswap-v3-arbitrum,73972.9767287217,73931.191112899,74289.246134493,73429.5267811542,74204.9628726293,73624.8266096916,-5.648767654157227,105.60276301196492,-89.43683768153133,5.0,1.0,6.0,True,-11.648767654157227,-95.43683768153133,2775436.667867973,250235.70153750753,250235.70153750753,3025672.3694054806,49258461.5394,1897218.2204,1897218.2204,api_detail,api_detail
2026-03-17 06:00:00+00:00,0x2f5e87c9312fa29aed5c179e456625d79015299c,0x960ea3e3c7fb317332d990873d354e18d7645590,WBTC / WETH 0.05%,USDT / WBTC / WETH,uniswap_v3_arbitrum,curve_arbitrum,73972.9767287217,73926.5942899965,74289.246134493,73429.5267811542,74140.8753886139,73832.6269331616,-6.270186867738392,96.87500909270064,-61.46504710853318,5.0,,,False,,,2775436.667867973,461.2328230137677,461.2328230137677,2775897.900690987,49258461.5394,737680.0564,737680.0564,api_detail,unknown
2026-03-17 06:00:00+00:00,0x4bfc22a4da7f31f8a912a79a7e44a822398b4390,0x2f5e87c9312fa29aed5c179e456625d79015299c,WBTC / WETH 0.01%,WBTC / WETH 0.05%,pancakeswap-v3-arbitrum,uniswap_v3_arbitrum,73931.191112899,73972.9767287217,74204.9628726293,73624.8266096916,74289.246134493,73429.5267811542,5.651960315218307,90.24395104163752,-104.49922235068243,1.0,5.0,6.0,True,-0.34803968478169267,-110.49922235068243,250235.70153750753,2775436.667867973,250235.70153750753,3025672.3694054806,1897218.2204,49258461.5394,1897218.2204,api_detail,api_detail
2026-03-17 06:00:00+00:00,0x4bfc22a4da7f31f8a912a79a7e44a822398b4390,0x960ea3e3c7fb317332d990873d354e18d7645590,WBTC / WETH 0.01%,USDT / WBTC / WETH,pancakeswap-v3-arbitrum,curve_arbitrum,73931.191112899,73926.5942899965,74204.9628726293,73624.8266096916,74140.8753886139,73832.6269331616,-0.6217704372546429,70.09168003315524,-50.17668967866706,1.0,,,False,,,250235.70153750753,461.2328230137677,461.2328230137677,250696.9343605213,1897218.2204,737680.0564,737680.0564,api_detail,unknown
2026-03-17 06:00:00+00:00,0x960ea3e3c7fb317332d990873d354e18d7645590,0x2f5e87c9312fa29aed5c179e456625d79015299c,USDT / WBTC / WETH,WBTC / WETH 0.05%,curve_arbitrum,uniswap_v3_arbitrum,73926.5942899965,73972.9767287217,74140.8753886139,73832.6269331616,74289.246134493,73429.5267811542,6.274120858760224,61.84517879131768,-95.94553661945949,,5.0,,False,,,461.2328230137677,2775436.667867973,461.2328230137677,2775897.900690987,737680.0564,49258461.5394,737680.0564,unknown,api_detail
2026-03-17 06:00:00+00:00,0x960ea3e3c7fb317332d990873d354e18d7645590,0x4bfc22a4da7f31f8a912a79a7e44a822398b4390,USDT / WBTC / WETH,WBTC / WETH 0.01%,curve_arbitrum,pancakeswap-v3-arbitrum,73926.5942899965,73931.191112899,74140.8753886139,73832.6269331616,74204.9628726293,73624.8266096916,0.6218090995058212,50.42972936676993,-69.60381519875436,,1.0,,False,,,461.2328230137677,250235.70153750753,461.2328230137677,250696.9343605213,737680.0564,1897218.2204,737680.0564,unknown,api_detail
2026-03-17 07:00:00+00:00,0x2f5e87c9312fa29aed5c179e456625d79015299c,0x4bfc22a4da7f31f8a912a79a7e44a822398b4390,WBTC / WETH 0.05%,WBTC / WETH 0.01%,uniswap_v3_arbitrum,pancakeswap-v3-arbitrum,74043.1856052379,74042.8106651968,74490.707680657,73880.855292141,74314.2054821627,73882.7890366689,-0.05063802131721751,58.6552752141456,-81.60999712799932,5.0,1.0,6.0,True,-6.0506380213172175,-87.60999712799932,2044984.7022279764,243622.58150473377,243622.58150473377,2288607.2837327104,49258461.5394,1897218.2204,1897218.2204,api_detail,api_detail
2026-03-17 07:00:00+00:00,0x2f5e87c9312fa29aed5c179e456625d79015299c,0x960ea3e3c7fb317332d990873d354e18d7645590,WBTC / WETH 0.05%,USDT / WBTC / WETH,uniswap_v3_arbitrum,curve_arbitrum,74043.1856052379,74261.6909445931,74490.707680657,73880.855292141,74262.1133881665,73926.5942899965,29.51052653517028,51.60445077658116,-75.72936386627704,5.0,,,False,,,2044984.7022279764,405.94709882660504,405.94709882660504,2045390.649326803,49258461.5394,737680.0564,737680.0564,api_detail,unknown
2026-03-17 07:00:00+00:00,0x4bfc22a4da7f31f8a912a79a7e44a822398b4390,0x2f5e87c9312fa29aed5c179e456625d79015299c,WBTC / WETH 0.01%,WBTC / WETH 0.05%,pancakeswap-v3-arbitrum,uniswap_v3_arbitrum,74042.8106651968,74043.1856052379,74314.2054821627,73882.7890366689,74490.707680657,73880.855292141,0.05063827773987839,82.28149639645909,-58.313237315805736,1.0,5.0,6.0,True,-5.949361722260122,-64.31323731580574,243622.58150473377,2044984.7022279764,243622.58150473377,2288607.2837327104,1897218.2204,49258461.5394,1897218.2204,api_detail,api_detail
2026-03-17 07:00:00+00:00,0x4bfc22a4da7f31f8a912a79a7e44a822398b4390,0x960ea3e3c7fb317332d990873d354e18d7645590,WBTC / WETH 0.01%,USDT / WBTC / WETH,pancakeswap-v3-arbitrum,curve_arbitrum,74042.8106651968,74261.6909445931,74314.2054821627,73882.7890366689,74262.1133881665,73926.5942899965,29.561314249133552,51.34136873329753,-52.15842511553603,1.0,,,False,,,243622.58150473377,405.94709882660504,405.94709882660504,244028.52860356038,1897218.2204,737680.0564,737680.0564,api_detail,unknown
2026-03-17 07:00:00+00:00,0x960ea3e3c7fb317332d990873d354e18d7645590,0x2f5e87c9312fa29aed5c179e456625d79015299c,USDT / WBTC / WETH,WBTC / WETH 0.05%,curve_arbitrum,uniswap_v3_arbitrum,74261.6909445931,74043.1856052379,74262.1133881665,73926.5942899965,74490.707680657,73880.855292141,-29.423695660016904,76.30723369287384,-51.339516023826135,,5.0,,False,,,405.94709882660504,2044984.7022279764,405.94709882660504,2045390.649326803,737680.0564,49258461.5394,737680.0564,unknown,api_detail
2026-03-17 07:00:00+00:00,0x960ea3e3c7fb317332d990873d354e18d7645590,0x4bfc22a4da7f31f8a912a79a7e44a822398b4390,USDT / WBTC / WETH,WBTC / WETH 0.01%,curve_arbitrum,pancakeswap-v3-arbitrum,74261.6909445931,74042.8106651968,74262.1133881665,73926.5942899965,74314.2054821627,73882.7890366689,-29.474184685560623,52.43190165716172,-51.07912153198279,,1.0,,False,,,405.94709882660504,243622.58150473377,405.94709882660504,244028.52860356038,737680.0564,1897218.2204,737680.0564,unknown,api_detail
2026-03-17 08:00:00+00:00,0x2f5e87c9312fa29aed5c179e456625d79015299c,0x4bfc22a4da7f31f8a912a79a7e44a822398b4390,WBTC / WETH 0.05%,WBTC / WETH 0.01%,uniswap_v3_arbitrum,pancakeswap-v3-arbitrum,74327.0775271051,74088.5573665113,74428.1865406125,73965.4997173473,74474.9942324549,73704.9938577035,-32.09061468975594,68.8827246560364,-97.1665059331217,5.0,1.0,6.0,True,-38.09061468975594,-103.1665059331217,2651674.330488011,224307.46848886102,224307.46848886102,2875981.7989768717,49258461.5394,1897218.2204,1897218.2204,api_detail,api_detail
2026-03-17 08:00:00+00:00,0x2f5e87c9312fa29aed5c179e456625d79015299c,0x960ea3e3c7fb317332d990873d354e18d7645590,WBTC / WETH 0.05%,USDT / WBTC / WETH,uniswap_v3_arbitrum,curve_arbitrum,74327.0775271051,74213.0838643864,74428.1865406125,73965.4997173473,74261.6909445931,74038.3662635672,-15.336761044738578,40.044511073089595,-52.375356053125934,5.0,,,False,,,2651674.330488011,393.75808282375164,393.75808282375164,2652068.0885708346,49258461.5394,737680.0564,737680.0564,api_detail,unknown
2026-03-17 08:00:00+00:00,0x4bfc22a4da7f31f8a912a79a7e44a822398b4390,0x2f5e87c9312fa29aed5c179e456625d79015299c,WBTC / WETH 0.01%,WBTC / WETH 0.05%,pancakeswap-v3-arbitrum,uniswap_v3_arbitrum,74088.5573665113,74327.0775271051,74474.9942324549,73704.9938577035,74428.1865406125,73965.4997173473,32.19392698036394,98.11990274433802,-68.41148768905624,1.0,5.0,6.0,True,26.19392698036394,-74.41148768905624,224307.46848886102,2651674.330488011,224307.46848886102,2875981.7989768717,1897218.2204,49258461.5394,1897218.2204,api_detail,api_detail
2026-03-17 08:00:00+00:00,0x4bfc22a4da7f31f8a912a79a7e44a822398b4390,0x960ea3e3c7fb317332d990873d354e18d7645590,WBTC / WETH 0.01%,USDT / WBTC / WETH,pancakeswap-v3-arbitrum,curve_arbitrum,74088.5573665113,74213.0838643864,74474.9942324549,73704.9938577035,74261.6909445931,74038.3662635672,16.807790879105333,75.53044342753168,-58.62745924153923,1.0,,,False,,,224307.46848886102,393.75808282375164,393.75808282375164,224701.22657168476,1897218.2204,737680.0564,737680.0564,api_detail,unknown
2026-03-17 08:00:00+00:00,0x960ea3e3c7fb317332d990873d354e18d7645590,0x2f5e87c9312fa29aed5c179e456625d79015299c,USDT / WBTC / WETH,WBTC / WETH 0.05%,curve_arbitrum,uniswap_v3_arbitrum,74213.0838643864,74327.0775271051,74261.6909445931,74038.3662635672,74428.1865406125,73965.4997173473,15.360318798636197,52.651118159143806,-39.8847943641345,,5.0,,False,,,393.75808282375164,2651674.330488011,393.75808282375164,2652068.0885708346,737680.0564,49258461.5394,737680.0564,unknown,api_detail
2026-03-17 08:00:00+00:00,0x960ea3e3c7fb317332d990873d354e18d7645590,0x4bfc22a4da7f31f8a912a79a7e44a822398b4390,USDT / WBTC / WETH,WBTC / WETH 0.01%,curve_arbitrum,pancakeswap-v3-arbitrum,74213.0838643864,74088.5573665113,74261.6909445931,74038.3662635672,74474.9942324549,73704.9938577035,-16.779588098325693,58.97320415382712,-74.96423523468354,,1.0,,False,,,393.75808282375164,224307.46848886102,393.75808282375164,224701.22657168476,737680.0564,1897218.2204,737680.0564,unknown,api_detail
2026-03-17 09:00:00+00:00,0x2f5e87c9312fa29aed5c179e456625d79015299c,0x4bfc22a4da7f31f8a912a79a7e44a822398b4390,WBTC / WETH 0.05%,WBTC / WETH 0.01%,uniswap_v3_arbitrum,pancakeswap-v3-arbitrum,73744.5635469877,73767.0492102621,74414.1686922499,73570.5349602549,74253.4761050881,73732.4659080373,3.049128260157463,92.8280792306535,-91.60927229220128,5.0,1.0,6.0,True,-2.950871739842537,-97.60927229220128,4013209.823145707,380912.33844245394,380912.33844245394,4394122.161588161,49258461.5394,1897218.2204,1897218.2204,api_detail,api_detail
2026-03-17 09:00:00+00:00,0x2f5e87c9312fa29aed5c179e456625d79015299c,0x960ea3e3c7fb317332d990873d354e18d7645590,WBTC / WETH 0.05%,USDT / WBTC / WETH,uniswap_v3_arbitrum,curve_arbitrum,73744.5635469877,73862.0984213057,74414.1686922499,73570.5349602549,74213.0838643864,73806.8691839997,15.938106982367195,87.337805070824,-81.61073609002756,5.0,,,False,,,4013209.823145707,1368.4399098545703,1368.4399098545703,4014578.2630555616,49258461.5394,737680.0564,737680.0564,api_detail,unknown
2026-03-17 09:00:00+00:00,0x4bfc22a4da7f31f8a912a79a7e44a822398b4390,0x2f5e87c9312fa29aed5c179e456625d79015299c,WBTC / WETH 0.01%,WBTC / WETH 0.05%,pancakeswap-v3-arbitrum,uniswap_v3_arbitrum,73767.0492102621,73744.5635469877,74253.4761050881,73732.4659080373,74414.1686922499,73570.5349602549,-3.048198825238435,92.45625733755647,-91.97429947477076,1.0,5.0,6.0,True,-9.048198825238435,-97.97429947477076,380912.33844245394,4013209.823145707,380912.33844245394,4394122.161588161,1897218.2204,49258461.5394,1897218.2204,api_detail,api_detail
2026-03-17 09:00:00+00:00,0x4bfc22a4da7f31f8a912a79a7e44a822398b4390,0x960ea3e3c7fb317332d990873d354e18d7645590,WBTC / WETH 0.01%,USDT / WBTC / WETH,pancakeswap-v3-arbitrum,curve_arbitrum,73767.0492102621,73862.0984213057,74253.4761050881,73732.4659080373,74213.0838643864,73806.8691839997,12.885049905231316,65.18403398423578,-60.146264459907115,1.0,,,False,,,380912.33844245394,1368.4399098545703,1368.4399098545703,382280.7783523085,1897218.2204,737680.0564,737680.0564,api_detail,unknown
2026-03-17 09:00:00+00:00,0x960ea3e3c7fb317332d990873d354e18d7645590,0x2f5e87c9312fa29aed5c179e456625d79015299c,USDT / WBTC / WETH,WBTC / WETH 0.05%,curve_arbitrum,uniswap_v3_arbitrum,73862.0984213057,73744.5635469877,74213.0838643864,73806.8691839997,74414.1686922499,73570.5349602549,-15.912745079023072,82.28224756915425,-86.58162020401483,,5.0,,False,,,1368.4399098545703,4013209.823145707,1368.4399098545703,4014578.2630555616,737680.0564,49258461.5394,737680.0564,unknown,api_detail
2026-03-17 09:00:00+00:00,0x960ea3e3c7fb317332d990873d354e18d7645590,0x4bfc22a4da7f31f8a912a79a7e44a822398b4390,USDT / WBTC / WETH,WBTC / WETH 0.01%,curve_arbitrum,pancakeswap-v3-arbitrum,73862.0984213057,73767.0492102621,74213.0838643864,73806.8691839997,74253.4761050881,73732.4659080373,-12.868468818937329,60.51021077388086,-64.76188986127562,,1.0,,False,,,1368.4399098545703,380912.33844245394,1368.4399098545703,382280.7783523085,737680.0564,1897218.2204,737680.0564,unknown,api_detail
2026-03-17 10:00:00+00:00,0x2f5e87c9312fa29aed5c179e456625d79015299c,0x4bfc22a4da7f31f8a912a79a7e44a822398b4390,WBTC / WETH 0.05%,WBTC / WETH 0.01%,uniswap_v3_arbitrum,pancakeswap-v3-arbitrum,73489.1780268573,73586.4093804818,73902.3315312854,73015.4978471053,73839.3805510171,73467.9566971991,13.230703653939191,112.83668922411616,-58.776878223714135,5.0,1.0,6.0,True,7.230703653939191,-64.77687822371414,2522283.8013867047,302315.50113120803,302315.50113120803,2824599.302517913,49258461.5394,1897218.2204,1897218.2204,api_detail,api_detail
2026-03-17 10:00:00+00:00,0x2f5e87c9312fa29aed5c179e456625d79015299c,0x960ea3e3c7fb317332d990873d354e18d7645590,WBTC / WETH 0.05%,USDT / WBTC / WETH,uniswap_v3_arbitrum,curve_arbitrum,73489.1780268573,73493.4771072522,73902.3315312854,73015.4978471053,73895.5765019418,73493.4771072522,0.5849950306036078,120.53313074429583,-55.323616394986615,5.0,,,False,,,2522283.8013867047,981.8353420581134,981.8353420581134,2523265.6367287626,49258461.5394,737680.0564,737680.0564,api_detail,unknown
2026-03-17 10:00:00+00:00,0x4bfc22a4da7f31f8a912a79a7e44a822398b4390,0x2f5e87c9312fa29aed5c179e456625d79015299c,WBTC / WETH 0.01%,WBTC / WETH 0.05%,pancakeswap-v3-arbitrum,uniswap_v3_arbitrum,73586.4093804818,73489.1780268573,73839.3805510171,73467.9566971991,73902.3315312854,73015.4978471053,-13.21322163196581,59.12439294815108,-111.57768358343034,1.0,5.0,6.0,True,-19.21322163196581,-117.57768358343034,302315.50113120803,2522283.8013867047,302315.50113120803,2824599.302517913,1897218.2204,49258461.5394,1897218.2204,api_detail,api_detail
2026-03-17 10:00:00+00:00,0x4bfc22a4da7f31f8a912a79a7e44a822398b4390,0x960ea3e3c7fb317332d990873d354e18d7645590,WBTC / WETH 0.01%,USDT / WBTC / WETH,pancakeswap-v3-arbitrum,curve_arbitrum,73586.4093804818,73493.4771072522,73839.3805510171,73467.9566971991,73895.5765019418,73493.4771072522,-12.628999568261579,58.204940489245956,-46.845388082028535,1.0,,,False,,,302315.50113120803,981.8353420581134,981.8353420581134,303297.3364732661,1897218.2204,737680.0564,737680.0564,api_detail,unknown
2026-03-17 10:00:00+00:00,0x960ea3e3c7fb317332d990873d354e18d7645590,0x2f5e87c9312fa29aed5c179e456625d79015299c,USDT / WBTC / WETH,WBTC / WETH 0.05%,curve_arbitrum,uniswap_v3_arbitrum,73493.4771072522,73489.1780268573,73895.5765019418,73493.4771072522,73902.3315312854,73015.4978471053,-0.5849608106878179,55.63138935943179,-119.0976099649721,,5.0,,False,,,981.8353420581134,2522283.8013867047,981.8353420581134,2523265.6367287626,737680.0564,49258461.5394,737680.0564,unknown,api_detail
2026-03-17 10:00:00+00:00,0x960ea3e3c7fb317332d990873d354e18d7645590,0x4bfc22a4da7f31f8a912a79a7e44a822398b4390,USDT / WBTC / WETH,WBTC / WETH 0.01%,curve_arbitrum,pancakeswap-v3-arbitrum,73493.4771072522,73586.4093804818,73895.5765019418,73493.4771072522,73839.3805510171,73467.9566971991,12.644968898938291,47.06586997647477,-57.86811944439862,,1.0,,False,,,981.8353420581134,302315.50113120803,981.8353420581134,303297.3364732661,737680.0564,1897218.2204,737680.0564,unknown,api_detail
2026-03-17 11:00:00+00:00,0x2f5e87c9312fa29aed5c179e456625d79015299c,0x4bfc22a4da7f31f8a912a79a7e44a822398b4390,WBTC / WETH 0.05%,WBTC / WETH 0.01%,uniswap_v3_arbitrum,pancakeswap-v3-arbitrum,73853.7124688036,73918.2302040481,74690.0865625305,73489.1780268573,74104.2848983967,73554.5587999311,8.735882474661949,83.70033358035434,-152.03192483231877,5.0,1.0,6.0,True,2.735882474661949,-158.03192483231877,1925996.1432198384,235175.6277570741,235175.6277570741,2161171.7709769127,49258461.5394,1897218.2204,1897218.2204,api_detail,api_detail
2026-03-17 11:00:00+00:00,0x2f5e87c9312fa29aed5c179e456625d79015299c,0x960ea3e3c7fb317332d990873d354e18d7645590,WBTC / WETH 0.05%,USDT / WBTC / WETH,uniswap_v3_arbitrum,curve_arbitrum,73853.7124688036,73872.1499209247,74690.0865625305,73489.1780268573,74032.1711030741,73493.4771072522,2.4964827772055997,73.88748803508926,-160.20994356145235,5.0,,,False,,,1925996.1432198384,672.5935103928146,672.5935103928146,1926668.7367302312,49258461.5394,737680.0564,737680.0564,api_detail,unknown
2026-03-17 11:00:00+00:00,0x4bfc22a4da7f31f8a912a79a7e44a822398b4390,0x2f5e87c9312fa29aed5c179e456625d79015299c,WBTC / WETH 0.01%,WBTC / WETH 0.05%,pancakeswap-v3-arbitrum,uniswap_v3_arbitrum,73918.2302040481,73853.7124688036,74104.2848983967,73554.5587999311,74690.0865625305,73489.1780268573,-8.728257571427589,154.3789781525362,-83.00557415576671,1.0,5.0,6.0,True,-14.728257571427589,-89.00557415576671,235175.6277570741,1925996.1432198384,235175.6277570741,2161171.7709769127,1897218.2204,49258461.5394,1897218.2204,api_detail,api_detail
2026-03-17 11:00:00+00:00,0x4bfc22a4da7f31f8a912a79a7e44a822398b4390,0x960ea3e3c7fb317332d990873d354e18d7645590,WBTC / WETH 0.01%,USDT / WBTC / WETH,pancakeswap-v3-arbitrum,curve_arbitrum,73918.2302040481,73872.1499209247,74104.2848983967,73554.5587999311,74032.1711030741,73493.4771072522,-6.233953788693514,64.93306613966743,-82.42543491000175,1.0,,,False,,,235175.6277570741,672.5935103928146,672.5935103928146,235848.22126746693,1897218.2204,737680.0564,737680.0564,api_detail,unknown
2026-03-17 11:00:00+00:00,0x960ea3e3c7fb317332d990873d354e18d7645590,0x2f5e87c9312fa29aed5c179e456625d79015299c,USDT / WBTC / WETH,WBTC / WETH 0.05%,curve_arbitrum,uniswap_v3_arbitrum,73872.1499209247,73853.7124688036,74032.1711030741,73493.4771072522,74690.0865625305,73489.1780268573,-2.495859690131441,162.8184571444402,-73.34555614488036,,5.0,,False,,,672.5935103928146,1925996.1432198384,672.5935103928146,1926668.7367302312,737680.0564,49258461.5394,737680.0564,unknown,api_detail
2026-03-17 11:00:00+00:00,0x960ea3e3c7fb317332d990873d354e18d7645590,0x4bfc22a4da7f31f8a912a79a7e44a822398b4390,USDT / WBTC / WETH,WBTC / WETH 0.01%,curve_arbitrum,pancakeswap-v3-arbitrum,73872.1499209247,73918.2302040481,74032.1711030741,73493.4771072522,74104.2848983967,73554.5587999311,6.2378424308384695,83.11047662816762,-64.51415594418086,,1.0,,False,,,672.5935103928146,235175.6277570741,672.5935103928146,235848.22126746693,737680.0564,1897218.2204,737680.0564,unknown,api_detail
2026-03-17 12:00:00+00:00,0x2f5e87c9312fa29aed5c179e456625d79015299c,0x4bfc22a4da7f31f8a912a79a7e44a822398b4390,WBTC / WETH 0.05%,WBTC / WETH 0.01%,uniswap_v3_arbitrum,pancakeswap-v3-arbitrum,73619.1032622434,73537.9494317224,74211.181002226,73465.1210566229,74057.0724135806,73517.5440896125,-11.023474468564443,80.57583632121946,-93.46797925136153,5.0,1.0,6.0,True,-17.023474468564444,-99.46797925136153,4104091.5365429507,419939.4502394658,419939.4502394658,4524030.986782417,49258461.5394,1897218.2204,1897218.2204,api_detail,api_detail
2026-03-17 12:00:00+00:00,0x2f5e87c9312fa29aed5c179e456625d79015299c,0x960ea3e3c7fb317332d990873d354e18d7645590,WBTC / WETH 0.05%,USDT / WBTC / WETH,uniswap_v3_arbitrum,curve_arbitrum,73619.1032622434,73598.3737413236,74211.181002226,73465.1210566229,74211.1810022261,73570.158176276,-2.8157801441786035,101.55294578881646,-86.37820033220778,5.0,,,False,,,4104091.5365429507,681.420886830067,681.420886830067,4104772.9574297806,49258461.5394,737680.0564,737680.0564,api_detail,unknown
2026-03-17 12:00:00+00:00,0x4bfc22a4da7f31f8a912a79a7e44a822398b4390,0x2f5e87c9312fa29aed5c179e456625d79015299c,WBTC / WETH 0.01%,WBTC / WETH 0.05%,pancakeswap-v3-arbitrum,uniswap_v3_arbitrum,73537.9494317224,73619.1032622434,74057.0724135806,73517.5440896125,74211.181002226,73465.1210566229,11.035639577676726,94.3498482169125,-79.93177932444806,1.0,5.0,6.0,True,5.035639577676726,-85.93177932444806,419939.4502394658,4104091.5365429507,419939.4502394658,4524030.986782417,1897218.2204,49258461.5394,1897218.2204,api_detail,api_detail
2026-03-17 12:00:00+00:00,0x4bfc22a4da7f31f8a912a79a7e44a822398b4390,0x960ea3e3c7fb317332d990873d354e18d7645590,WBTC / WETH 0.01%,USDT / WBTC / WETH,pancakeswap-v3-arbitrum,curve_arbitrum,73537.9494317224,73598.3737413236,74057.0724135806,73517.5440896125,74211.1810022261,73570.158176276,8.216752040020037,94.34984821692582,-65.74851279366855,1.0,,,False,,,419939.4502394658,681.420886830067,681.420886830067,420620.8711262959,1897218.2204,737680.0564,737680.0564,api_detail,unknown
2026-03-17 12:00:00+00:00,0x960ea3e3c7fb317332d990873d354e18d7645590,0x2f5e87c9312fa29aed5c179e456625d79015299c,USDT / WBTC / WETH,WBTC / WETH 0.05%,curve_arbitrum,uniswap_v3_arbitrum,73598.3737413236,73619.1032622434,74211.1810022261,73570.158176276,74211.181002226,73465.1210566229,2.816573229276198,87.1308206805943,-100.532013576341,,5.0,,False,,,681.420886830067,4104091.5365429507,681.420886830067,4104772.9574297806,737680.0564,49258461.5394,737680.0564,unknown,api_detail
2026-03-17 12:00:00+00:00,0x960ea3e3c7fb317332d990873d354e18d7645590,0x4bfc22a4da7f31f8a912a79a7e44a822398b4390,USDT / WBTC / WETH,WBTC / WETH 0.01%,curve_arbitrum,pancakeswap-v3-arbitrum,73598.3737413236,73537.9494317224,74211.1810022261,73570.158176276,74057.0724135806,73517.5440896125,-8.210006081597054,66.18366051870161,-93.46797925137484,,1.0,,False,,,681.420886830067,419939.4502394658,681.420886830067,420620.8711262959,737680.0564,1897218.2204,737680.0564,unknown,api_detail
2026-03-17 13:00:00+00:00,0x2f5e87c9312fa29aed5c179e456625d79015299c,0x4bfc22a4da7f31f8a912a79a7e44a822398b4390,WBTC / WETH 0.05%,WBTC / WETH 0.01%,uniswap_v3_arbitrum,pancakeswap-v3-arbitrum,73359.3957751299,73392.0033361903,74097.5001930734,73201.9352584675,74020.2751547949,73190.2059313933,4.444905893221662,111.79211224920937,-122.4460014596973,5.0,1.0,6.0,True,-1.5550941067783377,-128.4460014596973,5390757.640812319,522321.7953057617,522321.7953057617,5913079.43611808,49258461.5394,1897218.2204,1897218.2204,api_detail,api_detail
2026-03-17 13:00:00+00:00,0x2f5e87c9312fa29aed5c179e456625d79015299c,0x960ea3e3c7fb317332d990873d354e18d7645590,WBTC / WETH 0.05%,USDT / WBTC / WETH,uniswap_v3_arbitrum,curve_arbitrum,73359.3957751299,73719.6216781938,74097.5001930734,73201.9352584675,74291.3573803034,73581.9705792803,49.10426254983058,148.82422411228058,-69.57449474675914,5.0,,,False,,,5390757.640812319,1993.0959489855263,1993.0959489855263,5392750.736761305,49258461.5394,737680.0564,737680.0564,api_detail,unknown
2026-03-17 13:00:00+00:00,0x4bfc22a4da7f31f8a912a79a7e44a822398b4390,0x2f5e87c9312fa29aed5c179e456625d79015299c,WBTC / WETH 0.01%,WBTC / WETH 0.05%,pancakeswap-v3-arbitrum,uniswap_v3_arbitrum,73392.0033361903,73359.3957751299,74020.2751547949,73190.2059313933,74097.5001930734,73201.9352584675,-4.442931052179855,123.96388972188089,-110.55618134572454,1.0,5.0,6.0,True,-10.442931052179855,-116.55618134572454,522321.7953057617,5390757.640812319,522321.7953057617,5913079.43611808,1897218.2204,49258461.5394,1897218.2204,api_detail,api_detail
2026-03-17 13:00:00+00:00,0x4bfc22a4da7f31f8a912a79a7e44a822398b4390,0x960ea3e3c7fb317332d990873d354e18d7645590,WBTC / WETH 0.01%,USDT / WBTC / WETH,pancakeswap-v3-arbitrum,curve_arbitrum,73392.0033361903,73719.6216781938,74020.2751547949,73190.2059313933,74291.3573803034,73581.9705792803,44.6395148123635,150.45065591730688,-59.21412404884974,1.0,,,False,,,522321.7953057617,1993.0959489855263,1993.0959489855263,524314.8912547472,1897218.2204,737680.0564,737680.0564,api_detail,unknown
2026-03-17 13:00:00+00:00,0x960ea3e3c7fb317332d990873d354e18d7645590,0x2f5e87c9312fa29aed5c179e456625d79015299c,USDT / WBTC / WETH,WBTC / WETH 0.05%,curve_arbitrum,uniswap_v3_arbitrum,73719.6216781938,73359.3957751299,74291.3573803034,73581.9705792803,74097.5001930734,73201.9352584675,-48.8643179201842,70.06194720453163,-146.6418383310786,,5.0,,False,,,1993.0959489855263,5390757.640812319,1993.0959489855263,5392750.736761305,737680.0564,49258461.5394,737680.0564,unknown,api_detail
2026-03-17 13:00:00+00:00,0x960ea3e3c7fb317332d990873d354e18d7645590,0x4bfc22a4da7f31f8a912a79a7e44a822398b4390,USDT / WBTC / WETH,WBTC / WETH 0.01%,curve_arbitrum,pancakeswap-v3-arbitrum,73719.6216781938,73392.0033361903,74291.3573803034,73581.9705792803,74020.2751547949,73190.2059313933,-44.44113175643194,59.566843897222995,-148.2206662712071,,1.0,,False,,,1993.0959489855263,522321.7953057617,1993.0959489855263,524314.8912547472,737680.0564,1897218.2204,737680.0564,unknown,api_detail
2026-03-17 14:00:00+00:00,0x2f5e87c9312fa29aed5c179e456625d79015299c,0x4bfc22a4da7f31f8a912a79a7e44a822398b4390,WBTC / WETH 0.05%,WBTC / WETH 0.01%,uniswap_v3_arbitrum,pancakeswap-v3-arbitrum,74232.8231322132,74227.5335341741,74240.1136217447,73259.9297842344,74234.2751368724,73250.0709100907,-0.7125686207143378,132.9984011051688,-133.35684219158094,5.0,1.0,6.0,True,-6.712568620714338,-139.35684219158094,3741909.9749066983,443348.97025391884,443348.97025391884,4185258.945160617,49258461.5394,1897218.2204,1897218.2204,api_detail,api_detail
2026-03-17 14:00:00+00:00,0x2f5e87c9312fa29aed5c179e456625d79015299c,0x960ea3e3c7fb317332d990873d354e18d7645590,WBTC / WETH 0.05%,USDT / WBTC / WETH,uniswap_v3_arbitrum,curve_arbitrum,74232.8231322132,74255.3151431993,74240.1136217447,73259.9297842344,74255.3151431993,73668.9956561656,3.02992800718771,135.87036759338034,-76.92848754097592,5.0,,,False,,,3741909.9749066983,2192.857231445395,2192.857231445395,3744102.832138144,49258461.5394,737680.0564,737680.0564,api_detail,unknown
2026-03-17 14:00:00+00:00,0x4bfc22a4da7f31f8a912a79a7e44a822398b4390,0x2f5e87c9312fa29aed5c179e456625d79015299c,WBTC / WETH 0.01%,WBTC / WETH 0.05%,pancakeswap-v3-arbitrum,uniswap_v3_arbitrum,74227.5335341741,74232.8231322132,74234.2751368724,73250.0709100907,74240.1136217447,73259.9297842344,0.7126193997364361,135.15928371854002,-131.25276037807555,1.0,5.0,6.0,True,-5.287380600263564,-137.25276037807555,443348.97025391884,3741909.9749066983,443348.97025391884,4185258.945160617,1897218.2204,49258461.5394,1897218.2204,api_detail,api_detail
2026-03-17 14:00:00+00:00,0x4bfc22a4da7f31f8a912a79a7e44a822398b4390,0x960ea3e3c7fb317332d990873d354e18d7645590,WBTC / WETH 0.01%,USDT / WBTC / WETH,pancakeswap-v3-arbitrum,curve_arbitrum,74227.5335341741,74255.3151431993,74234.2751368724,73250.0709100907,74255.3151431993,73668.9956561656,3.7427633254738524,137.23457474088542,-76.14804342933823,1.0,,,False,,,443348.97025391884,2192.857231445395,2192.857231445395,445541.8274853642,1897218.2204,737680.0564,737680.0564,api_detail,unknown
2026-03-17 14:00:00+00:00,0x960ea3e3c7fb317332d990873d354e18d7645590,0x2f5e87c9312fa29aed5c179e456625d79015299c,USDT / WBTC / WETH,WBTC / WETH 0.05%,curve_arbitrum,uniswap_v3_arbitrum,74255.3151431993,74232.8231322132,74255.3151431993,73668.9956561656,74240.1136217447,73259.9297842344,-3.029010238893015,77.52487467654446,-134.04903838133865,,5.0,,False,,,2192.857231445395,3741909.9749066983,2192.857231445395,3744102.832138144,737680.0564,49258461.5394,737680.0564,unknown,api_detail
2026-03-17 14:00:00+00:00,0x960ea3e3c7fb317332d990873d354e18d7645590,0x4bfc22a4da7f31f8a912a79a7e44a822398b4390,USDT / WBTC / WETH,WBTC / WETH 0.01%,curve_arbitrum,pancakeswap-v3-arbitrum,74255.3151431993,74227.5335341741,74255.3151431993,73668.9956561656,74234.2751368724,73250.0709100907,-3.7413630218419147,76.73234522500127,-135.37673783621028,,1.0,,False,,,2192.857231445395,443348.97025391884,2192.857231445395,445541.8274853642,737680.0564,1897218.2204,737680.0564,unknown,api_detail
2026-03-17 15:00:00+00:00,0x2f5e87c9312fa29aed5c179e456625d79015299c,0x4bfc22a4da7f31f8a912a79a7e44a822398b4390,WBTC / WETH 0.05%,WBTC / WETH 0.01%,uniswap_v3_arbitrum,pancakeswap-v3-arbitrum,73739.5932036107,73766.4999571075,74686.3950172142,73331.1966206671,74689.9220097212,73528.7944943834,3.6488882468477257,185.2861335513989,-154.9948317312666,5.0,1.0,6.0,True,-2.3511117531522743,-160.9948317312666,3783427.368967801,461119.9872654413,461119.9872654413,4244547.356233242,49258461.5394,1897218.2204,1897218.2204,api_detail,api_detail
2026-03-17 15:00:00+00:00,0x2f5e87c9312fa29aed5c179e456625d79015299c,0x960ea3e3c7fb317332d990873d354e18d7645590,WBTC / WETH 0.05%,USDT / WBTC / WETH,uniswap_v3_arbitrum,curve_arbitrum,73739.5932036107,73887.9156845694,74686.3950172142,73331.1966206671,74612.731879257,73261.6437269242,20.114361161329697,174.75989996714736,-190.76450134748347,5.0,,,False,,,3783427.368967801,5882.575661741825,5882.575661741825,3789309.9446295425,49258461.5394,737680.0564,737680.0564,api_detail,unknown
2026-03-17 15:00:00+00:00,0x4bfc22a4da7f31f8a912a79a7e44a822398b4390,0x2f5e87c9312fa29aed5c179e456625d79015299c,WBTC / WETH 0.01%,WBTC / WETH 0.05%,pancakeswap-v3-arbitrum,uniswap_v3_arbitrum,73766.4999571075,73739.5932036107,74689.9220097212,73528.7944943834,74686.3950172142,73331.1966206671,-3.6475572939542733,157.43499275229223,-181.9154917416099,1.0,5.0,6.0,True,-9.647557293954273,-187.9154917416099,461119.9872654413,3783427.368967801,461119.9872654413,4244547.356233242,1897218.2204,49258461.5394,1897218.2204,api_detail,api_detail
2026-03-17 15:00:00+00:00,0x4bfc22a4da7f31f8a912a79a7e44a822398b4390,0x960ea3e3c7fb317332d990873d354e18d7645590,WBTC / WETH 0.01%,USDT / WBTC / WETH,pancakeswap-v3-arbitrum,curve_arbitrum,73766.4999571075,73887.9156845694,74689.9220097212,73528.7944943834,74612.731879257,73261.6437269242,16.459467038898445,147.41672188796738,-191.22771109750246,1.0,,,False,,,461119.9872654413,5882.575661741825,5882.575661741825,467002.5629271831,1897218.2204,737680.0564,737680.0564,api_detail,unknown
2026-03-17 15:00:00+00:00,0x960ea3e3c7fb317332d990873d354e18d7645590,0x2f5e87c9312fa29aed5c179e456625d79015299c,USDT / WBTC / WETH,WBTC / WETH 0.05%,curve_arbitrum,uniswap_v3_arbitrum,73887.9156845694,73739.5932036107,74612.731879257,73261.6437269242,74686.3950172142,73331.1966206671,-20.073983625670255,194.47438220204782,-171.75825443085935,,5.0,,False,,,5882.575661741825,3783427.368967801,5882.575661741825,3789309.9446295425,737680.0564,49258461.5394,737680.0564,unknown,api_detail
2026-03-17 15:00:00+00:00,0x960ea3e3c7fb317332d990873d354e18d7645590,0x4bfc22a4da7f31f8a912a79a7e44a822398b4390,USDT / WBTC / WETH,WBTC / WETH 0.01%,curve_arbitrum,pancakeswap-v3-arbitrum,73887.9156845694,73766.4999571075,74612.731879257,73261.6437269242,74689.9220097212,73528.7944943834,-16.432420151113458,194.9558063590229,-145.2751236381067,,1.0,,False,,,5882.575661741825,461119.9872654413,5882.575661741825,467002.5629271831,737680.0564,1897218.2204,737680.0564,unknown,api_detail
2026-03-17 16:00:00+00:00,0x2f5e87c9312fa29aed5c179e456625d79015299c,0x4bfc22a4da7f31f8a912a79a7e44a822398b4390,WBTC / WETH 0.05%,WBTC / WETH 0.01%,uniswap_v3_arbitrum,pancakeswap-v3-arbitrum,74044.1962934371,73952.7576289676,74226.0643801204,73122.5709548401,74201.059671173,73714.240199109,-12.349200753981604,147.49053571966985,-68.95477825555774,5.0,1.0,6.0,True,-18.349200753981606,-74.95477825555774,1598455.4027562484,293031.41904475086,293031.41904475086,1891486.8218009993,49258461.5394,1897218.2204,1897218.2204,api_detail,api_detail
2026-03-17 16:00:00+00:00,0x2f5e87c9312fa29aed5c179e456625d79015299c,0x960ea3e3c7fb317332d990873d354e18d7645590,WBTC / WETH 0.05%,USDT / WBTC / WETH,uniswap_v3_arbitrum,curve_arbitrum,74044.1962934371,74034.3275853777,74226.0643801204,73122.5709548401,74225.8931373387,73768.8855229517,-1.3328131782652797,150.88667809286972,-61.592765423669206,5.0,,,False,,,1598455.4027562484,3739.0861677736725,3739.0861677736725,1602194.488924022,49258461.5394,737680.0564,737680.0564,api_detail,unknown
2026-03-17 16:00:00+00:00,0x4bfc22a4da7f31f8a912a79a7e44a822398b4390,0x2f5e87c9312fa29aed5c179e456625d79015299c,WBTC / WETH 0.01%,WBTC / WETH 0.05%,pancakeswap-v3-arbitrum,uniswap_v3_arbitrum,73952.7576289676,74044.1962934371,74201.059671173,73714.240199109,74226.0643801204,73122.5709548401,12.364469886065876,69.43355579992483,-145.3468078639697,1.0,5.0,6.0,True,6.364469886065876,-151.3468078639697,293031.41904475086,1598455.4027562484,293031.41904475086,1891486.8218009993,1897218.2204,49258461.5394,1897218.2204,api_detail,api_detail
2026-03-17 16:00:00+00:00,0x4bfc22a4da7f31f8a912a79a7e44a822398b4390,0x960ea3e3c7fb317332d990873d354e18d7645590,WBTC / WETH 0.01%,USDT / WBTC / WETH,pancakeswap-v3-arbitrum,curve_arbitrum,73952.7576289676,74034.3275853777,74201.059671173,73714.240199109,74225.8931373387,73768.8855229517,11.030008754959741,69.41032517566282,-58.24366257523916,1.0,,,False,,,293031.41904475086,3739.0861677736725,3739.0861677736725,296770.50521252456,1897218.2204,737680.0564,737680.0564,api_detail,unknown
2026-03-17 16:00:00+00:00,0x960ea3e3c7fb317332d990873d354e18d7645590,0x2f5e87c9312fa29aed5c179e456625d79015299c,USDT / WBTC / WETH,WBTC / WETH 0.05%,curve_arbitrum,uniswap_v3_arbitrum,74034.3275853777,74044.1962934371,74225.8931373387,73768.8855229517,74226.0643801204,73122.5709548401,1.332990841040882,61.974483405533576,-148.64384056075153,,5.0,,False,,,3739.0861677736725,1598455.4027562484,3739.0861677736725,1602194.488924022,737680.0564,49258461.5394,737680.0564,unknown,api_detail
2026-03-17 16:00:00+00:00,0x960ea3e3c7fb317332d990873d354e18d7645590,0x4bfc22a4da7f31f8a912a79a7e44a822398b4390,USDT / WBTC / WETH,WBTC / WETH 0.01%,curve_arbitrum,pancakeswap-v3-arbitrum,74034.3275853777,73952.7576289676,74225.8931373387,73768.8855229517,74201.059671173,73714.240199109,-11.017856050090646,58.58488238741799,-68.93186684638452,,1.0,,False,,,3739.0861677736725,293031.41904475086,3739.0861677736725,296770.50521252456,737680.0564,1897218.2204,737680.0564,unknown,api_detail
2026-03-17 17:00:00+00:00,0x2f5e87c9312fa29aed5c179e456625d79015299c,0x4bfc22a4da7f31f8a912a79a7e44a822398b4390,WBTC / WETH 0.05%,WBTC / WETH 0.01%,uniswap_v3_arbitrum,pancakeswap-v3-arbitrum,74364.299521398,74355.6285356763,74755.3675470536,73795.6798077074,74435.3345130469,73950.8651647633,-1.16601457655241,86.67915344180877,-107.61800907258201,5.0,1.0,6.0,True,-7.16601457655241,-113.61800907258201,1348237.4725991467,212685.6468664127,212685.6468664127,1560923.1194655593,49258461.5394,1897218.2204,1897218.2204,api_detail,api_detail
2026-03-17 17:00:00+00:00,0x2f5e87c9312fa29aed5c179e456625d79015299c,0x960ea3e3c7fb317332d990873d354e18d7645590,WBTC / WETH 0.05%,USDT / WBTC / WETH,uniswap_v3_arbitrum,curve_arbitrum,74364.299521398,74378.0791783341,74755.3675470536,73795.6798077074,74378.0791783341,73788.0808189256,1.8529935768607508,78.92052382256986,-129.3936154509767,5.0,,,False,,,1348237.4725991467,6443.966504396335,6443.966504396335,1354681.439103543,49258461.5394,737680.0564,737680.0564,api_detail,unknown
