timestamp,market_slug,reference_price_usd,predicted_fair_value,trade_side,execution_venue,execution_price_usd,expected_buy_edge_bps,expected_sell_edge_bps,expected_edge_bps,best_buy_venue,best_buy_effective_price_usd,best_sell_venue,best_sell_effective_price_usd,cross_exchange_dispersion_bps,best_buy_gap_vs_second_bps,best_sell_gap_vs_second_bps,confidence_proxy
2026-03-16 08:00:00+00:00,optimism_wbtc_weth,73040.4331589703,,hold,,,,,,velodrome-finance-slipstream | WETH / WBTC 0.05%,73026.0721282823,uniswap_v3_optimism | WETH / WBTC 0.3%,73070.09100356353,41.154306896729054,31.972461801690333,16.03886340774352,
2026-03-16 09:00:00+00:00,optimism_wbtc_weth,72946.410259198,,hold,,,,,,velodrome-finance-slipstream | WETH / WBTC 0.05%,73129.5240207992,velodrome-finance-slipstream | WETH / WBTC 0.05%,73056.43104326719,21.905174140179895,3.075594962373973,45.21806657316718,
2026-03-16 10:00:00+00:00,optimism_wbtc_weth,73143.2266246735,,hold,,,,,,uniswap_v3_optimism | WETH / WBTC 0.3%,73262.59407454658,velodrome-finance-slipstream | WETH / WBTC 0.05%,73501.73228945339,67.77305343465656,13.658024434557436,79.25195462482381,
2026-03-16 11:00:00+00:00,optimism_wbtc_weth,73143.2266246735,,hold,,,,,,uniswap_v3_optimism | WETH / WBTC 0.3%,73262.59407454658,velodrome-finance-slipstream | WETH / WBTC 0.05%,73371.63910061767,49.95376319211209,13.658024434557436,61.4123474888717,
2026-03-16 12:00:00+00:00,optimism_wbtc_weth,73615.9723991916,,hold,,,,,,velodrome-finance-slipstream | WETH / WBTC 0.05%,73652.58565566679,velodrome-finance-slipstream | WETH / WBTC 0.05%,73578.96987790002,2.6408379427289574,25.01401126413727,22.428464740233967,
2026-03-16 13:00:00+00:00,optimism_wbtc_weth,74020.340398938,,hold,,,,,,velodrome-finance-slipstream | WETH / WBTC 0.05%,73807.81916227961,uniswap_v3_optimism | WETH / WBTC 0.3%,73799.27786527337,33.94401873075603,58.880246400410115,0.1352995680381497,
2026-03-16 14:00:00+00:00,optimism_wbtc_weth,73222.1981864203,,hold,,,,,,sushiswap-v3-optimism | WETH / WBTC 0.3%,73220.00461013845,velodrome-finance-slipstream | WETH / WBTC 0.05%,73238.69903302492,37.579634528344116,12.560742119251955,32.350582372160375,
2026-03-16 15:00:00+00:00,optimism_wbtc_weth,73214.197578113,,hold,,,,,,velodrome-finance-slipstream | WETH / WBTC 0.05%,73191.46601660436,velodrome-finance-slipstream | WETH / WBTC 0.05%,73118.31112803204,9.470994314604297,33.1150839618366,15.589466587484502,
2026-03-16 16:00:00+00:00,optimism_wbtc_weth,73583.4478047444,,hold,,,,,,velodrome-finance-slipstream | WETH / WBTC 0.05%,73645.07617693875,velodrome-finance-slipstream | WETH / WBTC 0.05%,73571.46790489784,7.0797193071725495,17.895117698676355,28.457301979349925,
2026-03-16 17:00:00+00:00,optimism_wbtc_weth,73697.6303646967,,hold,,,,,,velodrome-finance-slipstream | WETH / WBTC 0.05%,73767.28780623096,velodrome-finance-slipstream | WETH / WBTC 0.05%,73693.55738363603,6.811539722539894,18.163594319915433,29.53594677911786,
2026-03-16 18:00:00+00:00,optimism_wbtc_weth,74000.7278385799,,hold,,,,,,velodrome-finance-slipstream | WETH / WBTC 0.05%,73865.54747426284,velodrome-finance-slipstream | WETH / WBTC 0.05%,73791.71884110516,24.21269685602745,48.35577072751729,0.860445450516778,
2026-03-16 19:00:00+00:00,optimism_wbtc_weth,73725.0436751698,,hold,,,,,,uniswap_v3_optimism | WETH / WBTC 0.3%,73931.5417236491,velodrome-finance-slipstream | WETH / WBTC 0.05%,73879.2071185981,27.913927985512288,1.9852260894359652,51.06378506165132,
2026-03-16 20:00:00+00:00,optimism_wbtc_weth,73946.053224863,,hold,,,,,,sushiswap-v3-optimism | WETH / WBTC 0.3%,74083.62715705836,velodrome-finance-slipstream | WETH / WBTC 0.05%,74016.73527001476,25.956650324034936,0.9667284638048557,39.67762892662874,
2026-03-16 21:00:00+00:00,optimism_wbtc_weth,74084.9532221192,,hold,,,,,,uniswap_v3_optimism | WETH / WBTC 0.3%,74219.36598535237,velodrome-finance-slipstream | WETH / WBTC 0.05%,74195.08966027033,31.735166686206462,6.730841744317928,45.00123948713464,
2026-03-16 22:00:00+00:00,optimism_wbtc_weth,74547.1577542736,,hold,,,,,,velodrome-finance-slipstream | WETH / WBTC 0.05%,74586.36722835922,velodrome-finance-slipstream | WETH / WBTC 0.05%,74511.8181356772,3.48076114136342,21.499261726032337,25.335434071023233,
2026-03-16 23:00:00+00:00,optimism_wbtc_weth,74397.4114557754,,hold,,,,,,sushiswap-v3-optimism | WETH / WBTC 0.3%,74583.32645159143,velodrome-finance-slipstream | WETH / WBTC 0.05%,74617.61810066208,39.631372404602686,4.998065965249321,59.77803122274361,
2026-03-17 00:00:00+00:00,optimism_wbtc_weth,74896.3887347319,,hold,,,,,,uniswap_v3_optimism | WETH / WBTC 0.3%,74625.91791260426,velodrome-finance-slipstream | WETH / WBTC 0.05%,74887.1969471704,70.15194676038172,45.05186713236409,28.859310808231342,
2026-03-17 01:00:00+00:00,optimism_wbtc_weth,75701.9602517667,,hold,,,,,,velodrome-finance-slipstream | WETH / WBTC 0.05%,75366.361876357,uniswap_v3_optimism | WETH / WBTC 0.3%,75500.11059851208,52.91409003861824,74.66252080578606,3.346310199756619,
2026-03-17 02:00:00+00:00,optimism_wbtc_weth,75034.7398818179,,hold,,,,,,velodrome-finance-slipstream | WETH / WBTC 0.05%,75043.2045882722,sushiswap-v3-optimism | WETH / WBTC 0.3%,75474.85437101139,92.82741154809759,28.868638323718,67.5827206737889,
2026-03-17 03:00:00+00:00,optimism_wbtc_weth,74179.6053770172,,hold,,,,,,velodrome-finance-slipstream | WETH / WBTC 0.05%,74163.29497758452,velodrome-finance-slipstream | WETH / WBTC 0.05%,74089.16874572287,12.135704038429562,32.20585272484256,12.92383765172378,
2026-03-17 04:00:00+00:00,optimism_wbtc_weth,74177.8708146452,,hold,,,,,,velodrome-finance-slipstream | WETH / WBTC 0.05%,74139.71520868488,velodrome-finance-slipstream | WETH / WBTC 0.05%,74065.61254480813,23.378196284324915,35.16188559269162,1.693071297392823,
2026-03-17 05:00:00+00:00,optimism_wbtc_weth,74177.8708146452,,hold,,,,,,velodrome-finance-slipstream | WETH / WBTC 0.05%,73930.59798871147,sushiswap-v3-optimism | WETH / WBTC 0.3%,74053.07483126008,51.72993480900389,63.546955003583875,13.215764102540994,
2026-03-17 06:00:00+00:00,optimism_wbtc_weth,73993.7907232948,,hold,,,,,,velodrome-finance-slipstream | WETH / WBTC 0.05%,73896.81744922194,sushiswap-v3-optimism | WETH / WBTC 0.3%,73824.54993691579,25.291468451473786,43.162162763221716,0.2157018970683211,
2026-03-17 07:00:00+00:00,optimism_wbtc_weth,74022.8825986136,,hold,,,,,,velodrome-finance-slipstream | WETH / WBTC 0.05%,74059.8940399129,velodrome-finance-slipstream | WETH / WBTC 0.05%,73985.87115731431,40.494318396431254,8.515160228086405,1.0761506055234626,
2026-03-17 08:00:00+00:00,optimism_wbtc_weth,74231.5563937128,,hold,,,,,,velodrome-finance-slipstream | WETH / WBTC 0.05%,74268.67217190965,velodrome-finance-slipstream | WETH / WBTC 0.05%,74194.44061551595,14.16656674186001,20.794894125624186,15.081696323602234,
2026-03-17 09:00:00+00:00,optimism_wbtc_weth,73861.7336349237,,hold,,,,,,velodrome-finance-slipstream | WETH / WBTC 0.05%,73773.2185011784,velodrome-finance-slipstream | WETH / WBTC 0.05%,73699.48215085239,18.20279635864175,42.034269474784395,6.859942305108557,
2026-03-17 10:00:00+00:00,optimism_wbtc_weth,73564.1132688971,,hold,,,,,,velodrome-finance-slipstream | WETH / WBTC 0.05%,73616.65020181224,velodrome-finance-slipstream | WETH / WBTC 0.05%,73543.07034154056,11.869430466642239,13.102523830679225,27.221175385747642,
2026-03-17 11:00:00+00:00,optimism_wbtc_weth,73754.7194594156,,hold,,,,,,velodrome-finance-slipstream | WETH / WBTC 0.05%,73860.57900895778,velodrome-finance-slipstream | WETH / WBTC 0.05%,73786.75534178241,14.962311837953823,10.010216810374395,34.44691123354326,
2026-03-17 12:00:00+00:00,optimism_wbtc_weth,73713.3749251443,,hold,,,,,,velodrome-finance-slipstream | WETH / WBTC 0.05%,73595.67382245313,sushiswap-v3-optimism | WETH / WBTC 0.3%,73533.45530103735,26.621537179594146,46.04091651963627,1.5424437899480559,
2026-03-17 13:00:00+00:00,optimism_wbtc_weth,73268.9443485372,,hold,,,,,,velodrome-finance-slipstream | WETH / WBTC 0.05%,73361.08647519533,velodrome-finance-slipstream | WETH / WBTC 0.05%,73287.76205093227,8.067527260202656,16.90633975099054,32.66630429278994,
2026-03-17 14:00:00+00:00,optimism_wbtc_weth,74165.9849732031,,hold,,,,,,sushiswap-v3-optimism | WETH / WBTC 0.3%,73488.7511815828,uniswap_v3_optimism | WETH / WBTC 0.3%,74136.62960761465,148.87131171020806,97.200833137292,1.042458028066573,
2026-03-17 15:00:00+00:00,optimism_wbtc_weth,73801.6529116228,,hold,,,,,,velodrome-finance-slipstream | WETH / WBTC 0.05%,73838.55373807861,uniswap_v3_optimism | WETH / WBTC 0.3%,73881.52019838351,63.65930593997149,2.3602034036573905,15.829798096751446,
2026-03-17 16:00:00+00:00,optimism_wbtc_weth,73962.0677864431,,hold,,,,,,sushiswap-v3-optimism | WETH / WBTC 0.3%,73855.98113866399,velodrome-finance-slipstream | WETH / WBTC 0.05%,73925.08675254989,63.65930593997149,19.371170684703287,5.896813445283033,
2026-03-17 17:00:00+00:00,optimism_wbtc_weth,74103.8316934639,,hold,,,,,,sushiswap-v3-optimism | WETH / WBTC 0.3%,73855.98113866399,velodrome-finance-slipstream | WETH / WBTC 0.05%,74234.3457726433,86.42696358982293,61.28631811726626,47.75559210373537,
2026-03-17 18:00:00+00:00,optimism_wbtc_weth,74523.3391587254,,hold,,,,,,velodrome-finance-slipstream | WETH / WBTC 0.05%,74454.89788142465,velodrome-finance-slipstream | WETH / WBTC 0.05%,74380.48019238775,17.251056904015183,39.21989057616759,7.810694499490456,
2026-03-17 19:00:00+00:00,optimism_wbtc_weth,74293.5590263505,,hold,,,,,,velodrome-finance-slipstream | WETH / WBTC 0.05%,74330.70580586368,velodrome-finance-slipstream | WETH / WBTC 0.05%,74256.41224683732,0.08191931493151117,24.905382908753104,25.075225677031465,
2026-03-17 20:00:00+00:00,optimism_wbtc_weth,74293.5590263505,,hold,,,,,,velodrome-finance-slipstream | WETH / WBTC 0.05%,74356.74962459784,velodrome-finance-slipstream | WETH / WBTC 0.05%,74282.43003476816,3.5857246132930953,21.394110294796764,28.587788071579023,
2026-03-17 21:00:00+00:00,optimism_wbtc_weth,74267.8767517583,,hold,,,,,,sushiswap-v3-optimism | WETH / WBTC 0.3%,74472.30295713054,velodrome-finance-slipstream | WETH / WBTC 0.05%,74415.81394330873,27.405709196082206,2.412175524109106,50.06961384147024,
2026-03-17 22:00:00+00:00,optimism_wbtc_weth,73779.4416237684,,hold,,,,,,uniswap_v3_optimism | WETH / WBTC 0.3%,73985.33911796208,velodrome-finance-slipstream | WETH / WBTC 0.05%,73994.4057624818,36.24726504914521,2.0870122191363194,59.313990439886496,
2026-03-17 23:00:00+00:00,optimism_wbtc_weth,73924.1559953121,,hold,,,,,,velodrome-finance-slipstream | WETH / WBTC 0.05%,73827.22023092669,sushiswap-v3-optimism | WETH / WBTC 0.3%,73784.16380626064,29.252789539555568,43.169474805422325,4.167114728299559,
2026-03-18 00:00:00+00:00,optimism_wbtc_weth,73707.2680885428,,hold,,,,,,velodrome-finance-slipstream | WETH / WBTC 0.05%,73755.12153069655,velodrome-finance-slipstream | WETH / WBTC 0.05%,73681.40326829706,15.263967438261528,9.708719450858272,26.570584238361228,
2026-03-18 01:00:00+00:00,optimism_wbtc_weth,73756.7450007932,,hold,,,,,,velodrome-finance-slipstream | WETH / WBTC 0.05%,73928.71779028205,velodrome-finance-slipstream | WETH / WBTC 0.05%,73854.82601837775,21.729435524728835,3.2510064686031015,43.428189401650826,
2026-03-18 02:00:00+00:00,optimism_wbtc_weth,73756.7450007932,,hold,,,,,,sushiswap-v3-optimism | WETH / WBTC 0.3%,73952.75206425723,velodrome-finance-slipstream | WETH / WBTC 0.05%,74159.32784411863,63.048805899239554,3.416123245338909,84.83702326186781,
2026-03-18 03:00:00+00:00,optimism_wbtc_weth,73756.7450007932,,hold,,,,,,sushiswap-v3-optimism | WETH / WBTC 0.3%,73952.75206425723,velodrome-finance-slipstream | WETH / WBTC 0.05%,74282.87441472644,79.81345582218857,3.416123245338909,101.63797151185427,
2026-03-18 04:00:00+00:00,optimism_wbtc_weth,74014.8344884109,,hold,,,,,,sushiswap-v3-optimism | WETH / WBTC 0.3%,73952.75206425723,velodrome-finance-slipstream | WETH / WBTC 0.05%,73977.8270711667,60.914530540181474,13.399074224007546,2.660887055296879,
2026-03-18 05:00:00+00:00,optimism_wbtc_weth,73731.557392081,,hold,,,,,,velodrome-finance-slipstream | WETH / WBTC 0.05%,73747.28591324565,velodrome-finance-slipstream | WETH / WBTC 0.05%,73673.57548254776,17.35723075490636,27.860842398090835,7.7046218322252,
2026-03-18 06:00:00+00:00,optimism_wbtc_weth,73829.8566252601,,hold,,,,,,velodrome-finance-slipstream | WETH / WBTC 0.05%,73866.77155357273,uniswap_v3_optimism | WETH / WBTC 0.3%,74059.1724688597,74.65746714460764,11.639944304611127,36.07808088280207,
2026-03-18 07:00:00+00:00,optimism_wbtc_weth,73746.1077465076,,hold,,,,,,velodrome-finance-slipstream | WETH / WBTC 0.05%,73782.98080038084,uniswap_v3_optimism | WETH / WBTC 0.3%,74059.1724688597,74.65746714460764,23.009542584855325,47.475432038412976,
2026-03-18 08:00:00+00:00,optimism_wbtc_weth,73839.5685776698,,hold,,,,,,velodrome-finance-slipstream | WETH / WBTC 0.05%,73876.48836195862,uniswap_v3_optimism | WETH / WBTC 0.3%,74059.1724688597,74.65746714460764,10.323135816223683,34.75805810126076,
2026-03-18 09:00:00+00:00,optimism_wbtc_weth,73890.7016726194,,hold,,,,,,velodrome-finance-slipstream | WETH / WBTC 0.05%,73927.6470234557,uniswap_v3_optimism | WETH / WBTC 0.3%,74059.1724688597,74.65746714460764,3.3958933920308354,27.813906469646987,
2026-03-18 10:00:00+00:00,optimism_wbtc_weth,73680.2449141115,,hold,,,,,,velodrome-finance-slipstream | WETH / WBTC 0.05%,73671.1459505845,velodrome-finance-slipstream | WETH / WBTC 0.05%,73597.5116217983,8.509423597848897,31.23878355627996,16.55171752161566,
2026-03-18 11:00:00+00:00,optimism_wbtc_weth,72764.2440106635,,hold,,,,,,velodrome-finance-slipstream | WETH / WBTC 0.05%,72776.9254831858,sushiswap-v3-optimism | WETH / WBTC 0.3%,72714.02081451131,26.431481888185004,28.252259647489897,1.3528638744575439,
2026-03-18 12:00:00+00:00,optimism_wbtc_weth,72333.9495569738,,hold,,,,,,velodrome-finance-slipstream | WETH / WBTC 0.05%,72314.48492397394,velodrome-finance-slipstream | WETH / WBTC 0.05%,72242.20657822286,9.435356164506636,32.69973946705029,15.625126649021492,
2026-03-18 13:00:00+00:00,optimism_wbtc_weth,72263.3920911571,,hold,,,,,,velodrome-finance-slipstream | WETH / WBTC 0.05%,71786.53047333518,uniswap_v3_optimism | WETH / WBTC 0.3%,72054.25352588142,72.53056843036009,96.62701199259827,1.0620363479207917,
2026-03-18 14:00:00+00:00,optimism_wbtc_weth,71295.1221236145,,hold,,,,,,velodrome-finance-slipstream | WETH / WBTC 0.05%,71049.25919523883,uniswap_v3_optimism | WETH / WBTC 0.3%,71131.71936738103,46.75211594534989,64.70838682260505,7.102100700606684,
2026-03-18 15:00:00+00:00,optimism_wbtc_weth,71000.0784159702,,hold,,,,,,uniswap_v3_optimism | WETH / WBTC 0.3%,71206.75128106264,velodrome-finance-slipstream | WETH / WBTC 0.05%,71158.7567982287,28.253747356792314,0.8885913261935663,52.50656292911104,
2026-03-18 16:00:00+00:00,optimism_wbtc_weth,71027.8756482077,,hold,,,,,,velodrome-finance-slipstream | WETH / WBTC 0.05%,71091.16952571113,velodrome-finance-slipstream | WETH / WBTC 0.05%,71020.11388400628,7.324242122359603,17.65033659064441,28.994205431198683,
2026-03-18 17:00:00+00:00,optimism_wbtc_weth,71210.4197828264,,hold,,,,,,velodrome-finance-slipstream | WETH / WBTC 0.05%,71407.58314782802,velodrome-finance-slipstream | WETH / WBTC 0.05%,71336.2112506288,24.311795688531923,0.6740717688313858,47.8081803712338,
2026-03-18 18:00:00+00:00,optimism_wbtc_weth,71103.9293511867,,hold,,,,,,velodrome-finance-slipstream | WETH / WBTC 0.05%,70801.30914758524,sushiswap-v3-optimism | WETH / WBTC 0.3%,70929.19243503363,53.231001378590825,72.87040280280044,5.441463655770917,
2026-03-18 19:00:00+00:00,optimism_wbtc_weth,70851.1961070937,,hold,,,,,,velodrome-finance-slipstream | WETH / WBTC 0.05%,70821.7896033953,sushiswap-v3-optimism | WETH / WBTC 0.3%,70929.19243503363,50.323778129572894,34.164639636282686,25.18539949493137,
2026-03-18 20:00:00+00:00,optimism_wbtc_weth,70700.5261853007,,hold,,,,,,uniswap_v3_optimism | WETH / WBTC 0.3%,70871.05133086891,velodrome-finance-slipstream | WETH / WBTC 0.05%,71004.60092221845,53.92752154962599,5.866490225123755,73.22852203796693,
2026-03-18 21:00:00+00:00,optimism_wbtc_weth,71086.1478505995,,hold,,,,,,velodrome-finance-slipstream | WETH / WBTC 0.05%,71186.67320061609,velodrome-finance-slipstream | WETH / WBTC 0.05%,71115.52210296431,10.32053491026197,14.651849843831943,34.23490956084407,
2026-03-18 22:00:00+00:00,optimism_wbtc_weth,71077.7416204166,,hold,,,,,,velodrome-finance-slipstream | WETH / WBTC 0.05%,70908.12724568362,sushiswap-v3-optimism | WETH / WBTC 0.3%,70872.88940704771,30.11836402070367,53.992061906771305,1.1826811025894557,
2026-03-18 23:00:00+00:00,optimism_wbtc_weth,71086.1478505995,,hold,,,,,,velodrome-finance-slipstream | WETH / WBTC 0.05%,71152.41169459798,velodrome-finance-slipstream | WETH / WBTC 0.05%,71081.29484133003,9.523293173905323,15.449500061124333,29.405522482000013,
2026-03-19 00:00:00+00:00,optimism_wbtc_weth,70979.1665517186,,hold,,,,,,velodrome-finance-slipstream | WETH / WBTC 0.05%,70897.54164773681,velodrome-finance-slipstream | WETH / WBTC 0.05%,70826.67953714439,22.00044627591602,41.547618830073404,3.0680295990803685,
2026-03-19 01:00:00+00:00,optimism_wbtc_weth,70966.5480259018,,hold,,,,,,sushiswap-v3-optimism | WETH / WBTC 0.3%,70837.61973632338,velodrome-finance-slipstream | WETH / WBTC 0.05%,70931.06475188884,50.04181625100523,23.209639765331413,23.29298904766075,
2026-03-19 02:00:00+00:00,optimism_wbtc_weth,70897.8845457597,,hold,,,,,,sushiswap-v3-optimism | WETH / WBTC 0.3%,70837.61973632338,uniswap_v3_optimism | WETH / WBTC 0.3%,71260.93604595584,120.29885893943826,13.511712006342158,56.23578121119577,
2026-03-19 03:00:00+00:00,optimism_wbtc_weth,71144.3160564373,,hold,,,,,,velodrome-finance-slipstream | WETH / WBTC 0.05%,71126.05194146656,sushiswap-v3-optimism | WETH / WBTC 0.3%,71109.59947549066,32.78405356551551,32.575555203135934,7.6895461779069585,
2026-03-19 04:00:00+00:00,optimism_wbtc_weth,70667.1514394529,,hold,,,,,,velodrome-finance-slipstream | WETH / WBTC 0.05%,70733.18616149323,velodrome-finance-slipstream | WETH / WBTC 0.05%,70662.48832425037,4.867360256739506,20.110357554625757,29.42841497883153,
2026-03-19 05:00:00+00:00,optimism_wbtc_weth,70657.4124503379,,hold,,,,,,velodrome-finance-slipstream | WETH / WBTC 0.05%,70666.85725540912,velodrome-finance-slipstream | WETH / WBTC 0.05%,70596.22571392448,3.719694256312245,28.659465008864515,21.347590769642544,
2026-03-19 06:00:00+00:00,optimism_wbtc_weth,70722.69310192,,hold,,,,,,velodrome-finance-slipstream | WETH / WBTC 0.05%,70372.84545583776,uniswap_v3_optimism | WETH / WBTC 0.3%,70693.04666056643,80.76572360838253,79.86258360700882,25.88572952671342,
2026-03-19 07:00:00+00:00,optimism_wbtc_weth,69454.4150021097,,hold,,,,,,sushiswap-v3-optimism | WETH / WBTC 0.3%,69633.40711601987,velodrome-finance-slipstream | WETH / WBTC 0.05%,70023.43641393272,91.22545542229466,4.217965530139978,112.26411284158245,
2026-03-19 08:00:00+00:00,optimism_wbtc_weth,69819.6609783645,,hold,,,,,,sushiswap-v3-optimism | WETH / WBTC 0.3%,69633.40711601987,uniswap_v3_optimism | WETH / WBTC 0.3%,69968.9622247531,108.65935539160931,31.761147701032666,26.397038586185584,
2026-03-19 09:00:00+00:00,optimism_wbtc_weth,70230.4492930654,,hold,,,,,,velodrome-finance-slipstream | WETH / WBTC 0.05%,70339.27708342916,velodrome-finance-slipstream | WETH / WBTC 0.05%,70268.97295840824,17.721580300249506,7.25307235620587,35.59209864980373,
2026-03-19 10:00:00+00:00,optimism_wbtc_weth,70279.545711182,,hold,,,,,,velodrome-finance-slipstream | WETH / WBTC 0.05%,70024.06565387045,sushiswap-v3-optimism | WETH / WBTC 0.3%,70069.22932673628,41.57769382866938,66.594061640195,0.07453436914106604,
2026-03-19 11:00:00+00:00,optimism_wbtc_weth,69776.4124671738,,hold,,,,,,velodrome-finance-slipstream | WETH / WBTC 0.05%,69811.30067340737,sushiswap-v3-optimism | WETH / WBTC 0.3%,70069.22932673628,78.46977547887323,18.7326651229891,46.98851498713186,
2026-03-19 12:00:00+00:00,optimism_wbtc_weth,69098.6287145926,,hold,,,,,,velodrome-finance-slipstream | WETH / WBTC 0.05%,69066.97211217361,velodrome-finance-slipstream | WETH / WBTC 0.05%,68997.9396562894,17.051401249303932,34.59721502988123,8.010165972320848,
2026-03-19 13:00:00+00:00,optimism_wbtc_weth,69356.4598117405,,hold,,,,,,uniswap_v3_optimism | WETH / WBTC 0.3%,69356.73220485379,velodrome-finance-slipstream | WETH / WBTC 0.05%,69706.55892181018,85.63288693163473,29.96060796350175,80.72038785217117,
2026-03-19 14:00:00+00:00,optimism_wbtc_weth,69079.3263060985,,hold,,,,,,sushiswap-v3-optimism | WETH / WBTC 0.3%,69277.0974204399,velodrome-finance-slipstream | WETH / WBTC 0.05%,69230.41584767957,28.255527992637752,1.3665215387770324,52.027973770318866,
2026-03-19 15:00:00+00:00,optimism_wbtc_weth,69200.055551283,,hold,,,,,,velodrome-finance-slipstream | WETH / WBTC 0.05%,69276.62511730383,velodrome-finance-slipstream | WETH / WBTC 0.05%,69207.38311318858,6.300423403009514,18.67531660368682,31.15235243639658,
2026-03-19 16:00:00+00:00,optimism_wbtc_weth,69132.5475004686,,hold,,,,,,velodrome-finance-slipstream | WETH / WBTC 0.05%,69167.11377421883,velodrome-finance-slipstream | WETH / WBTC 0.05%,69097.98122671837,4.15035133184416,23.016384303753412,22.88690231058821,
2026-03-19 17:00:00+00:00,optimism_wbtc_weth,69263.9653726911,,hold,,,,,,uniswap_v3_optimism | WETH / WBTC 0.3%,69355.0843163103,velodrome-finance-slipstream | WETH / WBTC 0.05%,69542.31403435649,62.10785861515467,16.822552181865458,70.39784183066055,
2026-03-19 18:00:00+00:00,optimism_wbtc_weth,69263.9653726911,,hold,,,,,,uniswap_v3_optimism | WETH / WBTC 0.3%,69355.0843163103,velodrome-finance-slipstream | WETH / WBTC 0.05%,69429.75733552805,45.82198059185583,16.822552181865458,54.098546175853635,
2026-03-19 19:00:00+00:00,optimism_wbtc_weth,69922.2466698485,,hold,,,,,,sushiswap-v3-optimism | WETH / WBTC 0.3%,69894.41971130262,uniswap_v3_optimism | WETH / WBTC 0.3%,69952.59422524238,68.55382972959845,8.983275365921362,9.344858398505629,
2026-03-19 20:00:00+00:00,optimism_wbtc_weth,70158.9135237796,,hold,,,,,,sushiswap-v3-optimism | WETH / WBTC 0.3%,69894.41971130262,velodrome-finance-slipstream | WETH / WBTC 0.05%,70123.83406701771,68.55382972959845,42.860827870987436,24.4794126182013,
2026-03-19 21:00:00+00:00,optimism_wbtc_weth,70108.9966794452,,hold,,,,,,velodrome-finance-slipstream | WETH / WBTC 0.05%,70236.62382493699,velodrome-finance-slipstream | WETH / WBTC 0.05%,70166.42230187361,13.722998000513797,11.249071148276002,38.30582379557246,
2026-03-19 22:00:00+00:00,optimism_wbtc_weth,70105.3175501487,,hold,,,,,,velodrome-finance-slipstream | WETH / WBTC 0.05%,69870.02773163587,uniswap_v3_optimism | WETH / WBTC 0.3%,69898.66968940687,39.21902639019148,63.77638389879925,0.5248003183044858,
2026-03-19 23:00:00+00:00,optimism_wbtc_weth,70105.3175501487,,hold,,,,,,velodrome-finance-slipstream | WETH / WBTC 0.05%,69637.46181511394,uniswap_v3_optimism | WETH / WBTC 0.3%,69898.66968940687,72.74667247579636,97.3860433750029,0.5248003183044858,
2026-03-20 00:00:00+00:00,optimism_wbtc_weth,69787.3193841612,,hold,,,,,,velodrome-finance-slipstream | WETH / WBTC 0.05%,69942.64115192143,velodrome-finance-slipstream | WETH / WBTC 0.05%,69872.73346461316,18.91761926342328,6.058425884030161,42.36629667059732,
2026-03-20 01:00:00+00:00,optimism_wbtc_weth,70172.7224062646,,hold,,,,,,velodrome-finance-slipstream | WETH / WBTC 0.05%,70186.08261629097,velodrome-finance-slipstream | WETH / WBTC 0.05%,70115.93160917824,8.765519069708905,28.09074817158308,16.295422823371375,
2026-03-20 02:00:00+00:00,optimism_wbtc_weth,69906.7447124219,,hold,,,,,,uniswap_v3_optimism | WETH / WBTC 0.3%,70092.45229668367,velodrome-finance-slipstream | WETH / WBTC 0.05%,70116.71769236562,38.49154429666824,3.425853867098372,60.216805125123955,
2026-03-20 03:00:00+00:00,optimism_wbtc_weth,70433.0233682154,,hold,,,,,,sushiswap-v3-optimism | WETH / WBTC 0.3%,70116.46494655916,uniswap_v3_optimism | WETH / WBTC 0.3%,70399.05983768849,100.72673326572135,50.17008966559544,0.17798582273131913,
2026-03-20 04:00:00+00:00,optimism_wbtc_weth,70299.6475229705,,hold,,,,,,velodrome-finance-slipstream | WETH / WBTC 0.05%,70460.85429986275,velodrome-finance-slipstream | WETH / WBTC 0.05%,70390.42865838364,19.914871448820648,5.062552789254493,43.04258302400443,
2026-03-20 05:00:00+00:00,optimism_wbtc_weth,70355.2428801914,,hold,,,,,,velodrome-finance-slipstream | WETH / WBTC 0.05%,70323.29271588188,velodrome-finance-slipstream | WETH / WBTC 0.05%,70253.00456724032,13.876716880381057,34.556955962217195,11.182990477378585,
2026-03-20 06:00:00+00:00,optimism_wbtc_weth,70355.2428801914,,hold,,,,,,velodrome-finance-slipstream | WETH / WBTC 0.05%,70127.15600931286,uniswap_v3_optimism | WETH / WBTC 0.3%,70174.5284588893,41.88425220629899,62.62233127788397,4.326988863649905,
2026-03-20 07:00:00+00:00,optimism_wbtc_weth,70100.6260203216,,hold,,,,,,sushiswap-v3-optimism | WETH / WBTC 0.3%,70301.5553635279,velodrome-finance-slipstream | WETH / WBTC 0.05%,70521.04404880035,66.34786536303005,1.3331902553481711,90.24423828052575,
2026-03-20 08:00:00+00:00,optimism_wbtc_weth,70816.5019244543,,hold,,,,,,velodrome-finance-slipstream | WETH / WBTC 0.05%,70780.48446712688,velodrome-finance-slipstream | WETH / WBTC 0.05%,70709.73935521573,10.91820478081651,35.10387997078146,14.141580828674893,
2026-03-20 09:00:00+00:00,optimism_wbtc_weth,70278.1493153431,,hold,,,,,,velodrome-finance-slipstream | WETH / WBTC 0.05%,70283.25263040565,velodrome-finance-slipstream | WETH / WBTC 0.05%,70213.00450183955,7.160804682126987,29.271714837293406,17.901602007357464,
2026-03-20 10:00:00+00:00,optimism_wbtc_weth,70243.8660467669,,hold,,,,,,velodrome-finance-slipstream | WETH / WBTC 0.05%,70330.94650361626,velodrome-finance-slipstream | WETH / WBTC 0.05%,70260.65070501194,11.017122667591472,13.955009174493327,32.48694466934765,
2026-03-20 11:00:00+00:00,optimism_wbtc_weth,70316.8374008547,,hold,,,,,,velodrome-finance-slipstream | WETH / WBTC 0.05%,70128.20507071773,sushiswap-v3-optimism | WETH / WBTC 0.3%,70139.88899862561,36.77724590728238,56.97890626697122,4.850107670342219,
2026-03-20 12:00:00+00:00,optimism_wbtc_weth,70316.8374008547,,hold,,,,,,velodrome-finance-slipstream | WETH / WBTC 0.05%,70026.31228817272,sushiswap-v3-optimism | WETH / WBTC 0.3%,70139.88899862561,51.381401516126246,71.61245658929838,4.850107670342219,
2026-03-20 13:00:00+00:00,optimism_wbtc_weth,69771.4392754816,,hold,,,,,,velodrome-finance-slipstream | WETH / WBTC 0.05%,69615.86207733558,sushiswap-v3-optimism | WETH / WBTC 0.3%,69966.4130240331,85.63712814901648,52.414996393654874,58.118993148073,
2026-03-20 14:00:00+00:00,optimism_wbtc_weth,69796.9520277664,,hold,,,,,,velodrome-finance-slipstream | WETH / WBTC 0.05%,69525.60594850543,uniswap_v3_optimism | WETH / WBTC 0.3%,69600.31018660813,45.88788859400728,69.14530679535957,1.8320824455342333,
2026-03-20 15:00:00+00:00,optimism_wbtc_weth,69796.9520277664,,hold,,,,,,velodrome-finance-slipstream | WETH / WBTC 0.05%,69597.07417527797,uniswap_v3_optimism | WETH / WBTC 0.3%,69600.31018660813,35.571911920253555,58.805447415934964,1.8320824455342333,
2026-03-20 16:00:00+00:00,optimism_wbtc_weth,69582.9259206218,,hold,,,,,,velodrome-finance-slipstream | WETH / WBTC 0.05%,69654.64072376849,velodrome-finance-slipstream | WETH / WBTC 0.05%,69585.02089296012,16.68731485452435,8.286363676384134,30.392252388955487,
2026-03-20 17:00:00+00:00,optimism_wbtc_weth,69582.9259206218,,hold,,,,,,uniswap_v3_optimism | WETH / WBTC 0.3%,69712.35909224699,velodrome-finance-slipstream | WETH / WBTC 0.05%,69709.01152961553,34.535630791046046,9.524325629552965,48.26498858012896,
2026-03-20 18:00:00+00:00,optimism_wbtc_weth,69497.3978043242,,hold,,,,,,velodrome-finance-slipstream | WETH / WBTC 0.05%,69507.50237292507,velodrome-finance-slipstream | WETH / WBTC 0.05%,69438.02960693515,3.939763691667153,28.541900951597476,21.127138392089684,
2026-03-20 19:00:00+00:00,optimism_wbtc_weth,69532.6445848547,,hold,,,,,,sushiswap-v3-optimism | WETH / WBTC 0.3%,69724.49368565362,velodrome-finance-slipstream | WETH / WBTC 0.05%,69876.84123674304,56.94395471023572,2.402144794502181,79.74066898100318,
2026-03-20 20:00:00+00:00,optimism_wbtc_weth,69532.6445848547,,hold,,,,,,sushiswap-v3-optimism | WETH / WBTC 0.3%,69724.49368565362,velodrome-finance-slipstream | WETH / WBTC 0.05%,69697.8940789554,31.189190973452963,2.402144794502181,53.92752528380118,
2026-03-20 21:00:00+00:00,optimism_wbtc_weth,70203.0956790125,,hold,,,,,,sushiswap-v3-optimism | WETH / WBTC 0.3%,69724.49368565362,velodrome-finance-slipstream | WETH / WBTC 0.05%,70211.00041061323,105.03742923034132,79.85039675469264,31.219639407296107,
2026-03-20 22:00:00+00:00,optimism_wbtc_weth,70302.6607443293,,hold,,,,,,sushiswap-v3-optimism | WETH / WBTC 0.3%,70430.28910639934,velodrome-finance-slipstream | WETH / WBTC 0.05%,70495.75019541687,44.3445068792947,11.824404133444766,57.638369337373874,
2026-03-20 23:00:00+00:00,optimism_wbtc_weth,70328.6073012855,,hold,,,,,,velodrome-finance-slipstream | WETH / WBTC 0.05%,70363.77160493615,velodrome-finance-slipstream | WETH / WBTC 0.05%,70293.44299763486,16.630608136640745,9.453373511110197,23.96314238657382,
2026-03-21 00:00:00+00:00,optimism_wbtc_weth,70379.3756657096,,hold,,,,,,velodrome-finance-slipstream | WETH / WBTC 0.05%,70414.56535354245,velodrome-finance-slipstream | WETH / WBTC 0.05%,70344.18597787674,44.279618994298446,2.2330256216096522,3.5861725087893426,
2026-03-21 01:00:00+00:00,optimism_wbtc_weth,70279.5970513219,,hold,,,,,,velodrome-finance-slipstream | WETH / WBTC 0.05%,70314.73684984757,uniswap_v3_optimism | WETH / WBTC 0.3%,70318.96838275068,44.279618994298446,16.433575908636477,10.607403469042875,
2026-03-21 02:00:00+00:00,optimism_wbtc_weth,70475.803131873,,hold,,,,,,sushiswap-v3-optimism | WETH / WBTC 0.3%,70430.28910639934,velodrome-finance-slipstream | WETH / WBTC 0.05%,70440.56523030707,44.279618994298446,11.465511225945413,17.292183084161028,
2026-03-21 03:00:00+00:00,optimism_wbtc_weth,70394.2234319448,,hold,,,,,,velodrome-finance-slipstream | WETH / WBTC 0.05%,70429.42054366077,uniswap_v3_optimism | WETH / WBTC 0.3%,70411.15169415025,57.44697592795278,0.12332385129099066,7.408484262441117,
2026-03-21 04:00:00+00:00,optimism_wbtc_weth,70459.1722006439,,hold,,,,,,sushiswap-v3-optimism | WETH / WBTC 0.3%,70430.28910639934,velodrome-finance-slipstream | WETH / WBTC 0.05%,70423.94261454357,57.44697592795278,9.102998320511535,1.8166043425749123,
2026-03-21 05:00:00+00:00,optimism_wbtc_weth,70451.2545754181,,hold,,,,,,sushiswap-v3-optimism | WETH / WBTC 0.3%,70430.28910639934,velodrome-finance-slipstream | WETH / WBTC 0.05%,70416.0289481304,56.97144818318289,7.978257227025942,1.1655487281125865,
2026-03-21 06:00:00+00:00,optimism_wbtc_weth,70498.3322781269,,hold,,,,,,sushiswap-v3-optimism | WETH / WBTC 0.3%,70430.28910639934,velodrome-finance-slipstream | WETH / WBTC 0.05%,70463.08311198783,56.97144818318289,14.665897183891996,7.848636222889116,
2026-03-21 07:00:00+00:00,optimism_wbtc_weth,70503.9902345732,,hold,,,,,,sushiswap-v3-optimism | WETH / WBTC 0.3%,70430.28910639934,velodrome-finance-slipstream | WETH / WBTC 0.05%,70468.73823945591,56.97144818318289,15.469640217795622,8.65183212661158,
2026-03-21 08:00:00+00:00,optimism_wbtc_weth,70339.3567379992,,hold,,,,,,velodrome-finance-slipstream | WETH / WBTC 0.05%,70374.5264163682,uniswap_v3_optimism | WETH / WBTC 0.3%,70407.82257332545,56.97144818318289,7.923703770484902,14.741015866857055,
2026-03-21 09:00:00+00:00,optimism_wbtc_weth,70407.5273999407,,hold,,,,,,sushiswap-v3-optimism | WETH / WBTC 0.3%,70430.28910639934,uniswap_v3_optimism | WETH / WBTC 0.3%,70407.82257332545,56.97144818318289,1.766577618689258,5.044445777888651,
2026-03-21 10:00:00+00:00,optimism_wbtc_weth,70332.0490794201,,hold,,,,,,velodrome-finance-slipstream | WETH / WBTC 0.05%,70367.21510395981,uniswap_v3_optimism | WETH / WBTC 0.3%,70407.82257332545,56.97144818318289,8.963549622698075,15.781570053177152,
2026-03-21 11:00:00+00:00,optimism_wbtc_weth,70378.7692346425,,hold,,,,,,velodrome-finance-slipstream | WETH / WBTC 0.05%,70413.95861925982,uniswap_v3_optimism | WETH / WBTC 0.3%,70407.82257332545,56.97144818318289,2.3192116250458916,9.13270598926541,
2026-03-21 12:00:00+00:00,optimism_wbtc_weth,70479.1990094568,,hold,,,,,,sushiswap-v3-optimism | WETH / WBTC 0.3%,70430.28910639934,velodrome-finance-slipstream | WETH / WBTC 0.05%,70443.95940995208,56.97144818318289,11.947913835064217,5.132503080746975,
2026-03-21 13:00:00+00:00,optimism_wbtc_weth,70472.3012994361,,hold,,,,,,sushiswap-v3-optimism | WETH / WBTC 0.3%,70430.28910639934,velodrome-finance-slipstream | WETH / WBTC 0.05%,70437.0651487864,56.97144818318289,10.968057162135114,4.153313423447269,
2026-03-21 14:00:00+00:00,optimism_wbtc_weth,70436.6456155804,,hold,,,,,,sushiswap-v3-optimism | WETH / WBTC 0.3%,70430.28910639934,uniswap_v3_optimism | WETH / WBTC 0.3%,70407.82257332545,56.97144818318289,5.902976193388199,0.9084021160887801,
2026-03-21 15:00:00+00:00,optimism_wbtc_weth,70415.6374738064,,hold,,,,,,sushiswap-v3-optimism | WETH / WBTC 0.3%,70430.28910639934,uniswap_v3_optimism | WETH / WBTC 0.3%,70407.82257332545,56.97144818318289,2.9186570727990357,3.8921214874942933,
2026-03-21 16:00:00+00:00,optimism_wbtc_weth,70219.6302157521,,hold,,,,,,velodrome-finance-slipstream | WETH / WBTC 0.05%,70095.20639401552,uniswap_v3_optimism | WETH / WBTC 0.3%,70407.82257332545,79.86067718053658,47.80394118540254,54.64841935867382,
2026-03-21 17:00:00+00:00,optimism_wbtc_weth,70219.6302157521,,hold,,,,,,velodrome-finance-slipstream | WETH / WBTC 0.05%,70105.05174592296,uniswap_v3_optimism | WETH / WBTC 0.3%,70407.82257332545,78.44509052774562,46.3928564884486,53.236373442879795,
2026-03-21 18:00:00+00:00,optimism_wbtc_weth,70219.6302157521,,hold,,,,,,velodrome-finance-slipstream | WETH / WBTC 0.05%,70227.78588231427,uniswap_v3_optimism | WETH / WBTC 0.3%,70407.82257332545,60.83141755183652,28.835199848735726,35.66675667751929,
2026-03-21 19:00:00+00:00,optimism_wbtc_weth,70166.1776001915,,hold,,,,,,velodrome-finance-slipstream | WETH / WBTC 0.05%,70201.26068899159,velodrome-finance-slipstream | WETH / WBTC 0.05%,70131.0945113914,17.914399596021813,14.68383998218803,17.443933823775293,
2026-03-21 20:00:00+00:00,optimism_wbtc_weth,70218.6065323831,,hold,,,,,,velodrome-finance-slipstream | WETH / WBTC 0.05%,70253.71583564929,velodrome-finance-slipstream | WETH / WBTC 0.05%,70183.49722911691,17.914399596021813,7.206346396144703,24.929077046655923,
2026-03-21 21:00:00+00:00,optimism_wbtc_weth,70121.7557870845,,hold,,,,,,velodrome-finance-slipstream | WETH / WBTC 0.05%,70156.81666497805,velodrome-finance-slipstream | WETH / WBTC 0.05%,70086.69490919096,7.327364273679304,24.346009019931003,18.37594057468417,
2026-03-21 22:00:00+00:00,optimism_wbtc_weth,70117.2687079876,,hold,,,,,,velodrome-finance-slipstream | WETH / WBTC 0.05%,70107.75355747333,velodrome-finance-slipstream | WETH / WBTC 0.05%,70037.68084027446,13.689919546195917,31.3612896550719,11.369741046813875,
2026-03-21 23:00:00+00:00,optimism_wbtc_weth,68744.9871349624,,hold,,,,,,velodrome-finance-slipstream | WETH / WBTC 0.05%,68458.00423124433,uniswap_v3_optimism | WETH / WBTC 0.3%,68549.76901908396,48.55691040501986,72.04677826378125,1.6073892764412179,
2026-03-22 00:00:00+00:00,optimism_wbtc_weth,68704.5791219753,,hold,,,,,,velodrome-finance-slipstream | WETH / WBTC 0.05%,68662.96216126578,velodrome-finance-slipstream | WETH / WBTC 0.05%,68594.33351342843,19.236879199500123,36.07923256989665,5.8271368846973814,
2026-03-22 01:00:00+00:00,optimism_wbtc_weth,68722.1000650886,,hold,,,,,,velodrome-finance-slipstream | WETH / WBTC 0.05%,68764.25737688743,velodrome-finance-slipstream | WETH / WBTC 0.05%,68695.52748445678,7.440771275268876,17.53368855499371,26.21196409286375,
2026-03-22 02:00:00+00:00,optimism_wbtc_weth,68967.7133331022,,hold,,,,,,sushiswap-v3-optimism | WETH / WBTC 0.3%,69010.59048863049,velodrome-finance-slipstream | WETH / WBTC 0.05%,69046.6214216119,40.25686463823508,15.231299173035229,41.56600652411635,
2026-03-22 03:00:00+00:00,optimism_wbtc_weth,69089.6609826673,,hold,,,,,,velodrome-finance-slipstream | WETH / WBTC 0.05%,69197.30308206989,velodrome-finance-slipstream | WETH / WBTC 0.05%,69128.1403603487,15.93887670991112,9.034229989168807,35.67651376427339,
2026-03-22 04:00:00+00:00,optimism_wbtc_weth,69128.7288271437,,hold,,,,,,velodrome-finance-slipstream | WETH / WBTC 0.05%,69197.89036063444,velodrome-finance-slipstream | WETH / WBTC 0.05%,69128.72705192816,7.296056832986064,17.678551042576984,30.090013241199642,
2026-03-22 05:00:00+00:00,optimism_wbtc_weth,68982.9147365983,,hold,,,,,,velodrome-finance-slipstream | WETH / WBTC 0.05%,69034.30415505907,velodrome-finance-slipstream | WETH / WBTC 0.05%,68965.30435080614,3.582479041841502,21.397361645068003,27.52972723619518,
2026-03-22 06:00:00+00:00,optimism_wbtc_weth,68975.0940700411,,hold,,,,,,velodrome-finance-slipstream | WETH / WBTC 0.05%,69008.0999421684,velodrome-finance-slipstream | WETH / WBTC 0.05%,68939.12632903279,1.3485738349561238,25.20275304327635,23.72345255933439,
2026-03-22 07:00:00+00:00,optimism_wbtc_weth,68828.5804586421,,hold,,,,,,velodrome-finance-slipstream | WETH / WBTC 0.05%,68865.06432423535,velodrome-finance-slipstream | WETH / WBTC 0.05%,68796.23367523564,1.3414754418517028,23.642859173531594,25.376514472044143,
2026-03-22 08:00:00+00:00,optimism_wbtc_weth,68571.1741528619,,hold,,,,,,velodrome-finance-slipstream | WETH / WBTC 0.05%,68548.928489367,velodrome-finance-slipstream | WETH / WBTC 0.05%,68480.4138182132,11.815875592335878,33.25495977502424,13.243701491774118,
2026-03-22 09:00:00+00:00,optimism_wbtc_weth,68563.7954067985,,hold,,,,,,velodrome-finance-slipstream | WETH / WBTC 0.05%,68588.66026762014,velodrome-finance-slipstream | WETH / WBTC 0.05%,68520.10588454406,6.016268970363559,26.36390982025283,19.047497220019416,
2026-03-22 10:00:00+00:00,optimism_wbtc_weth,68563.7954067985,,hold,,,,,,velodrome-finance-slipstream | WETH / WBTC 0.05%,68458.1261923209,sushiswap-v3-optimism | WETH / WBTC 0.3%,68389.84035513985,25.09546604668733,45.4819052194444,0.020189743419329886,
2026-03-22 11:00:00+00:00,optimism_wbtc_weth,68563.7954067985,,hold,,,,,,velodrome-finance-slipstream | WETH / WBTC 0.05%,68044.02184811524,sushiswap-v3-optimism | WETH / WBTC 0.3%,68389.84035513985,86.10649200915921,106.6169995834465,4.642658689333334,
2026-03-22 12:00:00+00:00,optimism_wbtc_weth,68563.7954067985,,hold,,,,,,velodrome-finance-slipstream | WETH / WBTC 0.05%,68466.0977161062,velodrome-finance-slipstream | WETH / WBTC 0.05%,68397.665834331,23.928241834656472,44.31230740952863,1.1442458632027197,
2026-03-22 13:00:00+00:00,optimism_wbtc_weth,68563.7954067985,,hold,,,,,,velodrome-finance-slipstream | WETH / WBTC 0.05%,68505.6192319615,velodrome-finance-slipstream | WETH / WBTC 0.05%,68437.1478484213,18.145346308955368,38.51765213068737,6.917327637523396,
2026-03-22 14:00:00+00:00,optimism_wbtc_weth,68563.7954067985,,hold,,,,,,velodrome-finance-slipstream | WETH / WBTC 0.05%,68464.63420539194,velodrome-finance-slipstream | WETH / WBTC 0.05%,68396.20378639606,24.142514890390654,44.527016198232516,0.9304644115504246,
2026-03-22 15:00:00+00:00,optimism_wbtc_weth,68595.6272368504,,hold,,,,,,velodrome-finance-slipstream | WETH / WBTC 0.05%,68580.39626001561,velodrome-finance-slipstream | WETH / WBTC 0.05%,68511.8501368172,15.055565591355347,32.22755635697627,10.004597598141096,
2026-03-22 16:00:00+00:00,optimism_wbtc_weth,68602.1812569031,,hold,,,,,,velodrome-finance-slipstream | WETH / WBTC 0.05%,68636.48234753155,velodrome-finance-slipstream | WETH / WBTC 0.05%,68567.88016627466,7.8279081500776115,24.029752893555134,18.19093107698677,
2026-03-22 17:00:00+00:00,optimism_wbtc_weth,68595.6272368504,,hold,,,,,,velodrome-finance-slipstream | WETH / WBTC 0.05%,68582.26107378662,velodrome-finance-slipstream | WETH / WBTC 0.05%,68513.71308670638,14.783247163183688,31.954771006827976,10.276786086973466,
2026-03-22 18:00:00+00:00,optimism_wbtc_weth,68497.2977276473,,hold,,,,,,velodrome-finance-slipstream | WETH / WBTC 0.05%,68335.51516668672,sushiswap-v3-optimism | WETH / WBTC 0.3%,68310.81786191858,31.47850412439146,53.74576503120565,2.7839397746065586,
2026-03-22 19:00:00+00:00,optimism_wbtc_weth,68077.5397063515,,hold,,,,,,velodrome-finance-slipstream | WETH / WBTC 0.05%,68042.46234252214,velodrome-finance-slipstream | WETH / WBTC 0.05%,67974.45388440866,19.344156188632056,35.170682351814975,5.720004622116193,
2026-03-22 20:00:00+00:00,optimism_wbtc_weth,68077.5397063515,,hold,,,,,,velodrome-finance-slipstream | WETH / WBTC 0.05%,67966.8431297368,sushiswap-v3-optimism | WETH / WBTC 0.3%,67935.59469284373,30.4915757660007,46.33571035991935,5.402802439924415,
2026-03-22 21:00:00+00:00,optimism_wbtc_weth,67518.4156077296,,hold,,,,,,velodrome-finance-slipstream | WETH / WBTC 0.05%,67639.24105473708,velodrome-finance-slipstream | WETH / WBTC 0.05%,67571.63561640152,16.331215714060487,8.642176807447388,37.996284103596345,
2026-03-22 22:00:00+00:00,optimism_wbtc_weth,67518.4156077296,,hold,,,,,,uniswap_v3_optimism | WETH / WBTC 0.3%,67697.69608276874,velodrome-finance-slipstream | WETH / WBTC 0.05%,68062.68647073812,89.12104765947726,3.4380448864301805,110.94355859490923,
2026-03-22 23:00:00+00:00,optimism_wbtc_weth,67890.6261202718,,hold,,,,,,velodrome-finance-slipstream | WETH / WBTC 0.05%,67736.45598417411,sushiswap-v3-optimism | WETH / WBTC 0.3%,67835.71310175474,49.81018371523538,52.8285705620779,21.97747874902012,
2026-03-23 00:00:00+00:00,optimism_wbtc_weth,67735.5706181817,,hold,,,,,,velodrome-finance-slipstream | WETH / WBTC 0.05%,67560.08633111007,uniswap_v3_optimism | WETH / WBTC 0.3%,67686.954241911,53.949768571275314,56.05247409990133,22.89129635655307,
2026-03-23 01:00:00+00:00,optimism_wbtc_weth,67702.1714678937,,hold,,,,,,velodrome-finance-slipstream | WETH / WBTC 0.05%,67736.02255362764,velodrome-finance-slipstream | WETH / WBTC 0.05%,67668.32038215976,0.9755476018180609,24.933444304693353,24.151384699444556,
2026-03-23 02:00:00+00:00,optimism_wbtc_weth,67830.2288970331,,hold,,,,,,velodrome-finance-slipstream | WETH / WBTC 0.05%,68022.07376114464,velodrome-finance-slipstream | WETH / WBTC 0.05%,67954.08568142336,23.934628938195868,1.0503633030878312,48.40503619488512,
2026-03-23 03:00:00+00:00,optimism_wbtc_weth,67996.9972987511,,hold,,,,,,velodrome-finance-slipstream | WETH / WBTC 0.05%,67912.85700543523,velodrome-finance-slipstream | WETH / WBTC 0.05%,67844.97808788858,17.608809082352295,42.42661815700988,7.453292234678166,
2026-03-23 04:00:00+00:00,optimism_wbtc_weth,67957.7850208498,,hold,,,,,,sushiswap-v3-optimism | WETH / WBTC 0.3%,68153.40060389605,velodrome-finance-slipstream | WETH / WBTC 0.05%,68193.93676474583,40.98611898161187,1.2116448985843853,64.9446043985047,
2026-03-23 05:00:00+00:00,optimism_wbtc_weth,68397.9650473193,,hold,,,,,,velodrome-finance-slipstream | WETH / WBTC 0.05%,68549.71099751674,velodrome-finance-slipstream | WETH / WBTC 0.05%,68481.19554424587,18.33879953149431,6.636536104860369,42.29544967822019,
2026-03-23 06:00:00+00:00,optimism_wbtc_weth,68033.7043836949,,hold,,,,,,velodrome-finance-slipstream | WETH / WBTC 0.05%,67655.31017904225,uniswap_v3_optimism | WETH / WBTC 0.3%,67865.72670284924,66.31575561666824,86.09750162436924,5.325614564093417,
2026-03-23 07:00:00+00:00,optimism_wbtc_weth,68033.7043836949,,hold,,,,,,uniswap_v3_optimism | WETH / WBTC 0.3%,67995.16630770249,velodrome-finance-slipstream | WETH / WBTC 0.05%,68038.99263551497,41.485585690204104,16.456957610218037,30.869908546566904,
2026-03-23 08:00:00+00:00,optimism_wbtc_weth,68033.7043836949,,hold,,,,,,uniswap_v3_optimism | WETH / WBTC 0.3%,67995.16630770249,velodrome-finance-slipstream | WETH / WBTC 0.05%,68092.9892298279,49.454634061838476,24.40614295001975,38.830532184237484,
2026-03-23 09:00:00+00:00,optimism_wbtc_weth,67829.6861589086,,hold,,,,,,velodrome-finance-slipstream | WETH / WBTC 0.05%,68019.05285433748,velodrome-finance-slipstream | WETH / WBTC 0.05%,67951.06779401332,24.022032352286615,0.963160188069967,48.03917823428261,
2026-03-23 10:00:00+00:00,optimism_wbtc_weth,68206.755488999,,hold,,,,,,sushiswap-v3-optimism | WETH / WBTC 0.3%,68033.17521738532,velodrome-finance-slipstream | WETH / WBTC 0.05%,68187.14093328097,57.7277328446657,32.65862084854465,27.205867895698788,
2026-03-23 11:00:00+00:00,optimism_wbtc_weth,70272.2200629917,,hold,,,,,,velodrome-finance-slipstream | WETH / WBTC 0.05%,70017.12271251774,sushiswap-v3-optimism | WETH / WBTC 0.3%,70116.46151232813,49.342909259839644,66.54286731774484,7.858550764228145,
2026-03-23 12:00:00+00:00,optimism_wbtc_weth,70349.8964217843,,hold,,,,,,sushiswap-v3-optimism | WETH / WBTC 0.3%,70336.55366862206,uniswap_v3_optimism | WETH / WBTC 0.3%,70768.94159774673,122.02463838723699,6.897935545961964,64.5981545051022,
2026-03-23 13:00:00+00:00,optimism_wbtc_weth,70999.6033787902,,hold,,,,,,sushiswap-v3-optimism | WETH / WBTC 0.3%,71033.78730548201,velodrome-finance-slipstream | WETH / WBTC 0.05%,71123.62266069459,47.708643447594845,22.664504256550977,47.61043337145665,
2026-03-23 14:00:00+00:00,optimism_wbtc_weth,71190.859559398,,hold,,,,,,velodrome-finance-slipstream | WETH / WBTC 0.05%,71226.4549891777,velodrome-finance-slipstream | WETH / WBTC 0.05%,71155.2641296183,16.28782819235397,12.351079804209242,21.405018739388826,
2026-03-23 15:00:00+00:00,optimism_wbtc_weth,70052.1774167651,,hold,,,,,,velodrome-finance-slipstream | WETH / WBTC 0.05%,69930.1135711892,sushiswap-v3-optimism | WETH / WBTC 0.3%,70387.50772263056,100.74225325868991,47.50748438124397,75.47776538160412,
2026-03-23 16:00:00+00:00,optimism_wbtc_weth,70085.9526854748,,hold,,,,,,sushiswap-v3-optimism | WETH / WBTC 0.3%,70282.88167618308,velodrome-finance-slipstream | WETH / WBTC 0.05%,70226.53143157176,26.97179864956656,1.8964599956983186,50.208674850376056,
2026-03-23 17:00:00+00:00,optimism_wbtc_weth,70557.2978889221,,hold,,,,,,sushiswap-v3-optimism | WETH / WBTC 0.3%,70758.52353441837,velodrome-finance-slipstream | WETH / WBTC 0.05%,70733.4450296698,31.460859722223233,1.4763236496029286,55.13051151760706,
2026-03-23 18:00:00+00:00,optimism_wbtc_weth,70734.6938250381,,hold,,,,,,velodrome-finance-slipstream | WETH / WBTC 0.05%,70770.06117195063,velodrome-finance-slipstream | WETH / WBTC 0.05%,70699.32647812559,3.8557847905429377,24.86163154352905,21.337091148621035,
2026-03-23 19:00:00+00:00,optimism_wbtc_weth,70821.798328048,,hold,,,,,,velodrome-finance-slipstream | WETH / WBTC 0.05%,70497.88857489613,uniswap_v3_optimism | WETH / WBTC 0.3%,70621.35721222004,52.68060513463402,76.08385995364398,1.70293056975801,
2026-03-23 20:00:00+00:00,optimism_wbtc_weth,70821.798328048,,hold,,,,,,velodrome-finance-slipstream | WETH / WBTC 0.05%,70728.53164944706,velodrome-finance-slipstream | WETH / WBTC 0.05%,70657.83846439015,19.899192765742146,43.226130453317694,5.165753478864055,
2026-03-23 21:00:00+00:00,optimism_wbtc_weth,70821.798328048,,hold,,,,,,velodrome-finance-slipstream | WETH / WBTC 0.05%,70764.33555309448,velodrome-finance-slipstream | WETH / WBTC 0.05%,70693.60658202693,14.829527341053694,38.14466253768689,10.230526948069585,
2026-03-23 22:00:00+00:00,optimism_wbtc_weth,70510.989802506,,hold,,,,,,uniswap_v3_optimism | WETH / WBTC 0.3%,70288.63354631569,sushiswap-v3-optimism | WETH / WBTC 0.3%,70609.33293306385,106.08118825145895,36.65055615597046,18.95668442076781,
2026-03-23 23:00:00+00:00,optimism_wbtc_weth,70597.9863011059,,hold,,,,,,velodrome-finance-slipstream | WETH / WBTC 0.05%,70654.87710424059,velodrome-finance-slipstream | WETH / WBTC 0.05%,70584.25753692002,8.516039603263525,16.457451412812407,28.139779710554258,
2026-03-24 00:00:00+00:00,optimism_wbtc_weth,70554.2654262328,,hold,,,,,,velodrome-finance-slipstream | WETH / WBTC 0.05%,70559.26505228487,velodrome-finance-slipstream | WETH / WBTC 0.05%,70488.74104923412,5.118896276439244,29.289303123194443,19.94611918906708,
2026-03-24 01:00:00+00:00,optimism_wbtc_weth,70225.4799011033,,hold,,,,,,velodrome-finance-slipstream | WETH / WBTC 0.05%,70319.16161458468,velodrome-finance-slipstream | WETH / WBTC 0.05%,70248.87759497992,9.477051132844583,15.495769693860684,33.43209178741313,
2026-03-24 02:00:00+00:00,optimism_wbtc_weth,70225.4799011033,,hold,,,,,,velodrome-finance-slipstream | WETH / WBTC 0.05%,70284.39739624623,velodrome-finance-slipstream | WETH / WBTC 0.05%,70214.14812348637,4.528589893124657,20.449655543408607,28.471787712192054,
2026-03-24 03:00:00+00:00,optimism_wbtc_weth,70337.0980164523,,hold,,,,,,velodrome-finance-slipstream | WETH / WBTC 0.05%,70372.26656546052,velodrome-finance-slipstream | WETH / WBTC 0.05%,70301.92946744409,38.039183341820326,7.937786459768503,4.099364154601659,
2026-03-24 04:00:00+00:00,optimism_wbtc_weth,70217.4741454927,,hold,,,,,,velodrome-finance-slipstream | WETH / WBTC 0.05%,70095.17985540876,uniswap_v3_optimism | WETH / WBTC 0.3%,70273.12195572637,60.58021622645793,47.49923078979368,35.41618366961208,
2026-03-24 05:00:00+00:00,optimism_wbtc_weth,70217.4741454927,,hold,,,,,,velodrome-finance-slipstream | WETH / WBTC 0.05%,70085.42152029116,uniswap_v3_optimism | WETH / WBTC 0.3%,70273.12195572637,61.980999885855596,48.89819311977517,36.813463618006196,
2026-03-24 06:00:00+00:00,optimism_wbtc_weth,70217.4741454927,,hold,,,,,,velodrome-finance-slipstream | WETH / WBTC 0.05%,70249.67866021626,uniswap_v3_optimism | WETH / WBTC 0.3%,70696.00935467861,98.86326630564879,25.401953591279725,73.60347824585389,
2026-03-24 07:00:00+00:00,optimism_wbtc_weth,71026.2865556655,,hold,,,,,,sushiswap-v3-optimism | WETH / WBTC 0.3%,70759.22431155446,velodrome-finance-slipstream | WETH / WBTC 0.05%,70994.44547405616,68.37638891593612,43.280734905677406,25.593781718760145,
2026-03-24 08:00:00+00:00,optimism_wbtc_weth,70635.1838183878,,hold,,,,,,velodrome-finance-slipstream | WETH / WBTC 0.05%,70729.15513160275,velodrome-finance-slipstream | WETH / WBTC 0.05%,70658.46132337526,20.72738106500882,4.251313322738426,33.395641644398125,
2026-03-24 09:00:00+00:00,optimism_wbtc_weth,70754.0358830445,,hold,,,,,,sushiswap-v3-optimism | WETH / WBTC 0.3%,70956.00252571763,velodrome-finance-slipstream | WETH / WBTC 0.05%,70999.46395114037,41.16408056716203,1.4509646273075383,64.88214730781871,
2026-03-24 10:00:00+00:00,optimism_wbtc_weth,70754.0358830445,,hold,,,,,,sushiswap-v3-optimism | WETH / WBTC 0.3%,70956.00252571763,velodrome-finance-slipstream | WETH / WBTC 0.05%,70940.9429879901,32.887699867316655,1.4509646273075383,56.58621710671552,
2026-03-24 11:00:00+00:00,optimism_wbtc_weth,70918.9910043571,,hold,,,,,,velodrome-finance-slipstream | WETH / WBTC 0.05%,70954.45049985927,uniswap_v3_optimism | WETH / WBTC 0.3%,71217.2474914167,81.39381804563195,15.917480195211109,47.07948030496789,
2026-03-24 12:00:00+00:00,optimism_wbtc_weth,70693.3634095787,,hold,,,,,,velodrome-finance-slipstream | WETH / WBTC 0.05%,70722.395614866,uniswap_v3_optimism | WETH / WBTC 0.3%,71217.2474914167,105.32198004422622,25.882591129724464,80.04603712265413,
2026-03-24 13:00:00+00:00,optimism_wbtc_weth,70439.9599606997,,hold,,,,,,velodrome-finance-slipstream | WETH / WBTC 0.05%,69877.85906525434,sushiswap-v3-optimism | WETH / WBTC 0.3%,70481.28331934997,121.76260655533343,110.68180761022228,35.97438854598734,
2026-03-24 14:00:00+00:00,optimism_wbtc_weth,69616.6386021151,,hold,,,,,,sushiswap-v3-optimism | WETH / WBTC 0.3%,69614.16239172505,velodrome-finance-slipstream | WETH / WBTC 0.05%,69738.12217588889,52.88655381256113,27.829508563776972,47.5931442036126,
2026-03-24 15:00:00+00:00,optimism_wbtc_weth,69737.2938220668,,hold,,,,,,velodrome-finance-slipstream | WETH / WBTC 0.05%,69674.11575880398,velodrome-finance-slipstream | WETH / WBTC 0.05%,69604.47646269323,15.532382589793503,39.094854920294075,9.528043765130167,
2026-03-24 16:00:00+00:00,optimism_wbtc_weth,69274.2499401661,,hold,,,,,,velodrome-finance-slipstream | WETH / WBTC 0.05%,69304.44712649079,velodrome-finance-slipstream | WETH / WBTC 0.05%,69235.1773142704,1.7445258127524177,25.629749728990348,23.32663047337924,
2026-03-24 17:00:00+00:00,optimism_wbtc_weth,69051.7649466361,,hold,,,,,,velodrome-finance-slipstream | WETH / WBTC 0.05%,69086.29082910942,sushiswap-v3-optimism | WETH / WBTC 0.3%,69074.05082837312,51.57251492952098,6.790645974887877,8.2315324374993,
2026-03-24 18:00:00+00:00,optimism_wbtc_weth,69145.8807081403,,hold,,,,,,velodrome-finance-slipstream | WETH / WBTC 0.05%,69265.73786822673,velodrome-finance-slipstream | WETH / WBTC 0.05%,69196.50674591966,18.005730368166883,6.9692272759880325,37.433929231134314,
2026-03-24 19:00:00+00:00,optimism_wbtc_weth,69145.8807081403,,hold,,,,,,velodrome-finance-slipstream | WETH / WBTC 0.05%,69195.22917508433,velodrome-finance-slipstream | WETH / WBTC 0.05%,69126.06852623366,7.807954185010679,17.166148811520454,27.2163762152422,
2026-03-24 20:00:00+00:00,optimism_wbtc_weth,69898.3023731056,,hold,,,,,,sushiswap-v3-optimism | WETH / WBTC 0.3%,69834.16354047872,velodrome-finance-slipstream | WETH / WBTC 0.05%,69882.73051238278,41.996477051486906,16.96657556332415,27.85577922349125,
2026-03-24 21:00:00+00:00,optimism_wbtc_weth,69898.3023731056,,hold,,,,,,sushiswap-v3-optimism | WETH / WBTC 0.3%,69834.16354047872,velodrome-finance-slipstream | WETH / WBTC 0.05%,69981.82489049103,56.236123793429456,31.170729666327723,42.07537432109998,
2026-03-24 22:00:00+00:00,optimism_wbtc_weth,70114.1115886847,,hold,,,,,,velodrome-finance-slipstream | WETH / WBTC 0.05%,70149.16864447904,velodrome-finance-slipstream | WETH / WBTC 0.05%,70079.05453289035,5.717256544048865,20.21288040670033,24.12112121415344,
2026-03-24 23:00:00+00:00,optimism_wbtc_weth,70313.2165806702,,hold,,,,,,velodrome-finance-slipstream | WETH / WBTC 0.05%,70389.0308349642,velodrome-finance-slipstream | WETH / WBTC 0.05%,70318.67698105621,7.81045400302105,17.163646656581655,30.86918993248089,
2026-03-25 00:00:00+00:00,optimism_wbtc_weth,70513.1956143177,,hold,,,,,,velodrome-finance-slipstream | WETH / WBTC 0.05%,70681.72694919936,velodrome-finance-slipstream | WETH / WBTC 0.05%,70611.08054545205,19.487986825121872,5.488822811092753,44.01383060683051,
2026-03-25 01:00:00+00:00,optimism_wbtc_weth,70513.1956143177,,hold,,,,,,velodrome-finance-slipstream | WETH / WBTC 0.05%,70581.78606875177,velodrome-finance-slipstream | WETH / WBTC 0.05%,70511.23955593942,5.320867623901382,19.656179829887765,29.81203293173751,
2026-03-25 02:00:00+00:00,optimism_wbtc_weth,70508.995908993,,hold,,,,,,velodrome-finance-slipstream | WETH / WBTC 0.05%,70354.98432760661,sushiswap-v3-optimism | WETH / WBTC 0.3%,70301.65602747475,27.498817086983873,51.956314482459746,0.595626880024458,
2026-03-25 03:00:00+00:00,optimism_wbtc_weth,70508.995908993,,hold,,,,,,velodrome-finance-slipstream | WETH / WBTC 0.05%,70536.94787434491,velodrome-finance-slipstream | WETH / WBTC 0.05%,70466.4461773191,1.6309661995039804,26.025370803126613,23.440436421575672,
2026-03-25 04:00:00+00:00,optimism_wbtc_weth,70513.1956143177,,hold,,,,,,uniswap_v3_optimism | WETH / WBTC 0.3%,70720.52289671998,velodrome-finance-slipstream | WETH / WBTC 0.05%,70683.14318570975,29.713446523278453,0.595626880024458,54.26432032922701,
2026-03-25 05:00:00+00:00,optimism_wbtc_weth,70864.8447465741,,hold,,,,,,sushiswap-v3-optimism | WETH / WBTC 0.3%,70724.73520116064,velodrome-finance-slipstream | WETH / WBTC 0.05%,70829.41232420082,74.53354505052134,24.820448926030636,0.5327353348461017,
2026-03-25 06:00:00+00:00,optimism_wbtc_weth,70878.1038277762,,hold,,,,,,velodrome-finance-slipstream | WETH / WBTC 0.05%,70933.54156298966,velodrome-finance-slipstream | WETH / WBTC 0.05%,70862.64347047293,7.327763208868632,17.646811872127355,27.902447338101766,
2026-03-25 07:00:00+00:00,optimism_wbtc_weth,70846.1781149833,,hold,,,,,,velodrome-finance-slipstream | WETH / WBTC 0.05%,70780.87543771497,velodrome-finance-slipstream | WETH / WBTC 0.05%,70710.12993502861,18.743402247383134,39.253712234423865,6.31997764133585,
2026-03-25 08:00:00+00:00,optimism_wbtc_weth,70971.3529118334,,hold,,,,,,velodrome-finance-slipstream | WETH / WBTC 0.05%,70950.72504218634,velodrome-finance-slipstream | WETH / WBTC 0.05%,70879.80977477787,8.272599708334383,32.91607354874549,16.788737318351732,
2026-03-25 09:00:00+00:00,optimism_wbtc_weth,70973.9327705301,,hold,,,,,,velodrome-finance-slipstream | WETH / WBTC 0.05%,71087.21816205385,velodrome-finance-slipstream | WETH / WBTC 0.05%,71016.16646973795,11.319976408270538,13.652075721095613,36.05876937224917,
2026-03-25 10:00:00+00:00,optimism_wbtc_weth,71214.190379981,,hold,,,,,,sushiswap-v3-optimism | WETH / WBTC 0.3%,71186.85456884168,uniswap_v3_optimism | WETH / WBTC 0.3%,71380.32779364617,87.5223252068591,8.84192829006647,28.34342853495153,
2026-03-25 11:00:00+00:00,optimism_wbtc_weth,71422.8411531545,,hold,,,,,,uniswap_v3_optimism | WETH / WBTC 0.3%,71342.24046064414,velodrome-finance-slipstream | WETH / WBTC 0.05%,71387.12973257793,58.80772127458522,16.303400669213097,7.657755966019586,
2026-03-25 12:00:00+00:00,optimism_wbtc_weth,71076.1512553841,,hold,,,,,,uniswap_v3_optimism | WETH / WBTC 0.3%,71230.65634444413,velodrome-finance-slipstream | WETH / WBTC 0.05%,71385.42969330428,56.82207079841683,8.244113941917597,73.73487728541627,
2026-03-25 13:00:00+00:00,optimism_wbtc_weth,71187.4806215362,,hold,,,,,,sushiswap-v3-optimism | WETH / WBTC 0.3%,71289.37970915025,velodrome-finance-slipstream | WETH / WBTC 0.05%,71423.02236583574,53.82965728515154,15.66339259874816,63.27735563749215,
2026-03-25 14:00:00+00:00,optimism_wbtc_weth,71096.5521144444,,hold,,,,,,velodrome-finance-slipstream | WETH / WBTC 0.05%,71132.10039050163,velodrome-finance-slipstream | WETH / WBTC 0.05%,71061.00383838719,15.66339259874816,22.11087789973698,12.270093148178951,
2026-03-25 15:00:00+00:00,optimism_wbtc_weth,71076.1512553841,,hold,,,,,,velodrome-finance-slipstream | WETH / WBTC 0.05%,70739.05454472819,uniswap_v3_optimism | WETH / WBTC 0.3%,70973.9181796716,68.4232804967344,77.79651113008379,15.66339259874816,
2026-03-25 16:00:00+00:00,optimism_wbtc_weth,71235.5600135267,,hold,,,,,,velodrome-finance-slipstream | WETH / WBTC 0.05%,71183.60829462945,velodrome-finance-slipstream | WETH / WBTC 0.05%,71112.46026035196,19.69259125187417,37.32016475454181,5.372055455930003,
2026-03-25 17:00:00+00:00,optimism_wbtc_weth,71235.5600135267,,hold,,,,,,velodrome-finance-slipstream | WETH / WBTC 0.05%,70525.44714418567,uniswap_v3_optimism | WETH / WBTC 0.3%,71074.2787636511,113.1988740191292,130.99095245619586,7.381591398187837,
2026-03-25 18:00:00+00:00,optimism_wbtc_weth,70572.9992685421,,hold,,,,,,velodrome-finance-slipstream | WETH / WBTC 0.05%,70608.28576817637,sushiswap-v3-optimism | WETH / WBTC 0.3%,71021.85333348613,114.78754394758761,4.26859075755015,68.63570501136174,
2026-03-25 19:00:00+00:00,optimism_wbtc_weth,70546.2307870516,,hold,,,,,,velodrome-finance-slipstream | WETH / WBTC 0.05%,70581.50390244511,velodrome-finance-slipstream | WETH / WBTC 0.05%,70510.95767165808,31.97352009711052,8.064669947183134,10.021263859667506,
2026-03-25 20:00:00+00:00,optimism_wbtc_weth,70483.7675694885,,hold,,,,,,uniswap_v3_optimism | WETH / WBTC 0.3%,70638.42555578002,velodrome-finance-slipstream | WETH / WBTC 0.05%,70700.01732446962,43.767342465026445,8.04000315268727,60.863378412896466,
2026-03-25 21:00:00+00:00,optimism_wbtc_weth,70483.7675694885,,hold,,,,,,uniswap_v3_optimism | WETH / WBTC 0.3%,70638.42555578002,velodrome-finance-slipstream | WETH / WBTC 0.05%,70731.13822270767,48.188431358924255,8.04000315268727,65.29199267970131,
2026-03-25 22:00:00+00:00,optimism_wbtc_weth,70483.7675694885,,hold,,,,,,uniswap_v3_optimism | WETH / WBTC 0.3%,70638.42555578002,velodrome-finance-slipstream | WETH / WBTC 0.05%,71033.74827258928,91.17774100157573,8.04000315268727,108.35447673569698,
2026-03-25 23:00:00+00:00,optimism_wbtc_weth,70996.4959632425,,hold,,,,,,velodrome-finance-slipstream | WETH / WBTC 0.05%,71006.87967970355,velodrome-finance-slipstream | WETH / WBTC 0.05%,70935.90828572084,3.970475644465843,28.533259360583596,21.09637376874307,
2026-03-26 00:00:00+00:00,optimism_wbtc_weth,71029.7783025056,,hold,,,,,,velodrome-finance-slipstream | WETH / WBTC 0.05%,70965.30098360659,uniswap_v3_optimism | WETH / WBTC 0.3%,70902.10658527598,26.169083256148973,39.11301015557367,1.091121567162734,
2026-03-26 01:00:00+00:00,optimism_wbtc_weth,71003.6698043435,,hold,,,,,,velodrome-finance-slipstream | WETH / WBTC 0.05%,70982.55313927773,velodrome-finance-slipstream | WETH / WBTC 0.05%,70911.60605967828,8.609868571185508,32.98383393161464,16.451192845023943,
2026-03-26 02:00:00+00:00,optimism_wbtc_weth,70567.1678523351,,hold,,,,,,velodrome-finance-slipstream | WETH / WBTC 0.05%,70602.45143626127,velodrome-finance-slipstream | WETH / WBTC 0.05%,70531.88426840893,11.137266702800908,17.403314382131718,21.5040096660446,
2026-03-26 03:00:00+00:00,optimism_wbtc_weth,70568.2387882974,,hold,,,,,,velodrome-finance-slipstream | WETH / WBTC 0.05%,70646.74883851527,velodrome-finance-slipstream | WETH / WBTC 0.05%,70576.13739539833,6.673726371151378,18.301565911420514,31.212925190615692,
2026-03-26 04:00:00+00:00,optimism_wbtc_weth,70568.2387882974,,hold,,,,,,velodrome-finance-slipstream | WETH / WBTC 0.05%,70610.02824930883,velodrome-finance-slipstream | WETH / WBTC 0.05%,70539.45350842997,1.4724827007772667,23.51156150934175,25.998926597272654,
2026-03-26 05:00:00+00:00,optimism_wbtc_weth,69960.3103252663,,hold,,,,,,velodrome-finance-slipstream | WETH / WBTC 0.05%,69767.99673661326,uniswap_v3_optimism | WETH / WBTC 0.3%,69848.35549316501,46.66374707350318,57.647422663886786,14.039497638207443,
2026-03-26 06:00:00+00:00,optimism_wbtc_weth,69960.3103252663,,hold,,,,,,velodrome-finance-slipstream | WETH / WBTC 0.05%,69886.32881950907,uniswap_v3_optimism | WETH / WBTC 0.3%,69862.420190617,31.672232354176266,40.61773475984687,6.580505910067647,
2026-03-26 07:00:00+00:00,optimism_wbtc_weth,69960.3103252663,,hold,,,,,,velodrome-finance-slipstream | WETH / WBTC 0.05%,69879.76488713405,uniswap_v3_optimism | WETH / WBTC 0.3%,69862.420190617,32.61452542353549,41.56086809638193,7.520442068298383,
2026-03-26 08:00:00+00:00,optimism_wbtc_weth,69960.3103252663,,hold,,,,,,velodrome-finance-slipstream | WETH / WBTC 0.05%,69801.54856519659,uniswap_v3_optimism | WETH / WBTC 0.3%,69862.420190617,43.85659990075119,52.812967423090385,16.055929303808725,
2026-03-26 09:00:00+00:00,optimism_wbtc_weth,69609.2663925557,,hold,,,,,,velodrome-finance-slipstream | WETH / WBTC 0.05%,69358.69378085349,uniswap_v3_optimism | WETH / WBTC 0.3%,69401.3527743278,41.27739718022161,66.23544732999198,0.13172552915996505,
2026-03-26 10:00:00+00:00,optimism_wbtc_weth,69302.9858160112,,hold,,,,,,velodrome-finance-slipstream | WETH / WBTC 0.05%,69236.94365250024,velodrome-finance-slipstream | WETH / WBTC 0.05%,69167.74131001897,17.687748829346983,39.567188628943924,7.374433135578506,
2026-03-26 11:00:00+00:00,optimism_wbtc_weth,69241.5842470847,,hold,,,,,,velodrome-finance-slipstream | WETH / WBTC 0.05%,69103.04805878714,uniswap_v3_optimism | WETH / WBTC 0.3%,69305.10260953175,64.4475628276564,50.1079114114078,39.27385706770758,
2026-03-26 12:00:00+00:00,optimism_wbtc_weth,69241.5842470847,,hold,,,,,,velodrome-finance-slipstream | WETH / WBTC 0.05%,69185.25029301287,uniswap_v3_optimism | WETH / WBTC 0.3%,69305.10260953175,52.48952159187192,38.166907786663096,27.34572589004225,
2026-03-26 13:00:00+00:00,optimism_wbtc_weth,69010.7054942827,,hold,,,,,,sushiswap-v3-optimism | WETH / WBTC 0.3%,69206.74925850263,velodrome-finance-slipstream | WETH / WBTC 0.05%,69357.42370650651,56.86538833318933,1.587757318559646,80.48266924151504,
2026-03-26 14:00:00+00:00,optimism_wbtc_weth,69010.7054942827,,hold,,,,,,velodrome-finance-slipstream | WETH / WBTC 0.05%,69149.78781951671,velodrome-finance-slipstream | WETH / WBTC 0.05%,69080.6725893123,16.73632091755639,8.23739895407849,40.25936376848005,
2026-03-26 15:00:00+00:00,optimism_wbtc_weth,68999.7500084772,,hold,,,,,,velodrome-finance-slipstream | WETH / WBTC 0.05%,68837.6100762384,uniswap_v3_optimism | WETH / WBTC 0.3%,68803.67337779985,30.158044499439818,53.62463656937155,1.5877573185618665,
2026-03-26 16:00:00+00:00,optimism_wbtc_weth,68712.8259424736,,hold,,,,,,velodrome-finance-slipstream | WETH / WBTC 0.05%,68735.50354178174,sushiswap-v3-optimism | WETH / WBTC 0.3%,68792.75075845177,43.463177878386716,26.69084666088839,18.341959324412738,
2026-03-26 17:00:00+00:00,optimism_wbtc_weth,68548.4117673668,,hold,,,,,,velodrome-finance-slipstream | WETH / WBTC 0.05%,68424.20155055383,sushiswap-v3-optimism | WETH / WBTC 0.3%,68792.75075845177,89.15680696352624,48.20742436743686,63.92129719122952,
2026-03-26 18:00:00+00:00,optimism_wbtc_weth,68357.6561412879,,hold,,,,,,velodrome-finance-slipstream | WETH / WBTC 0.05%,68275.24999380154,sushiswap-v3-optimism | WETH / WBTC 0.3%,68792.75075845177,111.16764709741878,42.105904546130276,85.87708269747418,
2026-03-26 19:00:00+00:00,optimism_wbtc_weth,68357.6561412879,,hold,,,,,,velodrome-finance-slipstream | WETH / WBTC 0.05%,68343.12655432054,sushiswap-v3-optimism | WETH / WBTC 0.3%,68792.75075845177,101.1255065440375,32.132354263405546,75.86006005443346,
2026-03-26 20:00:00+00:00,optimism_wbtc_weth,68118.996022712,,hold,,,,,,sushiswap-v3-optimism | WETH / WBTC 0.3%,68289.35585898513,velodrome-finance-slipstream | WETH / WBTC 0.05%,68719.49803667972,98.22625088004911,4.97839690642321,118.51038501806465,
2026-03-26 21:00:00+00:00,optimism_wbtc_weth,68706.3958657928,,hold,,,,,,velodrome-finance-slipstream | WETH / WBTC 0.05%,68740.7490637257,velodrome-finance-slipstream | WETH / WBTC 0.05%,68672.0426678599,21.24379755864103,24.452121518367953,4.357588951815483,
2026-03-26 22:00:00+00:00,optimism_wbtc_weth,68712.1842364837,,hold,,,,,,velodrome-finance-slipstream | WETH / WBTC 0.05%,68676.69546551748,velodrome-finance-slipstream | WETH / WBTC 0.05%,68608.05309123911,12.50756354950866,35.18301543745661,12.551962680433792,
2026-03-26 23:00:00+00:00,optimism_wbtc_weth,68712.1842364837,,hold,,,,,,velodrome-finance-slipstream | WETH / WBTC 0.05%,68662.33074546984,velodrome-finance-slipstream | WETH / WBTC 0.05%,68593.70272873275,14.602261858811527,37.282457636380606,10.457693220737863,
2026-03-27 00:00:00+00:00,optimism_wbtc_weth,68576.0852575354,,hold,,,,,,velodrome-finance-slipstream | WETH / WBTC 0.05%,68610.37330016415,velodrome-finance-slipstream | WETH / WBTC 0.05%,68541.79721490663,20.544601442895605,6.447270786134052,23.058002362621455,
2026-03-27 01:00:00+00:00,optimism_wbtc_weth,68684.4283653724,,hold,,,,,,velodrome-finance-slipstream | WETH / WBTC 0.05%,68839.67536270437,velodrome-finance-slipstream | WETH / WBTC 0.05%,68770.87008997802,19.369300371896436,5.60734484032821,42.71348573310352,
2026-03-27 02:00:00+00:00,optimism_wbtc_weth,68726.9312991184,,hold,,,,,,velodrome-finance-slipstream | WETH / WBTC 0.05%,68761.29476476795,uniswap_v3_optimism | WETH / WBTC 0.3%,69105.86892511076,91.63386895481685,18.787733148786234,60.16678436652434,
2026-03-27 03:00:00+00:00,optimism_wbtc_weth,68684.4283653724,,hold,,,,,,velodrome-finance-slipstream | WETH / WBTC 0.05%,68612.72619877705,uniswap_v3_optimism | WETH / WBTC 0.3%,69105.86892511076,107.23099100432565,40.48162302817904,81.95027316789671,
2026-03-27 04:00:00+00:00,optimism_wbtc_weth,68784.2885752593,,hold,,,,,,velodrome-finance-slipstream | WETH / WBTC 0.05%,68374.63324755192,sushiswap-v3-optimism | WETH / WBTC 0.3%,68617.92853853301,70.81291322342808,90.09308923133563,5.831734155559154,
2026-03-27 05:00:00+00:00,optimism_wbtc_weth,68353.7240247709,,hold,,,,,,velodrome-finance-slipstream | WETH / WBTC 0.05%,68387.90088678327,velodrome-finance-slipstream | WETH / WBTC 0.05%,68319.54716275852,15.894602334258767,10.923046936306413,23.228045155663235,
2026-03-27 06:00:00+00:00,optimism_wbtc_weth,68504.9001048275,,hold,,,,,,velodrome-finance-slipstream | WETH / WBTC 0.05%,68481.41993964964,uniswap_v3_optimism | WETH / WBTC 0.3%,68518.01673882775,40.468124346129116,33.438977418129845,15.354397171676304,
2026-03-27 07:00:00+00:00,optimism_wbtc_weth,68361.7218176137,,hold,,,,,,velodrome-finance-slipstream | WETH / WBTC 0.05%,68331.25024535855,velodrome-finance-slipstream | WETH / WBTC 0.05%,68262.95314366404,14.578554824664636,34.47276858862702,10.481390499763599,
2026-03-27 08:00:00+00:00,optimism_wbtc_weth,68361.7218176137,,hold,,,,,,velodrome-finance-slipstream | WETH / WBTC 0.05%,67802.64020945955,sushiswap-v3-optimism | WETH / WBTC 0.3%,68191.47899165723,92.65525969965216,112.70457481394214,5.112097839303775,
2026-03-27 09:00:00+00:00,optimism_wbtc_weth,67554.1375850458,,hold,,,,,,velodrome-finance-slipstream | WETH / WBTC 0.05%,67587.91465383832,velodrome-finance-slipstream | WETH / WBTC 0.05%,67520.36051625328,17.206540500667167,21.57140145912395,11.266598412580375,
2026-03-27 10:00:00+00:00,optimism_wbtc_weth,66826.4391091937,,hold,,,,,,velodrome-finance-slipstream | WETH / WBTC 0.05%,66324.74130335641,uniswap_v3_optimism | WETH / WBTC 0.3%,66813.76384853752,109.09569489738091,105.8695607953064,28.187820071650105,
2026-03-27 11:00:00+00:00,optimism_wbtc_weth,66509.5140428066,,hold,,,,,,velodrome-finance-slipstream | WETH / WBTC 0.05%,66531.06242132207,velodrome-finance-slipstream | WETH / WBTC 0.05%,66464.56460780752,2.255859968764984,26.751438671732686,22.81421913989723,
2026-03-27 12:00:00+00:00,optimism_wbtc_weth,66399.6191119064,,hold,,,,,,velodrome-finance-slipstream | WETH / WBTC 0.05%,66388.15891306967,velodrome-finance-slipstream | WETH / WBTC 0.05%,66321.80393164733,7.736464413130584,31.731420123923826,17.325357562680832,
2026-03-27 13:00:00+00:00,optimism_wbtc_weth,66406.3167175993,,hold,,,,,,velodrome-finance-slipstream | WETH / WBTC 0.05%,65940.18898805589,uniswap_v3_optimism | WETH / WBTC 0.3%,66218.75290587843,77.49855587438681,100.90154273241669,1.760406183770602,
2026-03-27 14:00:00+00:00,optimism_wbtc_weth,65864.5529944187,,hold,,,,,,velodrome-finance-slipstream | WETH / WBTC 0.05%,66024.4911541042,velodrome-finance-slipstream | WETH / WBTC 0.05%,65958.4996586978,23.34282708196911,1.6408489595542974,44.39680567104087,
2026-03-27 15:00:00+00:00,optimism_wbtc_weth,66274.3032084317,,hold,,,,,,velodrome-finance-slipstream | WETH / WBTC 0.05%,65973.67972247659,uniswap_v3_optimism | WETH / WBTC 0.3%,66078.49522596184,51.04856211272546,75.70388641066516,0.4562853182155102,
2026-03-27 16:00:00+00:00,optimism_wbtc_weth,66274.3032084317,,hold,,,,,,velodrome-finance-slipstream | WETH / WBTC 0.05%,65847.99687823169,uniswap_v3_optimism | WETH / WBTC 0.3%,66078.49522596184,70.23281115322577,94.9351946090804,0.4562853182155102,
2026-03-27 17:00:00+00:00,optimism_wbtc_weth,66274.3032084317,,hold,,,,,,velodrome-finance-slipstream | WETH / WBTC 0.05%,65460.4905167134,uniswap_v3_optimism | WETH / WBTC 0.3%,66078.49522596184,129.84555229661464,154.69416641249234,0.4562853182155102,
2026-03-27 18:00:00+00:00,optimism_wbtc_weth,66274.3032084317,,hold,,,,,,velodrome-finance-slipstream | WETH / WBTC 0.05%,65703.01675980969,uniswap_v3_optimism | WETH / WBTC 0.3%,66078.49522596184,92.45376260261563,117.2106542782636,0.4562853182155102,
2026-03-27 19:00:00+00:00,optimism_wbtc_weth,65741.2236320626,,hold,,,,,,uniswap_v3_optimism | WETH / WBTC 0.3%,65535.289376278975,velodrome-finance-slipstream | WETH / WBTC 0.05%,65895.29520059358,90.14299587182917,61.517684672913745,53.596857017470526,
2026-03-27 20:00:00+00:00,optimism_wbtc_weth,65766.6208206158,,hold,,,,,,velodrome-finance-slipstream | WETH / WBTC 0.05%,65837.23532263353,velodrome-finance-slipstream | WETH / WBTC 0.05%,65771.43098947746,9.599688065757839,15.373060522554383,30.823871342589015,
2026-03-27 21:00:00+00:00,optimism_wbtc_weth,65830.6911100689,,hold,,,,,,velodrome-finance-slipstream | WETH / WBTC 0.05%,65863.60645562393,velodrome-finance-slipstream | WETH / WBTC 0.05%,65797.77576451388,26.69796856193507,11.363004755180484,11.988412992398612,
2026-03-27 22:00:00+00:00,optimism_wbtc_weth,65785.4716555947,,hold,,,,,,velodrome-finance-slipstream | WETH / WBTC 0.05%,65873.28461479349,velodrome-finance-slipstream | WETH / WBTC 0.05%,65807.44425036092,15.08046170078492,9.892126762214293,33.44035865771255,
2026-03-27 23:00:00+00:00,optimism_wbtc_weth,66186.6612619897,,hold,,,,,,velodrome-finance-slipstream | WETH / WBTC 0.05%,66222.9926926946,velodrome-finance-slipstream | WETH / WBTC 0.05%,66156.8027949508,3.955046402308593,21.024144697783242,25.56544490283308,
2026-03-28 00:00:00+00:00,optimism_wbtc_weth,66258.6505190311,,hold,,,,,,velodrome-finance-slipstream | WETH / WBTC 0.05%,66237.4518000214,velodrome-finance-slipstream | WETH / WBTC 0.05%,66171.24745039619,8.59830586308341,33.2100140613667,16.46276462538676,
2026-03-28 01:00:00+00:00,optimism_wbtc_weth,66258.6505190311,,hold,,,,,,velodrome-finance-slipstream | WETH / WBTC 0.05%,65985.63263925035,uniswap_v3_optimism | WETH / WBTC 0.3%,66062.49032751331,46.793845180801426,71.49947836632364,0.39596806025388176,
2026-03-28 02:00:00+00:00,optimism_wbtc_weth,66258.6505190311,,hold,,,,,,velodrome-finance-slipstream | WETH / WBTC 0.05%,65839.95249914922,uniswap_v3_optimism | WETH / WBTC 0.3%,66062.49032751331,69.02378732652093,93.78408519461479,0.39596806025388176,
2026-03-28 03:00:00+00:00,optimism_wbtc_weth,66173.7052607758,,hold,,,,,,velodrome-finance-slipstream | WETH / WBTC 0.05%,65988.83874417118,uniswap_v3_optimism | WETH / WBTC 0.3%,66062.49032751331,46.30571603958966,58.0988603047361,13.2331851212375,
2026-03-28 04:00:00+00:00,optimism_wbtc_weth,66173.7052607758,,hold,,,,,,velodrome-finance-slipstream | WETH / WBTC 0.05%,66117.33684302424,uniswap_v3_optimism | WETH / WBTC 0.3%,66062.49032751331,26.780864515811853,38.55108897368842,1.7013726085690628,
2026-03-28 05:00:00+00:00,optimism_wbtc_weth,66173.7052607758,,hold,,,,,,velodrome-finance-slipstream | WETH / WBTC 0.05%,66158.69257875804,velodrome-finance-slipstream | WETH / WBTC 0.05%,66092.56694899416,20.513133345037016,32.276000246811435,4.55275320862869,
2026-03-28 06:00:00+00:00,optimism_wbtc_weth,66205.4306991577,,hold,,,,,,velodrome-finance-slipstream | WETH / WBTC 0.05%,66238.53341450728,uniswap_v3_optimism | WETH / WBTC 0.3%,66446.73663168399,73.0864487029792,18.579802308191784,41.46879159866002,
2026-03-28 07:00:00+00:00,optimism_wbtc_weth,66212.4570605804,,hold,,,,,,velodrome-finance-slipstream | WETH / WBTC 0.05%,66344.1528700832,velodrome-finance-slipstream | WETH / WBTC 0.05%,66277.84187271181,22.35133812710899,2.630289071725578,39.99498658847411,
2026-03-28 08:00:00+00:00,optimism_wbtc_weth,66200.3523109596,,hold,,,,,,velodrome-finance-slipstream | WETH / WBTC 0.05%,66233.45248711508,velodrome-finance-slipstream | WETH / WBTC 0.05%,66167.25213480412,7.45779625432208,19.348351653531992,23.242473489244464,
2026-03-28 09:00:00+00:00,optimism_wbtc_weth,66163.1139582352,,hold,,,,,,velodrome-finance-slipstream | WETH / WBTC 0.05%,66122.76194883423,velodrome-finance-slipstream | WETH / WBTC 0.05%,66056.67223174396,18.571719731168557,36.12089759052806,6.491450206476124,
2026-03-28 10:00:00+00:00,optimism_wbtc_weth,66002.8773915743,,hold,,,,,,velodrome-finance-slipstream | WETH / WBTC 0.05%,66021.27659354615,uniswap_v3_optimism | WETH / WBTC 0.3%,66172.23501180953,58.05070118975797,27.204779954288494,32.892995583979626,
2026-03-28 11:00:00+00:00,optimism_wbtc_weth,66130.8504276639,,hold,,,,,,velodrome-finance-slipstream | WETH / WBTC 0.05%,66163.91585287773,uniswap_v3_optimism | WETH / WBTC 0.3%,66172.23501180953,55.826606653248675,5.587663667532272,11.263616376360197,
2026-03-28 12:00:00+00:00,optimism_wbtc_weth,66168.836086383,,hold,,,,,,sushiswap-v3-optimism | WETH / WBTC 0.3%,66200.88602374902,velodrome-finance-slipstream | WETH / WBTC 0.05%,66143.65643144128,26.342398868068884,1.3515155209398166,26.273455722571892,
2026-03-28 13:00:00+00:00,optimism_wbtc_weth,66580.7033961536,,hold,,,,,,sushiswap-v3-optimism | WETH / WBTC 0.3%,66375.64891102686,velodrome-finance-slipstream | WETH / WBTC 0.05%,66547.41304445553,68.0618137253175,35.90847558331278,18.029332241946694,
2026-03-28 14:00:00+00:00,optimism_wbtc_weth,66465.7379258532,,hold,,,,,,sushiswap-v3-optimism | WETH / WBTC 0.3%,66375.64891102686,velodrome-finance-slipstream | WETH / WBTC 0.05%,66432.50505689028,59.89383653452363,18.57938653896607,8.851056190049,
2026-03-28 15:00:00+00:00,optimism_wbtc_weth,66529.5077148506,,hold,,,,,,sushiswap-v3-optimism | WETH / WBTC 0.3%,66721.7001962537,velodrome-finance-slipstream | WETH / WBTC 0.05%,66718.90938423292,34.597767539599204,1.1084911984671209,58.64475598147845,
2026-03-28 16:00:00+00:00,optimism_wbtc_weth,66619.1894854646,,hold,,,,,,velodrome-finance-slipstream | WETH / WBTC 0.05%,66652.49908020733,uniswap_v3_optimism | WETH / WBTC 0.3%,66889.6099159072,85.49767367395545,10.382373804633804,45.61477984278639,
2026-03-28 17:00:00+00:00,optimism_wbtc_weth,66615.2707341607,,hold,,,,,,velodrome-finance-slipstream | WETH / WBTC 0.05%,66648.57836952778,uniswap_v3_optimism | WETH / WBTC 0.3%,66889.6099159072,85.49767367395545,10.971250777549457,46.205729419106504,
2026-03-28 18:00:00+00:00,optimism_wbtc_weth,66695.28794891,,hold,,,,,,sushiswap-v3-optimism | WETH / WBTC 0.3%,66721.7001962537,uniswap_v3_optimism | WETH / WBTC 0.3%,66889.6099159072,85.49767367395545,1.0394514244027597,34.15286292751452,
2026-03-28 19:00:00+00:00,optimism_wbtc_weth,66522.1337948691,,hold,,,,,,uniswap_v3_optimism | WETH / WBTC 0.3%,66506.77874132148,velodrome-finance-slipstream | WETH / WBTC 0.05%,66563.04158875259,43.50684878480449,18.473182661213894,36.25827598642051,
2026-03-28 20:00:00+00:00,optimism_wbtc_weth,66522.1337948691,,hold,,,,,,uniswap_v3_optimism | WETH / WBTC 0.3%,66506.77874132148,velodrome-finance-slipstream | WETH / WBTC 0.05%,66638.57294043247,54.90355827686422,29.84148559920463,47.6467602759012,
2026-03-28 21:00:00+00:00,optimism_wbtc_weth,66633.479679653,,hold,,,,,,velodrome-finance-slipstream | WETH / WBTC 0.05%,66467.16816986972,uniswap_v3_optimism | WETH / WBTC 0.3%,66447.4176899599,32.12342050392891,55.09666785958211,2.083050394701136,
2026-03-28 22:00:00+00:00,optimism_wbtc_weth,66415.5454296292,,hold,,,,,,velodrome-finance-slipstream | WETH / WBTC 0.05%,66448.75320234401,velodrome-finance-slipstream | WETH / WBTC 0.05%,66382.33765691439,17.98559474232908,18.455687986882463,13.601302240302537,
2026-03-28 23:00:00+00:00,optimism_wbtc_weth,66115.5876897662,,hold,,,,,,velodrome-finance-slipstream | WETH / WBTC 0.05%,66081.76859126307,velodrome-finance-slipstream | WETH / WBTC 0.05%,66015.71984704392,19.83958885271253,35.13311863797553,5.225270103270674,
2026-03-29 00:00:00+00:00,optimism_wbtc_weth,66152.7806164953,,hold,,,,,,velodrome-finance-slipstream | WETH / WBTC 0.05%,66185.85700680355,velodrome-finance-slipstream | WETH / WBTC 0.05%,66119.70422618707,9.709438361664713,19.351180421940395,20.984957952006056,
2026-03-29 01:00:00+00:00,optimism_wbtc_weth,66179.7822121081,,hold,,,,,,sushiswap-v3-optimism | WETH / WBTC 0.3%,66313.93445283548,velodrome-finance-slipstream | WETH / WBTC 0.05%,66268.88527750158,28.200400601152698,3.2048861430267195,43.594573175331774,
2026-03-29 02:00:00+00:00,optimism_wbtc_weth,66179.7822121081,,hold,,,,,,sushiswap-v3-optimism | WETH / WBTC 0.3%,66313.93445283548,velodrome-finance-slipstream | WETH / WBTC 0.05%,66467.27057701128,58.22123966741755,9.709438361664713,73.66149687881185,
2026-03-29 03:00:00+00:00,optimism_wbtc_weth,66179.7822121081,,hold,,,,,,sushiswap-v3-optimism | WETH / WBTC 0.3%,66313.93445283548,velodrome-finance-slipstream | WETH / WBTC 0.05%,66631.5905494941,83.0871115917553,9.709438361664713,98.56554011089314,
2026-03-29 04:00:00+00:00,optimism_wbtc_weth,66487.9794747563,,hold,,,,,,sushiswap-v3-optimism | WETH / WBTC 0.3%,66313.93445283548,uniswap_v3_optimism | WETH / WBTC 0.3%,66478.66548831272,85.17112575147978,31.258741223627595,3.600947790873832,
2026-03-29 05:00:00+00:00,optimism_wbtc_weth,66465.7802919812,,hold,,,,,,velodrome-finance-slipstream | WETH / WBTC 0.05%,66479.24352709322,velodrome-finance-slipstream | WETH / WBTC 0.05%,66412.79750657639,3.7532439073273416,27.968745716568932,21.313982112354246,
2026-03-29 06:00:00+00:00,optimism_wbtc_weth,66465.7802919812,,hold,,,,,,velodrome-finance-slipstream | WETH / WBTC 0.05%,66486.41349194475,velodrome-finance-slipstream | WETH / WBTC 0.05%,66419.96030504626,2.6744286219915203,26.88731900601482,22.394807723564725,
2026-03-29 07:00:00+00:00,optimism_wbtc_weth,66488.2988983201,,hold,,,,,,velodrome-finance-slipstream | WETH / WBTC 0.05%,66521.54304776926,uniswap_v3_optimism | WETH / WBTC 0.3%,66487.25074925016,33.33029332653892,21.592190816248635,4.844778249128989,
2026-03-29 08:00:00+00:00,optimism_wbtc_weth,66475.3781709931,,hold,,,,,,velodrome-finance-slipstream | WETH / WBTC 0.05%,66508.6158600786,uniswap_v3_optimism | WETH / WBTC 0.3%,66487.25074925016,33.33029332653892,23.54007383162271,6.789406093086203,
2026-03-29 09:00:00+00:00,optimism_wbtc_weth,66465.7802919812,,hold,,,,,,velodrome-finance-slipstream | WETH / WBTC 0.05%,66381.06572916995,uniswap_v3_optimism | WETH / WBTC 0.3%,66522.11088911057,56.42770688509824,42.800141963121874,31.274060794839187,
2026-03-29 10:00:00+00:00,optimism_wbtc_weth,66218.3768276144,,hold,,,,,,uniswap_v3_optimism | WETH / WBTC 0.3%,66113.39532266017,sushiswap-v3-optimism | WETH / WBTC 0.3%,66266.38295110525,83.45998681568823,20.88694623745946,12.255795707716288,
2026-03-29 11:00:00+00:00,optimism_wbtc_weth,66571.5547853979,,hold,,,,,,velodrome-finance-slipstream | WETH / WBTC 0.05%,66604.17588911635,velodrome-finance-slipstream | WETH / WBTC 0.05%,66537.60499867245,0.23141828380701668,25.08755020344644,24.84323247540221,
2026-03-29 12:00:00+00:00,optimism_wbtc_weth,66499.9378585445,,hold,,,,,,velodrome-finance-slipstream | WETH / WBTC 0.05%,66564.93277056015,velodrome-finance-slipstream | WETH / WBTC 0.05%,66498.40110362307,4.885203473519173,20.09248718453982,29.85848427124127,
2026-03-29 13:00:00+00:00,optimism_wbtc_weth,66374.9927602556,,hold,,,,,,velodrome-finance-slipstream | WETH / WBTC 0.05%,66363.49690290571,velodrome-finance-slipstream | WETH / WBTC 0.05%,66297.16657116868,7.285478683791702,31.737452886004824,17.7767957465913,
2026-03-29 14:00:00+00:00,optimism_wbtc_weth,66374.9927602556,,hold,,,,,,velodrome-finance-slipstream | WETH / WBTC 0.05%,66301.90613557864,velodrome-finance-slipstream | WETH / WBTC 0.05%,66235.63736382895,16.58168790940273,41.05637662981776,8.479477362903776,
2026-03-29 15:00:00+00:00,optimism_wbtc_weth,66374.9927602556,,hold,,,,,,velodrome-finance-slipstream | WETH / WBTC 0.05%,66307.58809726631,velodrome-finance-slipstream | WETH / WBTC 0.05%,66241.31364639448,15.723357286538953,40.19594874708376,9.337187197455687,
2026-03-29 16:00:00+00:00,optimism_wbtc_weth,66348.6225546655,,hold,,,,,,velodrome-finance-slipstream | WETH / WBTC 0.05%,66293.14575569872,velodrome-finance-slipstream | WETH / WBTC 0.05%,66226.88573995089,16.963313041982175,38.39351168652083,8.098175446531464,
2026-03-29 17:00:00+00:00,optimism_wbtc_weth,66140.2518218645,,hold,,,,,,velodrome-finance-slipstream | WETH / WBTC 0.05%,66217.32845948826,velodrome-finance-slipstream | WETH / WBTC 0.05%,66151.14422314696,19.08164742694396,5.894610931183042,31.74209047020149,
2026-03-29 18:00:00+00:00,optimism_wbtc_weth,66205.3817199781,,hold,,,,,,velodrome-finance-slipstream | WETH / WBTC 0.05%,66249.74683854204,velodrome-finance-slipstream | WETH / WBTC 0.05%,66183.53020002275,23.986743935264787,0.9983675529268154,26.779773810341467,
2026-03-29 19:00:00+00:00,optimism_wbtc_weth,66122.7309667579,,hold,,,,,,velodrome-finance-slipstream | WETH / WBTC 0.05%,66155.79233224127,velodrome-finance-slipstream | WETH / WBTC 0.05%,66089.66960127452,22.282670615798583,15.201792997812102,12.559928627677852,
2026-03-29 20:00:00+00:00,optimism_wbtc_weth,66331.1443719081,,hold,,,,,,uniswap_v3_optimism | WETH / WBTC 0.3%,66403.99786513804,velodrome-finance-slipstream | WETH / WBTC 0.05%,66352.00206955896,27.1598686153407,2.166947706527811,33.244212935108486,
2026-03-29 21:00:00+00:00,optimism_wbtc_weth,66437.243960797,,hold,,,,,,velodrome-finance-slipstream | WETH / WBTC 0.05%,66498.43711202178,velodrome-finance-slipstream | WETH / WBTC 0.05%,66431.97190751202,20.210737976591453,4.767133541594415,29.29434420247734,
2026-03-29 22:00:00+00:00,optimism_wbtc_weth,65228.4524233377,,hold,,,,,,sushiswap-v3-optimism | WETH / WBTC 0.3%,65289.60829115302,velodrome-finance-slipstream | WETH / WBTC 0.05%,65503.11809137501,67.83398046551925,20.605038531518183,72.32523641958588,
2026-03-29 23:00:00+00:00,optimism_wbtc_weth,65746.045798071,,hold,,,,,,sushiswap-v3-optimism | WETH / WBTC 0.3%,65651.14837888881,velodrome-finance-slipstream | WETH / WBTC 0.05%,65790.0121649919,56.24334500074602,31.177932874624226,36.797695171473244,
2026-03-30 00:00:00+00:00,optimism_wbtc_weth,65742.3480446891,,hold,,,,,,sushiswap-v3-optimism | WETH / WBTC 0.3%,65810.58801886498,velodrome-finance-slipstream | WETH / WBTC 0.05%,66067.77434155253,74.23413527109845,19.59974433311862,79.73947305598416,
2026-03-30 01:00:00+00:00,optimism_wbtc_weth,65742.3480446891,,hold,,,,,,sushiswap-v3-optimism | WETH / WBTC 0.3%,65810.58801886498,velodrome-finance-slipstream | WETH / WBTC 0.05%,66477.67656603607,136.73739080181323,19.59974433311862,142.27688518160474,
2026-03-30 02:00:00+00:00,optimism_wbtc_weth,66817.2354959023,,hold,,,,,,velodrome-finance-slipstream | WETH / WBTC 0.05%,66948.03033581334,velodrome-finance-slipstream | WETH / WBTC 0.05%,66881.11576276405,23.83517736204155,1.1495888194934523,39.67948590628989,
2026-03-30 03:00:00+00:00,optimism_wbtc_weth,66968.0824045766,,hold,,,,,,velodrome-finance-slipstream | WETH / WBTC 0.05%,67012.22536857678,velodrome-finance-slipstream | WETH / WBTC 0.05%,66945.2466325762,2.751347113130187,22.230042877315892,26.67006156732432,
2026-03-30 04:00:00+00:00,optimism_wbtc_weth,67221.5545411399,,hold,,,,,,velodrome-finance-slipstream | WETH / WBTC 0.05%,67367.01557821778,velodrome-finance-slipstream | WETH / WBTC 0.05%,67299.68222931403,24.33355077675836,0.6523680270675847,41.74765913654621,
2026-03-30 05:00:00+00:00,optimism_wbtc_weth,67377.2484722214,,hold,,,,,,velodrome-finance-slipstream | WETH / WBTC 0.05%,67281.31385240139,velodrome-finance-slipstream | WETH / WBTC 0.05%,67214.06616239401,20.210011818122542,44.301507828836684,4.85540108757343,
2026-03-30 06:00:00+00:00,optimism_wbtc_weth,67377.2484722214,,hold,,,,,,velodrome-finance-slipstream | WETH / WBTC 0.05%,67207.12231174778,uniswap_v3_optimism | WETH / WBTC 0.3%,67422.26685549397,67.22985990063712,55.38965113898398,36.79191652087299,
2026-03-30 07:00:00+00:00,optimism_wbtc_weth,67108.7404299951,,hold,,,,,,uniswap_v3_optimism | WETH / WBTC 0.3%,67288.49398205489,velodrome-finance-slipstream | WETH / WBTC 0.05%,67375.606766702,48.009006519258435,3.2059967393438527,69.9761847822189,
2026-03-30 08:00:00+00:00,optimism_wbtc_weth,67506.7710399205,,hold,,,,,,velodrome-finance-slipstream | WETH / WBTC 0.05%,67540.52442544045,velodrome-finance-slipstream | WETH / WBTC 0.05%,67473.01765440054,45.54975903469316,2.9505568195076215,1.6038522009509393,
2026-03-30 09:00:00+00:00,optimism_wbtc_weth,67358.3775084089,,hold,,,,,,velodrome-finance-slipstream | WETH / WBTC 0.05%,67312.4785635845,uniswap_v3_optimism | WETH / WBTC 0.3%,67462.19771497192,57.42580516542306,36.83924327869903,32.269662581216885,
2026-03-30 10:00:00+00:00,optimism_wbtc_weth,67358.3775084089,,hold,,,,,,velodrome-finance-slipstream | WETH / WBTC 0.05%,67298.40442652575,uniswap_v3_optimism | WETH / WBTC 0.3%,67462.19771497192,59.52911787315163,38.938250712090564,34.36771437671959,
2026-03-30 11:00:00+00:00,optimism_wbtc_weth,67406.7661831999,,hold,,,,,,velodrome-finance-slipstream | WETH / WBTC 0.05%,67499.440172279,velodrome-finance-slipstream | WETH / WBTC 0.05%,67431.97446496038,11.389190531196913,13.5828459536258,33.84124947446887,
2026-03-30 12:00:00+00:00,optimism_wbtc_weth,67406.7661831999,,hold,,,,,,uniswap_v3_optimism | WETH / WBTC 0.3%,67591.12362206061,velodrome-finance-slipstream | WETH / WBTC 0.05%,67622.257814265,39.63989327987916,2.6427818819474425,62.155308709570534,
2026-03-30 13:00:00+00:00,optimism_wbtc_weth,67388.9567518052,,hold,,,,,,velodrome-finance-slipstream | WETH / WBTC 0.05%,67420.25754563985,velodrome-finance-slipstream | WETH / WBTC 0.05%,67352.87098137636,2.9979150758885353,25.343432766493645,22.07069399451589,
2026-03-30 14:00:00+00:00,optimism_wbtc_weth,67406.7661831999,,hold,,,,,,velodrome-finance-slipstream | WETH / WBTC 0.05%,67542.37005857246,velodrome-finance-slipstream | WETH / WBTC 0.05%,67474.86144282176,17.756470000360736,7.2182192371794685,40.222808533729726,
2026-03-30 15:00:00+00:00,optimism_wbtc_weth,67537.8614065213,,hold,,,,,,velodrome-finance-slipstream | WETH / WBTC 0.05%,67547.65596810129,velodrome-finance-slipstream | WETH / WBTC 0.05%,67480.1420690827,4.275317200619355,28.54562750935763,20.791019656016818,
2026-03-30 16:00:00+00:00,optimism_wbtc_weth,67394.4270685599,,hold,,,,,,velodrome-finance-slipstream | WETH / WBTC 0.05%,67103.67726817174,sushiswap-v3-optimism | WETH / WBTC 0.3%,67193.86202495934,48.59211084642823,73.45843054530121,0.24083696478882644,
2026-03-30 17:00:00+00:00,optimism_wbtc_weth,66748.1561063378,,hold,,,,,,velodrome-finance-slipstream | WETH / WBTC 0.05%,66688.81868139456,velodrome-finance-slipstream | WETH / WBTC 0.05%,66622.16319045864,20.333103918037665,38.9243501976555,4.73249911935536,
2026-03-30 18:00:00+00:00,optimism_wbtc_weth,66441.0378241795,,hold,,,,,,velodrome-finance-slipstream | WETH / WBTC 0.05%,66476.31410072843,velodrome-finance-slipstream | WETH / WBTC 0.05%,66409.87100817397,0.9676995977869751,24.01748247827573,25.385257341448142,
2026-03-30 19:00:00+00:00,optimism_wbtc_weth,66242.6082117969,,hold,,,,,,velodrome-finance-slipstream | WETH / WBTC 0.05%,66319.6408506194,velodrome-finance-slipstream | WETH / WBTC 0.05%,66253.3543530176,11.082533639501513,13.889579434243071,31.717392228940433,
2026-03-30 20:00:00+00:00,optimism_wbtc_weth,66445.8729963504,,hold,,,,,,velodrome-finance-slipstream | WETH / WBTC 0.05%,66497.32603729755,velodrome-finance-slipstream | WETH / WBTC 0.05%,66430.86194330725,14.784512041496889,10.187931845273557,27.82433298525122,
2026-03-30 21:00:00+00:00,optimism_wbtc_weth,66658.2711770978,,hold,,,,,,velodrome-finance-slipstream | WETH / WBTC 0.05%,66691.60031268635,velodrome-finance-slipstream | WETH / WBTC 0.05%,66624.94204150926,32.322143548633164,6.430231257157359,11.308383792234533,
2026-03-30 22:00:00+00:00,optimism_wbtc_weth,66534.8799142357,,hold,,,,,,velodrome-finance-slipstream | WETH / WBTC 0.05%,66510.39089366986,sushiswap-v3-optimism | WETH / WBTC 0.3%,66549.68510346902,41.03403668370254,33.69303011115932,15.918894020663377,
2026-03-30 23:00:00+00:00,optimism_wbtc_weth,66376.7830829842,,hold,,,,,,uniswap_v3_optimism | WETH / WBTC 0.3%,66560.31791261134,velodrome-finance-slipstream | WETH / WBTC 0.05%,66518.93036948994,28.777683992529113,2.343065674996758,51.56992151532202,
2026-03-31 00:00:00+00:00,optimism_wbtc_weth,66474.2378533773,,hold,,,,,,uniswap_v3_optimism | WETH / WBTC 0.3%,66673.57859576755,velodrome-finance-slipstream | WETH / WBTC 0.05%,66820.17673199912,57.08194409470346,0.012294400810741735,82.28790846589673,
2026-03-31 01:00:00+00:00,optimism_wbtc_weth,67433.5211121694,,hold,,,,,,sushiswap-v3-optimism | WETH / WBTC 0.3%,67388.20158225995,velodrome-finance-slipstream | WETH / WBTC 0.05%,67756.43310243612,89.85217811014357,36.74531853230745,78.12033595637979,
2026-03-31 02:00:00+00:00,optimism_wbtc_weth,67708.0353599731,,hold,,,,,,sushiswap-v3-optimism | WETH / WBTC 0.3%,67388.20158225995,velodrome-finance-slipstream | WETH / WBTC 0.05%,67729.98333680998,85.9134491497504,60.77408362345604,33.341586372919174,
2026-03-31 03:00:00+00:00,optimism_wbtc_weth,67472.1865773163,,hold,,,,,,sushiswap-v3-optimism | WETH / WBTC 0.3%,67388.20158225995,uniswap_v3_optimism | WETH / WBTC 0.3%,67504.91125389318,77.6037750695413,17.469094823860942,9.855026233331898,
2026-03-31 04:00:00+00:00,optimism_wbtc_weth,67352.6240819649,,hold,,,,,,velodrome-finance-slipstream | WETH / WBTC 0.05%,67386.30039400587,uniswap_v3_optimism | WETH / WBTC 0.3%,67504.91125389318,77.6037750695413,0.2821327544277885,27.62424103906369,
2026-03-31 05:00:00+00:00,optimism_wbtc_weth,67504.6250893637,,hold,,,,,,sushiswap-v3-optimism | WETH / WBTC 0.3%,67388.20158225995,uniswap_v3_optimism | WETH / WBTC 0.3%,67504.91125389318,77.6037750695413,22.285179916117226,5.044914297573921,
2026-03-31 06:00:00+00:00,optimism_wbtc_weth,67284.2156198478,,hold,,,,,,velodrome-finance-slipstream | WETH / WBTC 0.05%,67317.85772765773,uniswap_v3_optimism | WETH / WBTC 0.3%,67504.91125389318,77.6037750695413,10.449508789600603,37.819416039592824,
2026-03-31 07:00:00+00:00,optimism_wbtc_weth,67178.4386985866,,hold,,,,,,velodrome-finance-slipstream | WETH / WBTC 0.05%,67212.02791793589,uniswap_v3_optimism | WETH / WBTC 0.3%,67504.91125389318,91.0965242524564,12.80563561107284,53.624630548498864,
2026-03-31 08:00:00+00:00,optimism_wbtc_weth,67096.8067714414,,hold,,,,,,velodrome-finance-slipstream | WETH / WBTC 0.05%,66657.7543935151,uniswap_v3_optimism | WETH / WBTC 0.3%,67504.91125389318,162.64199026834402,96.0642620002372,91.0965242524564,
2026-03-31 09:00:00+00:00,optimism_wbtc_weth,67096.8067714414,,hold,,,,,,velodrome-finance-slipstream | WETH / WBTC 0.05%,65915.30572594923,uniswap_v3_optimism | WETH / WBTC 0.3%,67504.91125389318,277.11070010023155,209.7830618514629,91.0965242524564,
2026-03-31 10:00:00+00:00,optimism_wbtc_weth,67096.8067714414,,hold,,,,,,velodrome-finance-slipstream | WETH / WBTC 0.05%,66231.60912121534,uniswap_v3_optimism | WETH / WBTC 0.3%,67504.91125389318,228.03013190781485,161.02403137881137,91.0965242524564,
2026-03-31 11:00:00+00:00,optimism_wbtc_weth,66461.2482527197,,hold,,,,,,velodrome-finance-slipstream | WETH / WBTC 0.05%,66494.47887684606,sushiswap-v3-optimism | WETH / WBTC 0.3%,66895.51635112708,104.20341673862188,16.479751906730566,70.37673849422666,
2026-03-31 12:00:00+00:00,optimism_wbtc_weth,66702.2713802317,,hold,,,,,,velodrome-finance-slipstream | WETH / WBTC 0.05%,66509.60878266598,sushiswap-v3-optimism | WETH / WBTC 0.3%,66509.90458282804,35.1499468791161,59.05453646402714,1.163874407328347,
2026-03-31 13:00:00+00:00,optimism_wbtc_weth,67065.8102574716,,hold,,,,,,uniswap_v3_optimism | WETH / WBTC 0.3%,67094.42690273921,velodrome-finance-slipstream | WETH / WBTC 0.05%,67032.27735234288,38.51846256869962,0.732737440061193,12.295974203782034,
2026-03-31 14:00:00+00:00,optimism_wbtc_weth,66427.2705432285,,hold,,,,,,velodrome-finance-slipstream | WETH / WBTC 0.05%,66399.9172455354,velodrome-finance-slipstream | WETH / WBTC 0.05%,66333.55051165681,10.098987421003347,34.13183611129078,14.961129030641729,
2026-03-31 15:00:00+00:00,optimism_wbtc_weth,66656.3209785324,,hold,,,,,,velodrome-finance-slipstream | WETH / WBTC 0.05%,66689.64913902167,uniswap_v3_optimism | WETH / WBTC 0.3%,66778.24731289949,52.940124940397126,20.497002227073402,23.303440492441485,
2026-03-31 16:00:00+00:00,optimism_wbtc_weth,67018.8548388308,,hold,,,,,,uniswap_v3_optimism | WETH / WBTC 0.3%,67149.43428662006,velodrome-finance-slipstream | WETH / WBTC 0.05%,67352.64297720336,65.38563902380501,10.495563734223001,80.04524493508302,
2026-03-31 17:00:00+00:00,optimism_wbtc_weth,67836.5332142485,,hold,,,,,,velodrome-finance-slipstream | WETH / WBTC 0.05%,67416.58830040979,sushiswap-v3-optimism | WETH / WBTC 0.3%,67859.37392545537,101.01491611806068,92.47790925036581,33.46742445516249,
2026-03-31 18:00:00+00:00,optimism_wbtc_weth,67642.3345370064,,hold,,,,,,velodrome-finance-slipstream | WETH / WBTC 0.05%,67601.80971013494,velodrome-finance-slipstream | WETH / WBTC 0.05%,67534.24168443766,24.841197435927498,36.01262030208385,0.23344832750460398,
2026-03-31 19:00:00+00:00,optimism_wbtc_weth,67731.2670608094,,hold,,,,,,velodrome-finance-slipstream | WETH / WBTC 0.05%,67634.39128731831,velodrome-finance-slipstream | WETH / WBTC 0.05%,67566.7906963265,19.83662495521843,44.36641906020667,5.228229678682084,
2026-03-31 20:00:00+00:00,optimism_wbtc_weth,68021.7622916412,,hold,,,,,,velodrome-finance-slipstream | WETH / WBTC 0.05%,68023.96847386967,velodrome-finance-slipstream | WETH / WBTC 0.05%,67955.97850038254,5.079331033190915,29.67470278126827,19.985743223263075,
2026-03-31 21:00:00+00:00,optimism_wbtc_weth,68189.602199551,,hold,,,,,,velodrome-finance-slipstream | WETH / WBTC 0.05%,68223.69700065076,velodrome-finance-slipstream | WETH / WBTC 0.05%,68155.50739845123,0.8119269391637651,24.750922817873278,24.4979007698376,
2026-03-31 22:00:00+00:00,optimism_wbtc_weth,67958.1025048431,,hold,,,,,,velodrome-finance-slipstream | WETH / WBTC 0.05%,67973.76401017416,velodrome-finance-slipstream | WETH / WBTC 0.05%,67905.82421606105,5.053178338991771,27.68903633985742,20.011934950421306,
2026-03-31 23:00:00+00:00,optimism_wbtc_weth,67974.1253027144,,hold,,,,,,velodrome-finance-slipstream | WETH / WBTC 0.05%,68063.50610216655,velodrome-finance-slipstream | WETH / WBTC 0.05%,67995.47661081006,10.504832980013923,14.467475425563592,33.24081591538297,
2026-04-01 00:00:00+00:00,optimism_wbtc_weth,67972.9865930058,,hold,,,,,,velodrome-finance-slipstream | WETH / WBTC 0.05%,68024.33708093388,velodrome-finance-slipstream | WETH / WBTC 0.05%,67956.34673902392,3.3928837068342155,21.587298220804296,27.63489484770787,
2026-04-01 01:00:00+00:00,optimism_wbtc_weth,67967.2814018123,,hold,,,,,,velodrome-finance-slipstream | WETH / WBTC 0.05%,67669.71745017501,sushiswap-v3-optimism | WETH / WBTC 0.3%,67769.06763322678,49.83848741139107,74.10490463654718,0.8394025883950995,
2026-04-01 02:00:00+00:00,optimism_wbtc_weth,67967.2814018123,,hold,,,,,,velodrome-finance-slipstream | WETH / WBTC 0.05%,67502.2102518208,sushiswap-v3-optimism | WETH / WBTC 0.3%,67769.06763322678,74.77723064155396,99.1038651477183,0.8394025883950995,
2026-04-01 03:00:00+00:00,optimism_wbtc_weth,67906.3507592837,,hold,,,,,,velodrome-finance-slipstream | WETH / WBTC 0.05%,67879.14606665887,velodrome-finance-slipstream | WETH / WBTC 0.05%,67811.30084320394,9.00981693912506,34.0198364717037,16.050947128374293,
2026-04-01 04:00:00+00:00,optimism_wbtc_weth,67922.1603260869,,hold,,,,,,uniswap_v3_optimism | WETH / WBTC 0.3%,67957.81557942145,velodrome-finance-slipstream | WETH / WBTC 0.05%,67965.70524530798,36.18253936394478,11.167129245888141,36.52056496865619,
2026-04-01 05:00:00+00:00,optimism_wbtc_weth,68089.3698627682,,hold,,,,,,velodrome-finance-slipstream | WETH / WBTC 0.05%,68263.5033099126,velodrome-finance-slipstream | WETH / WBTC 0.05%,68195.27392129699,20.818549269825404,4.160295844648498,45.690756897562856,
2026-04-01 06:00:00+00:00,optimism_wbtc_weth,68722.4378029536,,hold,,,,,,uniswap_v3_optimism | WETH / WBTC 0.3%,68577.69544241254,velodrome-finance-slipstream | WETH / WBTC 0.05%,68840.3175629457,73.44716960452135,48.33887655964597,47.294908360548945,
2026-04-01 07:00:00+00:00,optimism_wbtc_weth,68481.7674679291,,hold,,,,,,velodrome-finance-slipstream | WETH / WBTC 0.05%,68516.00835166305,uniswap_v3_optimism | WETH / WBTC 0.3%,68515.65978576215,47.5872095546781,12.482750340343518,9.954077958276297,
2026-04-01 08:00:00+00:00,optimism_wbtc_weth,68445.6721791192,,hold,,,,,,velodrome-finance-slipstream | WETH / WBTC 0.05%,68479.89501520875,uniswap_v3_optimism | WETH / WBTC 0.3%,68572.98552166119,55.99383269161207,17.762900933824266,23.612447942971126,
2026-04-01 09:00:00+00:00,optimism_wbtc_weth,68408.0344840137,,hold,,,,,,velodrome-finance-slipstream | WETH / WBTC 0.05%,68442.2385012557,uniswap_v3_optimism | WETH / WBTC 0.3%,68572.98552166119,55.99383269161207,23.27461470470471,29.127380099946976,
2026-04-01 10:00:00+00:00,optimism_wbtc_weth,68396.3461359124,,hold,,,,,,velodrome-finance-slipstream | WETH / WBTC 0.05%,68369.23630257849,uniswap_v3_optimism | WETH / WBTC 0.3%,68572.98552166119,65.0112353658705,33.977104953106796,39.836119719631746,
2026-04-01 11:00:00+00:00,optimism_wbtc_weth,68474.5458780504,,hold,,,,,,velodrome-finance-slipstream | WETH / WBTC 0.05%,68508.78315098942,uniswap_v3_optimism | WETH / WBTC 0.3%,68572.98552166119,55.99383269161207,13.538705413331797,19.385785840817515,
2026-04-01 12:00:00+00:00,optimism_wbtc_weth,68171.819252935,,hold,,,,,,velodrome-finance-slipstream | WETH / WBTC 0.05%,68205.90516256147,sushiswap-v3-optimism | WETH / WBTC 0.3%,68191.15709750466,57.72670344390329,0.27694108055253963,7.840553475260137,
2026-04-01 13:00:00+00:00,optimism_wbtc_weth,68302.8287783704,,hold,,,,,,velodrome-finance-slipstream | WETH / WBTC 0.05%,68030.41574024803,uniswap_v3_optimism | WETH / WBTC 0.3%,68109.04976170565,46.70454958705328,70.16295862132705,1.634333269304733,
2026-04-01 14:00:00+00:00,optimism_wbtc_weth,68311.529487489,,hold,,,,,,velodrome-finance-slipstream | WETH / WBTC 0.05%,68396.01019356145,velodrome-finance-slipstream | WETH / WBTC 0.05%,68327.64836428255,17.776309778876342,7.198400368513269,32.45698387707385,
2026-04-01 15:00:00+00:00,optimism_wbtc_weth,68693.3990247459,,hold,,,,,,sushiswap-v3-optimism | WETH / WBTC 0.3%,68516.46407595146,uniswap_v3_optimism | WETH / WBTC 0.3%,68798.32637202414,101.56600458783194,30.8366246209979,20.284877532372736,
2026-04-01 16:00:00+00:00,optimism_wbtc_weth,68660.3405912312,,hold,,,,,,velodrome-finance-slipstream | WETH / WBTC 0.05%,68694.67076152681,velodrome-finance-slipstream | WETH / WBTC 0.05%,68626.01042093559,8.439891846896419,17.873950743199085,23.733971645436558,
2026-04-01 17:00:00+00:00,optimism_wbtc_weth,68565.7721348342,,hold,,,,,,velodrome-finance-slipstream | WETH / WBTC 0.05%,68138.84839337559,uniswap_v3_optimism | WETH / WBTC 0.3%,68368.37211810607,68.9082757055659,92.84293362442631,1.2137639840803516,
2026-04-01 18:00:00+00:00,optimism_wbtc_weth,68565.7721348342,,hold,,,,,,velodrome-finance-slipstream | WETH / WBTC 0.05%,67883.5828306151,uniswap_v3_optimism | WETH / WBTC 0.3%,68368.37211810607,106.77082553289586,130.79548597767499,1.2137639840803516,
2026-04-01 19:00:00+00:00,optimism_wbtc_weth,67962.7298408766,,hold,,,,,,velodrome-finance-slipstream | WETH / WBTC 0.05%,68087.91705195766,velodrome-finance-slipstream | WETH / WBTC 0.05%,68019.86316185075,17.944594828096516,7.030295837744394,38.522132925449256,
2026-04-01 20:00:00+00:00,optimism_wbtc_weth,68017.7147935406,,hold,,,,,,velodrome-finance-slipstream | WETH / WBTC 0.05%,68051.72365093736,velodrome-finance-slipstream | WETH / WBTC 0.05%,67983.70593614383,3.573596652317601,21.830142518142193,24.651205765771067,
2026-04-01 21:00:00+00:00,optimism_wbtc_weth,67999.7270562024,,hold,,,,,,uniswap_v3_optimism | WETH / WBTC 0.3%,68168.2339134391,velodrome-finance-slipstream | WETH / WBTC 0.05%,68179.28613328106,36.64450146428688,5.206578180825261,56.57557935719204,
2026-04-01 22:00:00+00:00,optimism_wbtc_weth,68017.944594906,,hold,,,,,,velodrome-finance-slipstream | WETH / WBTC 0.05%,68022.65021540303,velodrome-finance-slipstream | WETH / WBTC 0.05%,67954.66155951557,10.335510441215057,29.30615209145948,14.72449671686027,
2026-04-01 23:00:00+00:00,optimism_wbtc_weth,67928.6542236428,,hold,,,,,,velodrome-finance-slipstream | WETH / WBTC 0.05%,67929.66283193762,velodrome-finance-slipstream | WETH / WBTC 0.05%,67861.76711696318,6.905773108898394,29.851076234221896,18.156913815416953,
2026-04-02 00:00:00+00:00,optimism_wbtc_weth,68020.5087671747,,hold,,,,,,sushiswap-v3-optimism | WETH / WBTC 0.3%,68215.92497132353,velodrome-finance-slipstream | WETH / WBTC 0.05%,68288.12116776174,45.63805074112359,1.2673466139068168,69.55155365382825,
2026-04-02 01:00:00+00:00,optimism_wbtc_weth,67027.704790589,,hold,,,,,,velodrome-finance-slipstream | WETH / WBTC 0.05%,67121.82600098303,velodrome-finance-slipstream | WETH / WBTC 0.05%,67054.73771912298,11.600688485948751,13.37130612522719,34.13550426220713,
2026-04-02 02:00:00+00:00,optimism_wbtc_weth,66636.2042057503,,hold,,,,,,velodrome-finance-slipstream | WETH / WBTC 0.05%,66692.25352357647,velodrome-finance-slipstream | WETH / WBTC 0.05%,66625.59459951492,5.6575226662225475,19.319053782187456,28.493311478587913,
2026-04-02 03:00:00+00:00,optimism_wbtc_weth,66954.0812585402,,hold,,,,,,velodrome-finance-slipstream | WETH / WBTC 0.05%,66388.87916898006,uniswap_v3_optimism | WETH / WBTC 0.3%,66769.91745958151,92.70169991241639,115.39046040917268,2.5015190373434137,
2026-04-02 04:00:00+00:00,optimism_wbtc_weth,66180.1517687861,,hold,,,,,,velodrome-finance-slipstream | WETH / WBTC 0.05%,66150.11404072249,velodrome-finance-slipstream | WETH / WBTC 0.05%,66083.99698520952,13.558627069139018,34.55446550390873,11.501004824359118,
2026-04-02 05:00:00+00:00,optimism_wbtc_weth,66377.436346506,,hold,,,,,,velodrome-finance-slipstream | WETH / WBTC 0.05%,66410.62506467925,velodrome-finance-slipstream | WETH / WBTC 0.05%,66344.24762833276,20.384588560906636,16.112022724237285,13.546449238417413,
2026-04-02 06:00:00+00:00,optimism_wbtc_weth,66392.1990822551,,hold,,,,,,velodrome-finance-slipstream | WETH / WBTC 0.05%,66421.64070040718,velodrome-finance-slipstream | WETH / WBTC 0.05%,66355.25225393003,6.357315250871132,25.554168386212606,18.706018420542314,
2026-04-02 07:00:00+00:00,optimism_wbtc_weth,66635.370422499,,hold,,,,,,sushiswap-v3-optimism | WETH / WBTC 0.3%,66679.13953944297,velodrome-finance-slipstream | WETH / WBTC 0.05%,66646.70514370616,30.13622607207278,5.1358865255335395,31.796395895578033,
2026-04-02 08:00:00+00:00,optimism_wbtc_weth,66635.370422499,,hold,,,,,,velodrome-finance-slipstream | WETH / WBTC 0.05%,66284.03232873615,sushiswap-v3-optimism | WETH / WBTC 0.3%,66510.75964737387,69.43081547762242,83.16395150742117,11.33360576658582,
2026-04-02 09:00:00+00:00,optimism_wbtc_weth,66635.370422499,,hold,,,,,,velodrome-finance-slipstream | WETH / WBTC 0.05%,66294.07899293893,sushiswap-v3-optimism | WETH / WBTC 0.3%,66510.75964737387,67.90482414245291,81.63587895763769,11.33360576658582,
2026-04-02 10:00:00+00:00,optimism_wbtc_weth,66262.2495981154,,hold,,,,,,velodrome-finance-slipstream | WETH / WBTC 0.05%,66299.24727594631,velodrome-finance-slipstream | WETH / WBTC 0.05%,66232.98116172748,0.960799252016642,24.024398732425123,25.65991927989897,
2026-04-02 11:00:00+00:00,optimism_wbtc_weth,66164.2413596924,,hold,,,,,,velodrome-finance-slipstream | WETH / WBTC 0.05%,66078.12697941241,velodrome-finance-slipstream | WETH / WBTC 0.05%,66012.0818749852,19.779650833755547,43.07130322379393,5.285121058360431,
2026-04-02 12:00:00+00:00,optimism_wbtc_weth,66164.2413596924,,hold,,,,,,velodrome-finance-slipstream | WETH / WBTC 0.05%,65940.06465090458,sushiswap-v3-optimism | WETH / WBTC 0.3%,65977.21211967064,40.758612820721574,64.09903222033053,1.7377933691986591,
2026-04-02 13:00:00+00:00,optimism_wbtc_weth,65990.7757356387,,hold,,,,,,uniswap_v3_optimism | WETH / WBTC 0.3%,65973.40784781726,sushiswap-v3-optimism | WETH / WBTC 0.3%,65977.21211967064,60.76064901848754,7.633875122146083,2.9460924544921774,
2026-04-02 14:00:00+00:00,optimism_wbtc_weth,66457.9148784449,,hold,,,,,,uniswap_v3_optimism | WETH / WBTC 0.3%,66639.33508618046,velodrome-finance-slipstream | WETH / WBTC 0.05%,66667.4608177881,39.2528782814594,2.6941350595044433,61.715769315342506,
2026-04-02 15:00:00+00:00,optimism_wbtc_weth,66652.1408771584,,hold,,,,,,velodrome-finance-slipstream | WETH / WBTC 0.05%,66685.46694759697,uniswap_v3_optimism | WETH / WBTC 0.3%,66944.6096502874,82.00798321351898,17.12641896966627,48.90432898165598,
2026-04-02 16:00:00+00:00,optimism_wbtc_weth,66959.6715020693,,hold,,,,,,sushiswap-v3-optimism | WETH / WBTC 0.3%,66799.67527221021,uniswap_v3_optimism | WETH / WBTC 0.3%,66944.6096502874,82.00798321351898,28.963623673572414,2.7519844638645985,
2026-04-02 17:00:00+00:00,optimism_wbtc_weth,66639.2095267445,,hold,,,,,,velodrome-finance-slipstream | WETH / WBTC 0.05%,66547.99124040402,velodrome-finance-slipstream | WETH / WBTC 0.05%,66481.47650653057,19.855353764737238,43.74826489788042,5.209528209737524,
2026-04-02 18:00:00+00:00,optimism_wbtc_weth,66646.8012306298,,hold,,,,,,sushiswap-v3-optimism | WETH / WBTC 0.3%,66839.12715532472,velodrome-finance-slipstream | WETH / WBTC 0.05%,66779.86600942054,26.120225650192452,1.129896074794079,50.11601426137213,
2026-04-02 19:00:00+00:00,optimism_wbtc_weth,66646.8012306298,,hold,,,,,,sushiswap-v3-optimism | WETH / WBTC 0.3%,66839.12715532472,velodrome-finance-slipstream | WETH / WBTC 0.05%,66791.18346201796,27.81939258733379,1.1392247806107925,51.81924786135994,
2026-04-02 20:00:00+00:00,optimism_wbtc_weth,66709.0479907694,,hold,,,,,,sushiswap-v3-optimism | WETH / WBTC 0.3%,66810.34120628446,velodrome-finance-slipstream | WETH / WBTC 0.05%,66800.7612226691,33.578580265491986,8.569660573902738,43.87988440592183,
2026-04-02 21:00:00+00:00,optimism_wbtc_weth,66610.5096772527,,hold,,,,,,uniswap_v3_optimism | WETH / WBTC 0.3%,66485.97577548937,velodrome-finance-slipstream | WETH / WBTC 0.05%,66687.84277083524,65.4861723952016,40.397722314458036,41.73494840629344,
2026-04-02 22:00:00+00:00,optimism_wbtc_weth,66610.5096772527,,hold,,,,,,uniswap_v3_optimism | WETH / WBTC 0.3%,66485.97577548937,velodrome-finance-slipstream | WETH / WBTC 0.05%,66812.68018702898,84.32842660956564,48.78704523949784,60.53274112196361,
2026-04-02 23:00:00+00:00,optimism_wbtc_weth,66774.4305369161,,hold,,,,,,velodrome-finance-slipstream | WETH / WBTC 0.05%,66739.23838490639,velodrome-finance-slipstream | WETH / WBTC 0.05%,66672.53249946421,11.7109192721232,35.28890189938183,13.348673880688722,
2026-04-03 00:00:00+00:00,optimism_wbtc_weth,66616.0305023564,,hold,,,,,,sushiswap-v3-optimism | WETH / WBTC 0.3%,66449.0537113435,velodrome-finance-slipstream | WETH / WBTC 0.05%,66582.72248710523,79.11325862772989,30.141107371386422,1.2940829635366136,
2026-04-03 01:00:00+00:00,optimism_wbtc_weth,66387.2437307771,,hold,,,,,,velodrome-finance-slipstream | WETH / WBTC 0.05%,66420.43735264249,uniswap_v3_optimism | WETH / WBTC 0.3%,66574.10724530535,79.11325862772989,4.308366497058902,33.16408509087765,
2026-04-03 02:00:00+00:00,optimism_wbtc_weth,66265.0933623806,,hold,,,,,,velodrome-finance-slipstream | WETH / WBTC 0.05%,66298.22590906179,uniswap_v3_optimism | WETH / WBTC 0.3%,66574.10724530535,79.11325862772989,22.74990019922818,51.658810246915095,
2026-04-03 03:00:00+00:00,optimism_wbtc_weth,66410.6236043893,,hold,,,,,,velodrome-finance-slipstream | WETH / WBTC 0.05%,66443.82891619149,uniswap_v3_optimism | WETH / WBTC 0.3%,66574.10724530535,79.11325862772989,0.7863476920633161,29.631907624252385,
2026-04-03 04:00:00+00:00,optimism_wbtc_weth,66529.2222435016,,hold,,,,,,sushiswap-v3-optimism | WETH / WBTC 0.3%,66449.0537113435,uniswap_v3_optimism | WETH / WBTC 0.3%,66574.10724530535,79.11325862772989,17.070693553080662,11.752535899631766,
2026-04-03 05:00:00+00:00,optimism_wbtc_weth,66422.1192100356,,hold,,,,,,velodrome-finance-slipstream | WETH / WBTC 0.05%,66498.98346945138,velodrome-finance-slipstream | WETH / WBTC 0.05%,66432.51771885723,8.209006254573659,16.764737808547814,31.660500479953058,
2026-04-03 06:00:00+00:00,optimism_wbtc_weth,66540.4324358003,,hold,,,,,,velodrome-finance-slipstream | WETH / WBTC 0.05%,66664.39489069341,velodrome-finance-slipstream | WETH / WBTC 0.05%,66597.7638113424,16.909977686470068,8.063892536120942,38.73221753545985,
2026-04-03 07:00:00+00:00,optimism_wbtc_weth,66554.3521124293,,hold,,,,,,sushiswap-v3-optimism | WETH / WBTC 0.3%,66740.0537331077,velodrome-finance-slipstream | WETH / WBTC 0.05%,66853.63804993924,52.096017751124265,2.0919125589413667,75.19423283340876,
2026-04-03 08:00:00+00:00,optimism_wbtc_weth,66554.3521124293,,hold,,,,,,sushiswap-v3-optimism | WETH / WBTC 0.3%,66740.0537331077,velodrome-finance-slipstream | WETH / WBTC 0.05%,66785.10777676136,41.79182330186882,2.0919125589413667,64.86636088453236,
2026-04-03 09:00:00+00:00,optimism_wbtc_weth,66675.3752976973,,hold,,,,,,velodrome-finance-slipstream | WETH / WBTC 0.05%,66708.71298534615,uniswap_v3_optimism | WETH / WBTC 0.3%,66894.25494242193,83.42433479953337,4.698149066140189,37.846581740088595,
2026-04-03 10:00:00+00:00,optimism_wbtc_weth,66632.8130984969,,hold,,,,,,velodrome-finance-slipstream | WETH / WBTC 0.05%,66666.12950504615,uniswap_v3_optimism | WETH / WBTC 0.3%,66894.25494242193,83.42433479953337,11.088723555785496,44.25833003478541,
2026-04-03 11:00:00+00:00,optimism_wbtc_weth,66833.1176634914,,hold,,,,,,sushiswap-v3-optimism | WETH / WBTC 0.3%,66740.0537331077,velodrome-finance-slipstream | WETH / WBTC 0.05%,66799.70110465966,60.38143916801797,18.951211774751453,8.73739728975087,
2026-04-03 12:00:00+00:00,optimism_wbtc_weth,66570.6016249014,,hold,,,,,,velodrome-finance-slipstream | WETH / WBTC 0.05%,66595.12178909732,velodrome-finance-slipstream | WETH / WBTC 0.05%,66528.55994822868,8.349836118635157,26.30697804466786,16.71143578338974,
2026-04-03 13:00:00+00:00,optimism_wbtc_weth,66467.254949253,,hold,,,,,,velodrome-finance-slipstream | WETH / WBTC 0.05%,66593.4696599978,velodrome-finance-slipstream | WETH / WBTC 0.05%,66526.9094704326,14.794120265726463,10.178328040237883,39.09230095420213,
2026-04-03 14:00:00+00:00,optimism_wbtc_weth,66740.1083793439,,hold,,,,,,velodrome-finance-slipstream | WETH / WBTC 0.05%,66763.4746592052,velodrome-finance-slipstream | WETH / WBTC 0.05%,66696.7445496008,2.027430289490706,26.48964065748327,23.04312355487559,
2026-04-03 15:00:00+00:00,optimism_wbtc_weth,66686.8508293966,,hold,,,,,,velodrome-finance-slipstream | WETH / WBTC 0.05%,66703.86993862974,velodrome-finance-slipstream | WETH / WBTC 0.05%,66637.19940395845,7.309638833734589,27.440903117532667,17.7526103263137,
2026-04-03 16:00:00+00:00,optimism_wbtc_weth,66774.2111640369,,hold,,,,,,velodrome-finance-slipstream | WETH / WBTC 0.05%,66807.59826961892,velodrome-finance-slipstream | WETH / WBTC 0.05%,66740.82405845488,4.936182328405536,22.840837875224285,22.275194833867307,
2026-04-03 17:00:00+00:00,optimism_wbtc_weth,66696.3606851024,,hold,,,,,,velodrome-finance-slipstream | WETH / WBTC 0.05%,66697.7466472322,velodrome-finance-slipstream | WETH / WBTC 0.05%,66631.0822327922,7.346878232159515,29.791579163302995,17.71533220601862,
2026-04-03 18:00:00+00:00,optimism_wbtc_weth,66696.3606851024,,hold,,,,,,velodrome-finance-slipstream | WETH / WBTC 0.05%,66670.37125170627,velodrome-finance-slipstream | WETH / WBTC 0.05%,66603.73419898094,11.455976078975638,33.90989298648117,13.603665271664234,
2026-04-03 19:00:00+00:00,optimism_wbtc_weth,66696.3606851024,,hold,,,,,,velodrome-finance-slipstream | WETH / WBTC 0.05%,66696.47016465568,velodrome-finance-slipstream | WETH / WBTC 0.05%,66629.80702606033,7.538405668254811,29.983536161406477,17.523610000680367,
2026-04-03 20:00:00+00:00,optimism_wbtc_weth,66696.3606851024,,hold,,,,,,velodrome-finance-slipstream | WETH / WBTC 0.05%,66709.16300345295,velodrome-finance-slipstream | WETH / WBTC 0.05%,66642.48717836205,5.634258381410628,28.07511821053099,19.430019920361197,
2026-04-03 21:00:00+00:00,optimism_wbtc_weth,66713.3919735431,,hold,,,,,,velodrome-finance-slipstream | WETH / WBTC 0.05%,66834.28118747135,velodrome-finance-slipstream | WETH / WBTC 0.05%,66767.48030672426,15.671029261834502,9.301899950411308,38.22223425120397,
2026-04-03 22:00:00+00:00,optimism_wbtc_weth,66696.3606851024,,hold,,,,,,velodrome-finance-slipstream | WETH / WBTC 0.05%,66712.43919045811,velodrome-finance-slipstream | WETH / WBTC 0.05%,66645.76009081748,5.142890814380241,27.58264859335391,19.922089149722044,
2026-04-03 23:00:00+00:00,optimism_wbtc_weth,66713.3919735431,,hold,,,,,,velodrome-finance-slipstream | WETH / WBTC 0.05%,66762.89192940081,velodrome-finance-slipstream | WETH / WBTC 0.05%,66696.16240223499,4.972757190169208,20.004801154827057,27.499874035485927,
2026-04-04 00:00:00+00:00,optimism_wbtc_weth,66713.3919735431,,hold,,,,,,velodrome-finance-slipstream | WETH / WBTC 0.05%,66833.77489474189,velodrome-finance-slipstream | WETH / WBTC 0.05%,66766.9745200345,15.595157099634882,9.377724438657253,38.14619125584784,
2026-04-04 01:00:00+00:00,optimism_wbtc_weth,66696.3606851024,,hold,,,,,,velodrome-finance-slipstream | WETH / WBTC 0.05%,66713.06930670318,velodrome-finance-slipstream | WETH / WBTC 0.05%,66646.38957726122,5.048390544264425,27.48793637592284,20.016729905771857,
2026-04-04 02:00:00+00:00,optimism_wbtc_weth,66696.3606851024,,hold,,,,,,velodrome-finance-slipstream | WETH / WBTC 0.05%,66690.47080528278,velodrome-finance-slipstream | WETH / WBTC 0.05%,66623.81366304863,8.438666509251735,30.885816127512733,16.62253196739849,
2026-04-04 03:00:00+00:00,optimism_wbtc_weth,66712.3052293216,,hold,,,,,,velodrome-finance-slipstream | WETH / WBTC 0.05%,66745.66138193625,velodrome-finance-slipstream | WETH / WBTC 0.05%,66678.94907670695,2.5535558860712015,22.591488660004266,24.911919746255506,
2026-04-04 04:00:00+00:00,optimism_wbtc_weth,66721.7561003466,,hold,,,,,,velodrome-finance-slipstream | WETH / WBTC 0.05%,66755.11697839676,uniswap_v3_optimism | WETH / WBTC 0.3%,66941.80160419045,64.43074048941622,23.73079072248707,37.99857247266614,
2026-04-04 05:00:00+00:00,optimism_wbtc_weth,66755.62870847,,hold,,,,,,velodrome-finance-slipstream | WETH / WBTC 0.05%,66789.00652282423,uniswap_v3_optimism | WETH / WBTC 0.3%,66941.80160419045,64.43074048941622,18.644629276964864,32.90517138324623,
2026-04-04 06:00:00+00:00,optimism_wbtc_weth,66800.3667887505,,hold,,,,,,velodrome-finance-slipstream | WETH / WBTC 0.05%,66833.76697214488,uniswap_v3_optimism | WETH / WBTC 0.3%,66941.80160419045,64.43074048941622,11.934861812006314,26.18585323304279,
2026-04-04 07:00:00+00:00,optimism_wbtc_weth,66733.1263070119,,hold,,,,,,velodrome-finance-slipstream | WETH / WBTC 0.05%,66766.4928701654,uniswap_v3_optimism | WETH / WBTC 0.3%,66941.80160419045,64.43074048941622,22.02291493492936,36.288265694139895,
2026-04-04 08:00:00+00:00,optimism_wbtc_weth,66713.3919735431,,hold,,,,,,velodrome-finance-slipstream | WETH / WBTC 0.05%,66735.16746982618,uniswap_v3_optimism | WETH / WBTC 0.3%,66941.80160419045,66.17731859401621,26.727239385169188,40.9992862813735,
2026-04-04 09:00:00+00:00,optimism_wbtc_weth,66746.835619802,,hold,,,,,,velodrome-finance-slipstream | WETH / WBTC 0.05%,66776.04444523274,velodrome-finance-slipstream | WETH / WBTC 0.05%,66709.30177212406,5.502152575564967,25.612730261215244,19.562309620240192,
2026-04-04 10:00:00+00:00,optimism_wbtc_weth,66949.466365698,,hold,,,,,,velodrome-finance-slipstream | WETH / WBTC 0.05%,67002.9999718247,velodrome-finance-slipstream | WETH / WBTC 0.05%,66936.03045661049,3.0001770541998596,21.98073458312244,28.077358860578716,
2026-04-04 11:00:00+00:00,optimism_wbtc_weth,66942.8401635936,,hold,,,,,,velodrome-finance-slipstream | WETH / WBTC 0.05%,66976.3115836754,velodrome-finance-slipstream | WETH / WBTC 0.05%,66909.3687435118,0.6649882530362916,24.350361991376523,25.045762237814184,
2026-04-04 12:00:00+00:00,optimism_wbtc_weth,66936.5293614107,,hold,,,,,,velodrome-finance-slipstream | WETH / WBTC 0.05%,66941.47273340651,velodrome-finance-slipstream | WETH / WBTC 0.05%,66874.56471468248,4.382974245860094,29.259322821961753,20.683186043994883,
2026-04-04 13:00:00+00:00,optimism_wbtc_weth,67056.8709752445,,hold,,,,,,velodrome-finance-slipstream | WETH / WBTC 0.05%,67050.12933240975,velodrome-finance-slipstream | WETH / WBTC 0.05%,66983.11271138785,6.3691533281207136,31.00847945120666,18.694165748112113,
2026-04-04 14:00:00+00:00,optimism_wbtc_weth,67007.3529569509,,hold,,,,,,velodrome-finance-slipstream | WETH / WBTC 0.05%,66963.06706275321,velodrome-finance-slipstream | WETH / WBTC 0.05%,66896.1374604916,19.01531001553103,36.63332099747674,6.048414413983849,
2026-04-04 15:00:00+00:00,optimism_wbtc_weth,67127.4471349804,,hold,,,,,,velodrome-finance-slipstream | WETH / WBTC 0.05%,67161.01085854787,velodrome-finance-slipstream | WETH / WBTC 0.05%,67093.88341141291,31.228589752720914,14.447479033141697,4.3841575459424575,
2026-04-04 16:00:00+00:00,optimism_wbtc_weth,67238.4537366542,,hold,,,,,,sushiswap-v3-optimism | WETH / WBTC 0.3%,67258.04158817022,velodrome-finance-slipstream | WETH / WBTC 0.05%,67204.83450978588,31.228589752720914,2.0862004038457727,20.928100963533147,
2026-04-04 17:00:00+00:00,optimism_wbtc_weth,67124.3295016195,,hold,,,,,,velodrome-finance-slipstream | WETH / WBTC 0.05%,67157.89166637031,velodrome-finance-slipstream | WETH / WBTC 0.05%,67090.7673368687,31.228589752720914,14.912606592452082,3.9195189646168416,
2026-04-04 18:00:00+00:00,optimism_wbtc_weth,67123.0147727737,,hold,,,,,,velodrome-finance-slipstream | WETH / WBTC 0.05%,67156.5762801601,velodrome-finance-slipstream | WETH / WBTC 0.05%,67089.45326538732,31.228589752720914,15.108767246685417,3.7235774682886635,
2026-04-04 19:00:00+00:00,optimism_wbtc_weth,67045.33459915,,hold,,,,,,velodrome-finance-slipstream | WETH / WBTC 0.05%,67213.73783503026,velodrome-finance-slipstream | WETH / WBTC 0.05%,67146.55768726913,21.688227637739477,3.2921385441220252,45.23340817457422,
2026-04-04 20:00:00+00:00,optimism_wbtc_weth,67045.33459915,,hold,,,,,,velodrome-finance-slipstream | WETH / WBTC 0.05%,67135.52362187007,velodrome-finance-slipstream | WETH / WBTC 0.05%,67068.42164923453,10.026348913105831,14.946171780452211,33.54413076882557,
2026-04-04 21:00:00+00:00,optimism_wbtc_weth,67045.33459915,,hold,,,,,,uniswap_v3_optimism | WETH / WBTC 0.3%,67235.86552873238,velodrome-finance-slipstream | WETH / WBTC 0.05%,67203.67545943525,30.213109993915133,1.5772942211200736,53.77831908178532,
2026-04-04 22:00:00+00:00,optimism_wbtc_weth,67045.33459915,,hold,,,,,,uniswap_v3_optimism | WETH / WBTC 0.3%,67235.86552873238,velodrome-finance-slipstream | WETH / WBTC 0.05%,67224.10969663125,33.2629395220585,1.5772942211200736,56.835313948264684,
2026-04-04 23:00:00+00:00,optimism_wbtc_weth,67045.33459915,,hold,,,,,,velodrome-finance-slipstream | WETH / WBTC 0.05%,67145.63024366657,velodrome-finance-slipstream | WETH / WBTC 0.05%,67078.51816946002,11.53326425424872,13.438742735505382,35.054586490885775,
2026-04-05 00:00:00+00:00,optimism_wbtc_weth,67045.33459915,,hold,,,,,,velodrome-finance-slipstream | WETH / WBTC 0.05%,67096.84638568826,velodrome-finance-slipstream | WETH / WBTC 0.05%,67029.78307095994,4.25950399410624,20.719176911088155,27.76373709420188,
2026-04-05 01:00:00+00:00,optimism_wbtc_weth,67034.7612449974,,hold,,,,,,velodrome-finance-slipstream | WETH / WBTC 0.05%,66983.75231728314,velodrome-finance-slipstream | WETH / WBTC 0.05%,66916.80204010445,14.198211637344027,37.63796483885251,10.86159252075447,
2026-04-05 02:00:00+00:00,optimism_wbtc_weth,67034.7612449974,,hold,,,,,,velodrome-finance-slipstream | WETH / WBTC 0.05%,67011.66632032006,velodrome-finance-slipstream | WETH / WBTC 0.05%,66944.68814308835,10.026753522041076,33.4567427917154,15.033398536816733,
2026-04-05 03:00:00+00:00,optimism_wbtc_weth,66939.0625126394,,hold,,,,,,velodrome-finance-slipstream | WETH / WBTC 0.05%,66972.07512816352,velodrome-finance-slipstream | WETH / WBTC 0.05%,66905.13652233827,5.545891593861096,25.055901536970016,19.518509329490286,
2026-04-05 04:00:00+00:00,optimism_wbtc_weth,66963.6635485892,,hold,,,,,,velodrome-finance-slipstream | WETH / WBTC 0.05%,66997.1453803635,velodrome-finance-slipstream | WETH / WBTC 0.05%,66930.18171681491,3.5212406240581196,21.672264712959688,24.86159794407694,
2026-04-05 05:00:00+00:00,optimism_wbtc_weth,66845.4180603768,,hold,,,,,,velodrome-finance-slipstream | WETH / WBTC 0.05%,66754.70663004293,velodrome-finance-slipstream | WETH / WBTC 0.05%,66687.98528408588,18.907996188923804,43.62953553658677,6.155590499936636,
2026-04-05 06:00:00+00:00,optimism_wbtc_weth,66479.2228149011,,hold,,,,,,sushiswap-v3-optimism | WETH / WBTC 0.3%,66654.88233662356,velodrome-finance-slipstream | WETH / WBTC 0.05%,66624.49503079991,30.44264288867282,3.5673525912405246,52.008298394723425,
2026-04-05 07:00:00+00:00,optimism_wbtc_weth,66479.2228149011,,hold,,,,,,velodrome-finance-slipstream | WETH / WBTC 0.05%,66576.03433794653,velodrome-finance-slipstream | WETH / WBTC 0.05%,66509.49157499007,13.128656993526278,11.843300590237416,34.657087078071584,
2026-04-05 08:00:00+00:00,optimism_wbtc_weth,66479.2228149011,,hold,,,,,,sushiswap-v3-optimism | WETH / WBTC 0.3%,66654.88233662356,velodrome-finance-slipstream | WETH / WBTC 0.05%,66675.0341178796,38.0513972055696,3.5673525912405246,59.63341168801595,
2026-04-05 09:00:00+00:00,optimism_wbtc_weth,66479.2228149011,,hold,,,,,,sushiswap-v3-optimism | WETH / WBTC 0.3%,66654.88233662356,velodrome-finance-slipstream | WETH / WBTC 0.05%,66791.145301422,55.53215358776286,3.5673525912405246,77.1517520516496,
2026-04-05 10:00:00+00:00,optimism_wbtc_weth,66479.2228149011,,hold,,,,,,sushiswap-v3-optimism | WETH / WBTC 0.3%,66654.88233662356,velodrome-finance-slipstream | WETH / WBTC 0.05%,66793.83482772113,55.93706681475963,3.5673525912405246,77.55753585031222,
2026-04-05 11:00:00+00:00,optimism_wbtc_weth,66479.2228149011,,hold,,,,,,sushiswap-v3-optimism | WETH / WBTC 0.3%,66654.88233662356,velodrome-finance-slipstream | WETH / WBTC 0.05%,66764.55556316808,51.52901863984205,3.5673525912405246,73.14001028224438,
2026-04-05 12:00:00+00:00,optimism_wbtc_weth,66532.8716313159,,hold,,,,,,velodrome-finance-slipstream | WETH / WBTC 0.05%,66610.84438728253,velodrome-finance-slipstream | WETH / WBTC 0.05%,66544.26683167307,13.560210970349207,11.411820607027945,31.80814177507596,
2026-04-05 13:00:00+00:00,optimism_wbtc_weth,66652.8531491523,,hold,,,,,,velodrome-finance-slipstream | WETH / WBTC 0.05%,66718.30318908337,velodrome-finance-slipstream | WETH / WBTC 0.05%,66651.61822837465,22.859238401116144,2.123413883341474,29.904436803960266,
2026-04-05 14:00:00+00:00,optimism_wbtc_weth,66652.8531491523,,hold,,,,,,sushiswap-v3-optimism | WETH / WBTC 0.3%,66732.47024620984,velodrome-finance-slipstream | WETH / WBTC 0.05%,66707.14491555124,31.209165744796596,6.206151872052423,38.26023342041074,
2026-04-05 15:00:00+00:00,optimism_wbtc_weth,66973.6541170014,,hold,,,,,,uniswap_v3_optimism | WETH / WBTC 0.3%,67167.92862844521,velodrome-finance-slipstream | WETH / WBTC 0.05%,67114.6924679161,27.063924150572127,0.9895274490223649,51.21241816981037,
2026-04-05 16:00:00+00:00,optimism_wbtc_weth,66973.6541170014,,hold,,,,,,velodrome-finance-slipstream | WETH / WBTC 0.05%,67044.89074927587,velodrome-finance-slipstream | WETH / WBTC 0.05%,66977.87936421913,6.62378375826389,18.351566807597308,30.72305114328877,
2026-04-05 17:00:00+00:00,optimism_wbtc_weth,67158.6277734969,,hold,,,,,,velodrome-finance-slipstream | WETH / WBTC 0.05%,67189.74410714777,velodrome-finance-slipstream | WETH / WBTC 0.05%,67122.58794112364,4.559632425424898,25.35499307720901,20.506243158482373,
2026-04-05 18:00:00+00:00,optimism_wbtc_weth,67209.7952360455,,hold,,,,,,velodrome-finance-slipstream | WETH / WBTC 0.05%,67243.40013366351,velodrome-finance-slipstream | WETH / WBTC 0.05%,67176.19033842748,5.436909632958731,21.555571803808515,23.05891888531253,
2026-04-05 19:00:00+00:00,optimism_wbtc_weth,67306.3945227172,,hold,,,,,,velodrome-finance-slipstream | WETH / WBTC 0.05%,67166.61805507515,uniswap_v3_optimism | WETH / WBTC 0.3%,67110.32868677822,26.695338560491777,50.872838488011936,0.872273808802948,
2026-04-05 20:00:00+00:00,optimism_wbtc_weth,67246.7267013078,,hold,,,,,,sushiswap-v3-optimism | WETH / WBTC 0.3%,67438.76488412748,velodrome-finance-slipstream | WETH / WBTC 0.05%,67414.26748276285,31.37224846475828,1.4386380445885472,55.07957876047742,
2026-04-05 21:00:00+00:00,optimism_wbtc_weth,67246.7267013078,,hold,,,,,,sushiswap-v3-optimism | WETH / WBTC 0.3%,67438.76488412748,velodrome-finance-slipstream | WETH / WBTC 0.05%,67372.99598832041,25.23097096577054,0.24285787761924027,48.923787465122714,
2026-04-05 22:00:00+00:00,optimism_wbtc_weth,67343.1004944661,,hold,,,,,,sushiswap-v3-optimism | WETH / WBTC 0.3%,67523.33925600834,velodrome-finance-slipstream | WETH / WBTC 0.05%,67970.33712283407,101.44833799647034,3.2271123112748157,123.51097697977265,
2026-04-05 23:00:00+00:00,optimism_wbtc_weth,68533.6172778233,,hold,,,,,,uniswap_v3_optimism | WETH / WBTC 0.3%,68318.39621421226,velodrome-finance-slipstream | WETH / WBTC 0.05%,68760.67490189195,99.98206618775596,61.59715958861334,63.32080141251639,
2026-04-06 00:00:00+00:00,optimism_wbtc_weth,68875.3179614387,,hold,,,,,,sushiswap-v3-optimism | WETH / WBTC 0.3%,68739.21812965676,velodrome-finance-slipstream | WETH / WBTC 0.05%,68844.34024965257,50.36394916231757,25.3131915622129,25.579086620559632,
2026-04-06 01:00:00+00:00,optimism_wbtc_weth,68637.5098223553,,hold,,,,,,velodrome-finance-slipstream | WETH / WBTC 0.05%,68671.82857726648,velodrome-finance-slipstream | WETH / WBTC 0.05%,68603.19106744413,4.201084577619696,22.664165760173383,23.188298890230996,
2026-04-06 02:00:00+00:00,optimism_wbtc_weth,69082.4934004815,,hold,,,,,,sushiswap-v3-optimism | WETH / WBTC 0.3%,68647.45196531614,uniswap_v3_optimism | WETH / WBTC 0.3%,69129.13042664042,130.76979359569086,68.40496892773996,11.756796592365948,
2026-04-06 03:00:00+00:00,optimism_wbtc_weth,68904.9762073689,,hold,,,,,,sushiswap-v3-optimism | WETH / WBTC 0.3%,68647.45196531614,uniswap_v3_optimism | WETH / WBTC 0.3%,69129.13042664042,130.76979359569086,42.532784800806134,37.549693745519974,
2026-04-06 04:00:00+00:00,optimism_wbtc_weth,69026.0669067653,,hold,,,,,,sushiswap-v3-optimism | WETH / WBTC 0.3%,68647.45196531614,uniswap_v3_optimism | WETH / WBTC 0.3%,69129.13042664042,130.76979359569086,60.18110841335744,19.941071856579562,
2026-04-06 05:00:00+00:00,optimism_wbtc_weth,68992.7535356025,,hold,,,,,,sushiswap-v3-optimism | WETH / WBTC 0.3%,68647.45196531614,uniswap_v3_optimism | WETH / WBTC 0.3%,69129.13042664042,130.76979359569086,55.32586223973013,24.779232371279214,
2026-04-06 06:00:00+00:00,optimism_wbtc_weth,68816.3842331663,,hold,,,,,,sushiswap-v3-optimism | WETH / WBTC 0.3%,68647.45196531614,uniswap_v3_optimism | WETH / WBTC 0.3%,69129.13042664042,130.76979359569086,29.62097705672795,50.471708661512515,
2026-04-06 07:00:00+00:00,optimism_wbtc_weth,68988.3223724408,,hold,,,,,,sushiswap-v3-optimism | WETH / WBTC 0.3%,68647.45196531614,uniswap_v3_optimism | WETH / WBTC 0.3%,69129.13042664042,130.76979359569086,54.680043842054715,25.423130221102763,
2026-04-06 08:00:00+00:00,optimism_wbtc_weth,68935.8946328648,,hold,,,,,,velodrome-finance-slipstream | WETH / WBTC 0.05%,69112.14160752475,velodrome-finance-slipstream | WETH / WBTC 0.05%,69043.06400471863,24.35281973117487,0.6331446299956411,45.68328631887164,
2026-04-06 09:00:00+00:00,optimism_wbtc_weth,69593.3055124756,,hold,,,,,,velodrome-finance-slipstream | WETH / WBTC 0.05%,69568.29729887021,uniswap_v3_optimism | WETH / WBTC 0.3%,69545.5759969113,31.827807845359324,33.605555866695894,6.735692267956228,
2026-04-06 10:00:00+00:00,optimism_wbtc_weth,69593.3055124756,,hold,,,,,,velodrome-finance-slipstream | WETH / WBTC 0.05%,69558.57942205275,uniswap_v3_optimism | WETH / WBTC 0.3%,69545.5759969113,33.22933254153115,35.007328928151615,8.133711399604948,
2026-04-06 11:00:00+00:00,optimism_wbtc_weth,69465.3991415693,,hold,,,,,,uniswap_v3_optimism | WETH / WBTC 0.3%,69396.835049377,velodrome-finance-slipstream | WETH / WBTC 0.05%,69430.66644199852,58.396089583581116,14.884942762820597,6.650019678602348,
2026-04-06 12:00:00+00:00,optimism_wbtc_weth,69265.4073534026,,hold,,,,,,velodrome-finance-slipstream | WETH / WBTC 0.05%,69300.0400570793,velodrome-finance-slipstream | WETH / WBTC 0.05%,69230.77464972589,18.281994775197763,13.967523282523153,17.79290847598647,
2026-04-06 13:00:00+00:00,optimism_wbtc_weth,69286.4923273569,,hold,,,,,,velodrome-finance-slipstream | WETH / WBTC 0.05%,69321.13557352057,velodrome-finance-slipstream | WETH / WBTC 0.05%,69251.84908119323,18.281994775197763,10.920114800505587,20.84240909434376,
2026-04-06 14:00:00+00:00,optimism_wbtc_weth,69527.2028918986,,hold,,,,,,sushiswap-v3-optimism | WETH / WBTC 0.3%,69402.38727573058,uniswap_v3_optimism | WETH / WBTC 0.3%,69584.78404427617,86.6197534993507,22.99333263277692,13.288460552887127,
2026-04-06 15:00:00+00:00,optimism_wbtc_weth,69509.4758879391,,hold,,,,,,uniswap_v3_optimism | WETH / WBTC 0.3%,69640.50179718331,velodrome-finance-slipstream | WETH / WBTC 0.05%,69717.25448978347,46.07737469746853,11.128943132161506,60.07234313020415,
2026-04-06 16:00:00+00:00,optimism_wbtc_weth,69639.2737923933,,hold,,,,,,velodrome-finance-slipstream | WETH / WBTC 0.05%,69674.0934292895,velodrome-finance-slipstream | WETH / WBTC 0.05%,69604.45415549711,1.6657904840489124,24.170003150485453,24.222977072692053,
2026-04-06 17:00:00+00:00,optimism_wbtc_weth,69489.1934740029,,hold,,,,,,velodrome-finance-slipstream | WETH / WBTC 0.05%,69368.7147448822,velodrome-finance-slipstream | WETH / WBTC 0.05%,69299.3806971612,24.833416788629936,47.41998042668838,0.24120988185050152,
2026-04-06 18:00:00+00:00,optimism_wbtc_weth,69659.2116233738,,hold,,,,,,velodrome-finance-slipstream | WETH / WBTC 0.05%,69694.04122918549,velodrome-finance-slipstream | WETH / WBTC 0.05%,69624.38201756212,41.51397266085599,2.970886103805803,5.603263616871246,
2026-04-06 19:00:00+00:00,optimism_wbtc_weth,69313.0808715487,,hold,,,,,,velodrome-finance-slipstream | WETH / WBTC 0.05%,69466.36372205465,velodrome-finance-slipstream | WETH / WBTC 0.05%,69396.93207415655,17.638642152941753,7.335924519187298,42.22412954296484,
2026-04-06 20:00:00+00:00,optimism_wbtc_weth,69452.4481050939,,hold,,,,,,uniswap_v3_optimism | WETH / WBTC 0.3%,69517.3237221434,velodrome-finance-slipstream | WETH / WBTC 0.05%,69598.9248359366,46.796854704482804,20.639708145162583,51.24395038760055,
2026-04-06 21:00:00+00:00,optimism_wbtc_weth,69371.9755551513,,hold,,,,,,velodrome-finance-slipstream | WETH / WBTC 0.05%,69406.66154292886,velodrome-finance-slipstream | WETH / WBTC 0.05%,69337.28956737372,20.639708145162583,15.944028534795596,13.459459943965246,
2026-04-06 22:00:00+00:00,optimism_wbtc_weth,68836.0764767663,,hold,,,,,,velodrome-finance-slipstream | WETH / WBTC 0.05%,68870.49451500468,velodrome-finance-slipstream | WETH / WBTC 0.05%,68801.65843852793,0.19231364584815225,24.797115510828416,25.072825864438375,
2026-04-06 23:00:00+00:00,optimism_wbtc_weth,68459.0884339295,,hold,,,,,,sushiswap-v3-optimism | WETH / WBTC 0.3%,68608.92265663852,velodrome-finance-slipstream | WETH / WBTC 0.05%,68688.60479468579,46.672139369130505,8.095600461579533,63.71721311734024,
2026-04-07 00:00:00+00:00,optimism_wbtc_weth,68635.1747632066,,hold,,,,,,velodrome-finance-slipstream | WETH / WBTC 0.05%,68723.910510871,velodrome-finance-slipstream | WETH / WBTC 0.05%,68655.220945143,9.623170231372047,15.349564867932486,33.01974560580456,
2026-04-07 01:00:00+00:00,optimism_wbtc_weth,68651.498092077,,hold,,,,,,velodrome-finance-slipstream | WETH / WBTC 0.05%,68362.32751391189,uniswap_v3_optimism | WETH / WBTC 0.3%,68746.8837984989,91.55545385391318,72.42659670131602,44.02627035426265,
2026-04-07 02:00:00+00:00,optimism_wbtc_weth,68651.498092077,,hold,,,,,,velodrome-finance-slipstream | WETH / WBTC 0.05%,68496.79447223392,uniswap_v3_optimism | WETH / WBTC 0.3%,68746.8837984989,71.74458858535182,52.65328354387755,44.02627035426265,
2026-04-07 03:00:00+00:00,optimism_wbtc_weth,68651.498092077,,hold,,,,,,velodrome-finance-slipstream | WETH / WBTC 0.05%,68612.08157080662,uniswap_v3_optimism | WETH / WBTC 0.3%,68746.8837984989,54.82129775084887,35.762071333369505,29.671669692439284,
2026-04-07 04:00:00+00:00,optimism_wbtc_weth,68732.9620241213,,hold,,,,,,velodrome-finance-slipstream | WETH / WBTC 0.05%,68767.32850513335,uniswap_v3_optimism | WETH / WBTC 0.3%,68746.8837984989,44.02627035426265,13.105653975369336,7.029001831535542,
2026-04-07 05:00:00+00:00,optimism_wbtc_weth,68651.498092077,,hold,,,,,,velodrome-finance-slipstream | WETH / WBTC 0.05%,68482.43179493894,uniswap_v3_optimism | WETH / WBTC 0.3%,68746.8837984989,73.85691452839626,54.76160550741626,44.02627035426265,
2026-04-07 06:00:00+00:00,optimism_wbtc_weth,68651.498092077,,hold,,,,,,velodrome-finance-slipstream | WETH / WBTC 0.05%,68428.52651764257,uniswap_v3_optimism | WETH / WBTC 0.3%,68746.8837984989,81.79269917928389,62.68234763173952,44.02627035426265,
2026-04-07 07:00:00+00:00,optimism_wbtc_weth,68651.498092077,,hold,,,,,,velodrome-finance-slipstream | WETH / WBTC 0.05%,68506.2982425051,uniswap_v3_optimism | WETH / WBTC 0.3%,68746.8837984989,70.34735140781345,51.25869487285328,44.02627035426265,
2026-04-07 08:00:00+00:00,optimism_wbtc_weth,68651.498092077,,hold,,,,,,velodrome-finance-slipstream | WETH / WBTC 0.05%,68597.77753764598,uniswap_v3_optimism | WETH / WBTC 0.3%,68746.8837984989,56.91793269195111,37.85473203774758,31.763060424085943,
2026-04-07 09:00:00+00:00,optimism_wbtc_weth,69002.1008761628,,hold,,,,,,velodrome-finance-slipstream | WETH / WBTC 0.05%,69061.67507966005,velodrome-finance-slipstream | WETH / WBTC 0.05%,68992.64791816115,4.581025656800186,20.397136609462407,28.716196387472692,
2026-04-07 10:00:00+00:00,optimism_wbtc_weth,68187.0100720443,,hold,,,,,,velodrome-finance-slipstream | WETH / WBTC 0.05%,68146.4148321062,velodrome-finance-slipstream | WETH / WBTC 0.05%,68078.30247345341,16.44098258698712,35.974932908535706,8.620070846574457,
2026-04-07 11:00:00+00:00,optimism_wbtc_weth,68227.3809816101,,hold,,,,,,velodrome-finance-slipstream | WETH / WBTC 0.05%,68211.50438428902,velodrome-finance-slipstream | WETH / WBTC 0.05%,68143.32696861257,16.89828656218806,32.33453685808074,8.163144798836175,
2026-04-07 12:00:00+00:00,optimism_wbtc_weth,68251.5124866596,,hold,,,,,,velodrome-finance-slipstream | WETH / WBTC 0.05%,68236.598576703,velodrome-finance-slipstream | WETH / WBTC 0.05%,68168.39607937499,11.759071511465713,32.19217428747534,13.300513996044039,
2026-04-07 13:00:00+00:00,optimism_wbtc_weth,68251.5124866596,,hold,,,,,,velodrome-finance-slipstream | WETH / WBTC 0.05%,68125.1600316613,uniswap_v3_optimism | WETH / WBTC 0.3%,68068.30470332912,26.73030138169663,48.602747106119004,1.6509359455207928,
2026-04-07 14:00:00+00:00,optimism_wbtc_weth,67979.058732037,,hold,,,,,,velodrome-finance-slipstream | WETH / WBTC 0.05%,67887.09325885076,velodrome-finance-slipstream | WETH / WBTC 0.05%,67819.24009217524,18.71371128051358,43.58746783487799,6.349631878745932,
2026-04-07 15:00:00+00:00,optimism_wbtc_weth,67979.058732037,,hold,,,,,,velodrome-finance-slipstream | WETH / WBTC 0.05%,68006.03855557325,velodrome-finance-slipstream | WETH / WBTC 0.05%,67938.06650304394,1.1905780341581185,26.020829387856104,23.881804327707812,
2026-04-07 16:00:00+00:00,optimism_wbtc_weth,67980.1451325764,,hold,,,,,,velodrome-finance-slipstream | WETH / WBTC 0.05%,68129.90984384874,velodrome-finance-slipstream | WETH / WBTC 0.05%,68061.81398193586,17.182229797521043,7.791888247912215,42.140052844987785,
2026-04-07 17:00:00+00:00,optimism_wbtc_weth,68116.8532723233,,hold,,,,,,sushiswap-v3-optimism | WETH / WBTC 0.3%,68279.20693885772,velodrome-finance-slipstream | WETH / WBTC 0.05%,68476.00850065098,63.94149904198842,6.150758798375566,82.9752645886339,
2026-04-07 18:00:00+00:00,optimism_wbtc_weth,68116.8532723233,,hold,,,,,,velodrome-finance-slipstream | WETH / WBTC 0.05%,68190.27787448339,velodrome-finance-slipstream | WETH / WBTC 0.05%,68122.1216747088,11.93063579884468,13.041311334442973,30.866034062955183,
2026-04-07 19:00:00+00:00,optimism_wbtc_weth,68626.6602021331,,hold,,,,,,velodrome-finance-slipstream | WETH / WBTC 0.05%,68772.35764831438,velodrome-finance-slipstream | WETH / WBTC 0.05%,68703.61965966041,18.321212062606396,6.654103060943495,41.33823631036648,
2026-04-07 20:00:00+00:00,optimism_wbtc_weth,68992.3058370609,,hold,,,,,,sushiswap-v3-optimism | WETH / WBTC 0.3%,68977.78937853682,velodrome-finance-slipstream | WETH / WBTC 0.05%,69049.3774619253,45.43227670640526,20.39381141052843,38.387334410279195,
2026-04-07 21:00:00+00:00,optimism_wbtc_weth,69583.8520342997,,hold,,,,,,velodrome-finance-slipstream | WETH / WBTC 0.05%,69706.5317017654,velodrome-finance-slipstream | WETH / WBTC 0.05%,69636.86000591159,13.213831271969845,11.758137969788418,37.73104844684738,
2026-04-07 22:00:00+00:00,optimism_wbtc_weth,71010.8692668802,,hold,,,,,,velodrome-finance-slipstream | WETH / WBTC 0.05%,71046.37470151363,velodrome-finance-slipstream | WETH / WBTC 0.05%,70975.36383224676,1.6830527180689003,24.042037687177498,24.33364348856548,
2026-04-07 23:00:00+00:00,optimism_wbtc_weth,71792.099622216,,hold,,,,,,velodrome-finance-slipstream | WETH / WBTC 0.05%,71827.9956720271,uniswap_v3_optimism | WETH / WBTC 0.3%,72079.81045967482,93.03592551438422,2.3913767293826105,45.098105969803015,
2026-04-08 00:00:00+00:00,optimism_wbtc_weth,71812.9449264866,,hold,,,,,,velodrome-finance-slipstream | WETH / WBTC 0.05%,71480.69525195139,uniswap_v3_optimism | WETH / WBTC 0.3%,71624.66807856271,55.31752111158639,76.62047877181388,3.7937057222059423,
2026-04-08 01:00:00+00:00,optimism_wbtc_weth,71352.4587315411,,hold,,,,,,velodrome-finance-slipstream | WETH / WBTC 0.05%,71388.13496090687,sushiswap-v3-optimism | WETH / WBTC 0.3%,71597.50609170714,65.23902848161178,24.288122185545102,39.362907254436585,
2026-04-08 02:00:00+00:00,optimism_wbtc_weth,71158.3226745684,,hold,,,,,,velodrome-finance-slipstream | WETH / WBTC 0.05%,71193.90183590568,velodrome-finance-slipstream | WETH / WBTC 0.05%,71122.74351323111,5.137009701425832,24.514530120287592,20.400738677650576,
2026-04-08 03:00:00+00:00,optimism_wbtc_weth,71225.2602677177,,hold,,,,,,velodrome-finance-slipstream | WETH / WBTC 0.05%,71243.87051204863,velodrome-finance-slipstream | WETH / WBTC 0.05%,71172.66224566978,3.7964778481702766,27.379974595742596,21.270672465178997,
2026-04-08 04:00:00+00:00,optimism_wbtc_weth,71163.6993535104,,hold,,,,,,sushiswap-v3-optimism | WETH / WBTC 0.3%,71310.61288702174,velodrome-finance-slipstream | WETH / WBTC 0.05%,71453.76515938784,55.162274048816684,9.336277147786731,70.97328060334362,
2026-04-08 05:00:00+00:00,optimism_wbtc_weth,71535.875639331,,hold,,,,,,sushiswap-v3-optimism | WETH / WBTC 0.3%,71310.61288702174,velodrome-finance-slipstream | WETH / WBTC 0.05%,71500.10770151134,68.26590278065758,36.604746413060326,18.521277831029526,
2026-04-08 06:00:00+00:00,optimism_wbtc_weth,71399.3813695998,,hold,,,,,,sushiswap-v3-optimism | WETH / WBTC 0.3%,71310.61288702174,velodrome-finance-slipstream | WETH / WBTC 0.05%,71538.271470764,67.05422504920344,41.96186656204137,49.60136776701596,
2026-04-08 07:00:00+00:00,optimism_wbtc_weth,71376.421695083,,hold,,,,,,velodrome-finance-slipstream | WETH / WBTC 0.05%,71406.62789271305,velodrome-finance-slipstream | WETH / WBTC 0.05%,71335.25695029156,0.9172100373477932,25.75714228258086,24.15580004545781,
2026-04-08 08:00:00+00:00,optimism_wbtc_weth,71407.3426492329,,hold,,,,,,velodrome-finance-slipstream | WETH / WBTC 0.05%,71550.37249906993,velodrome-finance-slipstream | WETH / WBTC 0.05%,71478.85788387846,22.486711742868426,2.495183656445743,40.135515917787416,
2026-04-08 09:00:00+00:00,optimism_wbtc_weth,71407.3426492329,,hold,,,,,,velodrome-finance-slipstream | WETH / WBTC 0.05%,71526.88515104582,velodrome-finance-slipstream | WETH / WBTC 0.05%,71455.39401146457,19.196699053294353,5.779712054290176,36.8397097768125,
2026-04-08 10:00:00+00:00,optimism_wbtc_weth,71354.1631416522,,hold,,,,,,velodrome-finance-slipstream | WETH / WBTC 0.05%,71360.70796332191,velodrome-finance-slipstream | WETH / WBTC 0.05%,71289.3829178813,11.53833245011171,29.080102156764376,13.521291910798539,
2026-04-08 11:00:00+00:00,optimism_wbtc_weth,71407.3426492329,,hold,,,,,,velodrome-finance-slipstream | WETH / WBTC 0.05%,71520.46264906735,velodrome-finance-slipstream | WETH / WBTC 0.05%,71448.97792877843,18.297060959360234,6.678226096517026,35.938487491549154,
2026-04-08 12:00:00+00:00,optimism_wbtc_weth,71814.0428229499,,hold,,,,,,sushiswap-v3-optimism | WETH / WBTC 0.3%,71621.56467718059,velodrome-finance-slipstream | WETH / WBTC 0.05%,71817.77851559386,62.50935862964546,37.42832832398957,30.61202579196509,
2026-04-08 13:00:00+00:00,optimism_wbtc_weth,72344.5640447143,,hold,,,,,,velodrome-finance-slipstream | WETH / WBTC 0.05%,71486.50884353711,sushiswap-v3-optimism | WETH / WBTC 0.3%,72156.83435043792,129.20400906543117,150.39045978093134,4.062803441975404,
2026-04-08 14:00:00+00:00,optimism_wbtc_weth,70707.2335798805,,hold,,,,,,velodrome-finance-slipstream | WETH / WBTC 0.05%,70630.70540959026,velodrome-finance-slipstream | WETH / WBTC 0.05%,70560.11000188453,16.12066548261515,40.86747673777147,8.94014808075827,
2026-04-08 15:00:00+00:00,optimism_wbtc_weth,70971.2378261603,,hold,,,,,,sushiswap-v3-optimism | WETH / WBTC 0.3%,70919.35528062013,velodrome-finance-slipstream | WETH / WBTC 0.05%,71098.43805445991,60.35754130102822,35.28187444833408,48.0669866115635,
2026-04-08 16:00:00+00:00,optimism_wbtc_weth,71422.0793292485,,hold,,,,,,sushiswap-v3-optimism | WETH / WBTC 0.3%,71321.79733719378,velodrome-finance-slipstream | WETH / WBTC 0.05%,71386.36828958389,47.32851173566921,19.067527291325437,21.856537199280712,
2026-04-08 17:00:00+00:00,optimism_wbtc_weth,71513.0642874121,,hold,,,,,,sushiswap-v3-optimism | WETH / WBTC 0.3%,71321.79733719378,velodrome-finance-slipstream | WETH / WBTC 0.05%,71616.41545945738,76.47044636521328,51.3546177351909,44.585826212528715,
2026-04-08 18:00:00+00:00,optimism_wbtc_weth,71108.4719214295,,hold,,,,,,velodrome-finance-slipstream | WETH / WBTC 0.05%,70917.08600230345,uniswap_v3_optimism | WETH / WBTC 0.3%,71298.52509454986,89.08076358803419,57.06824091407103,56.89791315297121,
2026-04-08 19:00:00+00:00,optimism_wbtc_weth,71108.4719214295,,hold,,,,,,velodrome-finance-slipstream | WETH / WBTC 0.05%,71011.05083705866,uniswap_v3_optimism | WETH / WBTC 0.3%,71298.52509454986,75.73046394301342,43.76030159702226,50.52853681959179,
2026-04-08 20:00:00+00:00,optimism_wbtc_weth,71108.4719214295,,hold,,,,,,velodrome-finance-slipstream | WETH / WBTC 0.05%,71113.5073091723,uniswap_v3_optimism | WETH / WBTC 0.3%,71298.52509454986,61.21389970135116,29.289798225802244,36.04828214331724,
2026-04-08 21:00:00+00:00,optimism_wbtc_weth,71307.2331061316,,hold,,,,,,sushiswap-v3-optimism | WETH / WBTC 0.3%,71321.79733719378,uniswap_v3_optimism | WETH / WBTC 0.3%,71298.52509454986,56.89791315297121,2.9569341040547314,3.7806942352447415,
2026-04-08 22:00:00+00:00,optimism_wbtc_weth,70984.5166283495,,hold,,,,,,velodrome-finance-slipstream | WETH / WBTC 0.05%,70928.906926113,velodrome-finance-slipstream | WETH / WBTC 0.05%,70858.013465917,16.771354616047507,37.86372351702872,8.28996766224277,
2026-04-08 23:00:00+00:00,optimism_wbtc_weth,70787.6296384633,,hold,,,,,,velodrome-finance-slipstream | WETH / WBTC 0.05%,70929.87878141331,velodrome-finance-slipstream | WETH / WBTC 0.05%,70858.98434984768,15.194473395627739,9.778175428607483,40.20071242615497,
2026-04-09 00:00:00+00:00,optimism_wbtc_weth,70786.8746372869,,hold,,,,,,velodrome-finance-slipstream | WETH / WBTC 0.05%,70675.85475307541,velodrome-finance-slipstream | WETH / WBTC 0.05%,70605.21421858958,20.8230520481556,45.75544353204508,4.243337704685768,
2026-04-09 01:00:00+00:00,optimism_wbtc_weth,70615.513875185,,hold,,,,,,uniswap_v3_optimism | WETH / WBTC 0.3%,70640.26036641031,velodrome-finance-slipstream | WETH / WBTC 0.05%,70688.83012008222,41.917233160335684,16.88752918934666,40.503967665734834,
2026-04-09 02:00:00+00:00,optimism_wbtc_weth,70924.3682163605,,hold,,,,,,velodrome-finance-slipstream | WETH / WBTC 0.05%,70938.14262911593,velodrome-finance-slipstream | WETH / WBTC 0.05%,70867.23993783246,6.351575676508681,28.052424904057016,18.711765081329546,
2026-04-09 03:00:00+00:00,optimism_wbtc_weth,70924.3682163605,,hold,,,,,,velodrome-finance-slipstream | WETH / WBTC 0.05%,70837.48325782176,velodrome-finance-slipstream | WETH / WBTC 0.05%,70766.68117560504,20.57050345645406,42.3021893786335,4.495474802581612,
2026-04-09 04:00:00+00:00,optimism_wbtc_weth,70924.3682163605,,hold,,,,,,velodrome-finance-slipstream | WETH / WBTC 0.05%,70609.39226176847,uniswap_v3_optimism | WETH / WBTC 0.3%,70734.88248741647,52.94016185376948,74.7420480953287,3.293289547245948,
2026-04-09 05:00:00+00:00,optimism_wbtc_weth,70924.3682163605,,hold,,,,,,velodrome-finance-slipstream | WETH / WBTC 0.05%,70767.39922248645,uniswap_v3_optimism | WETH / WBTC 0.3%,70734.88248741647,30.49431053372631,52.247518290264864,3.293289547245948,
2026-04-09 06:00:00+00:00,optimism_wbtc_weth,70924.3682163605,,hold,,,,,,velodrome-finance-slipstream | WETH / WBTC 0.05%,70831.17557109482,velodrome-finance-slipstream | WETH / WBTC 0.05%,70760.37979341258,21.462859386611743,43.19648056774872,3.604629724329733,
2026-04-09 07:00:00+00:00,optimism_wbtc_weth,70924.3682163605,,hold,,,,,,velodrome-finance-slipstream | WETH / WBTC 0.05%,70808.0820270738,velodrome-finance-slipstream | WETH / WBTC 0.05%,70737.30933139459,24.731287044483796,46.47199648903921,0.3430901265089048,
2026-04-09 08:00:00+00:00,optimism_wbtc_weth,70969.7699384622,,hold,,,,,,velodrome-finance-slipstream | WETH / WBTC 0.05%,71005.25482343142,velodrome-finance-slipstream | WETH / WBTC 0.05%,70934.28505349297,17.16437067570853,18.574188333824182,14.303782963196454,
2026-04-09 09:00:00+00:00,optimism_wbtc_weth,71110.3998739715,,hold,,,,,,velodrome-finance-slipstream | WETH / WBTC 0.05%,71289.45613877708,velodrome-finance-slipstream | WETH / WBTC 0.05%,71218.20230955293,20.524950756335425,4.4534148784358685,45.29575639839134,
2026-04-09 10:00:00+00:00,optimism_wbtc_weth,71110.3998739715,,hold,,,,,,velodrome-finance-slipstream | WETH / WBTC 0.05%,71233.58666017526,velodrome-finance-slipstream | WETH / WBTC 0.05%,71162.38867250894,12.671874935059613,12.300044848814196,37.42326772042448,
2026-04-09 11:00:00+00:00,optimism_wbtc_weth,71107.8806492936,,hold,,,,,,velodrome-finance-slipstream | WETH / WBTC 0.05%,71019.9171080461,velodrome-finance-slipstream | WETH / WBTC 0.05%,70948.93268315052,17.746847785056197,42.42291394638276,7.315395371161326,
2026-04-09 12:00:00+00:00,optimism_wbtc_weth,71107.8806492936,,hold,,,,,,velodrome-finance-slipstream | WETH / WBTC 0.05%,71056.21324107751,velodrome-finance-slipstream | WETH / WBTC 0.05%,70985.19253818788,17.416393955256293,37.29315679473544,7.64551598992913,
2026-04-09 13:00:00+00:00,optimism_wbtc_weth,70551.5965798102,,hold,,,,,,velodrome-finance-slipstream | WETH / WBTC 0.05%,70491.91328955513,sushiswap-v3-optimism | WETH / WBTC 0.3%,70695.18026261109,64.04204622911358,38.49208616028443,38.86935476780762,
2026-04-09 14:00:00+00:00,optimism_wbtc_weth,70907.9039745347,,hold,,,,,,uniswap_v3_optimism | WETH / WBTC 0.3%,70772.0252234043,velodrome-finance-slipstream | WETH / WBTC 0.05%,70945.33047150914,59.59107710431732,34.517320680824696,35.38433708900834,
2026-04-09 15:00:00+00:00,optimism_wbtc_weth,71670.5493667984,,hold,,,,,,uniswap_v3_optimism | WETH / WBTC 0.3%,70942.37422913189,velodrome-finance-slipstream | WETH / WBTC 0.05%,71958.0428978491,178.68697265970292,132.95111645411862,70.32417573139327,
2026-04-09 16:00:00+00:00,optimism_wbtc_weth,71628.1752756775,,hold,,,,,,velodrome-finance-slipstream | WETH / WBTC 0.05%,71804.97318950089,velodrome-finance-slipstream | WETH / WBTC 0.05%,71733.20410085571,24.086645227130443,0.8986963617041432,44.797452637472816,
2026-04-09 17:00:00+00:00,optimism_wbtc_weth,71628.1752756775,,hold,,,,,,sushiswap-v3-optimism | WETH / WBTC 0.3%,71811.42627631665,velodrome-finance-slipstream | WETH / WBTC 0.05%,72010.05854657693,62.77462782614762,4.405082426042206,83.56536863940889,
2026-04-09 18:00:00+00:00,optimism_wbtc_weth,71628.1752756775,,hold,,,,,,velodrome-finance-slipstream | WETH / WBTC 0.05%,71687.80065426657,velodrome-finance-slipstream | WETH / WBTC 0.05%,71616.14867959965,7.72917591187916,17.245001370078672,28.406187086345014,
2026-04-09 19:00:00+00:00,optimism_wbtc_weth,71882.9352229573,,hold,,,,,,velodrome-finance-slipstream | WETH / WBTC 0.05%,71918.87669056877,velodrome-finance-slipstream | WETH / WBTC 0.05%,71846.99375534583,32.256889679163066,5.956385805971909,11.847603390064965,
2026-04-09 20:00:00+00:00,optimism_wbtc_weth,72160.9278271632,,hold,,,,,,sushiswap-v3-optimism | WETH / WBTC 0.3%,72193.84045628422,velodrome-finance-slipstream | WETH / WBTC 0.05%,72125.03278130932,25.453171703655464,0.4645047751816733,25.100998071214686,
2026-04-09 21:00:00+00:00,optimism_wbtc_weth,72143.8080207736,,hold,,,,,,velodrome-finance-slipstream | WETH / WBTC 0.05%,72099.16870763843,velodrome-finance-slipstream | WETH / WBTC 0.05%,72027.10557049938,11.272279946408226,36.20995108225556,13.787404182656893,
2026-04-09 22:00:00+00:00,optimism_wbtc_weth,71908.8680243999,,hold,,,,,,velodrome-finance-slipstream | WETH / WBTC 0.05%,71944.82245841209,velodrome-finance-slipstream | WETH / WBTC 0.05%,71872.9135903877,2.1550316266583103,24.700328572557773,23.202382277611733,
2026-04-09 23:00:00+00:00,optimism_wbtc_weth,71631.5234238451,,hold,,,,,,velodrome-finance-slipstream | WETH / WBTC 0.05%,71590.3050831283,uniswap_v3_optimism | WETH / WBTC 0.3%,71592.90284357962,35.46945463511753,35.77480368199603,10.368230386406108,
2026-04-10 00:00:00+00:00,optimism_wbtc_weth,71594.8838966441,,hold,,,,,,velodrome-finance-slipstream | WETH / WBTC 0.05%,71750.19466677611,velodrome-finance-slipstream | WETH / WBTC 0.05%,71678.4803292781,20.956166603884885,4.022909167515909,41.80171889366369,
2026-04-10 01:00:00+00:00,optimism_wbtc_weth,71768.945647381,,hold,,,,,,uniswap_v3_optimism | WETH / WBTC 0.3%,71913.32061011194,velodrome-finance-slipstream | WETH / WBTC 0.05%,71914.42461437106,35.17156508185293,9.863523699005228,50.42172696318126,
2026-04-10 02:00:00+00:00,optimism_wbtc_weth,71768.945647381,,hold,,,,,,velodrome-finance-slipstream | WETH / WBTC 0.05%,71765.09710481919,uniswap_v3_optimism | WETH / WBTC 0.3%,71782.38056796226,37.52210878812612,30.537878208936053,12.415750336929321,
2026-04-10 03:00:00+00:00,optimism_wbtc_weth,71768.945647381,,hold,,,,,,velodrome-finance-slipstream | WETH / WBTC 0.05%,71633.4548377886,uniswap_v3_optimism | WETH / WBTC 0.3%,71686.04342803074,42.47243292820002,48.97120309622194,17.353692475652327,
2026-04-10 04:00:00+00:00,optimism_wbtc_weth,71824.1515085352,,hold,,,,,,velodrome-finance-slipstream | WETH / WBTC 0.05%,71860.06358428947,velodrome-finance-slipstream | WETH / WBTC 0.05%,71788.23943278093,18.504246575448136,17.282047056359495,14.25605318178702,
2026-04-10 05:00:00+00:00,optimism_wbtc_weth,71870.657512939,,hold,,,,,,velodrome-finance-slipstream | WETH / WBTC 0.05%,71906.59284169546,velodrome-finance-slipstream | WETH / WBTC 0.05%,71834.72218418254,18.504246575448136,10.800072644054914,20.740265335059682,
2026-04-10 06:00:00+00:00,optimism_wbtc_weth,71768.945647381,,hold,,,,,,velodrome-finance-slipstream | WETH / WBTC 0.05%,71573.9756675053,uniswap_v3_optimism | WETH / WBTC 0.3%,71686.04342803074,50.81789540017701,57.322066154850134,18.504246575445915,
2026-04-10 07:00:00+00:00,optimism_wbtc_weth,71768.945647381,,hold,,,,,,velodrome-finance-slipstream | WETH / WBTC 0.05%,71284.80939893305,uniswap_v3_optimism | WETH / WBTC 0.3%,71686.04342803074,91.58895912915632,98.11951400133134,18.504246575445915,
2026-04-10 08:00:00+00:00,optimism_wbtc_weth,71768.945647381,,hold,,,,,,velodrome-finance-slipstream | WETH / WBTC 0.05%,71387.86691560839,uniswap_v3_optimism | WETH / WBTC 0.3%,71686.04342803074,77.02045971362593,83.54158689455771,18.504246575445915,
2026-04-10 09:00:00+00:00,optimism_wbtc_weth,71561.8053028279,,hold,,,,,,velodrome-finance-slipstream | WETH / WBTC 0.05%,71597.58620547931,sushiswap-v3-optimism | WETH / WBTC 0.3%,71553.63881043886,35.8051365955192,18.135420159126614,3.860750054816009,
2026-04-10 10:00:00+00:00,optimism_wbtc_weth,71768.945647381,,hold,,,,,,velodrome-finance-slipstream | WETH / WBTC 0.05%,71694.856540097,uniswap_v3_optimism | WETH / WBTC 0.3%,72295.74791192026,119.21188217436818,40.36495199126078,93.90119712640922,
2026-04-10 11:00:00+00:00,optimism_wbtc_weth,71944.945113364,,hold,,,,,,velodrome-finance-slipstream | WETH / WBTC 0.05%,71980.91758592067,velodrome-finance-slipstream | WETH / WBTC 0.05%,71908.97264080732,7.5265685791925385,19.17404396370559,23.347970435361187,
2026-04-10 12:00:00+00:00,optimism_wbtc_weth,71957.342895415,,hold,,,,,,velodrome-finance-slipstream | WETH / WBTC 0.05%,72088.97075472218,velodrome-finance-slipstream | WETH / WBTC 0.05%,72016.91781043961,20.822410025786997,4.1564415081563055,38.39438199177092,
2026-04-10 13:00:00+00:00,optimism_wbtc_weth,71903.2244404334,,hold,,,,,,uniswap_v3_optimism | WETH / WBTC 0.3%,72104.59776071523,velodrome-finance-slipstream | WETH / WBTC 0.05%,72062.36000988535,29.139151724844048,1.9882716892816177,52.288776363775824,
2026-04-10 14:00:00+00:00,optimism_wbtc_weth,72586.0955471573,,hold,,,,,,uniswap_v3_optimism | WETH / WBTC 0.3%,72543.14037932311,velodrome-finance-slipstream | WETH / WBTC 0.05%,72634.9538416695,47.71822307922502,22.674060010734465,36.84160659846336,
2026-04-10 15:00:00+00:00,optimism_wbtc_weth,72380.8954063709,,hold,,,,,,velodrome-finance-slipstream | WETH / WBTC 0.05%,72262.2618910139,sushiswap-v3-optimism | WETH / WBTC 0.3%,72477.67452078559,65.01980200980029,46.46632872944423,39.8446649362394,
2026-04-10 16:00:00+00:00,optimism_wbtc_weth,72695.7618062042,,hold,,,,,,uniswap_v3_optimism | WETH / WBTC 0.3%,72392.25823142774,velodrome-finance-slipstream | WETH / WBTC 0.05%,72739.88108694133,83.20500181986378,58.07238715929586,36.17756335166922,
2026-04-10 17:00:00+00:00,optimism_wbtc_weth,72695.7618062042,,hold,,,,,,uniswap_v3_optimism | WETH / WBTC 0.3%,72392.25823142774,velodrome-finance-slipstream | WETH / WBTC 0.05%,72783.02568973198,89.1857082516001,64.03818654608928,42.130376142079925,
2026-04-10 18:00:00+00:00,optimism_wbtc_weth,72866.1151135078,,hold,,,,,,velodrome-finance-slipstream | WETH / WBTC 0.05%,72902.54817106454,velodrome-finance-slipstream | WETH / WBTC 0.05%,72829.68205595105,43.64285836010229,1.5501406798223982,4.9034608353970555,
2026-04-10 19:00:00+00:00,optimism_wbtc_weth,72983.8976147964,,hold,,,,,,sushiswap-v3-optimism | WETH / WBTC 0.3%,72913.8490916228,velodrome-finance-slipstream | WETH / WBTC 0.05%,72988.92788115067,45.350483584734036,20.312222160048243,30.781574336480322,
2026-04-10 20:00:00+00:00,optimism_wbtc_weth,72983.8976147964,,hold,,,,,,sushiswap-v3-optimism | WETH / WBTC 0.3%,72913.8490916228,velodrome-finance-slipstream | WETH / WBTC 0.05%,73048.88573142538,53.60238750682367,28.543558026499216,39.0215104094116,
2026-04-10 21:00:00+00:00,optimism_wbtc_weth,72928.9518391048,,hold,,,,,,sushiswap-v3-optimism | WETH / WBTC 0.3%,72913.8490916228,velodrome-finance-slipstream | WETH / WBTC 0.05%,72896.74853421302,32.663986136181045,7.657346090976791,25.661274550492497,
2026-04-10 22:00:00+00:00,optimism_wbtc_weth,72695.7618062042,,hold,,,,,,velodrome-finance-slipstream | WETH / WBTC 0.05%,72705.06518447783,uniswap_v3_optimism | WETH / WBTC 0.3%,72710.16498358749,35.8092149269007,28.71655593942757,10.707140852546093,
2026-04-10 23:00:00+00:00,optimism_wbtc_weth,72791.3519849982,,hold,,,,,,velodrome-finance-slipstream | WETH / WBTC 0.05%,72827.74766099069,velodrome-finance-slipstream | WETH / WBTC 0.05%,72754.9563090057,32.07752792002472,11.822613412804106,6.160256331193548,
2026-04-11 00:00:00+00:00,optimism_wbtc_weth,72695.7618062042,,hold,,,,,,velodrome-finance-slipstream | WETH / WBTC 0.05%,72704.09739285315,uniswap_v3_optimism | WETH / WBTC 0.3%,72710.16498358749,35.94280536338701,28.850051962858725,10.840397145870373,
2026-04-11 01:00:00+00:00,optimism_wbtc_weth,72739.744491794,,hold,,,,,,velodrome-finance-slipstream | WETH / WBTC 0.05%,72776.1143640399,uniswap_v3_optimism | WETH / WBTC 0.3%,72710.16498358749,32.07752792002472,18.925814985659706,0.933981960935526,
2026-04-11 02:00:00+00:00,optimism_wbtc_weth,72756.5326507643,,hold,,,,,,velodrome-finance-slipstream | WETH / WBTC 0.05%,72792.91091708968,uniswap_v3_optimism | WETH / WBTC 0.3%,73037.04680504605,77.1785640142264,16.614004442117025,43.57697302619145,
2026-04-11 03:00:00+00:00,optimism_wbtc_weth,72695.7618062042,,hold,,,,,,velodrome-finance-slipstream | WETH / WBTC 0.05%,72710.27609089567,velodrome-finance-slipstream | WETH / WBTC 0.05%,72637.60215177434,20.755536180740997,27.997830798034418,4.310742319471039,
2026-04-11 04:00:00+00:00,optimism_wbtc_weth,72695.7618062042,,hold,,,,,,velodrome-finance-slipstream | WETH / WBTC 0.05%,72586.88693994706,uniswap_v3_optimism | WETH / WBTC 0.3%,72735.42066845935,55.64003883552493,45.04424496758696,30.4883629004693,
2026-04-11 05:00:00+00:00,optimism_wbtc_weth,72695.7618062042,,hold,,,,,,velodrome-finance-slipstream | WETH / WBTC 0.05%,72566.67662009448,uniswap_v3_optimism | WETH / WBTC 0.3%,72735.42066845935,58.44060392921291,47.84185905961414,33.28192307896272,
2026-04-11 06:00:00+00:00,optimism_wbtc_weth,72695.7618062042,,hold,,,,,,velodrome-finance-slipstream | WETH / WBTC 0.05%,72596.52837340193,uniswap_v3_optimism | WETH / WBTC 0.3%,72572.46729962066,31.77932481824186,43.710178066467265,6.687330509040912,
2026-04-11 07:00:00+00:00,optimism_wbtc_weth,72695.7618062042,,hold,,,,,,velodrome-finance-slipstream | WETH / WBTC 0.05%,72499.0239823173,uniswap_v3_optimism | WETH / WBTC 0.3%,72790.98765593293,75.51808362701084,57.21802674290899,43.228916658673015,
2026-04-11 08:00:00+00:00,optimism_wbtc_weth,72695.7618062042,,hold,,,,,,velodrome-finance-slipstream | WETH / WBTC 0.05%,72524.36226421605,uniswap_v3_optimism | WETH / WBTC 0.3%,72550.22093775148,38.68334826908626,53.704274708104016,10.009484637243382,
2026-04-11 09:00:00+00:00,optimism_wbtc_weth,72601.4057680892,,hold,,,,,,velodrome-finance-slipstream | WETH / WBTC 0.05%,72720.52207284312,velodrome-finance-slipstream | WETH / WBTC 0.05%,72647.83789286028,12.778389859071648,12.19353501338949,36.50500063746564,
2026-04-11 10:00:00+00:00,optimism_wbtc_weth,72601.4057680892,,hold,,,,,,velodrome-finance-slipstream | WETH / WBTC 0.05%,72644.83013778042,velodrome-finance-slipstream | WETH / WBTC 0.05%,72572.2216119056,2.356482121346204,22.62569242156287,26.058396802530748,
2026-04-11 11:00:00+00:00,optimism_wbtc_weth,72601.4057680892,,hold,,,,,,velodrome-finance-slipstream | WETH / WBTC 0.05%,72667.56926797448,velodrome-finance-slipstream | WETH / WBTC 0.05%,72594.93801433333,5.487398469596894,19.489413159683444,29.196732273693016,
2026-04-11 12:00:00+00:00,optimism_wbtc_weth,72723.4976043184,,hold,,,,,,velodrome-finance-slipstream | WETH / WBTC 0.05%,72759.85935312056,uniswap_v3_optimism | WETH / WBTC 0.3%,72822.9948141027,62.08741227383019,6.7804890457301425,18.690921988797626,
2026-04-11 13:00:00+00:00,optimism_wbtc_weth,72591.4198365422,,hold,,,,,,velodrome-finance-slipstream | WETH / WBTC 0.05%,72519.19002656954,uniswap_v3_optimism | WETH / WBTC 0.3%,72922.96147079868,90.97865050835318,39.98997636019297,65.73858384875342,
2026-04-11 14:00:00+00:00,optimism_wbtc_weth,72591.4198365422,,hold,,,,,,velodrome-finance-slipstream | WETH / WBTC 0.05%,72483.03806496011,uniswap_v3_optimism | WETH / WBTC 0.3%,72922.96147079868,96.01167178496794,44.99756629949836,70.75901627775272,
2026-04-11 15:00:00+00:00,optimism_wbtc_weth,72447.8976069778,,hold,,,,,,uniswap_v3_optimism | WETH / WBTC 0.3%,72603.0284661603,velodrome-finance-slipstream | WETH / WBTC 0.05%,72594.03405007675,33.77432200602604,8.568903384991167,50.32221355409483,
2026-04-11 16:00:00+00:00,optimism_wbtc_weth,72453.2010275697,,hold,,,,,,sushiswap-v3-optimism | WETH / WBTC 0.3%,72650.03104964888,velodrome-finance-slipstream | WETH / WBTC 0.05%,72858.10197609435,63.75796983574933,2.825818613827469,86.14290902360989,
2026-04-11 17:00:00+00:00,optimism_wbtc_weth,72453.2010275697,,hold,,,,,,sushiswap-v3-optimism | WETH / WBTC 0.3%,72650.03104964888,velodrome-finance-slipstream | WETH / WBTC 0.05%,72937.72901196459,74.75670841277982,2.825818613827469,97.1661122285572,
2026-04-11 18:00:00+00:00,optimism_wbtc_weth,73315.7431835269,,hold,,,,,,velodrome-finance-slipstream | WETH / WBTC 0.05%,73352.40105511865,uniswap_v3_optimism | WETH / WBTC 0.3%,73553.65140266044,74.45461367100891,13.228641950275843,37.46854775227071,
2026-04-11 19:00:00+00:00,optimism_wbtc_weth,73454.1665916854,,hold,,,,,,velodrome-finance-slipstream | WETH / WBTC 0.05%,73490.89367498124,uniswap_v3_optimism | WETH / WBTC 0.3%,73474.88191669756,45.56548468761079,12.366854536025595,7.824082219789474,
2026-04-11 20:00:00+00:00,optimism_wbtc_weth,73156.4336424042,,hold,,,,,,velodrome-finance-slipstream | WETH / WBTC 0.05%,73146.4964399672,velodrome-finance-slipstream | WETH / WBTC 0.05%,73073.38649849799,8.62035999226185,31.362609903329286,16.44069321536712,
2026-04-11 21:00:00+00:00,optimism_wbtc_weth,73309.8988308604,,hold,,,,,,velodrome-finance-slipstream | WETH / WBTC 0.05%,73346.55378027583,velodrome-finance-slipstream | WETH / WBTC 0.05%,73273.24388144497,31.644621541313533,4.001437224097071,14.415264507905423,
2026-04-11 22:00:00+00:00,optimism_wbtc_weth,73156.4336424042,,hold,,,,,,velodrome-finance-slipstream | WETH / WBTC 0.05%,73181.72440956462,uniswap_v3_optimism | WETH / WBTC 0.3%,73167.77060477281,33.191888766757046,26.533746687908977,8.09636128109581,
2026-04-11 23:00:00+00:00,optimism_wbtc_weth,72854.4188956528,,hold,,,,,,velodrome-finance-slipstream | WETH / WBTC 0.05%,72890.45801761384,velodrome-finance-slipstream | WETH / WBTC 0.05%,72817.60398661175,19.72882731226422,25.04088185065312,5.335871316392016,
2026-04-12 00:00:00+00:00,optimism_wbtc_weth,72854.4188956528,,hold,,,,,,velodrome-finance-slipstream | WETH / WBTC 0.05%,72857.82720036215,velodrome-finance-slipstream | WETH / WBTC 0.05%,72785.00578387004,24.216360811943893,29.5307944588985,0.8567900314337962,
2026-04-12 01:00:00+00:00,optimism_wbtc_weth,71414.1764846219,,hold,,,,,,velodrome-finance-slipstream | WETH / WBTC 0.05%,71359.90592042827,velodrome-finance-slipstream | WETH / WBTC 0.05%,71288.58167662974,13.888633051801769,37.62800555635604,11.171077525575779,
2026-04-12 02:00:00+00:00,optimism_wbtc_weth,71414.9033215875,,hold,,,,,,sushiswap-v3-optimism | WETH / WBTC 0.3%,71622.40186896686,velodrome-finance-slipstream | WETH / WBTC 0.05%,71575.61038493132,28.46155210807,0.9419067790727986,52.66127878870375,
2026-04-12 03:00:00+00:00,optimism_wbtc_weth,71487.0662658452,,hold,,,,,,velodrome-finance-slipstream | WETH / WBTC 0.05%,71536.18369582575,velodrome-finance-slipstream | WETH / WBTC 0.05%,71464.68326234666,3.5564055462566913,21.423481641726916,26.949792998067768,
2026-04-12 04:00:00+00:00,optimism_wbtc_weth,71475.0140654421,,hold,,,,,,velodrome-finance-slipstream | WETH / WBTC 0.05%,71322.46187814706,uniswap_v3_optimism | WETH / WBTC 0.3%,71272.60506704767,28.090438209122937,51.45324766247184,1.6862116867955024,
2026-04-12 05:00:00+00:00,optimism_wbtc_weth,71528.2890703103,,hold,,,,,,velodrome-finance-slipstream | WETH / WBTC 0.05%,71555.47589833527,velodrome-finance-slipstream | WETH / WBTC 0.05%,71483.95618229495,3.212217771522141,26.18919612137338,21.8559872864299,
2026-04-12 06:00:00+00:00,optimism_wbtc_weth,71506.6890390419,,hold,,,,,,velodrome-finance-slipstream | WETH / WBTC 0.05%,71489.20757954135,velodrome-finance-slipstream | WETH / WBTC 0.05%,71417.75409870224,8.464308092894779,32.45266446120887,16.5968694824703,
2026-04-12 07:00:00+00:00,optimism_wbtc_weth,71506.6890390419,,hold,,,,,,velodrome-finance-slipstream | WETH / WBTC 0.05%,71530.65177843854,velodrome-finance-slipstream | WETH / WBTC 0.05%,71459.15687411226,2.6654963230154927,26.63995405923547,22.403757640654387,
2026-04-12 08:00:00+00:00,optimism_wbtc_weth,71506.6890390419,,hold,,,,,,velodrome-finance-slipstream | WETH / WBTC 0.05%,71490.38733121191,velodrome-finance-slipstream | WETH / WBTC 0.05%,71418.9326712107,8.29914599309367,32.28710649974875,16.762168515569442,
2026-04-12 09:00:00+00:00,optimism_wbtc_weth,71506.6890390419,,hold,,,,,,velodrome-finance-slipstream | WETH / WBTC 0.05%,71370.40119725197,uniswap_v3_optimism | WETH / WBTC 0.3%,71299.4193829348,25.12484827159822,49.15313673766519,0.04949847602020441,
2026-04-12 10:00:00+00:00,optimism_wbtc_weth,71296.3023125386,,hold,,,,,,velodrome-finance-slipstream | WETH / WBTC 0.05%,71235.93912436003,uniswap_v3_optimism | WETH / WBTC 0.3%,71215.1583976511,32.177906221384504,38.499119754340505,7.084914960200361,
2026-04-12 11:00:00+00:00,optimism_wbtc_weth,71296.3023125386,,hold,,,,,,velodrome-finance-slipstream | WETH / WBTC 0.05%,71265.07232122641,uniswap_v3_optimism | WETH / WBTC 0.3%,71215.1583976511,28.076746923837437,34.395376341571634,2.9940136899098135,
2026-04-12 12:00:00+00:00,optimism_wbtc_weth,71296.3023125386,,hold,,,,,,velodrome-finance-slipstream | WETH / WBTC 0.05%,71005.87127515776,uniswap_v3_optimism | WETH / WBTC 0.3%,71215.1583976511,64.68340967130004,71.0251047218513,18.674800937423797,
2026-04-12 13:00:00+00:00,optimism_wbtc_weth,71296.3023125386,,hold,,,,,,velodrome-finance-slipstream | WETH / WBTC 0.05%,70757.40505929984,uniswap_v3_optimism | WETH / WBTC 0.3%,71215.1583976511,100.02577134373914,106.38973539878415,18.674800937423797,
2026-04-12 14:00:00+00:00,optimism_wbtc_weth,70850.681279959,,hold,,,,,,velodrome-finance-slipstream | WETH / WBTC 0.05%,70553.27227312904,uniswap_v3_optimism | WETH / WBTC 0.3%,71215.1583976511,129.24831956403705,72.28028328659875,81.68805824446012,
2026-04-12 15:00:00+00:00,optimism_wbtc_weth,70850.681279959,,hold,,,,,,velodrome-finance-slipstream | WETH / WBTC 0.05%,70755.8812763073,uniswap_v3_optimism | WETH / WBTC 0.3%,71215.1583976511,100.24328326242227,43.43837458420374,74.98004343435171,
2026-04-12 16:00:00+00:00,optimism_wbtc_weth,70850.681279959,,hold,,,,,,velodrome-finance-slipstream | WETH / WBTC 0.05%,70690.45219137734,uniswap_v3_optimism | WETH / WBTC 0.3%,71215.1583976511,109.59178302593963,52.73429732947754,81.68805824446012,
2026-04-12 17:00:00+00:00,optimism_wbtc_weth,70964.8202068499,,hold,,,,,,velodrome-finance-slipstream | WETH / WBTC 0.05%,71026.30120151791,velodrome-finance-slipstream | WETH / WBTC 0.05%,70955.3103957193,8.89299940872279,16.080206711275302,28.74616448171885,
2026-04-12 18:00:00+00:00,optimism_wbtc_weth,70960.3642002789,,hold,,,,,,velodrome-finance-slipstream | WETH / WBTC 0.05%,70995.84438237903,velodrome-finance-slipstream | WETH / WBTC 0.05%,70924.88401817877,8.802923140140972,20.37704895591741,20.86655283124017,
2026-04-12 19:00:00+00:00,optimism_wbtc_weth,70927.7297727255,,hold,,,,,,velodrome-finance-slipstream | WETH / WBTC 0.05%,70866.83062915163,velodrome-finance-slipstream | WETH / WBTC 0.05%,70795.99921422996,22.41265215153776,38.61924266434835,2.6566193369848,
2026-04-12 20:00:00+00:00,optimism_wbtc_weth,71038.7340147986,,hold,,,,,,velodrome-finance-slipstream | WETH / WBTC 0.05%,71074.25338180599,velodrome-finance-slipstream | WETH / WBTC 0.05%,71003.2146477912,26.58419828003966,10.38416813253562,13.081022255529984,
2026-04-12 21:00:00+00:00,optimism_wbtc_weth,71038.1159514578,,hold,,,,,,velodrome-finance-slipstream | WETH / WBTC 0.05%,71073.63500943352,velodrome-finance-slipstream | WETH / WBTC 0.05%,71002.59689348208,26.58419828003966,10.471262946336601,12.993904735856265,
2026-04-12 22:00:00+00:00,optimism_wbtc_weth,70935.2523245335,,hold,,,,,,velodrome-finance-slipstream | WETH / WBTC 0.05%,70668.87076051436,uniswap_v3_optimism | WETH / WBTC 0.3%,70910.45652180005,69.41092365383206,67.80741164191362,26.58419828003744,
2026-04-12 23:00:00+00:00,optimism_wbtc_weth,70935.2523245335,,hold,,,,,,velodrome-finance-slipstream | WETH / WBTC 0.05%,70561.23745847262,uniswap_v3_optimism | WETH / WBTC 0.3%,70910.45652180005,84.77068754637607,83.1647295556337,26.58419828003744,
2026-04-13 00:00:00+00:00,optimism_wbtc_weth,70935.2523245335,,hold,,,,,,velodrome-finance-slipstream | WETH / WBTC 0.05%,70959.04003853031,uniswap_v3_optimism | WETH / WBTC 0.3%,70910.45652180005,28.234581694075445,26.637626844183693,3.1514536758314726,
2026-04-13 01:00:00+00:00,optimism_wbtc_weth,70954.0887416953,,hold,,,,,,velodrome-finance-slipstream | WETH / WBTC 0.05%,70989.56578606614,velodrome-finance-slipstream | WETH / WBTC 0.05%,70918.61169732446,26.58419828003966,22.3261395792429,1.1500667072850135,
2026-04-13 02:00:00+00:00,optimism_wbtc_weth,70935.2523245335,,hold,,,,,,velodrome-finance-slipstream | WETH / WBTC 0.05%,70882.4122223789,uniswap_v3_optimism | WETH / WBTC 0.3%,70910.45652180005,39.075659074996324,37.476977828405644,13.96541480517488,
2026-04-13 03:00:00+00:00,optimism_wbtc_weth,70881.4901676099,,hold,,,,,,velodrome-finance-slipstream | WETH / WBTC 0.05%,70826.21048477292,velodrome-finance-slipstream | WETH / WBTC 0.05%,70755.4196696957,20.403388086662755,37.82839029590646,4.662324868001111,
2026-04-13 04:00:00+00:00,optimism_wbtc_weth,70881.4901676099,,hold,,,,,,velodrome-finance-slipstream | WETH / WBTC 0.05%,70749.22621594985,sushiswap-v3-optimism | WETH / WBTC 0.3%,70722.4465675599,31.306877345886885,48.750840201432496,6.2160647462206065,
2026-04-13 05:00:00+00:00,optimism_wbtc_weth,70881.4901676099,,hold,,,,,,velodrome-finance-slipstream | WETH / WBTC 0.05%,70656.27086706272,sushiswap-v3-optimism | WETH / WBTC 0.3%,70722.4465675599,44.504058843506385,61.97097096644511,7.58479495796216,
2026-04-13 06:00:00+00:00,optimism_wbtc_weth,70881.4901676099,,hold,,,,,,velodrome-finance-slipstream | WETH / WBTC 0.05%,70914.72480128915,velodrome-finance-slipstream | WETH / WBTC 0.05%,70843.84551613044,7.896124473940613,25.299377149992086,17.165547073454412,
2026-04-13 07:00:00+00:00,optimism_wbtc_weth,70881.4901676099,,hold,,,,,,velodrome-finance-slipstream | WETH / WBTC 0.05%,70668.65555914414,sushiswap-v3-optimism | WETH / WBTC 0.3%,70722.4465675599,42.743758058170215,60.20760910224077,7.58479495796216,
2026-04-13 08:00:00+00:00,optimism_wbtc_weth,70881.4901676099,,hold,,,,,,velodrome-finance-slipstream | WETH / WBTC 0.05%,70509.14537269334,sushiswap-v3-optimism | WETH / WBTC 0.3%,70722.4465675599,65.46307937256302,82.96643822971905,7.58479495796216,
2026-04-13 09:00:00+00:00,optimism_wbtc_weth,70881.4901676099,,hold,,,,,,velodrome-finance-slipstream | WETH / WBTC 0.05%,70632.84944348776,sushiswap-v3-optimism | WETH / WBTC 0.3%,70722.4465675599,47.83475533976844,65.30745938460703,7.58479495796216,
2026-04-13 10:00:00+00:00,optimism_wbtc_weth,70591.4041080095,,hold,,,,,,velodrome-finance-slipstream | WETH / WBTC 0.05%,70565.96492322591,sushiswap-v3-optimism | WETH / WBTC 0.3%,70722.4465675599,57.35839195428305,33.61583694996506,32.202417987412524,
2026-04-13 11:00:00+00:00,optimism_wbtc_weth,70737.5213552588,,hold,,,,,,velodrome-finance-slipstream | WETH / WBTC 0.05%,70772.89011593642,sushiswap-v3-optimism | WETH / WBTC 0.3%,70722.4465675599,48.70964402378108,4.279633677173322,2.8703472573310407,
2026-04-13 12:00:00+00:00,optimism_wbtc_weth,70630.6637883168,,hold,,,,,,sushiswap-v3-optimism | WETH / WBTC 0.3%,70831.9171982179,velodrome-finance-slipstream | WETH / WBTC 0.05%,70876.3667844796,41.31484467350344,1.5019474108091124,64.98196089633535,
2026-04-13 13:00:00+00:00,optimism_wbtc_weth,71242.3207448533,,hold,,,,,,sushiswap-v3-optimism | WETH / WBTC 0.3%,70831.9171982179,uniswap_v3_optimism | WETH / WBTC 0.3%,71256.44353369629,120.47555760807072,62.969452847034816,6.985852385474889,
2026-04-13 14:00:00+00:00,optimism_wbtc_weth,71737.5098039307,,hold,,,,,,sushiswap-v3-optimism | WETH / WBTC 0.3%,71766.63715400972,velodrome-finance-slipstream | WETH / WBTC 0.05%,71800.67314803053,39.776708982661724,14.752340316206425,38.92155091763216,
2026-04-13 15:00:00+00:00,optimism_wbtc_weth,71643.3208552833,,hold,,,,,,velodrome-finance-slipstream | WETH / WBTC 0.05%,71597.8042900226,velodrome-finance-slipstream | WETH / WBTC 0.05%,71526.24226674422,13.555536755873732,36.37632891248188,11.504094503567153,
2026-04-13 16:00:00+00:00,optimism_wbtc_weth,71936.1140897412,,hold,,,,,,sushiswap-v3-optimism | WETH / WBTC 0.3%,71858.25081784914,velodrome-finance-slipstream | WETH / WBTC 0.05%,71946.1435578998,47.29174553668392,22.24864547303307,31.48868483955125,
2026-04-13 17:00:00+00:00,optimism_wbtc_weth,72014.2991659437,,hold,,,,,,velodrome-finance-slipstream | WETH / WBTC 0.05%,71936.39120125308,uniswap_v3_optimism | WETH / WBTC 0.3%,72035.45796774566,48.92510060012345,40.86260893545246,23.790220408528295,
2026-04-13 18:00:00+00:00,optimism_wbtc_weth,71915.3435922458,,hold,,,,,,sushiswap-v3-optimism | WETH / WBTC 0.3%,72130.96276253721,velodrome-finance-slipstream | WETH / WBTC 0.05%,72202.1780295976,44.92513267164489,0.017587521428108488,70.09529833102101,
2026-04-13 19:00:00+00:00,optimism_wbtc_weth,73023.249306766,,hold,,,,,,uniswap_v3_optimism | WETH / WBTC 0.3%,72941.62114427018,velodrome-finance-slipstream | WETH / WBTC 0.05%,73065.67156417815,52.083871089299016,27.028826545210105,35.91716944232326,
2026-04-13 20:00:00+00:00,optimism_wbtc_weth,72892.6840308988,,hold,,,,,,velodrome-finance-slipstream | WETH / WBTC 0.05%,72929.13037291425,velodrome-finance-slipstream | WETH / WBTC 0.05%,72856.23768888335,41.22446220675036,1.7127273137695909,7.150431520976941,
2026-04-13 21:00:00+00:00,optimism_wbtc_weth,72944.3356498701,,hold,,,,,,uniswap_v3_optimism | WETH / WBTC 0.3%,72941.62114427018,velodrome-finance-slipstream | WETH / WBTC 0.05%,72928.15433574087,33.16479891246837,8.156910580185972,27.865285966519604,
2026-04-13 22:00:00+00:00,optimism_wbtc_weth,74130.0346310591,,hold,,,,,,sushiswap-v3-optimism | WETH / WBTC 0.3%,74336.85965960851,velodrome-finance-slipstream | WETH / WBTC 0.05%,74435.15835905774,48.287226826642105,2.093856993021781,71.37473197348586,
2026-04-13 23:00:00+00:00,optimism_wbtc_weth,74647.2969836039,,hold,,,,,,velodrome-finance-slipstream | WETH / WBTC 0.05%,74377.9738599038,uniswap_v3_optimism | WETH / WBTC 0.3%,74440.22031093475,43.503631460122264,66.31869477649488,2.2661190510242513,
2026-04-14 00:00:00+00:00,optimism_wbtc_weth,74647.2969836039,,hold,,,,,,velodrome-finance-slipstream | WETH / WBTC 0.05%,74048.97265881253,uniswap_v3_optimism | WETH / WBTC 0.3%,74440.22031093475,88.12713721947586,111.04356835993423,2.2661190510242513,
2026-04-14 01:00:00+00:00,optimism_wbtc_weth,74647.2969836039,,hold,,,,,,velodrome-finance-slipstream | WETH / WBTC 0.05%,74254.41877539596,uniswap_v3_optimism | WETH / WBTC 0.3%,74440.22031093475,60.21544417652569,83.06847044678989,2.2661190510242513,
2026-04-14 02:00:00+00:00,optimism_wbtc_weth,74647.2969836039,,hold,,,,,,velodrome-finance-slipstream | WETH / WBTC 0.05%,74224.74806989098,uniswap_v3_optimism | WETH / WBTC 0.3%,74440.22031093475,64.23692889048871,87.09909046171305,2.2661190510242513,
2026-04-14 03:00:00+00:00,optimism_wbtc_weth,74647.2969836039,,hold,,,,,,velodrome-finance-slipstream | WETH / WBTC 0.05%,74287.73509023487,uniswap_v3_optimism | WETH / WBTC 0.3%,74440.22031093475,55.70367241934049,78.546449640855,2.2661190510242513,
2026-04-14 04:00:00+00:00,optimism_wbtc_weth,74290.2979478282,,hold,,,,,,velodrome-finance-slipstream | WETH / WBTC 0.05%,74170.9918468497,uniswap_v3_optimism | WETH / WBTC 0.3%,74098.80722172826,25.33895989342172,46.13353364999018,0.26307455101681754,
2026-04-14 05:00:00+00:00,optimism_wbtc_weth,74080.5878725979,,hold,,,,,,velodrome-finance-slipstream | WETH / WBTC 0.05%,74009.06477920782,sushiswap-v3-optimism | WETH / WBTC 0.3%,74067.42705398472,43.018827294212244,39.693091364449984,17.898720172415672,
2026-04-14 06:00:00+00:00,optimism_wbtc_weth,74290.2979478282,,hold,,,,,,uniswap_v3_optimism | WETH / WBTC 0.3%,74302.82963621568,velodrome-finance-slipstream | WETH / WBTC 0.05%,74262.1437726895,29.522652705917807,4.523842504757791,26.289116072959473,
2026-04-14 07:00:00+00:00,optimism_wbtc_weth,74290.2979478282,,hold,,,,,,uniswap_v3_optimism | WETH / WBTC 0.3%,74302.82963621568,velodrome-finance-slipstream | WETH / WBTC 0.05%,74256.51972935499,28.76309383570863,3.7661768520691474,25.529802085935138,
2026-04-14 08:00:00+00:00,optimism_wbtc_weth,74481.9735865521,,hold,,,,,,velodrome-finance-slipstream | WETH / WBTC 0.05%,74671.8673954623,velodrome-finance-slipstream | WETH / WBTC 0.05%,74597.2328453419,20.81446721369673,4.164371116570642,45.611620671206495,
2026-04-14 09:00:00+00:00,optimism_wbtc_weth,74352.2254400494,,hold,,,,,,velodrome-finance-slipstream | WETH / WBTC 0.05%,74438.44672897195,velodrome-finance-slipstream | WETH / WBTC 0.05%,74364.04548286604,7.375137485039485,17.59938897050395,31.6847906234341,
2026-04-14 10:00:00+00:00,optimism_wbtc_weth,74330.2727894395,,hold,,,,,,velodrome-finance-slipstream | WETH / WBTC 0.05%,74244.45599214619,velodrome-finance-slipstream | WETH / WBTC 0.05%,74170.24863983021,17.242657717047027,41.593356909275236,7.819085778011381,
2026-04-14 11:00:00+00:00,optimism_wbtc_weth,74330.2727894395,,hold,,,,,,velodrome-finance-slipstream | WETH / WBTC 0.05%,74244.6916719697,velodrome-finance-slipstream | WETH / WBTC 0.05%,74170.48408409169,17.210859322731586,41.561481216927376,7.8508543593081015,
2026-04-14 12:00:00+00:00,optimism_wbtc_weth,74294.3977942094,,hold,,,,,,velodrome-finance-slipstream | WETH / WBTC 0.05%,74273.20118253467,velodrome-finance-slipstream | WETH / WBTC 0.05%,74198.96509939372,13.365787691530517,32.862432367428696,11.693808289612306,
2026-04-14 13:00:00+00:00,optimism_wbtc_weth,75318.4967007685,,hold,,,,,,velodrome-finance-slipstream | WETH / WBTC 0.05%,75356.15594911888,velodrome-finance-slipstream | WETH / WBTC 0.05%,75280.83745241813,3.259372178368025,23.890125474597124,22.90589812690147,
2026-04-14 14:00:00+00:00,optimism_wbtc_weth,75000.1002114632,,hold,,,,,,velodrome-finance-slipstream | WETH / WBTC 0.05%,75037.60026156892,velodrome-finance-slipstream | WETH / WBTC 0.05%,74962.60016135748,1.673842201490583,24.959127268846526,23.425841665987157,
2026-04-14 15:00:00+00:00,optimism_wbtc_weth,74951.9161304182,,hold,,,,,,uniswap_v3_optimism | WETH / WBTC 0.3%,75082.65483778607,velodrome-finance-slipstream | WETH / WBTC 0.05%,75102.10588083687,37.61719783036632,12.535124287589294,50.18871301675443,
2026-04-14 16:00:00+00:00,optimism_wbtc_weth,74594.5213624933,,hold,,,,,,velodrome-finance-slipstream | WETH / WBTC 0.05%,74416.53007590225,uniswap_v3_optimism | WETH / WBTC 0.3%,74394.18151315715,32.09160137960909,53.990000644845715,3.152276748266125,
2026-04-14 17:00:00+00:00,optimism_wbtc_weth,74494.1837353614,,hold,,,,,,velodrome-finance-slipstream | WETH / WBTC 0.05%,74526.11539572912,velodrome-finance-slipstream | WETH / WBTC 0.05%,74451.62652476887,17.340128545797473,25.70251915334998,7.721707591010762,
2026-04-14 18:00:00+00:00,optimism_wbtc_weth,73923.7073153435,,hold,,,,,,velodrome-finance-slipstream | WETH / WBTC 0.05%,73956.64640097794,sushiswap-v3-optimism | WETH / WBTC 0.3%,74270.70118415532,77.71910358600698,25.532801377683434,52.51220237643794,
2026-04-14 19:00:00+00:00,optimism_wbtc_weth,74019.4939541288,,hold,,,,,,velodrome-finance-slipstream | WETH / WBTC 0.05%,74023.18565231712,velodrome-finance-slipstream | WETH / WBTC 0.05%,73949.19945976108,23.35422508075835,29.499781960171667,1.7169906975511573,
2026-04-14 20:00:00+00:00,optimism_wbtc_weth,74065.8889343374,,hold,,,,,,velodrome-finance-slipstream | WETH / WBTC 0.05%,73853.38163307759,uniswap_v3_optimism | WETH / WBTC 0.3%,73845.8450897562,34.08125984809551,58.86053670806079,0.2916731524171823,
2026-04-14 21:00:00+00:00,optimism_wbtc_weth,74068.0492374686,,hold,,,,,,velodrome-finance-slipstream | WETH / WBTC 0.05%,74135.5818753179,velodrome-finance-slipstream | WETH / WBTC 0.05%,74061.4833427089,4.40738309438693,20.571056699736356,29.20113551285075,
2026-04-14 22:00:00+00:00,optimism_wbtc_weth,74065.8889343374,,hold,,,,,,velodrome-finance-slipstream | WETH / WBTC 0.05%,73885.99091753387,uniswap_v3_optimism | WETH / WBTC 0.3%,73891.56513580518,35.86239948576431,54.421099130326226,6.483135857515698,
2026-04-14 23:00:00+00:00,optimism_wbtc_weth,74064.3135215021,,hold,,,,,,velodrome-finance-slipstream | WETH / WBTC 0.05%,74101.34567826285,velodrome-finance-slipstream | WETH / WBTC 0.05%,74027.28136474136,15.89316540822061,15.781972399733224,18.36694468262179,
2026-04-15 00:00:00+00:00,optimism_wbtc_weth,74381.1575935835,,hold,,,,,,velodrome-finance-slipstream | WETH / WBTC 0.05%,74306.85736522838,velodrome-finance-slipstream | WETH / WBTC 0.05%,74232.58764272442,15.481440466824647,40.02910521082592,9.578955607110196,
2026-04-15 01:00:00+00:00,optimism_wbtc_weth,74384.7027327197,,hold,,,,,,velodrome-finance-slipstream | WETH / WBTC 0.05%,74422.00083066382,velodrome-finance-slipstream | WETH / WBTC 0.05%,74347.61602223739,0.4908276484560936,24.495476292718532,25.089470374721756,
2026-04-15 02:00:00+00:00,optimism_wbtc_weth,74381.1575935835,,hold,,,,,,velodrome-finance-slipstream | WETH / WBTC 0.05%,74115.81709704628,sushiswap-v3-optimism | WETH / WBTC 0.3%,74161.54862452154,41.29725597425305,65.90819455964959,0.47661790309572183,
2026-04-15 03:00:00+00:00,optimism_wbtc_weth,73924.3172045238,,hold,,,,,,uniswap_v3_optimism | WETH / WBTC 0.3%,74123.99712758313,velodrome-finance-slipstream | WETH / WBTC 0.05%,74078.78836962442,28.897079537857362,2.980550079645372,51.04899980428179,
2026-04-15 04:00:00+00:00,optimism_wbtc_weth,73924.3172045238,,hold,,,,,,uniswap_v3_optimism | WETH / WBTC 0.3%,74123.99712758313,velodrome-finance-slipstream | WETH / WBTC 0.05%,74090.84853564975,30.52980283817286,2.980550079645372,52.6853294788654,
2026-04-15 05:00:00+00:00,optimism_wbtc_weth,73902.2902568127,,hold,,,,,,velodrome-finance-slipstream | WETH / WBTC 0.05%,73824.45119636142,velodrome-finance-slipstream | WETH / WBTC 0.05%,73750.66363894378,18.53426128433977,40.5754362365629,6.528863626258374,
2026-04-15 06:00:00+00:00,optimism_wbtc_weth,73902.2902568127,,hold,,,,,,velodrome-finance-slipstream | WETH / WBTC 0.05%,73748.66665549997,sushiswap-v3-optimism | WETH / WBTC 0.3%,73702.54425291023,28.82936292520011,50.893187511638075,2.980550079645372,
2026-04-15 07:00:00+00:00,optimism_wbtc_weth,73526.1460764375,,hold,,,,,,velodrome-finance-slipstream | WETH / WBTC 0.05%,73448.65338521775,velodrome-finance-slipstream | WETH / WBTC 0.05%,73375.24143780624,15.969517511875697,40.58224565204105,9.091189973406966,
