timestamp,buy_pool_address,sell_pool_address,buy_pool_name,sell_pool_name,buy_dex,sell_dex,buy_price_usd,sell_price_usd,buy_high_usd,buy_low_usd,sell_high_usd,sell_low_usd,observed_spread_bps,optimistic_spread_bps,conservative_spread_bps,buy_fee_bps,sell_fee_bps,explicit_fee_total_bps,explicit_fee_known,fee_adjusted_spread_bps,conservative_fee_adjusted_spread_bps,buy_volume_usd,sell_volume_usd,min_pool_volume_usd,total_volume_usd,buy_reserve_usd,sell_reserve_usd,min_pool_reserve_usd,buy_fee_source,sell_fee_source
2026-03-16 08:00:00+00:00,0x7f86bf177dd4f3494b841a37e810a34dd56c829b,0x99ac8ca7087fa4a2a1fb6357269965a2014abc35,USDC / WBTC / WETH,WBTC / USDC 0.3%,curve,uniswap_v3,72039.0740205018,73122.9310951163,72981.9290232059,71967.9530891322,73450.9918621355,72910.2129082174,150.45405418537828,206.0693279919401,-9.826557881977838,,30.0,,False,,,23208.65627891589,259983.8362289195,23208.65627891589,283192.4925078354,10230172.3385,30290894.2826,10230172.3385,unknown,api_detail
2026-03-16 08:00:00+00:00,0x7f86bf177dd4f3494b841a37e810a34dd56c829b,0xb98437c7ba28c6590dd4e1cc46aa89eed181f97108e5b6221730d41347bc817f,USDC / WBTC / WETH,USDC / WBTC 0.3%,curve,uniswap-v4-ethereum,72039.0740205018,73101.1730163373,72981.9290232059,71967.9530891322,73435.6298906861,72834.7413281417,147.43373790913063,203.934770763341,-20.167690417911555,,30.0,,False,,,23208.65627891589,98805.79905891672,23208.65627891589,122014.45533783261,10230172.3385,9055876.4186,9055876.4186,unknown,api_detail
2026-03-16 08:00:00+00:00,0x99ac8ca7087fa4a2a1fb6357269965a2014abc35,0x7f86bf177dd4f3494b841a37e810a34dd56c829b,WBTC / USDC 0.3%,USDC / WBTC / WETH,uniswap_v3,curve,73122.9310951163,72039.0740205018,73450.9918621355,72910.2129082174,72981.9290232059,71967.9530891322,-148.2239645460415,9.836223503938424,-201.90861081725075,30.0,,,False,,,259983.8362289195,23208.65627891589,23208.65627891589,283192.4925078354,30290894.2826,10230172.3385,10230172.3385,api_detail,unknown
2026-03-16 08:00:00+00:00,0x99ac8ca7087fa4a2a1fb6357269965a2014abc35,0xb98437c7ba28c6590dd4e1cc46aa89eed181f97108e5b6221730d41347bc817f,WBTC / USDC 0.3%,USDC / WBTC 0.3%,uniswap_v3,uniswap-v4-ethereum,73122.9310951163,73101.1730163373,73450.9918621355,72910.2129082174,73435.6298906861,72834.7413281417,-2.9755479509852023,72.06356441862516,-83.89955239140767,30.0,30.0,60.0,True,-62.9755479509852,-143.89955239140767,259983.8362289195,98805.79905891672,98805.79905891672,358789.6352878362,30290894.2826,9055876.4186,9055876.4186,api_detail,api_detail
2026-03-16 08:00:00+00:00,0xb98437c7ba28c6590dd4e1cc46aa89eed181f97108e5b6221730d41347bc817f,0x7f86bf177dd4f3494b841a37e810a34dd56c829b,USDC / WBTC 0.3%,USDC / WBTC / WETH,uniswap-v4-ethereum,curve,73101.1730163373,72039.0740205018,73435.6298906861,72834.7413281417,72981.9290232059,71967.9530891322,-145.29164882185142,20.20844618656259,-199.8589518110805,30.0,,,False,,,98805.79905891672,23208.65627891589,23208.65627891589,122014.45533783261,9055876.4186,10230172.3385,9055876.4186,api_detail,unknown
2026-03-16 08:00:00+00:00,0xb98437c7ba28c6590dd4e1cc46aa89eed181f97108e5b6221730d41347bc817f,0x99ac8ca7087fa4a2a1fb6357269965a2014abc35,USDC / WBTC 0.3%,WBTC / USDC 0.3%,uniswap-v4-ethereum,uniswap_v3,73101.1730163373,73122.9310951163,73435.6298906861,72834.7413281417,73450.9918621355,72910.2129082174,2.9764336030746463,84.60942165187558,-71.54796428529563,30.0,30.0,60.0,True,-57.023566396925354,-131.54796428529562,98805.79905891672,259983.8362289195,98805.79905891672,358789.6352878362,9055876.4186,30290894.2826,9055876.4186,api_detail,api_detail
2026-03-16 09:00:00+00:00,0x7f86bf177dd4f3494b841a37e810a34dd56c829b,0x99ac8ca7087fa4a2a1fb6357269965a2014abc35,USDC / WBTC / WETH,WBTC / USDC 0.3%,curve,uniswap_v3,72083.1507775854,72993.4062521708,72083.1507775854,72039.0740205018,73122.9310951163,72497.4051004639,126.27853593609073,150.45405418537828,57.46895334205027,,30.0,,False,,,246.309567870025,16170.457843846058,246.309567870025,16416.767411716082,10230172.3385,30290894.2826,10230172.3385,unknown,api_detail
2026-03-16 09:00:00+00:00,0x7f86bf177dd4f3494b841a37e810a34dd56c829b,0xb98437c7ba28c6590dd4e1cc46aa89eed181f97108e5b6221730d41347bc817f,USDC / WBTC / WETH,USDC / WBTC 0.3%,curve,uniswap-v4-ethereum,72083.1507775854,73095.2256668683,72083.1507775854,72039.0740205018,73101.1730163373,73095.2256668683,140.4038084303072,147.43373790913063,140.4038084303072,,30.0,,False,,,246.309567870025,1784.25299662374,246.309567870025,2030.562564493765,10230172.3385,9055876.4186,9055876.4186,unknown,api_detail
2026-03-16 09:00:00+00:00,0x99ac8ca7087fa4a2a1fb6357269965a2014abc35,0x7f86bf177dd4f3494b841a37e810a34dd56c829b,WBTC / USDC 0.3%,USDC / WBTC / WETH,uniswap_v3,curve,72993.4062521708,72083.1507775854,73122.9310951163,72497.4051004639,72083.1507775854,72039.0740205018,-124.70379467437564,-57.14057245282733,-148.2239645460415,30.0,,,False,,,16170.457843846058,246.309567870025,246.309567870025,16416.767411716082,30290894.2826,10230172.3385,10230172.3385,api_detail,unknown
2026-03-16 09:00:00+00:00,0x99ac8ca7087fa4a2a1fb6357269965a2014abc35,0xb98437c7ba28c6590dd4e1cc46aa89eed181f97108e5b6221730d41347bc817f,WBTC / USDC 0.3%,USDC / WBTC 0.3%,uniswap_v3,uniswap-v4-ethereum,72993.4062521708,73095.2256668683,73122.9310951163,72497.4051004639,73101.1730163373,73095.2256668683,13.949124986132322,83.28131400520134,-3.788883710360569,30.0,30.0,60.0,True,-46.05087501386768,-63.788883710360565,16170.457843846058,1784.25299662374,1784.25299662374,17954.710840469797,30290894.2826,9055876.4186,9055876.4186,api_detail,api_detail
2026-03-16 09:00:00+00:00,0xb98437c7ba28c6590dd4e1cc46aa89eed181f97108e5b6221730d41347bc817f,0x7f86bf177dd4f3494b841a37e810a34dd56c829b,USDC / WBTC 0.3%,USDC / WBTC / WETH,uniswap-v4-ethereum,curve,73095.2256668683,72083.1507775854,73101.1730163373,73095.2256668683,72083.1507775854,72039.0740205018,-138.45978038229623,-138.45978038229623,-145.29164882185142,30.0,,,False,,,1784.25299662374,246.309567870025,246.309567870025,2030.562564493765,9055876.4186,10230172.3385,9055876.4186,api_detail,unknown
2026-03-16 09:00:00+00:00,0xb98437c7ba28c6590dd4e1cc46aa89eed181f97108e5b6221730d41347bc817f,0x99ac8ca7087fa4a2a1fb6357269965a2014abc35,USDC / WBTC 0.3%,WBTC / USDC 0.3%,uniswap-v4-ethereum,uniswap_v3,73095.2256668683,72993.4062521708,73101.1730163373,73095.2256668683,73122.9310951163,72497.4051004639,-13.929694281475946,3.790319818461896,-82.59346477770713,30.0,30.0,60.0,True,-73.92969428147595,-142.59346477770714,1784.25299662374,16170.457843846058,1784.25299662374,17954.710840469797,9055876.4186,30290894.2826,9055876.4186,api_detail,api_detail
2026-03-16 10:00:00+00:00,0x7f86bf177dd4f3494b841a37e810a34dd56c829b,0x99ac8ca7087fa4a2a1fb6357269965a2014abc35,USDC / WBTC / WETH,WBTC / USDC 0.3%,curve,uniswap_v3,72490.1903397477,73251.1091026111,72490.1903397477,72083.1507775854,73251.1091026111,72993.4062521708,104.96851495314318,162.0293109314086,69.41848408241525,,30.0,,False,,,4409.966998096347,238619.42362713363,4409.966998096347,243029.39062522998,10230172.3385,30290894.2826,10230172.3385,unknown,api_detail
2026-03-16 10:00:00+00:00,0x7f86bf177dd4f3494b841a37e810a34dd56c829b,0xb98437c7ba28c6590dd4e1cc46aa89eed181f97108e5b6221730d41347bc817f,USDC / WBTC / WETH,USDC / WBTC 0.3%,curve,uniswap-v4-ethereum,72490.1903397477,73488.4606725375,72490.1903397477,72083.1507775854,73488.4606725375,72989.1372101914,137.71109278525762,194.9567797456897,68.82957102267717,,30.0,,False,,,4409.966998096347,92288.6227436188,4409.966998096347,96698.58974171516,10230172.3385,9055876.4186,9055876.4186,unknown,api_detail
2026-03-16 10:00:00+00:00,0x99ac8ca7087fa4a2a1fb6357269965a2014abc35,0x7f86bf177dd4f3494b841a37e810a34dd56c829b,WBTC / USDC 0.3%,USDC / WBTC / WETH,uniswap_v3,curve,73251.1091026111,72490.1903397477,73251.1091026111,72993.4062521708,72490.1903397477,72083.1507775854,-103.87812173567102,-68.93991365256147,-159.4458212761818,30.0,,,False,,,238619.42362713363,4409.966998096347,4409.966998096347,243029.39062522998,30290894.2826,10230172.3385,10230172.3385,api_detail,unknown
2026-03-16 10:00:00+00:00,0x99ac8ca7087fa4a2a1fb6357269965a2014abc35,0xb98437c7ba28c6590dd4e1cc46aa89eed181f97108e5b6221730d41347bc817f,WBTC / USDC 0.3%,USDC / WBTC 0.3%,uniswap_v3,uniswap-v4-ethereum,73251.1091026111,73488.4606725375,73251.1091026111,72993.4062521708,73488.4606725375,72989.1372101914,32.40245408351772,67.82180004813566,-35.763539368764974,30.0,30.0,60.0,True,-27.597545916482282,-95.76353936876498,238619.42362713363,92288.6227436188,92288.6227436188,330908.04637075245,30290894.2826,9055876.4186,9055876.4186,api_detail,api_detail
2026-03-16 10:00:00+00:00,0xb98437c7ba28c6590dd4e1cc46aa89eed181f97108e5b6221730d41347bc817f,0x7f86bf177dd4f3494b841a37e810a34dd56c829b,USDC / WBTC 0.3%,USDC / WBTC / WETH,uniswap-v4-ethereum,curve,73488.4606725375,72490.1903397477,73488.4606725375,72989.1372101914,72490.1903397477,72083.1507775854,-135.84041952355852,-68.35905855509084,-191.22864761232816,30.0,,,False,,,92288.6227436188,4409.966998096347,4409.966998096347,96698.58974171516,9055876.4186,10230172.3385,9055876.4186,api_detail,unknown
2026-03-16 10:00:00+00:00,0xb98437c7ba28c6590dd4e1cc46aa89eed181f97108e5b6221730d41347bc817f,0x99ac8ca7087fa4a2a1fb6357269965a2014abc35,USDC / WBTC 0.3%,WBTC / USDC 0.3%,uniswap-v4-ethereum,uniswap_v3,73488.4606725375,73251.1091026111,73488.4606725375,72989.1372101914,73251.1091026111,72993.4062521708,-32.29780128121584,35.89190151203958,-67.36491904118847,30.0,30.0,60.0,True,-92.29780128121584,-127.36491904118847,92288.6227436188,238619.42362713363,92288.6227436188,330908.04637075245,9055876.4186,30290894.2826,9055876.4186,api_detail,api_detail
2026-03-16 11:00:00+00:00,0x7f86bf177dd4f3494b841a37e810a34dd56c829b,0x99ac8ca7087fa4a2a1fb6357269965a2014abc35,USDC / WBTC / WETH,WBTC / USDC 0.3%,curve,uniswap_v3,72490.1903397477,73305.9919449474,72490.1903397477,72490.1903397477,73305.9919449474,73251.1091026111,112.53958658077545,112.53958658077545,104.96851495314318,,30.0,,False,,,0.0,6776.16618479728,0.0,6776.16618479728,10230172.3385,30290894.2826,10230172.3385,unknown,api_detail
2026-03-16 11:00:00+00:00,0x7f86bf177dd4f3494b841a37e810a34dd56c829b,0xb98437c7ba28c6590dd4e1cc46aa89eed181f97108e5b6221730d41347bc817f,USDC / WBTC / WETH,USDC / WBTC 0.3%,curve,uniswap-v4-ethereum,72490.1903397477,73488.4606725375,72490.1903397477,72490.1903397477,73488.4606725375,73488.4606725375,137.71109278525762,137.71109278525762,137.71109278525762,,30.0,,False,,,0.0,4013.83610320445,0.0,4013.83610320445,10230172.3385,9055876.4186,9055876.4186,unknown,api_detail
2026-03-16 11:00:00+00:00,0x99ac8ca7087fa4a2a1fb6357269965a2014abc35,0x7f86bf177dd4f3494b841a37e810a34dd56c829b,WBTC / USDC 0.3%,USDC / WBTC / WETH,uniswap_v3,curve,73305.9919449474,72490.1903397477,73305.9919449474,73251.1091026111,72490.1903397477,72490.1903397477,-111.28716542194272,-103.87812173567102,-111.28716542194272,30.0,,,False,,,6776.16618479728,0.0,0.0,6776.16618479728,30290894.2826,10230172.3385,10230172.3385,api_detail,unknown
2026-03-16 11:00:00+00:00,0x99ac8ca7087fa4a2a1fb6357269965a2014abc35,0xb98437c7ba28c6590dd4e1cc46aa89eed181f97108e5b6221730d41347bc817f,WBTC / USDC 0.3%,USDC / WBTC 0.3%,uniswap_v3,uniswap-v4-ethereum,73305.9919449474,73488.4606725375,73305.9919449474,73251.1091026111,73488.4606725375,73488.4606725375,24.89137964699184,32.40245408351772,24.89137964699184,30.0,30.0,60.0,True,-35.10862035300816,-35.10862035300816,6776.16618479728,4013.83610320445,4013.83610320445,10790.00228800173,30290894.2826,9055876.4186,9055876.4186,api_detail,api_detail
2026-03-16 11:00:00+00:00,0xb98437c7ba28c6590dd4e1cc46aa89eed181f97108e5b6221730d41347bc817f,0x7f86bf177dd4f3494b841a37e810a34dd56c829b,USDC / WBTC 0.3%,USDC / WBTC / WETH,uniswap-v4-ethereum,curve,73488.4606725375,72490.1903397477,73488.4606725375,73488.4606725375,72490.1903397477,72490.1903397477,-135.84041952355852,-135.84041952355852,-135.84041952355852,30.0,,,False,,,4013.83610320445,0.0,0.0,4013.83610320445,9055876.4186,10230172.3385,9055876.4186,api_detail,unknown
2026-03-16 11:00:00+00:00,0xb98437c7ba28c6590dd4e1cc46aa89eed181f97108e5b6221730d41347bc817f,0x99ac8ca7087fa4a2a1fb6357269965a2014abc35,USDC / WBTC 0.3%,WBTC / USDC 0.3%,uniswap-v4-ethereum,uniswap_v3,73488.4606725375,73305.9919449474,73488.4606725375,73488.4606725375,73305.9919449474,73251.1091026111,-24.8295754081973,-24.8295754081973,-32.29780128121584,30.0,30.0,60.0,True,-84.8295754081973,-92.29780128121584,4013.83610320445,6776.16618479728,4013.83610320445,10790.00228800173,9055876.4186,30290894.2826,9055876.4186,api_detail,api_detail
2026-03-16 12:00:00+00:00,0x7f86bf177dd4f3494b841a37e810a34dd56c829b,0x99ac8ca7087fa4a2a1fb6357269965a2014abc35,USDC / WBTC / WETH,WBTC / USDC 0.3%,curve,uniswap_v3,72562.2728078491,73632.5853546557,72595.8241511574,72490.1903397477,73632.5853546557,73305.9919449474,147.5026215952302,157.5930494255595,97.8248820911931,,30.0,,False,,,2670.111058406239,118382.70606176097,2670.111058406239,121052.81712016721,10230172.3385,30290894.2826,10230172.3385,unknown,api_detail
2026-03-16 12:00:00+00:00,0x7f86bf177dd4f3494b841a37e810a34dd56c829b,0xb98437c7ba28c6590dd4e1cc46aa89eed181f97108e5b6221730d41347bc817f,USDC / WBTC / WETH,USDC / WBTC 0.3%,curve,uniswap-v4-ethereum,72562.2728078491,73605.4763448012,72595.8241511574,72490.1903397477,73723.8696440628,73468.7511154403,143.76665677418688,170.1856897509968,120.24479017764378,,30.0,,False,,,2670.111058406239,44428.550736940386,2670.111058406239,47098.66179534663,10230172.3385,9055876.4186,9055876.4186,unknown,api_detail
2026-03-16 12:00:00+00:00,0x99ac8ca7087fa4a2a1fb6357269965a2014abc35,0x7f86bf177dd4f3494b841a37e810a34dd56c829b,WBTC / USDC 0.3%,USDC / WBTC / WETH,uniswap_v3,curve,73632.5853546557,72562.2728078491,73632.5853546557,73305.9919449474,72595.8241511574,72490.1903397477,-145.35854495008937,-96.87718219860253,-155.1480243978387,30.0,,,False,,,118382.70606176097,2670.111058406239,2670.111058406239,121052.81712016721,30290894.2826,10230172.3385,10230172.3385,api_detail,unknown
2026-03-16 12:00:00+00:00,0x99ac8ca7087fa4a2a1fb6357269965a2014abc35,0xb98437c7ba28c6590dd4e1cc46aa89eed181f97108e5b6221730d41347bc817f,WBTC / USDC 0.3%,USDC / WBTC 0.3%,uniswap_v3,uniswap-v4-ethereum,73632.5853546557,73605.4763448012,73632.5853546557,73305.9919449474,73723.8696440628,73468.7511154403,-3.681659380007085,57.00457602827669,-22.250235874006208,30.0,30.0,60.0,True,-63.68165938000708,-82.25023587400621,118382.70606176097,44428.550736940386,44428.550736940386,162811.25679870136,30290894.2826,9055876.4186,9055876.4186,api_detail,api_detail
2026-03-16 12:00:00+00:00,0xb98437c7ba28c6590dd4e1cc46aa89eed181f97108e5b6221730d41347bc817f,0x7f86bf177dd4f3494b841a37e810a34dd56c829b,USDC / WBTC 0.3%,USDC / WBTC / WETH,uniswap-v4-ethereum,curve,73605.4763448012,72562.2728078491,73723.8696440628,73468.7511154403,72595.8241511574,72490.1903397477,-141.72906538438167,-118.81608861314174,-167.33783919255396,30.0,,,False,,,44428.550736940386,2670.111058406239,2670.111058406239,47098.66179534663,9055876.4186,10230172.3385,9055876.4186,api_detail,unknown
2026-03-16 12:00:00+00:00,0xb98437c7ba28c6590dd4e1cc46aa89eed181f97108e5b6221730d41347bc817f,0x99ac8ca7087fa4a2a1fb6357269965a2014abc35,USDC / WBTC 0.3%,WBTC / USDC 0.3%,uniswap-v4-ethereum,uniswap_v3,73605.4763448012,73632.5853546557,73723.8696440628,73468.7511154403,73632.5853546557,73305.9919449474,3.6830153408051736,22.29985357420583,-56.68146573598265,30.0,30.0,60.0,True,-56.31698465919483,-116.68146573598264,44428.550736940386,118382.70606176097,44428.550736940386,162811.25679870136,9055876.4186,30290894.2826,9055876.4186,api_detail,api_detail
2026-03-16 13:00:00+00:00,0x7f86bf177dd4f3494b841a37e810a34dd56c829b,0x99ac8ca7087fa4a2a1fb6357269965a2014abc35,USDC / WBTC / WETH,WBTC / USDC 0.3%,curve,uniswap_v3,73078.1052550343,73517.0422553837,73450.0969130139,72562.2728078491,74502.3569789605,73517.0422553837,60.064091538438724,267.3681647553816,9.11439809930803,,30.0,,False,,,15830.179882872953,353379.80581224064,15830.179882872953,369209.9856951136,10230172.3385,30290894.2826,10230172.3385,unknown,api_detail
2026-03-16 13:00:00+00:00,0x7f86bf177dd4f3494b841a37e810a34dd56c829b,0xb98437c7ba28c6590dd4e1cc46aa89eed181f97108e5b6221730d41347bc817f,USDC / WBTC / WETH,USDC / WBTC 0.3%,curve,uniswap-v4-ethereum,73078.1052550343,73373.3281530223,73450.0969130139,72562.2728078491,74683.4990205111,73341.3816767355,40.398269352730495,292.33183176044844,-14.801237962578373,,30.0,,False,,,15830.179882872953,167497.39568604325,15830.179882872953,183327.57556891622,10230172.3385,9055876.4186,9055876.4186,unknown,api_detail
2026-03-16 13:00:00+00:00,0x99ac8ca7087fa4a2a1fb6357269965a2014abc35,0x7f86bf177dd4f3494b841a37e810a34dd56c829b,WBTC / USDC 0.3%,USDC / WBTC / WETH,uniswap_v3,curve,73517.0422553837,73078.1052550343,74502.3569789605,73517.0422553837,73450.0969130139,72562.2728078491,-59.70547602073273,-9.106098438678156,-260.40574416447913,30.0,,,False,,,353379.80581224064,15830.179882872953,15830.179882872953,369209.9856951136,30290894.2826,10230172.3385,10230172.3385,api_detail,unknown
2026-03-16 13:00:00+00:00,0x99ac8ca7087fa4a2a1fb6357269965a2014abc35,0xb98437c7ba28c6590dd4e1cc46aa89eed181f97108e5b6221730d41347bc817f,WBTC / USDC 0.3%,USDC / WBTC 0.3%,uniswap_v3,uniswap-v4-ethereum,73517.0422553837,73373.3281530223,74502.3569789605,73517.0422553837,74683.4990205111,73341.3816767355,-19.548406458214096,158.664811497089,-155.8306809746779,30.0,30.0,60.0,True,-79.54840645821409,-215.8306809746779,353379.80581224064,167497.39568604325,167497.39568604325,520877.2014982839,30290894.2826,9055876.4186,9055876.4186,api_detail,api_detail
2026-03-16 13:00:00+00:00,0xb98437c7ba28c6590dd4e1cc46aa89eed181f97108e5b6221730d41347bc817f,0x7f86bf177dd4f3494b841a37e810a34dd56c829b,USDC / WBTC 0.3%,USDC / WBTC / WETH,uniswap-v4-ethereum,curve,73373.3281530223,73078.1052550343,74683.4990205111,73341.3816767355,73450.0969130139,72562.2728078491,-40.23572399118991,14.823178101222023,-284.0287667935071,30.0,,,False,,,167497.39568604325,15830.179882872953,15830.179882872953,183327.57556891622,9055876.4186,10230172.3385,9055876.4186,api_detail,unknown
2026-03-16 13:00:00+00:00,0xb98437c7ba28c6590dd4e1cc46aa89eed181f97108e5b6221730d41347bc817f,0x99ac8ca7087fa4a2a1fb6357269965a2014abc35,USDC / WBTC 0.3%,WBTC / USDC 0.3%,uniswap-v4-ethereum,uniswap_v3,73373.3281530223,73517.0422553837,74683.4990205111,73341.3816767355,74502.3569789605,73517.0422553837,19.586695326354597,158.2974407739113,-156.18667850672674,30.0,30.0,60.0,True,-40.4133046736454,-216.18667850672674,167497.39568604325,353379.80581224064,167497.39568604325,520877.2014982839,9055876.4186,30290894.2826,9055876.4186,api_detail,api_detail
2026-03-16 14:00:00+00:00,0x7f86bf177dd4f3494b841a37e810a34dd56c829b,0x99ac8ca7087fa4a2a1fb6357269965a2014abc35,USDC / WBTC / WETH,WBTC / USDC 0.3%,curve,uniswap_v3,72965.4298028207,73208.2415577688,73540.77879967322,72545.8056066623,73966.6995663372,73101.4941317401,33.277643344835624,195.86162808348905,-59.73348054006178,,30.0,,False,,,42379.36240139138,652601.5914810353,42379.36240139138,694980.9538824267,10230172.3385,30290894.2826,10230172.3385,unknown,api_detail
2026-03-16 14:00:00+00:00,0x7f86bf177dd4f3494b841a37e810a34dd56c829b,0xb98437c7ba28c6590dd4e1cc46aa89eed181f97108e5b6221730d41347bc817f,USDC / WBTC / WETH,USDC / WBTC 0.3%,curve,uniswap-v4-ethereum,72965.4298028207,73193.4808573856,73540.77879967322,72545.8056066623,74086.4553562909,73028.6404853487,31.254671586418148,212.36923854452527,-69.64004497689524,,30.0,,False,,,42379.36240139138,420913.1650090566,42379.36240139138,463292.527410448,10230172.3385,9055876.4186,9055876.4186,unknown,api_detail
2026-03-16 14:00:00+00:00,0x99ac8ca7087fa4a2a1fb6357269965a2014abc35,0x7f86bf177dd4f3494b841a37e810a34dd56c829b,WBTC / USDC 0.3%,USDC / WBTC / WETH,uniswap_v3,curve,73208.2415577688,72965.4298028207,73966.6995663372,73101.4941317401,73540.77879967322,72545.8056066623,-33.167270485043865,60.09243356113414,-192.09914299347375,30.0,,,False,,,652601.5914810353,42379.36240139138,42379.36240139138,694980.9538824267,30290894.2826,10230172.3385,10230172.3385,api_detail,unknown
2026-03-16 14:00:00+00:00,0x99ac8ca7087fa4a2a1fb6357269965a2014abc35,0xb98437c7ba28c6590dd4e1cc46aa89eed181f97108e5b6221730d41347bc817f,WBTC / USDC 0.3%,USDC / WBTC 0.3%,uniswap_v3,uniswap-v4-ethereum,73208.2415577688,73193.4808573856,73966.6995663372,73101.4941317401,74086.4553562909,73028.6404853487,-2.016262113269107,134.7388635826996,-126.82181123239155,30.0,30.0,60.0,True,-62.01626211326911,-186.82181123239155,652601.5914810353,420913.1650090566,420913.1650090566,1073514.756490092,30290894.2826,9055876.4186,9055876.4186,api_detail,api_detail
2026-03-16 14:00:00+00:00,0xb98437c7ba28c6590dd4e1cc46aa89eed181f97108e5b6221730d41347bc817f,0x7f86bf177dd4f3494b841a37e810a34dd56c829b,USDC / WBTC 0.3%,USDC / WBTC / WETH,uniswap-v4-ethereum,curve,73193.4808573856,72965.4298028207,74086.4553562909,73028.6404853487,73540.77879967322,72545.8056066623,-31.157290498213808,70.12841960645,-207.952957422437,30.0,,,False,,,420913.1650090566,42379.36240139138,42379.36240139138,463292.527410448,9055876.4186,10230172.3385,9055876.4186,api_detail,unknown
2026-03-16 14:00:00+00:00,0xb98437c7ba28c6590dd4e1cc46aa89eed181f97108e5b6221730d41347bc817f,0x99ac8ca7087fa4a2a1fb6357269965a2014abc35,USDC / WBTC 0.3%,WBTC / USDC 0.3%,uniswap-v4-ethereum,uniswap_v3,73193.4808573856,73208.2415577688,74086.4553562909,73028.6404853487,73966.6995663372,73101.4941317401,2.0166687265432692,128.4508481541158,-132.94754349010284,30.0,30.0,60.0,True,-57.98333127345673,-192.94754349010284,420913.1650090566,652601.5914810353,420913.1650090566,1073514.756490092,9055876.4186,30290894.2826,9055876.4186,api_detail,api_detail
2026-03-16 15:00:00+00:00,0x7f86bf177dd4f3494b841a37e810a34dd56c829b,0x99ac8ca7087fa4a2a1fb6357269965a2014abc35,USDC / WBTC / WETH,WBTC / USDC 0.3%,curve,uniswap_v3,72392.6957752528,73086.533478048,72965.4298028207,72392.6957752528,73512.5191718097,73086.533478048,95.84360623194232,154.68734581089106,16.597404490670264,,30.0,,False,,,20774.84389449609,445305.211016783,20774.84389449609,466080.0549112791,10230172.3385,30290894.2826,10230172.3385,unknown,api_detail
2026-03-16 15:00:00+00:00,0x7f86bf177dd4f3494b841a37e810a34dd56c829b,0xb98437c7ba28c6590dd4e1cc46aa89eed181f97108e5b6221730d41347bc817f,USDC / WBTC / WETH,USDC / WBTC 0.3%,curve,uniswap-v4-ethereum,72392.6957752528,72896.3587644983,72965.4298028207,72392.6957752528,73653.1799315622,72896.3587644983,69.57373031239999,174.11758780508046,-9.466268959018587,,30.0,,False,,,20774.84389449609,304859.4430289469,20774.84389449609,325634.28692344297,10230172.3385,9055876.4186,9055876.4186,unknown,api_detail
2026-03-16 15:00:00+00:00,0x99ac8ca7087fa4a2a1fb6357269965a2014abc35,0x7f86bf177dd4f3494b841a37e810a34dd56c829b,WBTC / USDC 0.3%,USDC / WBTC / WETH,uniswap_v3,curve,73086.533478048,72392.6957752528,73512.5191718097,73086.533478048,72965.4298028207,72392.6957752528,-94.93372715557835,-16.569902752835432,-152.33097833849408,30.0,,,False,,,445305.211016783,20774.84389449609,20774.84389449609,466080.0549112791,30290894.2826,10230172.3385,10230172.3385,api_detail,unknown
2026-03-16 15:00:00+00:00,0x99ac8ca7087fa4a2a1fb6357269965a2014abc35,0xb98437c7ba28c6590dd4e1cc46aa89eed181f97108e5b6221730d41347bc817f,WBTC / USDC 0.3%,USDC / WBTC 0.3%,uniswap_v3,uniswap-v4-ethereum,73086.533478048,72896.3587644983,73512.5191718097,73086.533478048,73653.1799315622,72896.3587644983,-26.020486196245418,77.53089749213515,-83.81707146660867,30.0,30.0,60.0,True,-86.02048619624541,-143.81707146660867,445305.211016783,304859.4430289469,304859.4430289469,750164.6540457299,30290894.2826,9055876.4186,9055876.4186,api_detail,api_detail
2026-03-16 15:00:00+00:00,0xb98437c7ba28c6590dd4e1cc46aa89eed181f97108e5b6221730d41347bc817f,0x7f86bf177dd4f3494b841a37e810a34dd56c829b,USDC / WBTC 0.3%,USDC / WBTC / WETH,uniswap-v4-ethereum,curve,72896.3587644983,72392.6957752528,73653.1799315622,72896.3587644983,72965.4298028207,72392.6957752528,-69.09302436801545,9.475238474603298,-171.13777809466436,30.0,,,False,,,304859.4430289469,20774.84389449609,20774.84389449609,325634.28692344297,9055876.4186,10230172.3385,9055876.4186,api_detail,unknown
2026-03-16 15:00:00+00:00,0xb98437c7ba28c6590dd4e1cc46aa89eed181f97108e5b6221730d41347bc817f,0x99ac8ca7087fa4a2a1fb6357269965a2014abc35,USDC / WBTC 0.3%,WBTC / USDC 0.3%,uniswap-v4-ethereum,uniswap_v3,72896.3587644983,73086.533478048,73653.1799315622,72896.3587644983,73512.5191718097,73086.533478048,26.088369401835454,84.52553978752108,-76.9344180442344,30.0,30.0,60.0,True,-33.91163059816455,-136.9344180442344,304859.4430289469,445305.211016783,304859.4430289469,750164.6540457299,9055876.4186,30290894.2826,9055876.4186,api_detail,api_detail
2026-03-16 16:00:00+00:00,0x7f86bf177dd4f3494b841a37e810a34dd56c829b,0x99ac8ca7087fa4a2a1fb6357269965a2014abc35,USDC / WBTC / WETH,WBTC / USDC 0.3%,curve,uniswap_v3,72489.6104565596,73233.8013140266,72515.1698493504,72392.6957752528,73233.8013140266,73055.9419072973,102.66172666398398,116.18651989215411,74.57364563447256,,30.0,,False,,,10287.985921110101,163145.7558981266,10287.985921110101,173433.74181923672,10230172.3385,30290894.2826,10230172.3385,unknown,api_detail
2026-03-16 16:00:00+00:00,0x7f86bf177dd4f3494b841a37e810a34dd56c829b,0xb98437c7ba28c6590dd4e1cc46aa89eed181f97108e5b6221730d41347bc817f,USDC / WBTC / WETH,USDC / WBTC 0.3%,curve,uniswap-v4-ethereum,72489.6104565596,73410.3338013196,72515.1698493504,72392.6957752528,73410.3338013196,72884.5316226242,127.01452511070687,140.57192029788723,50.935793716149206,,30.0,,False,,,10287.985921110101,140232.44173374106,10287.985921110101,150520.42765485117,10230172.3385,9055876.4186,9055876.4186,unknown,api_detail
2026-03-16 16:00:00+00:00,0x99ac8ca7087fa4a2a1fb6357269965a2014abc35,0x7f86bf177dd4f3494b841a37e810a34dd56c829b,WBTC / USDC 0.3%,USDC / WBTC / WETH,uniswap_v3,curve,73233.8013140266,72489.6104565596,73233.8013140266,73055.9419072973,72515.1698493504,72392.6957752528,-101.6184936619502,-74.02163928474148,-114.85209338883529,30.0,,,False,,,163145.7558981266,10287.985921110101,10287.985921110101,173433.74181923672,30290894.2826,10230172.3385,10230172.3385,api_detail,unknown
2026-03-16 16:00:00+00:00,0x99ac8ca7087fa4a2a1fb6357269965a2014abc35,0xb98437c7ba28c6590dd4e1cc46aa89eed181f97108e5b6221730d41347bc817f,WBTC / USDC 0.3%,USDC / WBTC 0.3%,uniswap_v3,uniswap-v4-ethereum,73233.8013140266,73410.3338013196,73233.8013140266,73055.9419072973,73410.3338013196,72884.5316226242,24.10532897726192,48.50966051084704,-47.692415952127476,30.0,30.0,60.0,True,-35.89467102273808,-107.69241595212748,163145.7558981266,140232.44173374106,140232.44173374106,303378.19763186766,30290894.2826,9055876.4186,9055876.4186,api_detail,api_detail
2026-03-16 16:00:00+00:00,0xb98437c7ba28c6590dd4e1cc46aa89eed181f97108e5b6221730d41347bc817f,0x7f86bf177dd4f3494b841a37e810a34dd56c829b,USDC / WBTC 0.3%,USDC / WBTC / WETH,uniswap-v4-ethereum,curve,73410.3338013196,72489.6104565596,73410.3338013196,72884.5316226242,72515.1698493504,72392.6957752528,-125.42149001145808,-50.67766301720344,-138.62326642199773,30.0,,,False,,,140232.44173374106,10287.985921110101,10287.985921110101,150520.42765485117,9055876.4186,10230172.3385,9055876.4186,api_detail,unknown
2026-03-16 16:00:00+00:00,0xb98437c7ba28c6590dd4e1cc46aa89eed181f97108e5b6221730d41347bc817f,0x99ac8ca7087fa4a2a1fb6357269965a2014abc35,USDC / WBTC 0.3%,WBTC / USDC 0.3%,uniswap-v4-ethereum,uniswap_v3,73410.3338013196,73233.8013140266,73410.3338013196,72884.5316226242,73233.8013140266,73055.9419072973,-24.0473620200099,47.92096260024303,-48.275477806905,30.0,30.0,60.0,True,-84.0473620200099,-108.275477806905,140232.44173374106,163145.7558981266,140232.44173374106,303378.19763186766,9055876.4186,30290894.2826,9055876.4186,api_detail,api_detail
2026-03-16 17:00:00+00:00,0x7f86bf177dd4f3494b841a37e810a34dd56c829b,0x99ac8ca7087fa4a2a1fb6357269965a2014abc35,USDC / WBTC / WETH,WBTC / USDC 0.3%,curve,uniswap_v3,72741.2185043078,73628.3558418035,72741.2185043078,72489.6104565596,73688.4816700825,73233.8013140266,121.95799791876682,165.3852470681083,67.71715127230405,,30.0,,False,,,16561.32024934055,84068.03179225462,16561.32024934055,100629.35204159518,10230172.3385,30290894.2826,10230172.3385,unknown,api_detail
2026-03-16 17:00:00+00:00,0x7f86bf177dd4f3494b841a37e810a34dd56c829b,0xb98437c7ba28c6590dd4e1cc46aa89eed181f97108e5b6221730d41347bc817f,USDC / WBTC / WETH,USDC / WBTC 0.3%,curve,uniswap-v4-ethereum,72741.2185043078,73808.2211178248,72741.2185043078,72489.6104565596,73808.2211178248,73410.3338013196,146.6847319108089,181.90340008177986,91.98571467044836,,30.0,,False,,,16561.32024934055,28404.59697910561,16561.32024934055,44965.91722844616,10230172.3385,9055876.4186,9055876.4186,unknown,api_detail
2026-03-16 17:00:00+00:00,0x99ac8ca7087fa4a2a1fb6357269965a2014abc35,0x7f86bf177dd4f3494b841a37e810a34dd56c829b,WBTC / USDC 0.3%,USDC / WBTC / WETH,uniswap_v3,curve,73628.3558418035,72741.2185043078,73688.4816700825,73233.8013140266,72741.2185043078,72489.6104565596,-120.48854376183193,-67.26167437445918,-162.69451973382698,30.0,,,False,,,84068.03179225462,16561.32024934055,16561.32024934055,100629.35204159518,30290894.2826,10230172.3385,10230172.3385,api_detail,unknown
2026-03-16 17:00:00+00:00,0x99ac8ca7087fa4a2a1fb6357269965a2014abc35,0xb98437c7ba28c6590dd4e1cc46aa89eed181f97108e5b6221730d41347bc817f,WBTC / USDC 0.3%,USDC / WBTC 0.3%,uniswap_v3,uniswap-v4-ethereum,73628.3558418035,73808.2211178248,73688.4816700825,73233.8013140266,73808.2211178248,73410.3338013196,24.428805174974144,78.43643146900004,-37.746451339331074,30.0,30.0,60.0,True,-35.571194825025856,-97.74645133933107,84068.03179225462,28404.59697910561,28404.59697910561,112472.62877136024,30290894.2826,9055876.4186,9055876.4186,api_detail,api_detail
2026-03-16 17:00:00+00:00,0xb98437c7ba28c6590dd4e1cc46aa89eed181f97108e5b6221730d41347bc817f,0x7f86bf177dd4f3494b841a37e810a34dd56c829b,USDC / WBTC 0.3%,USDC / WBTC / WETH,uniswap-v4-ethereum,curve,73808.2211178248,72741.2185043078,73808.2211178248,73410.3338013196,72741.2185043078,72489.6104565596,-144.56419587916434,-91.14728981109322,-178.653629811808,30.0,,,False,,,28404.59697910561,16561.32024934055,16561.32024934055,44965.91722844616,9055876.4186,10230172.3385,9055876.4186,api_detail,unknown
2026-03-16 17:00:00+00:00,0xb98437c7ba28c6590dd4e1cc46aa89eed181f97108e5b6221730d41347bc817f,0x99ac8ca7087fa4a2a1fb6357269965a2014abc35,USDC / WBTC 0.3%,WBTC / USDC 0.3%,uniswap-v4-ethereum,uniswap_v3,73808.2211178248,73628.3558418035,73808.2211178248,73410.3338013196,73688.4816700825,73233.8013140266,-24.369273950414218,37.88947064532921,-77.82599215895192,30.0,30.0,60.0,True,-84.36927395041423,-137.82599215895192,28404.59697910561,84068.03179225462,28404.59697910561,112472.62877136024,9055876.4186,30290894.2826,9055876.4186,api_detail,api_detail
2026-03-16 18:00:00+00:00,0x7f86bf177dd4f3494b841a37e810a34dd56c829b,0x99ac8ca7087fa4a2a1fb6357269965a2014abc35,USDC / WBTC / WETH,WBTC / USDC 0.3%,curve,uniswap_v3,73049.2105480191,74125.1616231071,73049.2105480191,72741.2185043078,74255.611527771,73628.3558418035,147.2912666702575,208.18911953935927,79.28152671871746,,30.0,,False,,,7553.65377605636,265889.7089024426,7553.65377605636,273443.36267849896,10230172.3385,30290894.2826,10230172.3385,unknown,api_detail
2026-03-16 18:00:00+00:00,0x7f86bf177dd4f3494b841a37e810a34dd56c829b,0xb98437c7ba28c6590dd4e1cc46aa89eed181f97108e5b6221730d41347bc817f,USDC / WBTC / WETH,USDC / WBTC 0.3%,curve,uniswap-v4-ethereum,73049.2105480191,73956.8960817094,73049.2105480191,72741.2185043078,74159.6116530832,73808.2211178248,124.2567204875722,194.9916674397456,103.90400719070936,,30.0,,False,,,7553.65377605636,79621.82645552585,7553.65377605636,87175.48023158222,10230172.3385,9055876.4186,9055876.4186,unknown,api_detail
2026-03-16 18:00:00+00:00,0x99ac8ca7087fa4a2a1fb6357269965a2014abc35,0x7f86bf177dd4f3494b841a37e810a34dd56c829b,WBTC / USDC 0.3%,USDC / WBTC / WETH,uniswap_v3,curve,74125.1616231071,73049.2105480191,74255.611527771,73628.3558418035,73049.2105480191,72741.2185043078,-145.15328554138284,-78.65791476163619,-203.9432431173005,30.0,,,False,,,265889.7089024426,7553.65377605636,7553.65377605636,273443.36267849896,30290894.2826,10230172.3385,10230172.3385,api_detail,unknown
2026-03-16 18:00:00+00:00,0x99ac8ca7087fa4a2a1fb6357269965a2014abc35,0xb98437c7ba28c6590dd4e1cc46aa89eed181f97108e5b6221730d41347bc817f,WBTC / USDC 0.3%,USDC / WBTC 0.3%,uniswap_v3,uniswap-v4-ethereum,74125.1616231071,73956.8960817094,74255.611527771,73628.3558418035,74159.6116530832,73808.2211178248,-22.700192176746683,72.15369747236355,-60.25004720066063,30.0,30.0,60.0,True,-82.70019217674668,-120.25004720066063,265889.7089024426,79621.82645552585,79621.82645552585,345511.5353579684,30290894.2826,9055876.4186,9055876.4186,api_detail,api_detail
2026-03-16 18:00:00+00:00,0xb98437c7ba28c6590dd4e1cc46aa89eed181f97108e5b6221730d41347bc817f,0x7f86bf177dd4f3494b841a37e810a34dd56c829b,USDC / WBTC 0.3%,USDC / WBTC / WETH,uniswap-v4-ethereum,curve,73956.8960817094,73049.2105480191,74159.6116530832,73808.2211178248,73049.2105480191,72741.2185043078,-122.73169667470607,-102.83550508473071,-191.2622136440778,30.0,,,False,,,79621.82645552585,7553.65377605636,7553.65377605636,87175.48023158222,9055876.4186,10230172.3385,9055876.4186,api_detail,unknown
2026-03-16 18:00:00+00:00,0xb98437c7ba28c6590dd4e1cc46aa89eed181f97108e5b6221730d41347bc817f,0x99ac8ca7087fa4a2a1fb6357269965a2014abc35,USDC / WBTC 0.3%,WBTC / USDC 0.3%,uniswap-v4-ethereum,uniswap_v3,73956.8960817094,74125.1616231071,74159.6116530832,73808.2211178248,74255.611527771,73628.3558418035,22.751839289170128,60.615254394496,-71.63681139066624,30.0,30.0,60.0,True,-37.24816071082987,-131.63681139066625,79621.82645552585,265889.7089024426,79621.82645552585,345511.5353579684,9055876.4186,30290894.2826,9055876.4186,api_detail,api_detail
2026-03-16 19:00:00+00:00,0x7f86bf177dd4f3494b841a37e810a34dd56c829b,0x99ac8ca7087fa4a2a1fb6357269965a2014abc35,USDC / WBTC / WETH,WBTC / USDC 0.3%,curve,uniswap_v3,72770.6334513108,73661.8899892078,73173.6222453195,72770.6334513108,74125.1616231071,73661.8871017617,122.47475329362433,186.13664709990152,66.72689439990664,,30.0,,False,,,2655.2906448895624,164378.40295253097,2655.2906448895624,167033.69359742053,10230172.3385,30290894.2826,10230172.3385,unknown,api_detail
2026-03-16 19:00:00+00:00,0x7f86bf177dd4f3494b841a37e810a34dd56c829b,0xb98437c7ba28c6590dd4e1cc46aa89eed181f97108e5b6221730d41347bc817f,USDC / WBTC / WETH,USDC / WBTC 0.3%,curve,uniswap-v4-ethereum,72770.6334513108,73592.3858133761,73173.6222453195,72770.6334513108,74089.7191180612,73475.0971266124,112.92362359537566,181.266206461288,41.199939546821,,30.0,,False,,,2655.2906448895624,78069.4301580829,2655.2906448895624,80724.72080297247,10230172.3385,9055876.4186,9055876.4186,unknown,api_detail
2026-03-16 19:00:00+00:00,0x99ac8ca7087fa4a2a1fb6357269965a2014abc35,0x7f86bf177dd4f3494b841a37e810a34dd56c829b,WBTC / USDC 0.3%,USDC / WBTC / WETH,uniswap_v3,curve,73661.8899892078,72770.6334513108,74125.1616231071,73661.8871017617,73173.6222453195,72770.6334513108,-120.99289578743955,-66.28459786370833,-182.73527397936195,30.0,,,False,,,164378.40295253097,2655.2906448895624,2655.2906448895624,167033.69359742053,30290894.2826,10230172.3385,10230172.3385,api_detail,unknown
2026-03-16 19:00:00+00:00,0x99ac8ca7087fa4a2a1fb6357269965a2014abc35,0xb98437c7ba28c6590dd4e1cc46aa89eed181f97108e5b6221730d41347bc817f,WBTC / USDC 0.3%,USDC / WBTC 0.3%,uniswap_v3,uniswap-v4-ethereum,73661.8899892078,73592.3858133761,74125.1616231071,73661.8871017617,74089.7191180612,73475.0971266124,-9.435567814224388,58.08051261413594,-87.69822314856901,30.0,30.0,60.0,True,-69.43556781422438,-147.698223148569,164378.40295253097,78069.4301580829,78069.4301580829,242447.83311061386,30290894.2826,9055876.4186,9055876.4186,api_detail,api_detail
2026-03-16 19:00:00+00:00,0xb98437c7ba28c6590dd4e1cc46aa89eed181f97108e5b6221730d41347bc817f,0x7f86bf177dd4f3494b841a37e810a34dd56c829b,USDC / WBTC 0.3%,USDC / WBTC / WETH,uniswap-v4-ethereum,curve,73592.3858133761,72770.6334513108,74089.7191180612,73475.0971266124,73173.6222453195,72770.6334513108,-111.66268805976598,-41.030892517691655,-178.03896174156785,30.0,,,False,,,78069.4301580829,2655.2906448895624,2655.2906448895624,80724.72080297247,9055876.4186,10230172.3385,9055876.4186,api_detail,unknown
2026-03-16 19:00:00+00:00,0xb98437c7ba28c6590dd4e1cc46aa89eed181f97108e5b6221730d41347bc817f,0x99ac8ca7087fa4a2a1fb6357269965a2014abc35,USDC / WBTC 0.3%,WBTC / USDC 0.3%,uniswap-v4-ethereum,uniswap_v3,73592.3858133761,73661.8899892078,74089.7191180612,73475.0971266124,74125.1616231071,73661.8871017617,9.444479216635937,88.47412550874401,-57.74512596244952,30.0,30.0,60.0,True,-50.55552078336406,-117.74512596244952,78069.4301580829,164378.40295253097,78069.4301580829,242447.83311061386,9055876.4186,30290894.2826,9055876.4186,api_detail,api_detail
2026-03-16 20:00:00+00:00,0x7f86bf177dd4f3494b841a37e810a34dd56c829b,0x99ac8ca7087fa4a2a1fb6357269965a2014abc35,USDC / WBTC / WETH,WBTC / USDC 0.3%,curve,uniswap_v3,72780.6403986175,73622.599047998,72780.6403986175,72770.6334513108,73661.8899892078,73622.599047998,115.68442442511096,122.47475329362433,115.68442442511096,,30.0,,False,,,574.325133900762,9346.778855982993,574.325133900762,9921.103989883755,10230172.3385,30290894.2826,10230172.3385,unknown,api_detail
2026-03-16 20:00:00+00:00,0x7f86bf177dd4f3494b841a37e810a34dd56c829b,0xb98437c7ba28c6590dd4e1cc46aa89eed181f97108e5b6221730d41347bc817f,USDC / WBTC / WETH,USDC / WBTC 0.3%,curve,uniswap-v4-ethereum,72780.6403986175,73424.9318138856,72780.6403986175,72770.6334513108,73592.3858133761,73424.9318138856,88.52510938888835,112.92362359537566,88.52510938888835,,30.0,,False,,,574.325133900762,9481.09261692402,574.325133900762,10055.417750824781,10230172.3385,9055876.4186,9055876.4186,unknown,api_detail
2026-03-16 20:00:00+00:00,0x99ac8ca7087fa4a2a1fb6357269965a2014abc35,0x7f86bf177dd4f3494b841a37e810a34dd56c829b,WBTC / USDC 0.3%,USDC / WBTC / WETH,uniswap_v3,curve,73622.599047998,72780.6403986175,73661.8899892078,73622.599047998,72780.6403986175,72770.6334513108,-114.36144068095011,-114.36144068095011,-120.99289578743955,30.0,,,False,,,9346.778855982993,574.325133900762,574.325133900762,9921.103989883755,30290894.2826,10230172.3385,10230172.3385,api_detail,unknown
2026-03-16 20:00:00+00:00,0x99ac8ca7087fa4a2a1fb6357269965a2014abc35,0xb98437c7ba28c6590dd4e1cc46aa89eed181f97108e5b6221730d41347bc817f,WBTC / USDC 0.3%,USDC / WBTC 0.3%,uniswap_v3,uniswap-v4-ethereum,73622.599047998,73424.9318138856,73661.8899892078,73622.599047998,73592.3858133761,73424.9318138856,-26.848717196675807,-4.103798971046846,-32.168353996472334,30.0,30.0,60.0,True,-86.8487171966758,-92.16835399647233,9346.778855982993,9481.09261692402,9346.778855982993,18827.871472907013,30290894.2826,9055876.4186,9055876.4186,api_detail,api_detail
2026-03-16 20:00:00+00:00,0xb98437c7ba28c6590dd4e1cc46aa89eed181f97108e5b6221730d41347bc817f,0x7f86bf177dd4f3494b841a37e810a34dd56c829b,USDC / WBTC 0.3%,USDC / WBTC / WETH,uniswap-v4-ethereum,curve,73424.9318138856,72780.6403986175,73592.3858133761,73424.9318138856,72780.6403986175,72770.6334513108,-87.74831645757986,-87.74831645757986,-111.66268805976598,30.0,,,False,,,9481.09261692402,574.325133900762,574.325133900762,10055.417750824781,9055876.4186,10230172.3385,9055876.4186,api_detail,unknown
2026-03-16 20:00:00+00:00,0xb98437c7ba28c6590dd4e1cc46aa89eed181f97108e5b6221730d41347bc817f,0x99ac8ca7087fa4a2a1fb6357269965a2014abc35,USDC / WBTC 0.3%,WBTC / USDC 0.3%,uniswap-v4-ethereum,uniswap_v3,73424.9318138856,73622.599047998,73592.3858133761,73424.9318138856,73661.8899892078,73622.599047998,26.92099661916414,32.27216824972068,4.105483779057728,30.0,30.0,60.0,True,-33.07900338083586,-55.89451622094227,9481.09261692402,9346.778855982993,9346.778855982993,18827.871472907013,9055876.4186,30290894.2826,9055876.4186,api_detail,api_detail
2026-03-16 21:00:00+00:00,0x7f86bf177dd4f3494b841a37e810a34dd56c829b,0x99ac8ca7087fa4a2a1fb6357269965a2014abc35,USDC / WBTC / WETH,WBTC / USDC 0.3%,curve,uniswap_v3,73378.796064003,74360.7466819804,74776.13464337225,72780.6403986175,74471.0588809139,73622.599047998,133.81939615374705,232.26210610926668,-154.2652078602058,,30.0,,False,,,5725.175605153819,206757.35151295204,5725.175605153819,212482.52711810585,10230172.3385,30290894.2826,10230172.3385,unknown,api_detail
2026-03-16 21:00:00+00:00,0x7f86bf177dd4f3494b841a37e810a34dd56c829b,0xb98437c7ba28c6590dd4e1cc46aa89eed181f97108e5b6221730d41347bc817f,USDC / WBTC / WETH,USDC / WBTC 0.3%,curve,uniswap-v4-ethereum,73378.796064003,74324.9782793932,74776.13464337225,72780.6403986175,74540.8441221561,73424.9318138856,128.9449086306771,241.85054073418533,-180.69974276296864,,30.0,,False,,,5725.175605153819,96295.53146646217,5725.175605153819,102020.707071616,10230172.3385,9055876.4186,9055876.4186,unknown,api_detail
2026-03-16 21:00:00+00:00,0x99ac8ca7087fa4a2a1fb6357269965a2014abc35,0x7f86bf177dd4f3494b841a37e810a34dd56c829b,WBTC / USDC 0.3%,USDC / WBTC / WETH,uniswap_v3,curve,74360.7466819804,73378.796064003,74471.0588809139,73622.599047998,74776.13464337225,72780.6403986175,-132.05228050989226,156.68227015759317,-226.98998882230703,30.0,,,False,,,206757.35151295204,5725.175605153819,5725.175605153819,212482.52711810585,30290894.2826,10230172.3385,10230172.3385,api_detail,unknown
2026-03-16 21:00:00+00:00,0x99ac8ca7087fa4a2a1fb6357269965a2014abc35,0xb98437c7ba28c6590dd4e1cc46aa89eed181f97108e5b6221730d41347bc817f,WBTC / USDC 0.3%,USDC / WBTC 0.3%,uniswap_v3,uniswap-v4-ethereum,74360.7466819804,74324.9782793932,74471.0588809139,73622.599047998,74540.8441221561,73424.9318138856,-4.810118803697527,124.72326242645381,-140.4743107924855,30.0,30.0,60.0,True,-64.81011880369752,-200.4743107924855,206757.35151295204,96295.53146646217,96295.53146646217,303052.8829794142,30290894.2826,9055876.4186,9055876.4186,api_detail,api_detail
2026-03-16 21:00:00+00:00,0xb98437c7ba28c6590dd4e1cc46aa89eed181f97108e5b6221730d41347bc817f,0x7f86bf177dd4f3494b841a37e810a34dd56c829b,USDC / WBTC 0.3%,USDC / WBTC / WETH,uniswap-v4-ethereum,curve,74324.9782793932,73378.796064003,74540.8441221561,73424.9318138856,74776.13464337225,72780.6403986175,-127.30339615215524,184.02507106327624,-236.13949429577286,30.0,,,False,,,96295.53146646217,5725.175605153819,5725.175605153819,102020.707071616,9055876.4186,10230172.3385,9055876.4186,api_detail,unknown
2026-03-16 21:00:00+00:00,0xb98437c7ba28c6590dd4e1cc46aa89eed181f97108e5b6221730d41347bc817f,0x99ac8ca7087fa4a2a1fb6357269965a2014abc35,USDC / WBTC 0.3%,WBTC / USDC 0.3%,uniswap-v4-ethereum,uniswap_v3,74324.9782793932,74360.7466819804,74540.8441221561,73424.9318138856,74471.0588809139,73622.599047998,4.8124336414523405,142.47572877288837,-123.18683601882708,30.0,30.0,60.0,True,-55.187566358547656,-183.18683601882708,96295.53146646217,206757.35151295204,96295.53146646217,303052.8829794142,9055876.4186,30290894.2826,9055876.4186,api_detail,api_detail
2026-03-16 22:00:00+00:00,0x7f86bf177dd4f3494b841a37e810a34dd56c829b,0x99ac8ca7087fa4a2a1fb6357269965a2014abc35,USDC / WBTC / WETH,WBTC / USDC 0.3%,curve,uniswap_v3,73869.2292059944,74718.6799943049,73869.2292059944,73378.796064003,74718.6799943049,74353.3043628583,114.99386110306986,182.59824393046742,65.53136699368966,,30.0,,False,,,3616.859723098511,22215.65527200927,3616.859723098511,25832.51499510778,10230172.3385,30290894.2826,10230172.3385,unknown,api_detail
2026-03-16 22:00:00+00:00,0x7f86bf177dd4f3494b841a37e810a34dd56c829b,0xb98437c7ba28c6590dd4e1cc46aa89eed181f97108e5b6221730d41347bc817f,USDC / WBTC / WETH,USDC / WBTC 0.3%,curve,uniswap-v4-ethereum,73869.2292059944,74810.4855281416,73869.2292059944,73378.796064003,74810.4855281416,74324.9782793932,127.4219769536744,195.1094241025464,61.696741430437015,,30.0,,False,,,3616.859723098511,28188.6743179668,3616.859723098511,31805.53404106531,10230172.3385,9055876.4186,9055876.4186,unknown,api_detail
2026-03-16 22:00:00+00:00,0x99ac8ca7087fa4a2a1fb6357269965a2014abc35,0x7f86bf177dd4f3494b841a37e810a34dd56c829b,WBTC / USDC 0.3%,USDC / WBTC / WETH,uniswap_v3,curve,74718.6799943049,73869.2292059944,74718.6799943049,74353.3043628583,73869.2292059944,73378.796064003,-113.6865357331318,-65.10472681906853,-179.32382242352497,30.0,,,False,,,22215.65527200927,3616.859723098511,3616.859723098511,25832.51499510778,30290894.2826,10230172.3385,10230172.3385,api_detail,unknown
2026-03-16 22:00:00+00:00,0x99ac8ca7087fa4a2a1fb6357269965a2014abc35,0xb98437c7ba28c6590dd4e1cc46aa89eed181f97108e5b6221730d41347bc817f,WBTC / USDC 0.3%,USDC / WBTC 0.3%,uniswap_v3,uniswap-v4-ethereum,74718.6799943049,74810.4855281416,74718.6799943049,74353.3043628583,74810.4855281416,74324.9782793932,12.286824906930782,61.487672834574795,-52.69120318261877,30.0,30.0,60.0,True,-47.71317509306922,-112.69120318261878,22215.65527200927,28188.6743179668,22215.65527200927,50404.32958997607,30290894.2826,9055876.4186,9055876.4186,api_detail,api_detail
2026-03-16 22:00:00+00:00,0xb98437c7ba28c6590dd4e1cc46aa89eed181f97108e5b6221730d41347bc817f,0x7f86bf177dd4f3494b841a37e810a34dd56c829b,USDC / WBTC 0.3%,USDC / WBTC / WETH,uniswap-v4-ethereum,curve,74810.4855281416,73869.2292059944,74810.4855281416,74324.9782793932,73869.2292059944,73378.796064003,-125.81876932119651,-61.318426718619534,-191.37550759512513,30.0,,,False,,,28188.6743179668,3616.859723098511,3616.859723098511,31805.53404106531,9055876.4186,10230172.3385,9055876.4186,api_detail,unknown
2026-03-16 22:00:00+00:00,0xb98437c7ba28c6590dd4e1cc46aa89eed181f97108e5b6221730d41347bc817f,0x99ac8ca7087fa4a2a1fb6357269965a2014abc35,USDC / WBTC 0.3%,WBTC / USDC 0.3%,uniswap-v4-ethereum,uniswap_v3,74810.4855281416,74718.6799943049,74810.4855281416,74324.9782793932,74718.6799943049,74353.3043628583,-12.271746826474361,52.970310119937466,-61.111909922215716,30.0,30.0,60.0,True,-72.27174682647436,-121.11190992221572,28188.6743179668,22215.65527200927,22215.65527200927,50404.32958997607,9055876.4186,30290894.2826,9055876.4186,api_detail,api_detail
2026-03-16 23:00:00+00:00,0x7f86bf177dd4f3494b841a37e810a34dd56c829b,0x99ac8ca7087fa4a2a1fb6357269965a2014abc35,USDC / WBTC / WETH,WBTC / USDC 0.3%,curve,uniswap_v3,74028.9653211878,74497.6869877899,74028.9653211878,73282.7385939115,74718.6799943049,73970.3521320153,63.315982408840284,195.94537921822308,-7.917602105905752,,30.0,,False,,,8584.573708581509,168566.9489159648,8584.573708581509,177151.5226245463,10230172.3385,30290894.2826,10230172.3385,unknown,api_detail
2026-03-16 23:00:00+00:00,0x7f86bf177dd4f3494b841a37e810a34dd56c829b,0xb98437c7ba28c6590dd4e1cc46aa89eed181f97108e5b6221730d41347bc817f,USDC / WBTC / WETH,USDC / WBTC 0.3%,curve,uniswap-v4-ethereum,74028.9653211878,74711.8623787043,74028.9653211878,73282.7385939115,74881.9473641454,73786.670642144,92.24727842049862,218.22448245223615,-32.72971302415995,,30.0,,False,,,8584.573708581509,95528.05944976426,8584.573708581509,104112.63315834576,10230172.3385,9055876.4186,9055876.4186,unknown,api_detail
2026-03-16 23:00:00+00:00,0x99ac8ca7087fa4a2a1fb6357269965a2014abc35,0x7f86bf177dd4f3494b841a37e810a34dd56c829b,WBTC / USDC 0.3%,USDC / WBTC / WETH,uniswap_v3,curve,74497.6869877899,74028.9653211878,74718.6799943049,73970.3521320153,74028.9653211878,73282.7385939115,-62.91761335877722,7.923875915569756,-192.17970666811078,30.0,,,False,,,168566.9489159648,8584.573708581509,8584.573708581509,177151.5226245463,30290894.2826,10230172.3385,10230172.3385,api_detail,unknown
2026-03-16 23:00:00+00:00,0x99ac8ca7087fa4a2a1fb6357269965a2014abc35,0xb98437c7ba28c6590dd4e1cc46aa89eed181f97108e5b6221730d41347bc817f,WBTC / USDC 0.3%,USDC / WBTC 0.3%,uniswap_v3,uniswap-v4-ethereum,74497.6869877899,74711.8623787043,74718.6799943049,73970.3521320153,74881.9473641454,73786.670642144,28.749267202015094,123.23791976860844,-124.73578926072149,30.0,30.0,60.0,True,-31.250732797984906,-184.7357892607215,168566.9489159648,95528.05944976426,95528.05944976426,264095.00836572907,30290894.2826,9055876.4186,9055876.4186,api_detail,api_detail
2026-03-16 23:00:00+00:00,0xb98437c7ba28c6590dd4e1cc46aa89eed181f97108e5b6221730d41347bc817f,0x7f86bf177dd4f3494b841a37e810a34dd56c829b,USDC / WBTC 0.3%,USDC / WBTC / WETH,uniswap-v4-ethereum,curve,74711.8623787043,74028.9653211878,74881.9473641454,73786.670642144,74028.9653211878,73282.7385939115,-91.40410047001501,32.83718819878656,-213.56399326222908,30.0,,,False,,,95528.05944976426,8584.573708581509,8584.573708581509,104112.63315834576,9055876.4186,10230172.3385,9055876.4186,api_detail,unknown
2026-03-16 23:00:00+00:00,0xb98437c7ba28c6590dd4e1cc46aa89eed181f97108e5b6221730d41347bc817f,0x99ac8ca7087fa4a2a1fb6357269965a2014abc35,USDC / WBTC 0.3%,WBTC / USDC 0.3%,uniswap-v4-ethereum,uniswap_v3,74711.8623787043,74497.6869877899,74881.9473641454,73786.670642144,74718.6799943049,73970.3521320153,-28.66685210291986,126.31134377657727,-121.73765029067418,30.0,30.0,60.0,True,-88.66685210291986,-181.7376502906742,95528.05944976426,168566.9489159648,95528.05944976426,264095.00836572907,9055876.4186,30290894.2826,9055876.4186,api_detail,api_detail
2026-03-17 00:00:00+00:00,0x7f86bf177dd4f3494b841a37e810a34dd56c829b,0x99ac8ca7087fa4a2a1fb6357269965a2014abc35,USDC / WBTC / WETH,WBTC / USDC 0.3%,curve,uniswap_v3,74350.3303197542,74881.2180640923,74405.80090260824,73686.5270997712,75164.6377305934,74497.6869877899,71.40354885512235,200.59442193833377,12.34931740092815,,30.0,,False,,,23215.24525055859,355171.53282239917,23215.24525055859,378386.77807295776,10230172.3385,30290894.2826,10230172.3385,unknown,api_detail
2026-03-17 00:00:00+00:00,0x7f86bf177dd4f3494b841a37e810a34dd56c829b,0xb98437c7ba28c6590dd4e1cc46aa89eed181f97108e5b6221730d41347bc817f,USDC / WBTC / WETH,USDC / WBTC 0.3%,curve,uniswap-v4-ethereum,74350.3303197542,75049.4294683664,74405.80090260824,73686.5270997712,75327.2191352379,74606.4877511065,94.02771253411046,222.65834746767243,26.971935798518754,,30.0,,False,,,23215.24525055859,178702.84186549543,23215.24525055859,201918.08711605403,10230172.3385,9055876.4186,9055876.4186,unknown,api_detail
2026-03-17 00:00:00+00:00,0x99ac8ca7087fa4a2a1fb6357269965a2014abc35,0x7f86bf177dd4f3494b841a37e810a34dd56c829b,WBTC / USDC 0.3%,USDC / WBTC / WETH,uniswap_v3,curve,74881.2180640923,74350.3303197542,75164.6377305934,74497.6869877899,74405.80090260824,73686.5270997712,-70.89731685236633,-12.33408564707772,-196.6497378887222,30.0,,,False,,,355171.53282239917,23215.24525055859,23215.24525055859,378386.77807295776,30290894.2826,10230172.3385,10230172.3385,api_detail,unknown
2026-03-17 00:00:00+00:00,0x99ac8ca7087fa4a2a1fb6357269965a2014abc35,0xb98437c7ba28c6590dd4e1cc46aa89eed181f97108e5b6221730d41347bc817f,WBTC / USDC 0.3%,USDC / WBTC 0.3%,uniswap_v3,uniswap-v4-ethereum,74881.2180640923,75049.4294683664,75164.6377305934,74497.6869877899,75327.2191352379,74606.4877511065,22.463764428901634,111.35005407402198,-74.25699056615387,30.0,30.0,60.0,True,-37.536235571098366,-134.2569905661539,355171.53282239917,178702.84186549543,178702.84186549543,533874.3746878946,30290894.2826,9055876.4186,9055876.4186,api_detail,api_detail
2026-03-17 00:00:00+00:00,0xb98437c7ba28c6590dd4e1cc46aa89eed181f97108e5b6221730d41347bc817f,0x7f86bf177dd4f3494b841a37e810a34dd56c829b,USDC / WBTC 0.3%,USDC / WBTC / WETH,uniswap-v4-ethereum,curve,75049.4294683664,74350.3303197542,75327.2191352379,74606.4877511065,74405.80090260824,73686.5270997712,-93.1518272110088,-26.899382955509754,-217.80865592835653,30.0,,,False,,,178702.84186549543,23215.24525055859,23215.24525055859,201918.08711605403,9055876.4186,10230172.3385,9055876.4186,api_detail,unknown
2026-03-17 00:00:00+00:00,0xb98437c7ba28c6590dd4e1cc46aa89eed181f97108e5b6221730d41347bc817f,0x99ac8ca7087fa4a2a1fb6357269965a2014abc35,USDC / WBTC 0.3%,WBTC / USDC 0.3%,uniswap-v4-ethereum,uniswap_v3,75049.4294683664,74881.2180640923,75327.2191352379,74606.4877511065,75164.6377305934,74497.6869877899,-22.413415460407204,74.8125258689214,-110.12382469060888,30.0,30.0,60.0,True,-82.41341546040721,-170.1238246906089,178702.84186549543,355171.53282239917,178702.84186549543,533874.3746878946,9055876.4186,30290894.2826,9055876.4186,api_detail,api_detail
2026-03-17 01:00:00+00:00,0x7f86bf177dd4f3494b841a37e810a34dd56c829b,0x99ac8ca7087fa4a2a1fb6357269965a2014abc35,USDC / WBTC / WETH,WBTC / USDC 0.3%,curve,uniswap_v3,74822.6595529238,75446.8263666794,75040.06886911021,74323.0197279631,75791.4275413493,74603.02506843,83.41949049727404,197.57106462585438,-58.24139120161664,,30.0,,False,,,29256.69170240527,394650.04817676643,29256.69170240527,423906.7398791717,10230172.3385,30290894.2826,10230172.3385,unknown,api_detail
2026-03-17 01:00:00+00:00,0x7f86bf177dd4f3494b841a37e810a34dd56c829b,0xb98437c7ba28c6590dd4e1cc46aa89eed181f97108e5b6221730d41347bc817f,USDC / WBTC / WETH,USDC / WBTC 0.3%,curve,uniswap-v4-ethereum,74822.6595529238,75357.8201706917,75040.06886911021,74323.0197279631,75759.7534593777,75049.4294683664,71.52387003690697,193.3093860654922,1.2474134681994542,,30.0,,False,,,29256.69170240527,193292.53693762244,29256.69170240527,222549.22864002772,10230172.3385,9055876.4186,9055876.4186,unknown,api_detail
2026-03-17 01:00:00+00:00,0x99ac8ca7087fa4a2a1fb6357269965a2014abc35,0x7f86bf177dd4f3494b841a37e810a34dd56c829b,WBTC / USDC 0.3%,USDC / WBTC / WETH,uniswap_v3,curve,75446.8263666794,74822.6595529238,75791.4275413493,74603.02506843,75040.06886911021,74323.0197279631,-82.72936633836436,58.582584322730554,-193.74325844240036,30.0,,,False,,,394650.04817676643,29256.69170240527,29256.69170240527,423906.7398791717,30290894.2826,10230172.3385,10230172.3385,api_detail,unknown
2026-03-17 01:00:00+00:00,0x99ac8ca7087fa4a2a1fb6357269965a2014abc35,0xb98437c7ba28c6590dd4e1cc46aa89eed181f97108e5b6221730d41347bc817f,WBTC / USDC 0.3%,USDC / WBTC 0.3%,uniswap_v3,uniswap-v4-ethereum,75446.8263666794,75357.8201706917,75791.4275413493,74603.02506843,75759.7534593777,75049.4294683664,-11.797208746079368,155.0511376565078,-97.89999965076346,30.0,30.0,60.0,True,-71.79720874607936,-157.89999965076345,394650.04817676643,193292.53693762244,193292.53693762244,587942.5851143888,30290894.2826,9055876.4186,9055876.4186,api_detail,api_detail
2026-03-17 01:00:00+00:00,0xb98437c7ba28c6590dd4e1cc46aa89eed181f97108e5b6221730d41347bc817f,0x7f86bf177dd4f3494b841a37e810a34dd56c829b,USDC / WBTC 0.3%,USDC / WBTC / WETH,uniswap-v4-ethereum,curve,75357.8201706917,74822.6595529238,75759.7534593777,75049.4294683664,75040.06886911021,74323.0197279631,-71.01593657509287,-1.2472578835709403,-189.64340112127886,30.0,,,False,,,193292.53693762244,29256.69170240527,29256.69170240527,222549.22864002772,9055876.4186,10230172.3385,9055876.4186,api_detail,unknown
2026-03-17 01:00:00+00:00,0xb98437c7ba28c6590dd4e1cc46aa89eed181f97108e5b6221730d41347bc817f,0x99ac8ca7087fa4a2a1fb6357269965a2014abc35,USDC / WBTC 0.3%,WBTC / USDC 0.3%,uniswap-v4-ethereum,uniswap_v3,75357.8201706917,75446.8263666794,75759.7534593777,75049.4294683664,75791.4275413493,74603.02506843,11.811142597555335,98.86791655033811,-152.68375860910567,30.0,30.0,60.0,True,-48.18885740244467,-212.68375860910567,193292.53693762244,394650.04817676643,193292.53693762244,587942.5851143888,9055876.4186,30290894.2826,9055876.4186,api_detail,api_detail
2026-03-17 02:00:00+00:00,0x7f86bf177dd4f3494b841a37e810a34dd56c829b,0x99ac8ca7087fa4a2a1fb6357269965a2014abc35,USDC / WBTC / WETH,WBTC / USDC 0.3%,curve,uniswap_v3,74513.8139242344,75088.3617787375,75585.59859339244,74470.4414101957,75508.8914656835,75088.3617787375,77.10622020868473,139.4445951740564,-65.78459705396943,,30.0,,False,,,11501.778813960094,163755.4846978806,11501.778813960094,175257.2635118407,10230172.3385,30290894.2826,10230172.3385,unknown,api_detail
2026-03-17 02:00:00+00:00,0x7f86bf177dd4f3494b841a37e810a34dd56c829b,0xb98437c7ba28c6590dd4e1cc46aa89eed181f97108e5b6221730d41347bc817f,USDC / WBTC / WETH,USDC / WBTC 0.3%,curve,uniswap-v4-ethereum,74513.8139242344,75018.470919548,75585.59859339244,74470.4414101957,75357.8201706917,74956.4212324107,67.72663600694617,119.15852030581986,-83.24037550676123,,30.0,,False,,,11501.778813960094,77485.92892141106,11501.778813960094,88987.70773537115,10230172.3385,9055876.4186,9055876.4186,unknown,api_detail
2026-03-17 02:00:00+00:00,0x99ac8ca7087fa4a2a1fb6357269965a2014abc35,0x7f86bf177dd4f3494b841a37e810a34dd56c829b,WBTC / USDC 0.3%,USDC / WBTC / WETH,uniswap_v3,curve,75088.3617787375,74513.8139242344,75508.8914656835,75088.3617787375,75585.59859339244,74470.4414101957,-76.5162324617108,66.22022413009132,-137.5268574774069,30.0,,,False,,,163755.4846978806,11501.778813960094,11501.778813960094,175257.2635118407,30290894.2826,10230172.3385,10230172.3385,api_detail,unknown
2026-03-17 02:00:00+00:00,0x99ac8ca7087fa4a2a1fb6357269965a2014abc35,0xb98437c7ba28c6590dd4e1cc46aa89eed181f97108e5b6221730d41347bc817f,WBTC / USDC 0.3%,USDC / WBTC 0.3%,uniswap_v3,uniswap-v4-ethereum,75088.3617787375,75018.470919548,75508.8914656835,75088.3617787375,75357.8201706917,74956.4212324107,-9.307815157221233,35.88550683103486,-73.1662487091167,30.0,30.0,60.0,True,-69.30781515722123,-133.1662487091167,163755.4846978806,77485.92892141106,77485.92892141106,241241.41361929168,30290894.2826,9055876.4186,9055876.4186,api_detail,api_detail
2026-03-17 02:00:00+00:00,0xb98437c7ba28c6590dd4e1cc46aa89eed181f97108e5b6221730d41347bc817f,0x7f86bf177dd4f3494b841a37e810a34dd56c829b,USDC / WBTC 0.3%,USDC / WBTC / WETH,uniswap-v4-ethereum,curve,75018.470919548,74513.8139242344,75357.8201706917,74956.4212324107,75585.59859339244,74470.4414101957,-67.27103193756135,83.93908762411417,-117.7553648030183,30.0,,,False,,,77485.92892141106,11501.778813960094,11501.778813960094,88987.70773537115,9055876.4186,10230172.3385,9055876.4186,api_detail,unknown
2026-03-17 02:00:00+00:00,0xb98437c7ba28c6590dd4e1cc46aa89eed181f97108e5b6221730d41347bc817f,0x99ac8ca7087fa4a2a1fb6357269965a2014abc35,USDC / WBTC 0.3%,WBTC / USDC 0.3%,uniswap-v4-ethereum,uniswap_v3,75018.470919548,75088.3617787375,75357.8201706917,74956.4212324107,75508.8914656835,75088.3617787375,9.316486770898358,73.70552438193289,-35.75719034120905,30.0,30.0,60.0,True,-50.68351322910164,-95.75719034120905,77485.92892141106,163755.4846978806,77485.92892141106,241241.41361929168,9055876.4186,30290894.2826,9055876.4186,api_detail,api_detail
2026-03-17 03:00:00+00:00,0x7f86bf177dd4f3494b841a37e810a34dd56c829b,0x99ac8ca7087fa4a2a1fb6357269965a2014abc35,USDC / WBTC / WETH,WBTC / USDC 0.3%,curve,uniswap_v3,73997.4697836862,74046.999978615,74513.8139242344,73748.4729976997,75143.9185540457,74046.999978615,6.693498449823476,189.21687455000225,-62.6479737158614,,30.0,,False,,,52503.781150461684,404432.50215952203,52503.781150461684,456936.28330998373,10230172.3385,30290894.2826,10230172.3385,unknown,api_detail
2026-03-17 03:00:00+00:00,0x7f86bf177dd4f3494b841a37e810a34dd56c829b,0xb98437c7ba28c6590dd4e1cc46aa89eed181f97108e5b6221730d41347bc817f,USDC / WBTC / WETH,USDC / WBTC 0.3%,curve,uniswap-v4-ethereum,73997.4697836862,74236.5360985016,74513.8139242344,73748.4729976997,75018.470919548,74188.4177566296,32.30736341583773,172.20667360636764,-43.66924070423606,,30.0,,False,,,52503.781150461684,216944.79661574366,52503.781150461684,269448.57776620536,10230172.3385,9055876.4186,9055876.4186,unknown,api_detail
2026-03-17 03:00:00+00:00,0x99ac8ca7087fa4a2a1fb6357269965a2014abc35,0x7f86bf177dd4f3494b841a37e810a34dd56c829b,WBTC / USDC 0.3%,USDC / WBTC / WETH,uniswap_v3,curve,74046.999978615,73997.4697836862,75143.9185540457,74046.999978615,74513.8139242344,73748.4729976997,-6.689021154551167,63.04292486585928,-185.70305930244336,30.0,,,False,,,404432.50215952203,52503.781150461684,52503.781150461684,456936.28330998373,30290894.2826,10230172.3385,10230172.3385,api_detail,unknown
2026-03-17 03:00:00+00:00,0x99ac8ca7087fa4a2a1fb6357269965a2014abc35,0xb98437c7ba28c6590dd4e1cc46aa89eed181f97108e5b6221730d41347bc817f,WBTC / USDC 0.3%,USDC / WBTC 0.3%,uniswap_v3,uniswap-v4-ethereum,74046.999978615,74236.5360985016,75143.9185540457,74046.999978615,75018.470919548,74188.4177566296,25.596731797552508,131.19652939532546,-127.15610468582051,30.0,30.0,60.0,True,-34.40326820244749,-187.1561046858205,404432.50215952203,216944.79661574366,216944.79661574366,621377.2987752657,30290894.2826,9055876.4186,9055876.4186,api_detail,api_detail
2026-03-17 03:00:00+00:00,0xb98437c7ba28c6590dd4e1cc46aa89eed181f97108e5b6221730d41347bc817f,0x7f86bf177dd4f3494b841a37e810a34dd56c829b,USDC / WBTC 0.3%,USDC / WBTC / WETH,uniswap-v4-ethereum,curve,74236.5360985016,73997.4697836862,75018.470919548,74188.4177566296,74513.8139242344,73748.4729976997,-32.20332296999806,43.86077738876226,-169.29136335107066,30.0,,,False,,,216944.79661574366,52503.781150461684,52503.781150461684,269448.57776620536,9055876.4186,10230172.3385,9055876.4186,api_detail,unknown
2026-03-17 03:00:00+00:00,0xb98437c7ba28c6590dd4e1cc46aa89eed181f97108e5b6221730d41347bc817f,0x99ac8ca7087fa4a2a1fb6357269965a2014abc35,USDC / WBTC 0.3%,WBTC / USDC 0.3%,uniswap-v4-ethereum,uniswap_v3,74236.5360985016,74046.999978615,75018.470919548,74188.4177566296,75143.9185540457,74046.999978615,-25.531379809412556,128.7937964320185,-129.4975662693565,30.0,30.0,60.0,True,-85.53137980941256,-189.4975662693565,216944.79661574366,404432.50215952203,216944.79661574366,621377.2987752657,9055876.4186,30290894.2826,9055876.4186,api_detail,api_detail
2026-03-17 04:00:00+00:00,0x7f86bf177dd4f3494b841a37e810a34dd56c829b,0x99ac8ca7087fa4a2a1fb6357269965a2014abc35,USDC / WBTC / WETH,WBTC / USDC 0.3%,curve,uniswap_v3,73655.0314656951,74022.1306213453,74075.4384845357,73357.4531868275,74393.1747530389,73927.8055400599,49.84033654526154,141.18832118852563,-19.930080401295847,,30.0,,False,,,93457.81794062276,122381.67307980303,93457.81794062276,215839.4910204258,10230172.3385,30290894.2826,10230172.3385,unknown,api_detail
2026-03-17 04:00:00+00:00,0x7f86bf177dd4f3494b841a37e810a34dd56c829b,0xb98437c7ba28c6590dd4e1cc46aa89eed181f97108e5b6221730d41347bc817f,USDC / WBTC / WETH,USDC / WBTC 0.3%,curve,uniswap-v4-ethereum,73655.0314656951,74011.6221181789,74075.4384845357,73357.4531868275,74520.6243654245,73937.8993882505,48.413617561196,158.56209942766597,-18.567435994848445,,30.0,,False,,,93457.81794062276,67913.02105261419,67913.02105261419,161370.83899323695,10230172.3385,9055876.4186,9055876.4186,unknown,api_detail
2026-03-17 04:00:00+00:00,0x99ac8ca7087fa4a2a1fb6357269965a2014abc35,0x7f86bf177dd4f3494b841a37e810a34dd56c829b,WBTC / USDC 0.3%,USDC / WBTC / WETH,uniswap_v3,curve,74022.1306213453,73655.0314656951,74393.1747530389,73927.8055400599,74075.4384845357,73357.4531868275,-49.59316255405799,19.96988053375892,-139.22265982728388,30.0,,,False,,,122381.67307980303,93457.81794062276,93457.81794062276,215839.4910204258,30290894.2826,10230172.3385,10230172.3385,api_detail,unknown
2026-03-17 04:00:00+00:00,0x99ac8ca7087fa4a2a1fb6357269965a2014abc35,0xb98437c7ba28c6590dd4e1cc46aa89eed181f97108e5b6221730d41347bc817f,WBTC / USDC 0.3%,USDC / WBTC 0.3%,uniswap_v3,uniswap-v4-ethereum,74022.1306213453,74011.6221181789,74393.1747530389,73927.8055400599,74520.6243654245,73937.8993882505,-1.4196434334157182,80.18888441688965,-61.19853955685595,30.0,30.0,60.0,True,-61.419643433415715,-121.19853955685595,122381.67307980303,67913.02105261419,67913.02105261419,190294.6941324172,30290894.2826,9055876.4186,9055876.4186,api_detail,api_detail
2026-03-17 04:00:00+00:00,0xb98437c7ba28c6590dd4e1cc46aa89eed181f97108e5b6221730d41347bc817f,0x7f86bf177dd4f3494b841a37e810a34dd56c829b,USDC / WBTC 0.3%,USDC / WBTC / WETH,uniswap-v4-ethereum,curve,74011.6221181789,73655.0314656951,74520.6243654245,73937.8993882505,74075.4384845357,73357.4531868275,-48.18035901367202,18.601975093039957,-156.08714882650477,30.0,,,False,,,67913.02105261419,93457.81794062276,67913.02105261419,161370.83899323695,9055876.4186,10230172.3385,9055876.4186,api_detail,unknown
2026-03-17 04:00:00+00:00,0xb98437c7ba28c6590dd4e1cc46aa89eed181f97108e5b6221730d41347bc817f,0x99ac8ca7087fa4a2a1fb6357269965a2014abc35,USDC / WBTC 0.3%,WBTC / USDC 0.3%,uniswap-v4-ethereum,uniswap_v3,74011.6221181789,74022.1306213453,74520.6243654245,73937.8993882505,74393.1747530389,73927.8055400599,1.419845000778519,61.57537183978157,-79.55097403070877,30.0,30.0,60.0,True,-58.58015499922148,-139.55097403070877,67913.02105261419,122381.67307980303,67913.02105261419,190294.6941324172,9055876.4186,30290894.2826,9055876.4186,api_detail,api_detail
2026-03-17 05:00:00+00:00,0x7f86bf177dd4f3494b841a37e810a34dd56c829b,0x99ac8ca7087fa4a2a1fb6357269965a2014abc35,USDC / WBTC / WETH,WBTC / USDC 0.3%,curve,uniswap_v3,73471.1538178428,73855.6874677061,73971.71392260493,72693.1695918666,74111.3621595226,73299.7453349797,52.33804423660837,195.09296067545367,-90.84128945941461,,30.0,,False,,,88675.66426839538,154865.65931572206,88675.66426839538,243541.32358411746,10230172.3385,30290894.2826,10230172.3385,unknown,api_detail
2026-03-17 05:00:00+00:00,0x7f86bf177dd4f3494b841a37e810a34dd56c829b,0xb98437c7ba28c6590dd4e1cc46aa89eed181f97108e5b6221730d41347bc817f,USDC / WBTC / WETH,USDC / WBTC 0.3%,curve,uniswap-v4-ethereum,73471.1538178428,73118.8193839201,73971.71392260493,72693.1695918666,74302.3214540384,73118.8193839201,-47.95547852647686,221.3621817849387,-115.30009154272159,,30.0,,False,,,88675.66426839538,72751.60623449329,72751.60623449329,161427.27050288866,10230172.3385,9055876.4186,9055876.4186,unknown,api_detail
2026-03-17 05:00:00+00:00,0x99ac8ca7087fa4a2a1fb6357269965a2014abc35,0x7f86bf177dd4f3494b841a37e810a34dd56c829b,WBTC / USDC 0.3%,USDC / WBTC / WETH,uniswap_v3,curve,73855.6874677061,73471.1538178428,74111.3621595226,73299.7453349797,73971.71392260493,72693.1695918666,-52.065543365422684,91.67406851883885,-191.35966825213458,30.0,,,False,,,154865.65931572206,88675.66426839538,88675.66426839538,243541.32358411746,30290894.2826,10230172.3385,10230172.3385,api_detail,unknown
2026-03-17 05:00:00+00:00,0x99ac8ca7087fa4a2a1fb6357269965a2014abc35,0xb98437c7ba28c6590dd4e1cc46aa89eed181f97108e5b6221730d41347bc817f,WBTC / USDC 0.3%,USDC / WBTC 0.3%,uniswap_v3,uniswap-v4-ethereum,73855.6874677061,73118.8193839201,74111.3621595226,73299.7453349797,74302.3214540384,73118.8193839201,-99.7713390872168,136.7775719379294,-133.925857882099,30.0,30.0,60.0,True,-159.7713390872168,-193.925857882099,154865.65931572206,72751.60623449329,72751.60623449329,227617.26555021535,30290894.2826,9055876.4186,9055876.4186,api_detail,api_detail
2026-03-17 05:00:00+00:00,0xb98437c7ba28c6590dd4e1cc46aa89eed181f97108e5b6221730d41347bc817f,0x7f86bf177dd4f3494b841a37e810a34dd56c829b,USDC / WBTC 0.3%,USDC / WBTC / WETH,uniswap-v4-ethereum,curve,73118.8193839201,73471.1538178428,74302.3214540384,73118.8193839201,73971.71392260493,72693.1695918666,48.1865594783093,116.64500957087486,-216.568181273743,30.0,,,False,,,72751.60623449329,88675.66426839538,72751.60623449329,161427.27050288866,9055876.4186,10230172.3385,9055876.4186,api_detail,unknown
2026-03-17 05:00:00+00:00,0xb98437c7ba28c6590dd4e1cc46aa89eed181f97108e5b6221730d41347bc817f,0x99ac8ca7087fa4a2a1fb6357269965a2014abc35,USDC / WBTC 0.3%,WBTC / USDC 0.3%,uniswap-v4-ethereum,uniswap_v3,73118.8193839201,73855.6874677061,74302.3214540384,73118.8193839201,74111.3621595226,73299.7453349797,100.77680274307666,135.7438186181614,-134.93200473943202,30.0,30.0,60.0,True,40.77680274307666,-194.93200473943202,72751.60623449329,154865.65931572206,72751.60623449329,227617.26555021535,9055876.4186,30290894.2826,9055876.4186,api_detail,api_detail
2026-03-17 06:00:00+00:00,0x7f86bf177dd4f3494b841a37e810a34dd56c829b,0x99ac8ca7087fa4a2a1fb6357269965a2014abc35,USDC / WBTC / WETH,WBTC / USDC 0.3%,curve,uniswap_v3,73442.7608695762,73923.1651970915,73565.6590856243,73328.7503516484,73951.3404538505,73814.2454424652,65.41207354233691,84.9039563904297,33.79108675578779,,30.0,,False,,,39580.61848170458,22962.346338755495,22962.346338755495,62542.964820460074,10230172.3385,30290894.2826,10230172.3385,unknown,api_detail
2026-03-17 06:00:00+00:00,0x7f86bf177dd4f3494b841a37e810a34dd56c829b,0xb98437c7ba28c6590dd4e1cc46aa89eed181f97108e5b6221730d41347bc817f,USDC / WBTC / WETH,USDC / WBTC 0.3%,curve,uniswap-v4-ethereum,73442.7608695762,74114.9260808344,73565.6590856243,73328.7503516484,74114.9260808344,73118.8193839201,91.52232341208766,107.21248151862595,-60.74025669832173,,30.0,,False,,,39580.61848170458,6072.846761072874,6072.846761072874,45653.465242777456,10230172.3385,9055876.4186,9055876.4186,unknown,api_detail
2026-03-17 06:00:00+00:00,0x99ac8ca7087fa4a2a1fb6357269965a2014abc35,0x7f86bf177dd4f3494b841a37e810a34dd56c829b,WBTC / USDC 0.3%,USDC / WBTC / WETH,uniswap_v3,curve,73923.1651970915,73442.7608695762,73951.3404538505,73814.2454424652,73565.6590856243,73328.7503516484,-64.98698022933125,-33.67728754128607,-84.18915713781061,30.0,,,False,,,22962.346338755495,39580.61848170458,22962.346338755495,62542.964820460074,30290894.2826,10230172.3385,10230172.3385,api_detail,unknown
2026-03-17 06:00:00+00:00,0x99ac8ca7087fa4a2a1fb6357269965a2014abc35,0xb98437c7ba28c6590dd4e1cc46aa89eed181f97108e5b6221730d41347bc817f,WBTC / USDC 0.3%,USDC / WBTC 0.3%,uniswap_v3,uniswap-v4-ethereum,73923.1651970915,74114.9260808344,73951.3404538505,73814.2454424652,74114.9260808344,73118.8193839201,25.940567240543277,40.73477098720302,-112.57687349831569,30.0,30.0,60.0,True,-34.059432759456726,-172.5768734983157,22962.346338755495,6072.846761072874,6072.846761072874,29035.193099828368,30290894.2826,9055876.4186,9055876.4186,api_detail,api_detail
2026-03-17 06:00:00+00:00,0xb98437c7ba28c6590dd4e1cc46aa89eed181f97108e5b6221730d41347bc817f,0x7f86bf177dd4f3494b841a37e810a34dd56c829b,USDC / WBTC 0.3%,USDC / WBTC / WETH,uniswap-v4-ethereum,curve,74114.9260808344,73442.7608695762,74114.9260808344,73118.8193839201,73565.6590856243,73328.7503516484,-90.69228653417083,61.111449209541036,-106.0752227329409,30.0,,,False,,,6072.846761072874,39580.61848170458,6072.846761072874,45653.465242777456,9055876.4186,10230172.3385,9055876.4186,api_detail,unknown
2026-03-17 06:00:00+00:00,0xb98437c7ba28c6590dd4e1cc46aa89eed181f97108e5b6221730d41347bc817f,0x99ac8ca7087fa4a2a1fb6357269965a2014abc35,USDC / WBTC 0.3%,WBTC / USDC 0.3%,uniswap-v4-ethereum,uniswap_v3,74114.9260808344,73923.1651970915,74114.9260808344,73118.8193839201,73951.3404538505,73814.2454424652,-25.87345004348429,113.85865867980405,-40.56951200912762,30.0,30.0,60.0,True,-85.8734500434843,-100.56951200912762,6072.846761072874,22962.346338755495,6072.846761072874,29035.193099828368,9055876.4186,30290894.2826,9055876.4186,api_detail,api_detail
2026-03-17 07:00:00+00:00,0x7f86bf177dd4f3494b841a37e810a34dd56c829b,0x99ac8ca7087fa4a2a1fb6357269965a2014abc35,USDC / WBTC / WETH,WBTC / USDC 0.3%,curve,uniswap_v3,73535.4723487695,74100.2801610156,73565.1612867276,73429.0463034536,74163.3998108118,73923.1651970915,76.80753168583632,100.00858574730876,48.66487126542695,,30.0,,False,,,26736.78207038892,84670.1700281116,26736.78207038892,111406.95209850052,10230172.3385,30290894.2826,10230172.3385,unknown,api_detail
2026-03-17 07:00:00+00:00,0x7f86bf177dd4f3494b841a37e810a34dd56c829b,0xb98437c7ba28c6590dd4e1cc46aa89eed181f97108e5b6221730d41347bc817f,USDC / WBTC / WETH,USDC / WBTC 0.3%,curve,uniswap-v4-ethereum,73535.4723487695,74241.5414665403,73565.1612867276,73429.0463034536,74289.3018353765,74114.6646586269,96.01748587702019,117.15466497655535,74.69614179972606,,30.0,,False,,,26736.78207038892,38647.72168048871,26736.78207038892,65384.50375087763,10230172.3385,9055876.4186,9055876.4186,unknown,api_detail
2026-03-17 07:00:00+00:00,0x99ac8ca7087fa4a2a1fb6357269965a2014abc35,0x7f86bf177dd4f3494b841a37e810a34dd56c829b,WBTC / USDC 0.3%,USDC / WBTC / WETH,uniswap_v3,curve,74100.2801610156,73535.4723487695,74163.3998108118,73923.1651970915,73565.1612867276,73429.0463034536,-76.22208863702129,-48.42919122975853,-99.01831755711244,30.0,,,False,,,84670.1700281116,26736.78207038892,26736.78207038892,111406.95209850052,30290894.2826,10230172.3385,10230172.3385,api_detail,unknown
2026-03-17 07:00:00+00:00,0x99ac8ca7087fa4a2a1fb6357269965a2014abc35,0xb98437c7ba28c6590dd4e1cc46aa89eed181f97108e5b6221730d41347bc817f,WBTC / USDC 0.3%,USDC / WBTC 0.3%,uniswap_v3,uniswap-v4-ethereum,74100.2801610156,74241.5414665403,74163.3998108118,73923.1651970915,74289.3018353765,74114.6646586269,19.063531908076747,49.52935082106036,-6.571321205501857,30.0,30.0,60.0,True,-40.93646809192325,-66.57132120550186,84670.1700281116,38647.72168048871,38647.72168048871,123317.8917086003,30290894.2826,9055876.4186,9055876.4186,api_detail,api_detail
2026-03-17 07:00:00+00:00,0xb98437c7ba28c6590dd4e1cc46aa89eed181f97108e5b6221730d41347bc817f,0x7f86bf177dd4f3494b841a37e810a34dd56c829b,USDC / WBTC 0.3%,USDC / WBTC / WETH,uniswap-v4-ethereum,curve,74241.5414665403,73535.4723487695,74289.3018353765,74114.6646586269,73565.1612867276,73429.0463034536,-95.10431812478015,-74.14232722097958,-115.7980369541245,30.0,,,False,,,38647.72168048871,26736.78207038892,26736.78207038892,65384.50375087763,9055876.4186,10230172.3385,9055876.4186,api_detail,unknown
2026-03-17 07:00:00+00:00,0xb98437c7ba28c6590dd4e1cc46aa89eed181f97108e5b6221730d41347bc817f,0x99ac8ca7087fa4a2a1fb6357269965a2014abc35,USDC / WBTC 0.3%,WBTC / USDC 0.3%,uniswap-v4-ethereum,uniswap_v3,74241.5414665403,74100.2801610156,74289.3018353765,74114.6646586269,74163.3998108118,73923.1651970915,-19.027259231727545,6.575642271251514,-49.28524420600211,30.0,30.0,60.0,True,-79.02725923172754,-109.28524420600212,38647.72168048871,84670.1700281116,38647.72168048871,123317.8917086003,9055876.4186,30290894.2826,9055876.4186,api_detail,api_detail
2026-03-17 08:00:00+00:00,0x7f86bf177dd4f3494b841a37e810a34dd56c829b,0x99ac8ca7087fa4a2a1fb6357269965a2014abc35,USDC / WBTC / WETH,WBTC / USDC 0.3%,curve,uniswap_v3,73542.5844753822,74075.6807764007,74266.14655117007,73507.3742386474,74100.2801610156,74065.9103416993,72.48811077573025,80.65937989340854,-26.961976454884518,,30.0,,False,,,27372.435789770043,2994.7708916857964,2994.7708916857964,30367.20668145584,10230172.3385,30290894.2826,10230172.3385,unknown,api_detail
2026-03-17 08:00:00+00:00,0x7f86bf177dd4f3494b841a37e810a34dd56c829b,0xb98437c7ba28c6590dd4e1cc46aa89eed181f97108e5b6221730d41347bc817f,USDC / WBTC / WETH,USDC / WBTC 0.3%,curve,uniswap-v4-ethereum,73542.5844753822,74241.5414665403,74266.14655117007,73507.3742386474,74241.5414665403,74241.5414665403,95.04112428793788,99.87667706771175,-3.3130956394544775,,30.0,,False,,,27372.435789770043,0.0,0.0,27372.435789770043,10230172.3385,9055876.4186,9055876.4186,unknown,api_detail
2026-03-17 08:00:00+00:00,0x99ac8ca7087fa4a2a1fb6357269965a2014abc35,0x7f86bf177dd4f3494b841a37e810a34dd56c829b,WBTC / USDC 0.3%,USDC / WBTC / WETH,uniswap_v3,curve,74075.6807764007,73542.5844753822,74100.2801610156,74065.9103416993,74266.14655117007,73507.3742386474,-71.96643965077575,27.034867801798423,-80.01399199569104,30.0,,,False,,,2994.7708916857964,27372.435789770043,2994.7708916857964,30367.20668145584,30290894.2826,10230172.3385,10230172.3385,api_detail,unknown
2026-03-17 08:00:00+00:00,0x99ac8ca7087fa4a2a1fb6357269965a2014abc35,0xb98437c7ba28c6590dd4e1cc46aa89eed181f97108e5b6221730d41347bc817f,WBTC / USDC 0.3%,USDC / WBTC 0.3%,uniswap_v3,uniswap-v4-ethereum,74075.6807764007,74241.5414665403,74100.2801610156,74065.9103416993,74241.5414665403,74241.5414665403,22.390707503621154,23.712815252081576,19.063531908076747,30.0,30.0,60.0,True,-37.60929249637884,-40.93646809192325,2994.7708916857964,0.0,0.0,2994.7708916857964,30290894.2826,9055876.4186,9055876.4186,api_detail,api_detail
2026-03-17 08:00:00+00:00,0xb98437c7ba28c6590dd4e1cc46aa89eed181f97108e5b6221730d41347bc817f,0x7f86bf177dd4f3494b841a37e810a34dd56c829b,USDC / WBTC 0.3%,USDC / WBTC / WETH,uniswap-v4-ethereum,curve,74241.5414665403,73542.5844753822,74241.5414665403,74241.5414665403,74266.14655117007,73507.3742386474,-94.14634682297086,3.3141936635106006,-98.88900653063249,30.0,,,False,,,0.0,27372.435789770043,0.0,27372.435789770043,9055876.4186,10230172.3385,9055876.4186,api_detail,unknown
2026-03-17 08:00:00+00:00,0xb98437c7ba28c6590dd4e1cc46aa89eed181f97108e5b6221730d41347bc817f,0x99ac8ca7087fa4a2a1fb6357269965a2014abc35,USDC / WBTC 0.3%,WBTC / USDC 0.3%,uniswap-v4-ethereum,uniswap_v3,74241.5414665403,74075.6807764007,74241.5414665403,74241.5414665403,74100.2801610156,74065.9103416993,-22.340685129005333,-19.027259231727545,-23.656718512524712,30.0,30.0,60.0,True,-82.34068512900534,-83.65671851252472,0.0,2994.7708916857964,0.0,2994.7708916857964,9055876.4186,30290894.2826,9055876.4186,api_detail,api_detail
2026-03-17 09:00:00+00:00,0x7f86bf177dd4f3494b841a37e810a34dd56c829b,0x99ac8ca7087fa4a2a1fb6357269965a2014abc35,USDC / WBTC / WETH,WBTC / USDC 0.3%,curve,uniswap_v3,73242.2693305382,73907.3264224134,73712.5729507318,73242.2693305382,74134.5995442551,73907.3264224134,90.80236016088428,121.83268239407852,26.420658496315585,,30.0,,False,,,38221.15905215229,72721.95707148888,38221.15905215229,110943.11612364117,10230172.3385,30290894.2826,10230172.3385,unknown,api_detail
2026-03-17 09:00:00+00:00,0x7f86bf177dd4f3494b841a37e810a34dd56c829b,0xb98437c7ba28c6590dd4e1cc46aa89eed181f97108e5b6221730d41347bc817f,USDC / WBTC / WETH,USDC / WBTC 0.3%,curve,uniswap-v4-ethereum,73242.2693305382,73723.9901926366,73712.5729507318,73242.2693305382,74241.5414665403,73723.9901926366,65.7708815553515,136.4338032035084,1.5488866346347052,,30.0,,False,,,38221.15905215229,29830.103802818747,29830.103802818747,68051.26285497104,10230172.3385,9055876.4186,9055876.4186,unknown,api_detail
2026-03-17 09:00:00+00:00,0x99ac8ca7087fa4a2a1fb6357269965a2014abc35,0x7f86bf177dd4f3494b841a37e810a34dd56c829b,WBTC / USDC 0.3%,USDC / WBTC / WETH,uniswap_v3,curve,73907.3264224134,73242.2693305382,74134.5995442551,73907.3264224134,73712.5729507318,73242.2693305382,-89.98527264727497,-26.351037320507807,-120.36622834715959,30.0,,,False,,,72721.95707148888,38221.15905215229,38221.15905215229,110943.11612364117,30290894.2826,10230172.3385,10230172.3385,api_detail,unknown
2026-03-17 09:00:00+00:00,0x99ac8ca7087fa4a2a1fb6357269965a2014abc35,0xb98437c7ba28c6590dd4e1cc46aa89eed181f97108e5b6221730d41347bc817f,WBTC / USDC 0.3%,USDC / WBTC 0.3%,uniswap_v3,uniswap-v4-ethereum,73907.3264224134,73723.9901926366,74134.5995442551,73907.3264224134,74241.5414665403,73723.9901926366,-24.80623216282396,45.22082725827437,-55.387006086596855,30.0,30.0,60.0,True,-84.80623216282396,-115.38700608659686,72721.95707148888,29830.103802818747,29830.103802818747,102552.06087430763,30290894.2826,9055876.4186,9055876.4186,api_detail,api_detail
2026-03-17 09:00:00+00:00,0xb98437c7ba28c6590dd4e1cc46aa89eed181f97108e5b6221730d41347bc817f,0x7f86bf177dd4f3494b841a37e810a34dd56c829b,USDC / WBTC 0.3%,USDC / WBTC / WETH,uniswap-v4-ethereum,curve,73723.9901926366,73242.2693305382,74241.5414665403,73723.9901926366,73712.5729507318,73242.2693305382,-65.34112720156583,-1.5486467668079928,-134.59743915102518,30.0,,,False,,,29830.103802818747,38221.15905215229,29830.103802818747,68051.26285497104,9055876.4186,10230172.3385,9055876.4186,api_detail,unknown
2026-03-17 09:00:00+00:00,0xb98437c7ba28c6590dd4e1cc46aa89eed181f97108e5b6221730d41347bc817f,0x99ac8ca7087fa4a2a1fb6357269965a2014abc35,USDC / WBTC 0.3%,WBTC / USDC 0.3%,uniswap-v4-ethereum,uniswap_v3,73723.9901926366,73907.3264224134,74241.5414665403,73723.9901926366,74134.5995442551,73907.3264224134,24.86792010277128,55.69548671275237,-45.017255504792296,30.0,30.0,60.0,True,-35.13207989722872,-105.0172555047923,29830.103802818747,72721.95707148888,29830.103802818747,102552.06087430763,9055876.4186,30290894.2826,9055876.4186,api_detail,api_detail
2026-03-17 10:00:00+00:00,0x7f86bf177dd4f3494b841a37e810a34dd56c829b,0x99ac8ca7087fa4a2a1fb6357269965a2014abc35,USDC / WBTC / WETH,WBTC / USDC 0.3%,curve,uniswap_v3,73133.9619758517,73605.533575042,73381.3897444285,72991.3696830541,73966.0865514399,73490.1267661888,64.48052128585901,133.53864609175758,14.818065198685115,,30.0,,False,,,30177.461941168036,111062.74702812522,30177.461941168036,141240.20896929325,10230172.3385,30290894.2826,10230172.3385,unknown,api_detail
2026-03-17 10:00:00+00:00,0x7f86bf177dd4f3494b841a37e810a34dd56c829b,0xb98437c7ba28c6590dd4e1cc46aa89eed181f97108e5b6221730d41347bc817f,USDC / WBTC / WETH,USDC / WBTC 0.3%,curve,uniswap-v4-ethereum,73133.9619758517,73575.8627833496,73381.3897444285,72991.3696830541,73723.9901926366,73443.0356876473,60.423474342032875,100.37084010941388,8.400759842992489,,30.0,,False,,,30177.461941168036,57743.16357061196,30177.461941168036,87920.62551178,10230172.3385,9055876.4186,9055876.4186,unknown,api_detail
2026-03-17 10:00:00+00:00,0x99ac8ca7087fa4a2a1fb6357269965a2014abc35,0x7f86bf177dd4f3494b841a37e810a34dd56c829b,WBTC / USDC 0.3%,USDC / WBTC / WETH,uniswap_v3,curve,73605.533575042,73133.9619758517,73966.0865514399,73490.1267661888,73381.3897444285,72991.3696830541,-64.0674112781936,-14.796140181694284,-131.7788886543203,30.0,,,False,,,111062.74702812522,30177.461941168036,30177.461941168036,141240.20896929325,30290894.2826,10230172.3385,10230172.3385,api_detail,unknown
2026-03-17 10:00:00+00:00,0x99ac8ca7087fa4a2a1fb6357269965a2014abc35,0xb98437c7ba28c6590dd4e1cc46aa89eed181f97108e5b6221730d41347bc817f,WBTC / USDC 0.3%,USDC / WBTC 0.3%,uniswap_v3,uniswap-v4-ethereum,73605.533575042,73575.8627833496,73966.0865514399,73490.1267661888,73723.9901926366,73443.0356876473,-4.031054494314512,31.82242795577883,-70.71495710792463,30.0,30.0,60.0,True,-64.03105449431452,-130.71495710792465,111062.74702812522,57743.16357061196,57743.16357061196,168805.9105987372,30290894.2826,9055876.4186,9055876.4186,api_detail,api_detail
2026-03-17 10:00:00+00:00,0xb98437c7ba28c6590dd4e1cc46aa89eed181f97108e5b6221730d41347bc817f,0x7f86bf177dd4f3494b841a37e810a34dd56c829b,USDC / WBTC 0.3%,USDC / WBTC / WETH,uniswap-v4-ethereum,curve,73575.8627833496,73133.9619758517,73723.9901926366,73443.0356876473,73381.3897444285,72991.3696830541,-60.0605675259458,-8.393708490070928,-99.37342073702227,30.0,,,False,,,57743.16357061196,30177.461941168036,30177.461941168036,87920.62551178,9055876.4186,10230172.3385,9055876.4186,api_detail,unknown
2026-03-17 10:00:00+00:00,0xb98437c7ba28c6590dd4e1cc46aa89eed181f97108e5b6221730d41347bc817f,0x99ac8ca7087fa4a2a1fb6357269965a2014abc35,USDC / WBTC 0.3%,WBTC / USDC 0.3%,uniswap-v4-ethereum,uniswap_v3,73575.8627833496,73605.533575042,73723.9901926366,73443.0356876473,73966.0865514399,73490.1267661888,4.032680089633978,71.21857898373607,-31.72148249663831,30.0,30.0,60.0,True,-55.96731991036602,-91.72148249663832,57743.16357061196,111062.74702812522,57743.16357061196,168805.9105987372,9055876.4186,30290894.2826,9055876.4186,api_detail,api_detail
2026-03-17 11:00:00+00:00,0x7f86bf177dd4f3494b841a37e810a34dd56c829b,0x99ac8ca7087fa4a2a1fb6357269965a2014abc35,USDC / WBTC / WETH,WBTC / USDC 0.3%,curve,uniswap_v3,74064.04100554672,73848.0097502844,74064.04100554672,73055.8450893677,73848.0097502844,73605.533575042,-29.16817018479234,108.43275578396927,-61.9068881848317,,30.0,,False,,,41631.12778610685,56251.79017861959,41631.12778610685,97882.91796472644,10230172.3385,30290894.2826,10230172.3385,unknown,api_detail
2026-03-17 11:00:00+00:00,0x7f86bf177dd4f3494b841a37e810a34dd56c829b,0xb98437c7ba28c6590dd4e1cc46aa89eed181f97108e5b6221730d41347bc817f,USDC / WBTC / WETH,USDC / WBTC 0.3%,curve,uniswap-v4-ethereum,74064.04100554672,74004.0525900783,74064.04100554672,73055.8450893677,74004.0525900783,73575.8627833496,-8.099533141046056,129.7921473019259,-65.91298767516074,,30.0,,False,,,41631.12778610685,28383.89390232656,28383.89390232656,70015.02168843341,10230172.3385,9055876.4186,9055876.4186,unknown,api_detail
2026-03-17 11:00:00+00:00,0x99ac8ca7087fa4a2a1fb6357269965a2014abc35,0x7f86bf177dd4f3494b841a37e810a34dd56c829b,WBTC / USDC 0.3%,USDC / WBTC / WETH,uniswap_v3,curve,73848.0097502844,74064.04100554672,73848.0097502844,73605.533575042,74064.04100554672,73055.8450893677,29.253497283519003,62.292521803033466,-107.26960192906753,30.0,,,False,,,56251.79017861959,41631.12778610685,41631.12778610685,97882.91796472644,30290894.2826,10230172.3385,10230172.3385,api_detail,unknown
2026-03-17 11:00:00+00:00,0x99ac8ca7087fa4a2a1fb6357269965a2014abc35,0xb98437c7ba28c6590dd4e1cc46aa89eed181f97108e5b6221730d41347bc817f,WBTC / USDC 0.3%,USDC / WBTC 0.3%,uniswap_v3,uniswap-v4-ethereum,73848.0097502844,74004.0525900783,73848.0097502844,73605.533575042,74004.0525900783,73575.8627833496,21.130270175397925,54.14253462750818,-36.85230893223257,30.0,30.0,60.0,True,-38.869729824602075,-96.85230893223257,56251.79017861959,28383.89390232656,28383.89390232656,84635.68408094614,30290894.2826,9055876.4186,9055876.4186,api_detail,api_detail
2026-03-17 11:00:00+00:00,0xb98437c7ba28c6590dd4e1cc46aa89eed181f97108e5b6221730d41347bc817f,0x7f86bf177dd4f3494b841a37e810a34dd56c829b,USDC / WBTC 0.3%,USDC / WBTC / WETH,uniswap-v4-ethereum,curve,74004.0525900783,74064.04100554672,74004.0525900783,73575.8627833496,74064.04100554672,73055.8450893677,8.106098702556075,66.35032247390704,-128.1291317872657,30.0,,,False,,,28383.89390232656,41631.12778610685,28383.89390232656,70015.02168843341,9055876.4186,10230172.3385,9055876.4186,api_detail,unknown
2026-03-17 11:00:00+00:00,0xb98437c7ba28c6590dd4e1cc46aa89eed181f97108e5b6221730d41347bc817f,0x99ac8ca7087fa4a2a1fb6357269965a2014abc35,USDC / WBTC 0.3%,WBTC / USDC 0.3%,uniswap-v4-ethereum,uniswap_v3,74004.0525900783,73848.0097502844,74004.0525900783,73575.8627833496,73848.0097502844,73605.533575042,-21.085715488886603,36.98862053934215,-53.85097181687559,30.0,30.0,60.0,True,-81.0857154888866,-113.85097181687559,28383.89390232656,56251.79017861959,28383.89390232656,84635.68408094614,9055876.4186,30290894.2826,9055876.4186,api_detail,api_detail
2026-03-17 12:00:00+00:00,0x7f86bf177dd4f3494b841a37e810a34dd56c829b,0x99ac8ca7087fa4a2a1fb6357269965a2014abc35,USDC / WBTC / WETH,WBTC / USDC 0.3%,curve,uniswap_v3,73070.2116784014,73704.3035273191,74068.39419725985,72997.9368693341,73848.0097502844,73659.356706029,86.77843328393165,116.45163101964506,-55.22429582333177,,30.0,,False,,,48492.02242875931,176123.1624989429,48492.02242875931,224615.1849277022,10230172.3385,30290894.2826,10230172.3385,unknown,api_detail
2026-03-17 12:00:00+00:00,0x7f86bf177dd4f3494b841a37e810a34dd56c829b,0xb98437c7ba28c6590dd4e1cc46aa89eed181f97108e5b6221730d41347bc817f,USDC / WBTC / WETH,USDC / WBTC 0.3%,curve,uniswap-v4-ethereum,73070.2116784014,73507.1524948566,74068.39419725985,72997.9368693341,74004.0525900783,73507.1524948566,59.79739300308262,137.82796663762474,-75.77344000580854,,30.0,,False,,,48492.02242875931,10992.69939319475,10992.69939319475,59484.72182195406,10230172.3385,9055876.4186,9055876.4186,unknown,api_detail
2026-03-17 12:00:00+00:00,0x99ac8ca7087fa4a2a1fb6357269965a2014abc35,0x7f86bf177dd4f3494b841a37e810a34dd56c829b,WBTC / USDC 0.3%,USDC / WBTC / WETH,uniswap_v3,curve,73704.3035273191,73070.2116784014,73848.0097502844,73659.356706029,74068.39419725985,72997.9368693341,-86.03186226197268,55.53096164867544,-115.11114298473402,30.0,,,False,,,176123.1624989429,48492.02242875931,48492.02242875931,224615.1849277022,30290894.2826,10230172.3385,10230172.3385,api_detail,unknown
2026-03-17 12:00:00+00:00,0x99ac8ca7087fa4a2a1fb6357269965a2014abc35,0xb98437c7ba28c6590dd4e1cc46aa89eed181f97108e5b6221730d41347bc817f,WBTC / USDC 0.3%,USDC / WBTC 0.3%,uniswap_v3,uniswap-v4-ethereum,73704.3035273191,73507.1524948566,73848.0097502844,73659.356706029,74004.0525900783,73507.1524948566,-26.74891736673679,46.795940049404464,-46.156593330058946,30.0,30.0,60.0,True,-86.74891736673679,-106.15659333005894,176123.1624989429,10992.69939319475,10992.69939319475,187115.86189213765,30290894.2826,9055876.4186,9055876.4186,api_detail,api_detail
2026-03-17 12:00:00+00:00,0xb98437c7ba28c6590dd4e1cc46aa89eed181f97108e5b6221730d41347bc817f,0x7f86bf177dd4f3494b841a37e810a34dd56c829b,USDC / WBTC 0.3%,USDC / WBTC / WETH,uniswap-v4-ethereum,curve,73507.1524948566,73070.2116784014,74004.0525900783,73507.1524948566,74068.39419725985,72997.9368693341,-59.441945664506775,76.35198526327436,-135.95413839256332,30.0,,,False,,,10992.69939319475,48492.02242875931,10992.69939319475,59484.72182195406,9055876.4186,10230172.3385,9055876.4186,api_detail,unknown
2026-03-17 12:00:00+00:00,0xb98437c7ba28c6590dd4e1cc46aa89eed181f97108e5b6221730d41347bc817f,0x99ac8ca7087fa4a2a1fb6357269965a2014abc35,USDC / WBTC 0.3%,WBTC / USDC 0.3%,uniswap-v4-ethereum,uniswap_v3,73507.1524948566,73704.3035273191,74004.0525900783,73507.1524948566,73848.0097502844,73659.356706029,26.820659727815332,46.37062433504813,-46.57797404131858,30.0,30.0,60.0,True,-33.17934027218467,-106.57797404131858,10992.69939319475,176123.1624989429,10992.69939319475,187115.86189213765,9055876.4186,30290894.2826,9055876.4186,api_detail,api_detail
2026-03-17 13:00:00+00:00,0x7f86bf177dd4f3494b841a37e810a34dd56c829b,0x99ac8ca7087fa4a2a1fb6357269965a2014abc35,USDC / WBTC / WETH,WBTC / USDC 0.3%,curve,uniswap_v3,73704.91651284065,73569.8075066546,74003.52915325474,73070.2116784014,73959.089098937,73569.8075066546,-18.33107105718046,121.64702963332496,-58.60823822360417,,30.0,,False,,,103465.14000222471,107199.11595558828,103465.14000222471,210664.255957813,10230172.3385,30290894.2826,10230172.3385,unknown,api_detail
2026-03-17 13:00:00+00:00,0x7f86bf177dd4f3494b841a37e810a34dd56c829b,0xb98437c7ba28c6590dd4e1cc46aa89eed181f97108e5b6221730d41347bc817f,USDC / WBTC / WETH,USDC / WBTC 0.3%,curve,uniswap-v4-ethereum,73704.91651284065,73310.2258007267,74003.52915325474,73070.2116784014,73911.0490767232,73310.2258007267,-53.55011996319048,115.07252805322388,-93.68517426949663,,30.0,,False,,,103465.14000222471,50916.19050514099,50916.19050514099,154381.3305073657,10230172.3385,9055876.4186,9055876.4186,unknown,api_detail
2026-03-17 13:00:00+00:00,0x99ac8ca7087fa4a2a1fb6357269965a2014abc35,0x7f86bf177dd4f3494b841a37e810a34dd56c829b,WBTC / USDC 0.3%,USDC / WBTC / WETH,uniswap_v3,curve,73569.8075066546,73704.91651284065,73959.089098937,73569.8075066546,74003.52915325474,73070.2116784014,18.364735584475156,58.95375580001527,-120.1850146297112,30.0,,,False,,,107199.11595558828,103465.14000222471,103465.14000222471,210664.255957813,30290894.2826,10230172.3385,10230172.3385,api_detail,unknown
2026-03-17 13:00:00+00:00,0x99ac8ca7087fa4a2a1fb6357269965a2014abc35,0xb98437c7ba28c6590dd4e1cc46aa89eed181f97108e5b6221730d41347bc817f,WBTC / USDC 0.3%,USDC / WBTC 0.3%,uniswap_v3,uniswap-v4-ethereum,73569.8075066546,73310.2258007267,73959.089098937,73569.8075066546,73911.0490767232,73310.2258007267,-35.28372775807864,46.383371335820826,-87.73273253031788,30.0,30.0,60.0,True,-95.28372775807864,-147.7327325303179,107199.11595558828,50916.19050514099,50916.19050514099,158115.30646072928,30290894.2826,9055876.4186,9055876.4186,api_detail,api_detail
2026-03-17 13:00:00+00:00,0xb98437c7ba28c6590dd4e1cc46aa89eed181f97108e5b6221730d41347bc817f,0x7f86bf177dd4f3494b841a37e810a34dd56c829b,USDC / WBTC 0.3%,USDC / WBTC / WETH,uniswap-v4-ethereum,curve,73310.2258007267,73704.91651284065,73911.0490767232,73310.2258007267,74003.52915325474,73070.2116784014,53.83842537694639,94.57116588518,-113.76342357811265,30.0,,,False,,,50916.19050514099,103465.14000222471,50916.19050514099,154381.3305073657,9055876.4186,10230172.3385,9055876.4186,api_detail,unknown
2026-03-17 13:00:00+00:00,0xb98437c7ba28c6590dd4e1cc46aa89eed181f97108e5b6221730d41347bc817f,0x99ac8ca7087fa4a2a1fb6357269965a2014abc35,USDC / WBTC 0.3%,WBTC / USDC 0.3%,uniswap-v4-ethereum,uniswap_v3,73310.2258007267,73569.8075066546,73911.0490767232,73310.2258007267,73959.089098937,73569.8075066546,35.40866271964704,88.50924835152708,-46.1692229147459,30.0,30.0,60.0,True,-24.59133728035296,-106.1692229147459,50916.19050514099,107199.11595558828,50916.19050514099,158115.30646072928,9055876.4186,30290894.2826,9055876.4186,api_detail,api_detail
2026-03-17 14:00:00+00:00,0x7f86bf177dd4f3494b841a37e810a34dd56c829b,0x99ac8ca7087fa4a2a1fb6357269965a2014abc35,USDC / WBTC / WETH,WBTC / USDC 0.3%,curve,uniswap_v3,73496.7908302141,74137.530670683,73819.30319438974,73367.9430717603,74137.530670683,73543.3586522158,87.17929493671228,104.89425854149692,-37.38108194374146,,30.0,,False,,,96076.55297352685,217348.82909839498,96076.55297352685,313425.38207192183,10230172.3385,30290894.2826,10230172.3385,unknown,api_detail
2026-03-17 14:00:00+00:00,0x7f86bf177dd4f3494b841a37e810a34dd56c829b,0xb98437c7ba28c6590dd4e1cc46aa89eed181f97108e5b6221730d41347bc817f,USDC / WBTC / WETH,USDC / WBTC 0.3%,curve,uniswap-v4-ethereum,73496.7908302141,74257.1615261886,73819.30319438974,73367.9430717603,74257.1615261886,73310.2258007267,103.45631249819354,121.19986157422602,-68.96263871828734,,30.0,,False,,,96076.55297352685,117830.2458576644,96076.55297352685,213906.79883119126,10230172.3385,9055876.4186,9055876.4186,unknown,api_detail
2026-03-17 14:00:00+00:00,0x99ac8ca7087fa4a2a1fb6357269965a2014abc35,0x7f86bf177dd4f3494b841a37e810a34dd56c829b,WBTC / USDC 0.3%,USDC / WBTC / WETH,uniswap_v3,curve,74137.530670683,73496.7908302141,74137.530670683,73543.3586522158,73819.30319438974,73367.9430717603,-86.42584055234437,37.52134077515734,-103.80539950017975,30.0,,,False,,,217348.82909839498,96076.55297352685,96076.55297352685,313425.38207192183,30290894.2826,10230172.3385,10230172.3385,api_detail,unknown
2026-03-17 14:00:00+00:00,0x99ac8ca7087fa4a2a1fb6357269965a2014abc35,0xb98437c7ba28c6590dd4e1cc46aa89eed181f97108e5b6221730d41347bc817f,WBTC / USDC 0.3%,USDC / WBTC 0.3%,uniswap_v3,uniswap-v4-ethereum,74137.530670683,74257.1615261886,74137.530670683,73543.3586522158,74257.1615261886,73310.2258007267,16.13634206903969,97.05878097685971,-111.59056182099891,30.0,30.0,60.0,True,-43.863657930960315,-171.59056182099891,217348.82909839498,117830.2458576644,117830.2458576644,335179.0749560594,30290894.2826,9055876.4186,9055876.4186,api_detail,api_detail
2026-03-17 14:00:00+00:00,0xb98437c7ba28c6590dd4e1cc46aa89eed181f97108e5b6221730d41347bc817f,0x7f86bf177dd4f3494b841a37e810a34dd56c829b,USDC / WBTC 0.3%,USDC / WBTC / WETH,uniswap-v4-ethereum,curve,74257.1615261886,73496.7908302141,74257.1615261886,73310.2258007267,73819.30319438974,73367.9430717603,-102.39695139792504,69.44152580389273,-119.74851127519948,30.0,,,False,,,117830.2458576644,96076.55297352685,96076.55297352685,213906.79883119126,9055876.4186,10230172.3385,9055876.4186,api_detail,unknown
2026-03-17 14:00:00+00:00,0xb98437c7ba28c6590dd4e1cc46aa89eed181f97108e5b6221730d41347bc817f,0x99ac8ca7087fa4a2a1fb6357269965a2014abc35,USDC / WBTC 0.3%,WBTC / USDC 0.3%,uniswap-v4-ethereum,uniswap_v3,74257.1615261886,74137.530670683,74257.1615261886,73310.2258007267,74137.530670683,73543.3586522158,-16.110345863867835,112.849859746047,-96.12579572154334,30.0,30.0,60.0,True,-76.11034586386783,-156.12579572154334,117830.2458576644,217348.82909839498,117830.2458576644,335179.0749560594,9055876.4186,30290894.2826,9055876.4186,api_detail,api_detail
2026-03-17 15:00:00+00:00,0x7f86bf177dd4f3494b841a37e810a34dd56c829b,0x99ac8ca7087fa4a2a1fb6357269965a2014abc35,USDC / WBTC / WETH,WBTC / USDC 0.3%,curve,uniswap_v3,73245.3690319949,73777.932900717,74436.43116837967,73002.2860627748,74498.8703336095,73733.4808631237,72.70956181399946,205.00512402416905,-94.43632563010173,,30.0,,False,,,55294.536883121546,473314.8738797585,55294.536883121546,528609.4107628801,10230172.3385,30290894.2826,10230172.3385,unknown,api_detail
2026-03-17 15:00:00+00:00,0x7f86bf177dd4f3494b841a37e810a34dd56c829b,0xb98437c7ba28c6590dd4e1cc46aa89eed181f97108e5b6221730d41347bc817f,USDC / WBTC / WETH,USDC / WBTC 0.3%,curve,uniswap-v4-ethereum,73245.3690319949,73556.3037128271,74436.43116837967,73002.2860627748,74661.1977623205,73556.3037128271,42.45110440994182,227.24106175513458,-118.23880346461979,,30.0,,False,,,55294.536883121546,267911.16577014374,55294.536883121546,323205.70265326527,10230172.3385,9055876.4186,9055876.4186,unknown,api_detail
2026-03-17 15:00:00+00:00,0x99ac8ca7087fa4a2a1fb6357269965a2014abc35,0x7f86bf177dd4f3494b841a37e810a34dd56c829b,WBTC / USDC 0.3%,USDC / WBTC / WETH,uniswap_v3,curve,73777.932900717,73245.3690319949,74498.8703336095,73733.4808631237,74436.43116837967,73002.2860627748,-72.18470995097981,95.33664992175117,-200.88684085180498,30.0,,,False,,,473314.8738797585,55294.536883121546,55294.536883121546,528609.4107628801,30290894.2826,10230172.3385,10230172.3385,api_detail,unknown
2026-03-17 15:00:00+00:00,0x99ac8ca7087fa4a2a1fb6357269965a2014abc35,0xb98437c7ba28c6590dd4e1cc46aa89eed181f97108e5b6221730d41347bc817f,WBTC / USDC 0.3%,USDC / WBTC 0.3%,uniswap_v3,uniswap-v4-ethereum,73777.932900717,73556.3037128271,74498.8703336095,73733.4808631237,74661.1977623205,73556.3037128271,-30.040037606929857,125.82030420061008,-126.5209279766999,30.0,30.0,60.0,True,-90.04003760692986,-186.5209279766999,473314.8738797585,267911.16577014374,267911.16577014374,741226.0396499023,30290894.2826,9055876.4186,9055876.4186,api_detail,api_detail
2026-03-17 15:00:00+00:00,0xb98437c7ba28c6590dd4e1cc46aa89eed181f97108e5b6221730d41347bc817f,0x7f86bf177dd4f3494b841a37e810a34dd56c829b,USDC / WBTC 0.3%,USDC / WBTC / WETH,uniswap-v4-ethereum,curve,73556.3037128271,73245.3690319949,74661.1977623205,73556.3037128271,74436.43116837967,73002.2860627748,-42.27165655932508,119.65357299473567,-222.1919483299406,30.0,,,False,,,267911.16577014374,55294.536883121546,55294.536883121546,323205.70265326527,9055876.4186,10230172.3385,9055876.4186,api_detail,unknown
2026-03-17 15:00:00+00:00,0xb98437c7ba28c6590dd4e1cc46aa89eed181f97108e5b6221730d41347bc817f,0x99ac8ca7087fa4a2a1fb6357269965a2014abc35,USDC / WBTC 0.3%,WBTC / USDC 0.3%,uniswap-v4-ethereum,uniswap_v3,73556.3037128271,73777.932900717,74661.1977623205,73556.3037128271,74498.8703336095,73733.4808631237,30.13054989211783,128.14219491810164,-124.25690010360424,30.0,30.0,60.0,True,-29.86945010788217,-184.25690010360424,267911.16577014374,473314.8738797585,267911.16577014374,741226.0396499023,9055876.4186,30290894.2826,9055876.4186,api_detail,api_detail
2026-03-17 16:00:00+00:00,0x7f86bf177dd4f3494b841a37e810a34dd56c829b,0x99ac8ca7087fa4a2a1fb6357269965a2014abc35,USDC / WBTC / WETH,WBTC / USDC 0.3%,curve,uniswap_v3,73473.6175072719,73988.5940678547,73590.8285141512,73154.4924960048,73988.5940678547,73774.3146344449,70.08999666197502,114.01918643553665,24.93328638886183,,30.0,,False,,,54602.90032354718,86679.03301576506,54602.90032354718,141281.93333931224,10230172.3385,30290894.2826,10230172.3385,unknown,api_detail
2026-03-17 16:00:00+00:00,0x7f86bf177dd4f3494b841a37e810a34dd56c829b,0xb98437c7ba28c6590dd4e1cc46aa89eed181f97108e5b6221730d41347bc817f,USDC / WBTC / WETH,USDC / WBTC 0.3%,curve,uniswap-v4-ethereum,73473.6175072719,74172.2361174731,73590.8285141512,73154.4924960048,74172.2361174731,73556.3037128271,95.08428112064315,139.12250454391372,-4.691454359352365,,30.0,,False,,,54602.90032354718,47493.22424100078,47493.22424100078,102096.12456454796,10230172.3385,9055876.4186,9055876.4186,unknown,api_detail
2026-03-17 16:00:00+00:00,0x99ac8ca7087fa4a2a1fb6357269965a2014abc35,0x7f86bf177dd4f3494b841a37e810a34dd56c829b,WBTC / USDC 0.3%,USDC / WBTC / WETH,uniswap_v3,curve,73988.5940678547,73473.6175072719,73988.5940678547,73774.3146344449,73590.8285141512,73154.4924960048,-69.6021551795556,-24.871274128791534,-112.73380476522598,30.0,,,False,,,86679.03301576506,54602.90032354718,54602.90032354718,141281.93333931224,30290894.2826,10230172.3385,10230172.3385,api_detail,unknown
2026-03-17 16:00:00+00:00,0x99ac8ca7087fa4a2a1fb6357269965a2014abc35,0xb98437c7ba28c6590dd4e1cc46aa89eed181f97108e5b6221730d41347bc817f,WBTC / USDC 0.3%,USDC / WBTC 0.3%,uniswap_v3,uniswap-v4-ethereum,73988.5940678547,74172.2361174731,73988.5940678547,73774.3146344449,74172.2361174731,73556.3037128271,24.820318852116774,53.937672616806154,-58.42662108583308,30.0,30.0,60.0,True,-35.17968114788323,-118.42662108583308,86679.03301576506,47493.22424100078,47493.22424100078,134172.25725676585,30290894.2826,9055876.4186,9055876.4186,api_detail,api_detail
2026-03-17 16:00:00+00:00,0xb98437c7ba28c6590dd4e1cc46aa89eed181f97108e5b6221730d41347bc817f,0x7f86bf177dd4f3494b841a37e810a34dd56c829b,USDC / WBTC 0.3%,USDC / WBTC / WETH,uniswap-v4-ethereum,curve,74172.2361174731,73473.6175072719,74172.2361174731,73556.3037128271,73590.8285141512,73154.4924960048,-94.18869468822977,4.693656366814292,-137.21355519825784,30.0,,,False,,,47493.22424100078,54602.90032354718,47493.22424100078,102096.12456454796,9055876.4186,10230172.3385,9055876.4186,api_detail,unknown
2026-03-17 16:00:00+00:00,0xb98437c7ba28c6590dd4e1cc46aa89eed181f97108e5b6221730d41347bc817f,0x99ac8ca7087fa4a2a1fb6357269965a2014abc35,USDC / WBTC 0.3%,WBTC / USDC 0.3%,uniswap-v4-ethereum,uniswap_v3,74172.2361174731,73988.5940678547,74172.2361174731,73556.3037128271,73988.5940678547,73774.3146344449,-24.758866555883998,58.76999430467933,-53.64830613950655,30.0,30.0,60.0,True,-84.758866555884,-113.64830613950656,47493.22424100078,86679.03301576506,47493.22424100078,134172.25725676585,9055876.4186,30290894.2826,9055876.4186,api_detail,api_detail
2026-03-17 17:00:00+00:00,0x7f86bf177dd4f3494b841a37e810a34dd56c829b,0x99ac8ca7087fa4a2a1fb6357269965a2014abc35,USDC / WBTC / WETH,WBTC / USDC 0.3%,curve,uniswap_v3,73797.2706472982,74201.4749795501,74285.49841098675,73348.2112744668,74201.4749795501,73988.5940678547,54.77226037040373,116.33054034411394,-39.96800849196846,,30.0,,False,,,57911.69335404158,90064.9598228241,57911.69335404158,147976.65317686566,10230172.3385,30290894.2826,10230172.3385,unknown,api_detail
2026-03-17 17:00:00+00:00,0x7f86bf177dd4f3494b841a37e810a34dd56c829b,0xb98437c7ba28c6590dd4e1cc46aa89eed181f97108e5b6221730d41347bc817f,USDC / WBTC / WETH,USDC / WBTC 0.3%,curve,uniswap-v4-ethereum,73797.2706472982,74378.1263064766,74285.49841098675,73348.2112744668,74378.1263064766,74130.2739217142,78.7096398123599,140.4144714798683,-20.89566504807849,,30.0,,False,,,57911.69335404158,51976.31547819054,51976.31547819054,109888.00883223212,10230172.3385,9055876.4186,9055876.4186,unknown,api_detail
