timestamp,pool_count,total_pair_count,known_fee_pair_count,selection_basis,buy_pool_address,sell_pool_address,buy_pool_name,sell_pool_name,buy_dex,sell_dex,buy_price_usd,sell_price_usd,buy_high_usd,buy_low_usd,sell_high_usd,sell_low_usd,observed_spread_bps,optimistic_spread_bps,conservative_spread_bps,buy_fee_bps,sell_fee_bps,explicit_fee_total_bps,explicit_fee_known,fee_adjusted_spread_bps,conservative_fee_adjusted_spread_bps,buy_volume_usd,sell_volume_usd,min_pool_volume_usd,total_volume_usd,buy_reserve_usd,sell_reserve_usd,min_pool_reserve_usd,buy_fee_source,sell_fee_source
2026-03-16 08:00:00+00:00,2,2,2,fee_adjusted_spread_bps,0x5777d92f208679db4b9778590fa3cab3ac9e2168,0xcd0a9bc63323cd038128dfcb3a5f4f7a2946548e3ae437043fd4124218e170f0,DAI / USDC 0.01%,DAI / USDC 0.008%,uniswap_v3,uniswap-v4-ethereum,1.00272828385957,1.00406273258474,1.00273326688919,0.996861505979519,1.00424904452245,0.994748977807955,13.308178762383438,74.10797285899662,-79.62525374275108,1.0,0.8,1.8,True,11.508178762383437,-81.42525374275108,2043.8311777605757,8061.197207780787,2043.8311777605757,10105.028385541362,1340042.2642,1958673.0799,1340042.2642,api_detail,api_detail
2026-03-16 09:00:00+00:00,2,2,2,fee_adjusted_spread_bps,0x5777d92f208679db4b9778590fa3cab3ac9e2168,0xcd0a9bc63323cd038128dfcb3a5f4f7a2946548e3ae437043fd4124218e170f0,DAI / USDC 0.01%,DAI / USDC 0.008%,uniswap_v3,uniswap-v4-ethereum,0.99722886087561,0.998689543197326,1.00275722518512,0.996720055609607,1.00406273258474,0.998689543197326,14.64741323705221,73.66839800009961,-40.564973112441336,1.0,0.8,1.8,True,12.847413237052209,-42.364973112441334,30840.67522106311,351.3846673597789,351.3846673597789,31192.05988842289,1340042.2642,1958673.0799,1340042.2642,api_detail,api_detail
2026-03-16 10:00:00+00:00,2,2,2,fee_adjusted_spread_bps,0x5777d92f208679db4b9778590fa3cab3ac9e2168,0xcd0a9bc63323cd038128dfcb3a5f4f7a2946548e3ae437043fd4124218e170f0,DAI / USDC 0.01%,DAI / USDC 0.008%,uniswap_v3,uniswap-v4-ethereum,0.997160546925394,1.00240902828416,1.00266172192916,0.996655230158235,1.00240902828416,0.998689543197326,52.63426611641364,57.7310784293128,-39.61633963837197,1.0,0.8,1.8,True,50.834266116413644,-41.416339638371966,38992.02906791581,160.3597283575684,160.3597283575684,39152.38879627338,1340042.2642,1958673.0799,1340042.2642,api_detail,api_detail
2026-03-16 11:00:00+00:00,2,2,2,fee_adjusted_spread_bps,0xcd0a9bc63323cd038128dfcb3a5f4f7a2946548e3ae437043fd4124218e170f0,0x5777d92f208679db4b9778590fa3cab3ac9e2168,DAI / USDC 0.008%,DAI / USDC 0.01%,uniswap-v4-ethereum,uniswap_v3,0.995852478605235,0.996830110478285,1.00240902828416,0.995852478605235,0.997343315121754,0.996825249304794,9.817035093584447,14.970455449456743,-55.70359824994653,0.8,1.0,1.8,True,8.017035093584447,-57.50359824994653,1038.5232619711235,3213.672522180205,1038.5232619711235,4252.195784151329,1958673.0799,1340042.2642,1340042.2642,api_detail,api_detail
2026-03-16 12:00:00+00:00,2,2,2,fee_adjusted_spread_bps,0xcd0a9bc63323cd038128dfcb3a5f4f7a2946548e3ae437043fd4124218e170f0,0x5777d92f208679db4b9778590fa3cab3ac9e2168,DAI / USDC 0.008%,DAI / USDC 0.01%,uniswap-v4-ethereum,uniswap_v3,0.997254845348007,0.997756827802588,1.00211417253714,0.995852478605235,0.999428772461994,0.996830110478285,5.0336426734109985,35.911883874284456,-52.729142084448895,0.8,1.0,1.8,True,3.2336426734109986,-54.52914208444889,686.2807607670967,46081.33348991902,686.2807607670967,46767.61425068612,1958673.0799,1340042.2642,1340042.2642,api_detail,api_detail
2026-03-16 13:00:00+00:00,2,2,2,fee_adjusted_spread_bps,0xcd0a9bc63323cd038128dfcb3a5f4f7a2946548e3ae437043fd4124218e170f0,0x5777d92f208679db4b9778590fa3cab3ac9e2168,DAI / USDC 0.008%,DAI / USDC 0.01%,uniswap-v4-ethereum,uniswap_v3,0.997172346862888,1.0027567609989,1.00469584216937,0.996435661365415,1.00304050052734,0.997246801842283,56.002496996439,66.28465256727667,-74.14224299965966,0.8,1.0,1.8,True,54.202496996439,-75.94224299965965,2972.3708407373697,117971.80120741588,2972.3708407373697,120944.17204815324,1958673.0799,1340042.2642,1340042.2642,api_detail,api_detail
2026-03-16 14:00:00+00:00,2,2,2,fee_adjusted_spread_bps,0xcd0a9bc63323cd038128dfcb3a5f4f7a2946548e3ae437043fd4124218e170f0,0x5777d92f208679db4b9778590fa3cab3ac9e2168,DAI / USDC 0.008%,DAI / USDC 0.01%,uniswap-v4-ethereum,uniswap_v3,0.999978688439079,1.00216477526347,1.0028042031483,0.994168695724703,1.00308378779446,0.996849667842094,21.861334143062905,89.6738361215288,-59.378842724350235,0.8,1.0,1.8,True,20.061334143062904,-61.17884272435023,22580.34467657846,571588.2161760215,22580.34467657846,594168.5608525999,1958673.0799,1340042.2642,1340042.2642,api_detail,api_detail
2026-03-16 15:00:00+00:00,2,2,2,fee_adjusted_spread_bps,0xcd0a9bc63323cd038128dfcb3a5f4f7a2946548e3ae437043fd4124218e170f0,0x5777d92f208679db4b9778590fa3cab3ac9e2168,DAI / USDC 0.008%,DAI / USDC 0.01%,uniswap-v4-ethereum,uniswap_v3,1.0022125865036,1.00273477919816,1.0022125865036,0.999978688439079,1.00277827677309,0.996553921864206,5.210398488226797,27.99647998879884,-56.4617199543993,0.8,1.0,1.8,True,3.4103984882267975,-58.2617199543993,53.8175355145391,10922.728073789582,53.8175355145391,10976.545609304121,1958673.0799,1340042.2642,1340042.2642,api_detail,api_detail
2026-03-16 16:00:00+00:00,2,2,2,fee_adjusted_spread_bps,0x5777d92f208679db4b9778590fa3cab3ac9e2168,0xcd0a9bc63323cd038128dfcb3a5f4f7a2946548e3ae437043fd4124218e170f0,DAI / USDC 0.01%,DAI / USDC 0.008%,uniswap_v3,uniswap-v4-ethereum,0.997646490025727,0.999496571233409,1.00273477919816,0.996630930697318,1.0022125865036,0.999496571233409,18.544456640490203,56.005243609855704,-32.29376333531042,1.0,0.8,1.8,True,16.744456640490203,-34.09376333531042,33493.98909520114,258.3604433132115,258.3604433132115,33752.349538514354,1340042.2642,1958673.0799,1340042.2642,api_detail,api_detail
2026-03-16 17:00:00+00:00,2,2,2,fee_adjusted_spread_bps,0xcd0a9bc63323cd038128dfcb3a5f4f7a2946548e3ae437043fd4124218e170f0,0x5777d92f208679db4b9778590fa3cab3ac9e2168,DAI / USDC 0.008%,DAI / USDC 0.01%,uniswap-v4-ethereum,uniswap_v3,0.997322099411707,0.997473525815452,1.00135979062393,0.997322099411707,0.998329717915011,0.997179607725785,1.5183299741816647,10.103240506735833,-41.74506443423765,0.8,1.0,1.8,True,-0.28167002581833533,-43.545064434237645,547.207149622498,234177.41588204884,547.207149622498,234724.62303167133,1958673.0799,1340042.2642,1340042.2642,api_detail,api_detail
2026-03-16 18:00:00+00:00,2,2,2,fee_adjusted_spread_bps,0xcd0a9bc63323cd038128dfcb3a5f4f7a2946548e3ae437043fd4124218e170f0,0x5777d92f208679db4b9778590fa3cab3ac9e2168,DAI / USDC 0.008%,DAI / USDC 0.01%,uniswap-v4-ethereum,uniswap_v3,1.00065929019401,1.00305790004729,1.00249663735303,0.997322099411707,1.00312889405485,0.997452965075317,23.970295152258014,58.223864151494276,-50.3111141702195,0.8,1.0,1.8,True,22.170295152258014,-52.111114170219494,390.5178032440261,49106.38293181037,390.5178032440261,49496.90073505439,1958673.0799,1340042.2642,1340042.2642,api_detail,api_detail
2026-03-16 19:00:00+00:00,2,2,2,fee_adjusted_spread_bps,0xcd0a9bc63323cd038128dfcb3a5f4f7a2946548e3ae437043fd4124218e170f0,0x5777d92f208679db4b9778590fa3cab3ac9e2168,DAI / USDC 0.008%,DAI / USDC 0.01%,uniswap-v4-ethereum,uniswap_v3,1.00065658508582,1.00279015330281,1.00065929019401,1.00065658508582,1.00305790004729,1.00265391124275,21.321682671053832,23.99739328416972,19.933068810598087,0.8,1.0,1.8,True,19.52168267105383,18.133068810598086,56.7784804420861,18145.79041181709,56.7784804420861,18202.568892259176,1958673.0799,1340042.2642,1340042.2642,api_detail,api_detail
2026-03-16 20:00:00+00:00,2,2,2,fee_adjusted_spread_bps,0xcd0a9bc63323cd038128dfcb3a5f4f7a2946548e3ae437043fd4124218e170f0,0x5777d92f208679db4b9778590fa3cab3ac9e2168,DAI / USDC 0.008%,DAI / USDC 0.01%,uniswap-v4-ethereum,uniswap_v3,0.999423204593334,1.00301672232546,1.00065658508582,0.998484977459202,1.00301712678703,1.00279015330281,35.955916528755964,45.39026054614092,21.321682671053832,0.8,1.0,1.8,True,34.15591652875597,19.52168267105383,533.3534801324248,112240.08162552345,533.3534801324248,112773.43510565588,1958673.0799,1340042.2642,1340042.2642,api_detail,api_detail
2026-03-16 21:00:00+00:00,2,2,2,fee_adjusted_spread_bps,0xcd0a9bc63323cd038128dfcb3a5f4f7a2946548e3ae437043fd4124218e170f0,0x5777d92f208679db4b9778590fa3cab3ac9e2168,DAI / USDC 0.008%,DAI / USDC 0.01%,uniswap-v4-ethereum,uniswap_v3,1.00096231826054,1.00314307347732,1.00096231826054,0.999423204593334,1.0031462666481,0.997006183885488,21.786586537737573,37.25210739209173,-39.52330974783314,0.8,1.0,1.8,True,19.986586537737573,-41.323309747833136,1412.115174182183,25840.55827734019,1412.115174182183,27252.673451522372,1958673.0799,1340042.2642,1340042.2642,api_detail,api_detail
2026-03-16 22:00:00+00:00,2,2,2,fee_adjusted_spread_bps,0x5777d92f208679db4b9778590fa3cab3ac9e2168,0xcd0a9bc63323cd038128dfcb3a5f4f7a2946548e3ae437043fd4124218e170f0,DAI / USDC 0.01%,DAI / USDC 0.008%,uniswap_v3,uniswap-v4-ethereum,1.00235651161387,1.00510011892193,1.0031431406083,0.998205434153675,1.00510011892193,0.998665242535225,27.371571654106752,69.07079978081487,-44.638675098347406,1.0,0.8,1.8,True,25.57157165410675,-46.4386750983474,32745.000555183975,3290.4163770764076,3290.4163770764076,36035.416932260385,1340042.2642,1958673.0799,1340042.2642,api_detail,api_detail
2026-03-16 23:00:00+00:00,2,2,2,fee_adjusted_spread_bps,0x5777d92f208679db4b9778590fa3cab3ac9e2168,0xcd0a9bc63323cd038128dfcb3a5f4f7a2946548e3ae437043fd4124218e170f0,DAI / USDC 0.01%,DAI / USDC 0.008%,uniswap_v3,uniswap-v4-ethereum,0.996938199974454,1.0015092591631,1.00314361357565,0.996736845504268,1.00510011892193,0.997436525979734,45.85097841333763,83.90653416078698,-56.89202940318161,1.0,0.8,1.8,True,44.05097841333763,-58.69202940318161,568573.9336003234,1765.5855100917315,1765.5855100917315,570339.5191104151,1340042.2642,1958673.0799,1340042.2642,api_detail,api_detail
2026-03-17 00:00:00+00:00,2,2,2,fee_adjusted_spread_bps,0xcd0a9bc63323cd038128dfcb3a5f4f7a2946548e3ae437043fd4124218e170f0,0x5777d92f208679db4b9778590fa3cab3ac9e2168,DAI / USDC 0.008%,DAI / USDC 0.01%,uniswap-v4-ethereum,uniswap_v3,1.0001414054377,1.00245361573375,1.0015092591631,0.998135894536682,1.00245361573375,0.996938199974454,23.11883383168345,43.25784916363817,-45.64170672237022,0.8,1.0,1.8,True,21.31883383168345,-47.44170672237022,6899.498148831492,180275.83375637152,6899.498148831492,187175.331905203,1958673.0799,1340042.2642,1340042.2642,api_detail,api_detail
2026-03-17 01:00:00+00:00,2,2,2,fee_adjusted_spread_bps,0xcd0a9bc63323cd038128dfcb3a5f4f7a2946548e3ae437043fd4124218e170f0,0x5777d92f208679db4b9778590fa3cab3ac9e2168,DAI / USDC 0.008%,DAI / USDC 0.01%,uniswap-v4-ethereum,uniswap_v3,0.997395808155322,1.00257984568869,1.0001414054377,0.997395808155322,1.003006682803,0.997219984004271,51.97573010614409,56.25524592944853,-29.210083869595227,0.8,1.0,1.8,True,50.175730106144094,-31.010083869595228,19.5374046824136,18671.000421556797,19.5374046824136,18690.53782623921,1958673.0799,1340042.2642,1340042.2642,api_detail,api_detail
2026-03-17 02:00:00+00:00,2,2,2,fee_adjusted_spread_bps,0xcd0a9bc63323cd038128dfcb3a5f4f7a2946548e3ae437043fd4124218e170f0,0x5777d92f208679db4b9778590fa3cab3ac9e2168,DAI / USDC 0.008%,DAI / USDC 0.01%,uniswap-v4-ethereum,uniswap_v3,0.996083441383856,1.0024497054784,1.00120242531404,0.996083441383856,1.00257984568869,1.0024497054784,63.91295979882416,65.21947896060531,12.457822043019373,0.8,1.0,1.8,True,62.112959798824164,10.657822043019372,236.42239200613926,1287.36585795953,236.42239200613926,1523.7882499656694,1958673.0799,1340042.2642,1340042.2642,api_detail,api_detail
2026-03-17 03:00:00+00:00,2,2,2,fee_adjusted_spread_bps,0x5777d92f208679db4b9778590fa3cab3ac9e2168,0xcd0a9bc63323cd038128dfcb3a5f4f7a2946548e3ae437043fd4124218e170f0,DAI / USDC 0.01%,DAI / USDC 0.008%,uniswap_v3,uniswap-v4-ethereum,1.0008721731138,1.00478319290938,1.00300706243182,0.995818674292452,1.00478319290938,0.996083441383856,39.07611681732037,90.02159578195723,-69.02863705842144,1.0,0.8,1.8,True,37.27611681732037,-70.82863705842144,974136.7344108238,153935.9282612201,153935.9282612201,1128072.6626720438,1340042.2642,1958673.0799,1340042.2642,api_detail,api_detail
2026-03-17 04:00:00+00:00,2,2,2,fee_adjusted_spread_bps,0xcd0a9bc63323cd038128dfcb3a5f4f7a2946548e3ae437043fd4124218e170f0,0x5777d92f208679db4b9778590fa3cab3ac9e2168,DAI / USDC 0.008%,DAI / USDC 0.01%,uniswap-v4-ethereum,uniswap_v3,1.00114228797154,1.00248319569727,1.00478319290938,0.996039454768602,1.00248319569727,1.0008721731138,13.393777706132148,64.69363133978501,-38.92401687428326,0.8,1.0,1.8,True,11.593777706132148,-40.72401687428326,511.14207927365686,5828.927644982348,511.14207927365686,6340.069724256005,1958673.0799,1340042.2642,1340042.2642,api_detail,api_detail
2026-03-17 05:00:00+00:00,2,2,2,fee_adjusted_spread_bps,0xcd0a9bc63323cd038128dfcb3a5f4f7a2946548e3ae437043fd4124218e170f0,0x5777d92f208679db4b9778590fa3cab3ac9e2168,DAI / USDC 0.008%,DAI / USDC 0.01%,uniswap-v4-ethereum,uniswap_v3,1.00020379591573,1.00152851435058,1.00114228797154,1.00020379591573,1.00248319569727,0.996789304832205,13.244485176515663,22.789353438248394,-43.48016452441317,0.8,1.0,1.8,True,11.444485176515663,-45.280164524413166,1451.6753801293714,540.8534010983228,540.8534010983228,1992.5287812276943,1958673.0799,1340042.2642,1340042.2642,api_detail,api_detail
2026-03-17 06:00:00+00:00,2,2,2,fee_adjusted_spread_bps,0x5777d92f208679db4b9778590fa3cab3ac9e2168,0xcd0a9bc63323cd038128dfcb3a5f4f7a2946548e3ae437043fd4124218e170f0,DAI / USDC 0.01%,DAI / USDC 0.008%,uniswap_v3,uniswap-v4-ethereum,0.997046874192422,0.999232920567295,1.00152851435058,0.996918589390323,1.00020379591573,0.999232920567295,21.925211657110033,32.953608854020544,-22.920902903834637,1.0,0.8,1.8,True,20.125211657110032,-24.720902903834638,5896.959459444736,5.628058712473966,5.628058712473966,5902.58751815721,1340042.2642,1958673.0799,1340042.2642,api_detail,api_detail
2026-03-17 07:00:00+00:00,2,2,2,fee_adjusted_spread_bps,0x5777d92f208679db4b9778590fa3cab3ac9e2168,0xcd0a9bc63323cd038128dfcb3a5f4f7a2946548e3ae437043fd4124218e170f0,DAI / USDC 0.01%,DAI / USDC 0.008%,uniswap_v3,uniswap-v4-ethereum,0.997435240942051,1.00035399070487,1.00294209085441,0.997029941630628,1.00035399070487,0.999232920567295,29.262549015836026,33.33951103620336,-36.982895831554345,1.0,0.8,1.8,True,27.462549015836025,-38.78289583155434,64497.20294564376,155.576863051256,155.576863051256,64652.77980869501,1340042.2642,1958673.0799,1340042.2642,api_detail,api_detail
2026-03-17 08:00:00+00:00,2,2,2,fee_adjusted_spread_bps,0xcd0a9bc63323cd038128dfcb3a5f4f7a2946548e3ae437043fd4124218e170f0,0x5777d92f208679db4b9778590fa3cab3ac9e2168,DAI / USDC 0.008%,DAI / USDC 0.01%,uniswap-v4-ethereum,uniswap_v3,1.00017118244553,1.00237090695402,1.00222034230421,0.998912288097405,1.00237090695402,0.996837022397355,21.99348018717684,34.623849339190386,-53.71393574468919,0.8,1.0,1.8,True,20.19348018717684,-55.513935744689185,2786.245306915157,21173.919282804898,2786.245306915157,23960.164589720054,1958673.0799,1340042.2642,1340042.2642,api_detail,api_detail
2026-03-17 09:00:00+00:00,2,2,2,fee_adjusted_spread_bps,0x5777d92f208679db4b9778590fa3cab3ac9e2168,0xcd0a9bc63323cd038128dfcb3a5f4f7a2946548e3ae437043fd4124218e170f0,DAI / USDC 0.01%,DAI / USDC 0.008%,uniswap_v3,uniswap-v4-ethereum,0.996804129658917,0.997129005775151,1.00274086565451,0.996804064944977,1.00158936262564,0.997129005775151,3.2591770696743794,48.00640215012697,-55.96520568348584,1.0,0.8,1.8,True,1.4591770696743793,-57.76520568348584,175556.15843692355,7827.958376318128,7827.958376318128,183384.11681324168,1340042.2642,1958673.0799,1340042.2642,api_detail,api_detail
2026-03-17 10:00:00+00:00,2,2,2,fee_adjusted_spread_bps,0x5777d92f208679db4b9778590fa3cab3ac9e2168,0xcd0a9bc63323cd038128dfcb3a5f4f7a2946548e3ae437043fd4124218e170f0,DAI / USDC 0.01%,DAI / USDC 0.008%,uniswap_v3,uniswap-v4-ethereum,0.994992502316073,1.00279045809872,1.00289929698097,0.994992502316073,1.00279045809872,0.997129005775151,78.37200546230605,78.37200546230605,-57.53609782347402,1.0,0.8,1.8,True,76.57200546230605,-59.33609782347402,35148.19905891278,5288.797828611422,5288.797828611422,40436.996887524205,1340042.2642,1958673.0799,1340042.2642,api_detail,api_detail
2026-03-17 11:00:00+00:00,2,2,2,fee_adjusted_spread_bps,0x5777d92f208679db4b9778590fa3cab3ac9e2168,0xcd0a9bc63323cd038128dfcb3a5f4f7a2946548e3ae437043fd4124218e170f0,DAI / USDC 0.01%,DAI / USDC 0.008%,uniswap_v3,uniswap-v4-ethereum,0.997110696530933,0.999391641725759,1.00171916063826,0.994992502316073,1.00347009729475,0.999189487004566,22.875546343668063,85.20260161703152,-25.25332182008233,1.0,0.8,1.8,True,21.075546343668062,-27.05332182008233,4920833.971585311,111246.22225354353,111246.22225354353,5032080.193838854,1340042.2642,1958673.0799,1340042.2642,api_detail,api_detail
2026-03-17 12:00:00+00:00,2,2,2,fee_adjusted_spread_bps,0xcd0a9bc63323cd038128dfcb3a5f4f7a2946548e3ae437043fd4124218e170f0,0x5777d92f208679db4b9778590fa3cab3ac9e2168,DAI / USDC 0.008%,DAI / USDC 0.01%,uniswap-v4-ethereum,uniswap_v3,1.00032089808685,1.00222384431695,1.00032089808685,0.996757175824412,1.00286004467298,0.997110696530933,19.02335774189412,61.227237652143884,-32.09171738845718,0.8,1.0,1.8,True,17.22335774189412,-33.891717388457174,1326.2177581069056,4444.843554682222,1326.2177581069056,5771.061312789127,1958673.0799,1340042.2642,1340042.2642,api_detail,api_detail
2026-03-17 13:00:00+00:00,2,2,2,fee_adjusted_spread_bps,0xcd0a9bc63323cd038128dfcb3a5f4f7a2946548e3ae437043fd4124218e170f0,0x5777d92f208679db4b9778590fa3cab3ac9e2168,DAI / USDC 0.008%,DAI / USDC 0.01%,uniswap-v4-ethereum,uniswap_v3,0.991259664342122,0.998632596952819,1.0020879487691,0.988178055520212,1.00227112573075,0.99428959907271,74.37942726732815,142.61670892012245,-77.82101068043889,0.8,1.0,1.8,True,72.57942726732816,-79.62101068043889,679.5397348727394,83212.66537278584,679.5397348727394,83892.20510765858,1958673.0799,1340042.2642,1340042.2642,api_detail,api_detail
2026-03-17 14:00:00+00:00,2,2,2,fee_adjusted_spread_bps,0x5777d92f208679db4b9778590fa3cab3ac9e2168,0xcd0a9bc63323cd038128dfcb3a5f4f7a2946548e3ae437043fd4124218e170f0,DAI / USDC 0.01%,DAI / USDC 0.008%,uniswap_v3,uniswap-v4-ethereum,0.997327912677988,0.998187136087758,1.00249201425713,0.990317864630617,0.998187136087758,0.991259664342122,8.615254810855344,79.46207715919806,-112.0442831989199,1.0,0.8,1.8,True,6.815254810855344,-113.8442831989199,1068978.4627960916,1152.943438430049,1152.943438430049,1070131.4062345217,1340042.2642,1958673.0799,1340042.2642,api_detail,api_detail
2026-03-17 15:00:00+00:00,2,2,2,fee_adjusted_spread_bps,0x5777d92f208679db4b9778590fa3cab3ac9e2168,0xcd0a9bc63323cd038128dfcb3a5f4f7a2946548e3ae437043fd4124218e170f0,DAI / USDC 0.01%,DAI / USDC 0.008%,uniswap_v3,uniswap-v4-ethereum,1.00154118271834,1.00203279001745,1.00294587183373,0.997327912677988,1.00203279001745,0.996950730463316,4.908508083267815,47.17482865618905,-59.77532326298829,1.0,0.8,1.8,True,3.1085080832678154,-61.575323262988285,1267.5288009481465,4688.814539305572,1267.5288009481465,5956.343340253718,1340042.2642,1958673.0799,1340042.2642,api_detail,api_detail
2026-03-17 16:00:00+00:00,2,2,2,fee_adjusted_spread_bps,0xcd0a9bc63323cd038128dfcb3a5f4f7a2946548e3ae437043fd4124218e170f0,0x5777d92f208679db4b9778590fa3cab3ac9e2168,DAI / USDC 0.008%,DAI / USDC 0.01%,uniswap-v4-ethereum,uniswap_v3,0.994415737068869,0.996241380829387,1.00203279001745,0.994415737068869,1.00154118271834,0.996241380829387,18.358958858588625,71.65459459113066,-57.79660352194793,0.8,1.0,1.8,True,16.558958858588625,-59.59660352194793,7821.171515024867,245678.7675340156,7821.171515024867,253499.9390490405,1958673.0799,1340042.2642,1340042.2642,api_detail,api_detail
2026-03-17 17:00:00+00:00,2,2,2,fee_adjusted_spread_bps,0x5777d92f208679db4b9778590fa3cab3ac9e2168,0xcd0a9bc63323cd038128dfcb3a5f4f7a2946548e3ae437043fd4124218e170f0,DAI / USDC 0.01%,DAI / USDC 0.008%,uniswap_v3,uniswap-v4-ethereum,0.99711466251872,1.00220121589365,1.00251984932352,0.996241380829387,1.00311862169422,0.994415737068869,51.01272267004076,69.03187317021109,-80.83742441727604,1.0,0.8,1.8,True,49.21272267004076,-82.63742441727604,53682.09834921618,88046.9942159785,53682.09834921618,141729.09256519467,1340042.2642,1958673.0799,1340042.2642,api_detail,api_detail
2026-03-17 18:00:00+00:00,2,2,2,fee_adjusted_spread_bps,0x5777d92f208679db4b9778590fa3cab3ac9e2168,0xcd0a9bc63323cd038128dfcb3a5f4f7a2946548e3ae437043fd4124218e170f0,DAI / USDC 0.01%,DAI / USDC 0.008%,uniswap_v3,uniswap-v4-ethereum,0.996915198229536,1.00072930614716,0.99711466251872,0.996915198229536,1.00220121589365,0.998099948255091,38.25910091848961,53.02374438168389,9.88136844645382,1.0,0.8,1.8,True,36.45910091848961,8.08136844645382,153412.112548936,846.7409754099476,846.7409754099476,154258.85352434596,1340042.2642,1958673.0799,1340042.2642,api_detail,api_detail
2026-03-17 19:00:00+00:00,2,2,2,fee_adjusted_spread_bps,0xcd0a9bc63323cd038128dfcb3a5f4f7a2946548e3ae437043fd4124218e170f0,0x5777d92f208679db4b9778590fa3cab3ac9e2168,DAI / USDC 0.008%,DAI / USDC 0.01%,uniswap-v4-ethereum,uniswap_v3,1.00081364608793,1.00206556960081,1.00262102520928,0.997500746604038,1.00274512222407,0.996915198229536,12.509057183358596,52.5751548345843,-56.90910958657591,0.8,1.0,1.8,True,10.709057183358595,-58.709109586575906,1069.6199918950583,2077.6312233424296,1069.6199918950583,3147.251215237488,1958673.0799,1340042.2642,1340042.2642,api_detail,api_detail
2026-03-17 20:00:00+00:00,2,2,2,fee_adjusted_spread_bps,0x5777d92f208679db4b9778590fa3cab3ac9e2168,0xcd0a9bc63323cd038128dfcb3a5f4f7a2946548e3ae437043fd4124218e170f0,DAI / USDC 0.01%,DAI / USDC 0.008%,uniswap_v3,uniswap-v4-ethereum,1.00258085829939,1.00419256791145,1.00258188782258,1.00206556960081,1.00419256791145,1.00081364608793,16.075607256196278,21.22613903885906,-17.63688089848059,1.0,0.8,1.8,True,14.275607256196277,-19.43688089848059,86.63943077404953,1004.19256791145,86.63943077404953,1090.8319986854997,1340042.2642,1958673.0799,1340042.2642,api_detail,api_detail
2026-03-17 21:00:00+00:00,2,2,2,fee_adjusted_spread_bps,0x5777d92f208679db4b9778590fa3cab3ac9e2168,0xcd0a9bc63323cd038128dfcb3a5f4f7a2946548e3ae437043fd4124218e170f0,DAI / USDC 0.01%,DAI / USDC 0.008%,uniswap_v3,uniswap-v4-ethereum,0.995198430661719,0.997152951557454,1.00258085829939,0.995198419867896,1.00419256791145,0.997152951557454,19.639509423616808,90.37542528200548,-54.13934145065413,1.0,0.8,1.8,True,17.839509423616807,-55.939341450654126,1485.1216334954322,130.01341191572888,130.01341191572888,1615.1350454111612,1340042.2642,1958673.0799,1340042.2642,api_detail,api_detail
2026-03-17 22:00:00+00:00,2,2,2,fee_adjusted_spread_bps,0x5777d92f208679db4b9778590fa3cab3ac9e2168,0xcd0a9bc63323cd038128dfcb3a5f4f7a2946548e3ae437043fd4124218e170f0,DAI / USDC 0.01%,DAI / USDC 0.008%,uniswap_v3,uniswap-v4-ethereum,1.00262135565952,1.0033696006212,1.00262135565952,0.995198430661719,1.00410770072669,0.997152951557454,7.4628867364179285,89.5225493778895,-54.54106947950454,1.0,0.8,1.8,True,5.662886736417929,-56.34106947950454,75185.55189850304,1037.0936828250733,1037.0936828250733,76222.6455813281,1340042.2642,1958673.0799,1340042.2642,api_detail,api_detail
2026-03-17 23:00:00+00:00,2,2,2,fee_adjusted_spread_bps,0x5777d92f208679db4b9778590fa3cab3ac9e2168,0xcd0a9bc63323cd038128dfcb3a5f4f7a2946548e3ae437043fd4124218e170f0,DAI / USDC 0.01%,DAI / USDC 0.008%,uniswap_v3,uniswap-v4-ethereum,1.00262135565952,1.0033696006212,1.00262135565952,1.00262135565952,1.0033696006212,1.0033696006212,7.4628867364179285,7.4628867364179285,7.4628867364179285,1.0,0.8,1.8,True,5.662886736417929,5.662886736417929,0.0,0.0,0.0,0.0,1340042.2642,1958673.0799,1340042.2642,api_detail,api_detail
2026-03-18 00:00:00+00:00,2,2,2,fee_adjusted_spread_bps,0xcd0a9bc63323cd038128dfcb3a5f4f7a2946548e3ae437043fd4124218e170f0,0x5777d92f208679db4b9778590fa3cab3ac9e2168,DAI / USDC 0.008%,DAI / USDC 0.01%,uniswap-v4-ethereum,uniswap_v3,0.999453504170882,1.0025153919934,1.0033696006212,0.999453504170882,1.00271970586018,1.00210324726233,30.635620463985713,32.67987630907854,-12.621005839584809,0.8,1.0,1.8,True,28.835620463985713,-14.42100583958481,4894.544153082149,20652.46234828071,4894.544153082149,25547.00650136286,1958673.0799,1340042.2642,1340042.2642,api_detail,api_detail
2026-03-18 01:00:00+00:00,2,2,2,fee_adjusted_spread_bps,0x5777d92f208679db4b9778590fa3cab3ac9e2168,0xcd0a9bc63323cd038128dfcb3a5f4f7a2946548e3ae437043fd4124218e170f0,DAI / USDC 0.01%,DAI / USDC 0.008%,uniswap_v3,uniswap-v4-ethereum,0.996590039361933,0.999277205692804,1.0025153919934,0.996590039361933,0.999453504170882,0.999277205692804,26.96360815116483,28.732625210485807,-32.30061429936981,1.0,0.8,1.8,True,25.16360815116483,-34.10061429936981,2362.84783884267,69.8339299467332,69.8339299467332,2432.6817687894036,1340042.2642,1958673.0799,1340042.2642,api_detail,api_detail
2026-03-18 02:00:00+00:00,2,2,2,fee_adjusted_spread_bps,0x5777d92f208679db4b9778590fa3cab3ac9e2168,0xcd0a9bc63323cd038128dfcb3a5f4f7a2946548e3ae437043fd4124218e170f0,DAI / USDC 0.01%,DAI / USDC 0.008%,uniswap_v3,uniswap-v4-ethereum,1.00283348192172,1.0039855923191,1.00283348192172,0.996590039361933,1.0039855923191,0.995992163072974,11.488551371181543,74.20857790132018,-68.21988866622219,1.0,0.8,1.8,True,9.688551371181543,-70.01988866622219,5105.568411510646,360.57856893744776,360.57856893744776,5466.146980448094,1340042.2642,1958673.0799,1340042.2642,api_detail,api_detail
2026-03-18 03:00:00+00:00,2,2,2,fee_adjusted_spread_bps,0xcd0a9bc63323cd038128dfcb3a5f4f7a2946548e3ae437043fd4124218e170f0,0x5777d92f208679db4b9778590fa3cab3ac9e2168,DAI / USDC 0.008%,DAI / USDC 0.01%,uniswap-v4-ethereum,uniswap_v3,0.997077115644792,1.00282788757027,1.0039855923191,0.997077115644792,1.00283485597544,1.00282788757027,57.6763004109182,57.746188738116984,-11.531089267482475,0.8,1.0,1.8,True,55.876300410918205,-13.331089267482476,172.36639893531662,1000.2167328876699,172.36639893531662,1172.5831318229866,1958673.0799,1340042.2642,1340042.2642,api_detail,api_detail
2026-03-18 04:00:00+00:00,2,2,2,fee_adjusted_spread_bps,0xcd0a9bc63323cd038128dfcb3a5f4f7a2946548e3ae437043fd4124218e170f0,0x5777d92f208679db4b9778590fa3cab3ac9e2168,DAI / USDC 0.008%,DAI / USDC 0.01%,uniswap-v4-ethereum,uniswap_v3,1.00025271758882,1.00215447145319,1.00025271758882,0.997077115644792,1.00282788757027,0.996826073936689,19.01273379145918,57.6763004109182,-34.25777897800963,0.8,1.0,1.8,True,17.21273379145918,-36.05777897800963,2.59557215176564,1373761.8875956342,2.59557215176564,1373764.483167786,1958673.0799,1340042.2642,1340042.2642,api_detail,api_detail
2026-03-18 05:00:00+00:00,2,2,2,fee_adjusted_spread_bps,0xcd0a9bc63323cd038128dfcb3a5f4f7a2946548e3ae437043fd4124218e170f0,0x5777d92f208679db4b9778590fa3cab3ac9e2168,DAI / USDC 0.008%,DAI / USDC 0.01%,uniswap-v4-ethereum,uniswap_v3,1.00036367795707,1.0026008543721,1.00036367795707,1.00025271758882,1.00278087477874,1.00163300657334,22.363630990667183,25.275184415536334,12.688671572547161,0.8,1.0,1.8,True,20.563630990667182,10.88867157254716,3.18136627688513,24331.567044209365,3.18136627688513,24334.74841048625,1958673.0799,1340042.2642,1340042.2642,api_detail,api_detail
2026-03-18 06:00:00+00:00,2,2,2,fee_adjusted_spread_bps,0xcd0a9bc63323cd038128dfcb3a5f4f7a2946548e3ae437043fd4124218e170f0,0x5777d92f208679db4b9778590fa3cab3ac9e2168,DAI / USDC 0.008%,DAI / USDC 0.01%,uniswap-v4-ethereum,uniswap_v3,0.996964083466353,0.997179462808978,1.00117798361074,0.996964083466353,1.00260090482364,0.996976025239963,2.160352074831451,56.53986388043375,-41.97014356650763,0.8,1.0,1.8,True,0.3603520748314508,-43.77014356650763,26.7812868211145,2469.7649015449756,26.7812868211145,2496.54618836609,1958673.0799,1340042.2642,1340042.2642,api_detail,api_detail
2026-03-18 07:00:00+00:00,2,2,2,fee_adjusted_spread_bps,0x5777d92f208679db4b9778590fa3cab3ac9e2168,0xcd0a9bc63323cd038128dfcb3a5f4f7a2946548e3ae437043fd4124218e170f0,DAI / USDC 0.01%,DAI / USDC 0.008%,uniswap_v3,uniswap-v4-ethereum,0.99635717119515,1.00003190505636,1.00261602518901,0.99635717119515,1.00003190505636,0.996964083466353,36.88169230319449,36.88169230319449,-56.37194679380286,1.0,0.8,1.8,True,35.081692303194494,-58.17194679380286,611225.3157041728,0.00599912556604005,0.00599912556604005,611225.3217032984,1340042.2642,1958673.0799,1340042.2642,api_detail,api_detail
2026-03-18 08:00:00+00:00,2,2,2,fee_adjusted_spread_bps,0x5777d92f208679db4b9778590fa3cab3ac9e2168,0xcd0a9bc63323cd038128dfcb3a5f4f7a2946548e3ae437043fd4124218e170f0,DAI / USDC 0.01%,DAI / USDC 0.008%,uniswap_v3,uniswap-v4-ethereum,0.996786172673048,0.997257195028141,0.996786172673048,0.995140413425791,1.00003190505636,0.997172170684081,4.725410203372249,49.153783371433946,3.8724254169575367,1.0,0.8,1.8,True,2.925410203372249,2.072425416957537,147779.66252545625,1697.5773180277781,1697.5773180277781,149477.23984348404,1340042.2642,1958673.0799,1340042.2642,api_detail,api_detail
2026-03-18 09:00:00+00:00,2,2,2,fee_adjusted_spread_bps,0x5777d92f208679db4b9778590fa3cab3ac9e2168,0xcd0a9bc63323cd038128dfcb3a5f4f7a2946548e3ae437043fd4124218e170f0,DAI / USDC 0.01%,DAI / USDC 0.008%,uniswap_v3,uniswap-v4-ethereum,0.996667726031072,0.997923638084952,0.997205779523812,0.99665713722066,1.00166566044631,0.995885711641745,12.601110892607181,50.25322188146886,-13.237667783045914,1.0,0.8,1.8,True,10.80111089260718,-15.037667783045915,952889.4332955821,118123.74137377708,118123.74137377708,1071013.174669359,1340042.2642,1958673.0799,1340042.2642,api_detail,api_detail
2026-03-18 10:00:00+00:00,2,2,2,fee_adjusted_spread_bps,0xcd0a9bc63323cd038128dfcb3a5f4f7a2946548e3ae437043fd4124218e170f0,0x5777d92f208679db4b9778590fa3cab3ac9e2168,DAI / USDC 0.008%,DAI / USDC 0.01%,uniswap-v4-ethereum,uniswap_v3,0.998838458365969,1.00273273847783,0.998838458365969,0.997923638084952,1.00275680349028,0.996667726031072,38.98808740536275,48.43221686383848,-21.732566629925067,0.8,1.0,1.8,True,37.18808740536275,-23.532566629925068,51.08883842458469,2950.636737973329,51.08883842458469,3001.7255763979138,1958673.0799,1340042.2642,1340042.2642,api_detail,api_detail
2026-03-18 11:00:00+00:00,2,2,2,fee_adjusted_spread_bps,0xcd0a9bc63323cd038128dfcb3a5f4f7a2946548e3ae437043fd4124218e170f0,0x5777d92f208679db4b9778590fa3cab3ac9e2168,DAI / USDC 0.008%,DAI / USDC 0.01%,uniswap-v4-ethereum,uniswap_v3,1.00131299716382,1.00244740395726,1.00429904007123,0.994832030599471,1.00279315667881,0.997033157921559,11.32919273646893,80.0248266487924,-72.34779542511171,0.8,1.0,1.8,True,9.529192736468929,-74.14779542511171,2102.70523098138,37876.09568643014,2102.70523098138,39978.80091741152,1958673.0799,1340042.2642,1340042.2642,api_detail,api_detail
2026-03-18 12:00:00+00:00,2,2,2,fee_adjusted_spread_bps,0xcd0a9bc63323cd038128dfcb3a5f4f7a2946548e3ae437043fd4124218e170f0,0x5777d92f208679db4b9778590fa3cab3ac9e2168,DAI / USDC 0.008%,DAI / USDC 0.01%,uniswap-v4-ethereum,uniswap_v3,1.00013693646661,1.00132891694476,1.00131299716382,0.995781497434203,1.00244740395726,0.996400085963976,11.918172749034728,66.94145794265971,-49.0646901993641,0.8,1.0,1.8,True,10.118172749034727,-50.8646901993641,418.4941945556624,48296.624860219476,418.4941945556624,48715.11905477514,1958673.0799,1340042.2642,1340042.2642,api_detail,api_detail
2026-03-18 13:00:00+00:00,2,2,2,fee_adjusted_spread_bps,0x5777d92f208679db4b9778590fa3cab3ac9e2168,0xcd0a9bc63323cd038128dfcb3a5f4f7a2946548e3ae437043fd4124218e170f0,DAI / USDC 0.01%,DAI / USDC 0.008%,uniswap_v3,uniswap-v4-ethereum,0.997064386151164,1.00258856015461,1.00249701447764,0.996967239441662,1.00258856015461,1.00013693646661,55.404385917046106,56.384206928365984,-23.541995406936024,1.0,0.8,1.8,True,53.60438591704611,-25.341995406936025,5931.425227308003,839.274287246277,839.274287246277,6770.69951455428,1340042.2642,1958673.0799,1340042.2642,api_detail,api_detail
2026-03-18 14:00:00+00:00,2,2,2,fee_adjusted_spread_bps,0xcd0a9bc63323cd038128dfcb3a5f4f7a2946548e3ae437043fd4124218e170f0,0x5777d92f208679db4b9778590fa3cab3ac9e2168,DAI / USDC 0.008%,DAI / USDC 0.01%,uniswap-v4-ethereum,uniswap_v3,0.994091144152746,0.999597723969934,1.00258856015461,0.994091144152746,1.00232073813149,0.992954950990726,55.39310806235154,82.78510503941794,-96.0873637177595,0.8,1.0,1.8,True,53.59310806235154,-97.8873637177595,1706.5794442916747,59629.19641436483,1706.5794442916747,61335.7758586565,1958673.0799,1340042.2642,1340042.2642,api_detail,api_detail
2026-03-18 15:00:00+00:00,2,2,2,fee_adjusted_spread_bps,0xcd0a9bc63323cd038128dfcb3a5f4f7a2946548e3ae437043fd4124218e170f0,0x5777d92f208679db4b9778590fa3cab3ac9e2168,DAI / USDC 0.008%,DAI / USDC 0.01%,uniswap-v4-ethereum,uniswap_v3,0.999539052840473,1.00300639121291,0.999697492557444,0.994091144152746,1.00300639121291,0.997512425678381,34.689373692637915,89.68239092163266,-21.85728078073934,0.8,1.0,1.8,True,32.88937369263792,-23.65728078073934,4291.28918473052,24016.50322129867,4291.28918473052,28307.79240602919,1958673.0799,1340042.2642,1340042.2642,api_detail,api_detail
2026-03-18 16:00:00+00:00,2,2,2,fee_adjusted_spread_bps,0x5777d92f208679db4b9778590fa3cab3ac9e2168,0xcd0a9bc63323cd038128dfcb3a5f4f7a2946548e3ae437043fd4124218e170f0,DAI / USDC 0.01%,DAI / USDC 0.008%,uniswap_v3,uniswap-v4-ethereum,0.99721992966349,0.998893710183442,1.00300639121291,0.996797152416869,1.00011992637092,0.998893710183442,16.784467198893704,33.33450487889689,-41.00353761948172,1.0,0.8,1.8,True,14.984467198893704,-42.803537619481716,9540.142548409165,109.1499801687147,109.1499801687147,9649.29252857788,1340042.2642,1958673.0799,1340042.2642,api_detail,api_detail
2026-03-18 17:00:00+00:00,2,2,2,fee_adjusted_spread_bps,0x5777d92f208679db4b9778590fa3cab3ac9e2168,0xcd0a9bc63323cd038128dfcb3a5f4f7a2946548e3ae437043fd4124218e170f0,DAI / USDC 0.01%,DAI / USDC 0.008%,uniswap_v3,uniswap-v4-ethereum,0.997241906030357,0.997317701226504,0.997564406573018,0.996949283589465,0.999796959160257,0.997317701226504,0.7600482459535485,28.56389605436105,-2.473076874921487,1.0,0.8,1.8,True,-1.0399517540464516,-4.273076874921487,25778.835223172497,1850.4473140921443,1850.4473140921443,27629.28253726464,1340042.2642,1958673.0799,1340042.2642,api_detail,api_detail
2026-03-18 18:00:00+00:00,2,2,2,fee_adjusted_spread_bps,0xcd0a9bc63323cd038128dfcb3a5f4f7a2946548e3ae437043fd4124218e170f0,0x5777d92f208679db4b9778590fa3cab3ac9e2168,DAI / USDC 0.008%,DAI / USDC 0.01%,uniswap-v4-ethereum,uniswap_v3,0.999911246978588,1.00271660027056,1.00241289310712,0.997317701226504,1.00271660027056,0.996758484623385,28.056022976528094,54.13419452413804,-56.40797841504508,0.8,1.0,1.8,True,26.256022976528094,-58.207978415045076,1231.0698124732294,28367.626478550843,1231.0698124732294,29598.696291024073,1958673.0799,1340042.2642,1340042.2642,api_detail,api_detail
2026-03-18 19:00:00+00:00,2,2,2,fee_adjusted_spread_bps,0xcd0a9bc63323cd038128dfcb3a5f4f7a2946548e3ae437043fd4124218e170f0,0x5777d92f208679db4b9778590fa3cab3ac9e2168,DAI / USDC 0.008%,DAI / USDC 0.01%,uniswap-v4-ethereum,uniswap_v3,0.999911246978588,1.00286659160846,0.999911246978588,0.999911246978588,1.00288489602612,0.997671719291487,29.55606948918943,29.739129912953466,-22.397264695923624,0.8,1.0,1.8,True,27.75606948918943,-24.197264695923625,0.0,211799.06942214884,0.0,211799.06942214884,1958673.0799,1340042.2642,1340042.2642,api_detail,api_detail
2026-03-18 20:00:00+00:00,2,2,2,fee_adjusted_spread_bps,0x5777d92f208679db4b9778590fa3cab3ac9e2168,0xcd0a9bc63323cd038128dfcb3a5f4f7a2946548e3ae437043fd4124218e170f0,DAI / USDC 0.01%,DAI / USDC 0.008%,uniswap_v3,uniswap-v4-ethereum,0.998020958698067,1.00051126583674,1.00297620286403,0.996809143140367,1.00051126583674,0.99766148626169,24.952453322442114,37.1397345404545,-52.98945864481874,1.0,0.8,1.8,True,23.152453322442113,-54.78945864481874,6557.23175267622,669.0553309402335,669.0553309402335,7226.287083616453,1340042.2642,1958673.0799,1340042.2642,api_detail,api_detail
2026-03-18 21:00:00+00:00,2,2,2,fee_adjusted_spread_bps,0xcd0a9bc63323cd038128dfcb3a5f4f7a2946548e3ae437043fd4124218e170f0,0x5777d92f208679db4b9778590fa3cab3ac9e2168,DAI / USDC 0.008%,DAI / USDC 0.01%,uniswap-v4-ethereum,uniswap_v3,0.999825813896604,1.00285680352591,1.00051126583674,0.997902695171949,1.00285680352591,0.997121902879854,30.315176775577157,49.645204667048134,-33.87630976900091,0.8,1.0,1.8,True,28.515176775577157,-35.67630976900091,2527.7860823760984,82919.62513216767,2527.7860823760984,85447.41121454377,1958673.0799,1340042.2642,1340042.2642,api_detail,api_detail
2026-03-18 22:00:00+00:00,2,2,2,fee_adjusted_spread_bps,0xcd0a9bc63323cd038128dfcb3a5f4f7a2946548e3ae437043fd4124218e170f0,0x5777d92f208679db4b9778590fa3cab3ac9e2168,DAI / USDC 0.008%,DAI / USDC 0.01%,uniswap-v4-ethereum,uniswap_v3,1.00044136599633,1.00289119359469,1.00172548506611,0.997569708735028,1.0029628970438,1.00261091265081,24.487468047866834,54.06327258684396,8.839024242670579,0.8,1.0,1.8,True,22.687468047866833,7.039024242670579,1334.0328298873428,25190.740909575426,1334.0328298873428,26524.77373946277,1958673.0799,1340042.2642,1340042.2642,api_detail,api_detail
2026-03-18 23:00:00+00:00,2,2,2,fee_adjusted_spread_bps,0x5777d92f208679db4b9778590fa3cab3ac9e2168,0xcd0a9bc63323cd038128dfcb3a5f4f7a2946548e3ae437043fd4124218e170f0,DAI / USDC 0.01%,DAI / USDC 0.008%,uniswap_v3,uniswap-v4-ethereum,0.997142535506448,0.998925593791459,1.00367412707638,0.997142535506448,1.00201604408685,0.998925593791459,17.881679113260773,48.87474364862587,-47.311504369981215,1.0,0.8,1.8,True,16.081679113260773,-49.11150436998121,270378.81185046386,5491.82991449978,5491.82991449978,275870.6417649636,1340042.2642,1958673.0799,1340042.2642,api_detail,api_detail
2026-03-19 00:00:00+00:00,2,2,2,fee_adjusted_spread_bps,0xcd0a9bc63323cd038128dfcb3a5f4f7a2946548e3ae437043fd4124218e170f0,0x5777d92f208679db4b9778590fa3cab3ac9e2168,DAI / USDC 0.008%,DAI / USDC 0.01%,uniswap-v4-ethereum,uniswap_v3,0.998925593791459,1.00267872395276,0.998925593791459,0.998925593791459,1.00267872395276,0.997142535506448,37.57166884728491,37.57166884728491,-17.849760743873233,0.8,1.0,1.8,True,35.771668847284914,-19.649760743873234,0.0,1.359236526463193,0.0,1.359236526463193,1958673.0799,1340042.2642,1340042.2642,api_detail,api_detail
2026-03-19 01:00:00+00:00,2,2,2,fee_adjusted_spread_bps,0x5777d92f208679db4b9778590fa3cab3ac9e2168,0xcd0a9bc63323cd038128dfcb3a5f4f7a2946548e3ae437043fd4124218e170f0,DAI / USDC 0.01%,DAI / USDC 0.008%,uniswap_v3,uniswap-v4-ethereum,0.996881453651533,1.00092212187334,1.00286133316802,0.996836773649256,1.00255347377588,0.998925593791459,40.533086527050344,57.34840725925672,-39.24510045798857,1.0,0.8,1.8,True,38.73308652705035,-41.04510045798857,24061.798012765743,1248.8982741546386,1248.8982741546386,25310.69628692038,1340042.2642,1958673.0799,1340042.2642,api_detail,api_detail
2026-03-19 02:00:00+00:00,2,2,2,fee_adjusted_spread_bps,0xcd0a9bc63323cd038128dfcb3a5f4f7a2946548e3ae437043fd4124218e170f0,0x5777d92f208679db4b9778590fa3cab3ac9e2168,DAI / USDC 0.008%,DAI / USDC 0.01%,uniswap-v4-ethereum,uniswap_v3,0.9987231891386,1.00289857359056,1.00430551232254,0.9987231891386,1.00289857359056,0.996881453651533,41.80722443784646,41.80722443784646,-73.92231327933429,0.8,1.0,1.8,True,40.00722443784646,-75.72231327933429,1435.1947233702892,25784.8572309623,1435.1947233702892,27220.05195433259,1958673.0799,1340042.2642,1340042.2642,api_detail,api_detail
2026-03-19 03:00:00+00:00,2,2,2,fee_adjusted_spread_bps,0x5777d92f208679db4b9778590fa3cab3ac9e2168,0xcd0a9bc63323cd038128dfcb3a5f4f7a2946548e3ae437043fd4124218e170f0,DAI / USDC 0.01%,DAI / USDC 0.008%,uniswap_v3,uniswap-v4-ethereum,1.00214834975745,1.00279023182587,1.00289857359056,0.997108904411555,1.00279023182587,0.997388252861089,6.405060374297111,56.97800299625078,-54.943948217446305,1.0,0.8,1.8,True,4.6050603742971115,-56.7439482174463,2305.6192689399613,1666.9393960982102,1666.9393960982102,3972.5586650381715,1340042.2642,1958673.0799,1340042.2642,api_detail,api_detail
2026-03-19 04:00:00+00:00,2,2,2,fee_adjusted_spread_bps,0xcd0a9bc63323cd038128dfcb3a5f4f7a2946548e3ae437043fd4124218e170f0,0x5777d92f208679db4b9778590fa3cab3ac9e2168,DAI / USDC 0.008%,DAI / USDC 0.01%,uniswap-v4-ethereum,uniswap_v3,1.00027523591669,1.00281719067042,1.00279023182587,1.00008503422573,1.00284234986527,1.00214834975745,25.41255308995405,27.570811932755568,-6.400960520439591,0.8,1.0,1.8,True,23.612553089954048,-8.200960520439592,70.83052461792062,36626.31015593725,70.83052461792062,36697.140680555174,1958673.0799,1340042.2642,1340042.2642,api_detail,api_detail
2026-03-19 05:00:00+00:00,2,2,2,fee_adjusted_spread_bps,0xcd0a9bc63323cd038128dfcb3a5f4f7a2946548e3ae437043fd4124218e170f0,0x5777d92f208679db4b9778590fa3cab3ac9e2168,DAI / USDC 0.008%,DAI / USDC 0.01%,uniswap-v4-ethereum,uniswap_v3,1.00029795696886,1.00279491400076,1.00032713172433,0.99735863728796,1.00300126266008,1.00279491400076,24.962132677610605,56.57569064086543,24.669752505621645,0.8,1.0,1.8,True,23.162132677610604,22.869752505621644,1002.6676631978883,1167.2083085471106,1002.6676631978883,2169.875971744999,1958673.0799,1340042.2642,1340042.2642,api_detail,api_detail
2026-03-19 06:00:00+00:00,2,2,2,fee_adjusted_spread_bps,0xcd0a9bc63323cd038128dfcb3a5f4f7a2946548e3ae437043fd4124218e170f0,0x5777d92f208679db4b9778590fa3cab3ac9e2168,DAI / USDC 0.008%,DAI / USDC 0.01%,uniswap-v4-ethereum,uniswap_v3,1.00274937136288,1.00297893140606,1.00274937136288,0.994222959237106,1.00299757817241,0.996583468152775,2.2893062786777385,88.25604814072241,-61.489973329272864,0.8,1.0,1.8,True,0.48930627867773846,-63.28997332927286,506.20152047931737,12279.246658166516,506.20152047931737,12785.448178645833,1958673.0799,1340042.2642,1340042.2642,api_detail,api_detail
2026-03-19 07:00:00+00:00,2,2,2,fee_adjusted_spread_bps,0x5777d92f208679db4b9778590fa3cab3ac9e2168,0xcd0a9bc63323cd038128dfcb3a5f4f7a2946548e3ae437043fd4124218e170f0,DAI / USDC 0.01%,DAI / USDC 0.008%,uniswap_v3,uniswap-v4-ethereum,0.997474550068673,0.999428542091439,1.00297893140606,0.996822154428832,1.00274937136288,0.997744769983054,19.58939225699119,59.46112762154732,-52.18615525321546,1.0,0.8,1.8,True,17.78939225699119,-53.98615525321546,24574.559107998673,1406.5394067414468,1406.5394067414468,25981.09851474012,1340042.2642,1958673.0799,1340042.2642,api_detail,api_detail
2026-03-19 08:00:00+00:00,2,2,2,fee_adjusted_spread_bps,0x5777d92f208679db4b9778590fa3cab3ac9e2168,0xcd0a9bc63323cd038128dfcb3a5f4f7a2946548e3ae437043fd4124218e170f0,DAI / USDC 0.01%,DAI / USDC 0.008%,uniswap_v3,uniswap-v4-ethereum,0.997063437683563,1.00220509058093,1.00285119767071,0.997063437683563,1.00220509058093,0.995662580985896,51.56796150616483,51.56796150616483,-71.68178790144309,1.0,0.8,1.8,True,49.76796150616483,-73.48178790144308,37020.838773438714,1526.114920937485,1526.114920937485,38546.9536943762,1340042.2642,1958673.0799,1340042.2642,api_detail,api_detail
2026-03-19 09:00:00+00:00,2,2,2,fee_adjusted_spread_bps,0x5777d92f208679db4b9778590fa3cab3ac9e2168,0xcd0a9bc63323cd038128dfcb3a5f4f7a2946548e3ae437043fd4124218e170f0,DAI / USDC 0.01%,DAI / USDC 0.008%,uniswap_v3,uniswap-v4-ethereum,0.998659266031031,0.999765378550658,0.998659266031031,0.997063437683563,1.00220509058093,0.99604504525488,11.075975132368576,51.56796150616483,-26.177304562953196,1.0,0.8,1.8,True,9.275975132368576,-27.977304562953197,80224.89422688854,1876.3762663423656,1876.3762663423656,82101.27049323091,1340042.2642,1958673.0799,1340042.2642,api_detail,api_detail
2026-03-19 10:00:00+00:00,2,2,2,fee_adjusted_spread_bps,0xcd0a9bc63323cd038128dfcb3a5f4f7a2946548e3ae437043fd4124218e170f0,0x5777d92f208679db4b9778590fa3cab3ac9e2168,DAI / USDC 0.008%,DAI / USDC 0.01%,uniswap-v4-ethereum,uniswap_v3,1.00029966092281,1.00290454131171,1.00029966092281,0.999765378550658,1.00290454131171,0.996861038273361,26.041000418781657,31.39899448811434,-34.37592537297029,0.8,1.0,1.8,True,24.241000418781656,-36.17592537297029,564.553434993084,17976.756812237007,564.553434993084,18541.31024723009,1958673.0799,1340042.2642,1340042.2642,api_detail,api_detail
2026-03-19 11:00:00+00:00,2,2,2,fee_adjusted_spread_bps,0xcd0a9bc63323cd038128dfcb3a5f4f7a2946548e3ae437043fd4124218e170f0,0x5777d92f208679db4b9778590fa3cab3ac9e2168,DAI / USDC 0.008%,DAI / USDC 0.01%,uniswap-v4-ethereum,uniswap_v3,0.994655513494481,0.996480534839549,1.00029966092281,0.99464305653863,1.00290454131171,0.996480534839549,18.34827556181917,83.05979435306199,-38.179819832566686,0.8,1.0,1.8,True,16.54827556181917,-39.97981983256668,10978.637809454704,2460.51382049123,2460.51382049123,13439.151629945933,1958673.0799,1340042.2642,1340042.2642,api_detail,api_detail
2026-03-19 12:00:00+00:00,2,2,2,fee_adjusted_spread_bps,0xcd0a9bc63323cd038128dfcb3a5f4f7a2946548e3ae437043fd4124218e170f0,0x5777d92f208679db4b9778590fa3cab3ac9e2168,DAI / USDC 0.008%,DAI / USDC 0.01%,uniswap-v4-ethereum,uniswap_v3,1.00128663218906,1.00270809632383,1.00128663218906,0.994655513494481,1.00285238560378,0.996480534839549,14.196375833583907,82.40915571363416,-47.999216158551846,0.8,1.0,1.8,True,12.396375833583907,-49.79921615855184,145208.2724844545,540165.2648492284,145208.2724844545,685373.5373336829,1958673.0799,1340042.2642,1340042.2642,api_detail,api_detail
2026-03-19 13:00:00+00:00,2,2,2,fee_adjusted_spread_bps,0x5777d92f208679db4b9778590fa3cab3ac9e2168,0xcd0a9bc63323cd038128dfcb3a5f4f7a2946548e3ae437043fd4124218e170f0,DAI / USDC 0.01%,DAI / USDC 0.008%,uniswap_v3,uniswap-v4-ethereum,0.997382718625559,1.00025416256691,1.00275425710401,0.997236902305594,1.00282044608558,0.995218853892556,28.789790395684633,55.990144037760814,-75.14705779675724,1.0,0.8,1.8,True,26.989790395684633,-76.94705779675724,21689.03980083818,2469.0267684710007,2469.0267684710007,24158.066569309183,1340042.2642,1958673.0799,1340042.2642,api_detail,api_detail
2026-03-19 14:00:00+00:00,2,2,2,fee_adjusted_spread_bps,0x5777d92f208679db4b9778590fa3cab3ac9e2168,0xcd0a9bc63323cd038128dfcb3a5f4f7a2946548e3ae437043fd4124218e170f0,DAI / USDC 0.01%,DAI / USDC 0.008%,uniswap_v3,uniswap-v4-ethereum,0.997589386122793,0.999667126128026,1.00324548098423,0.997303509946142,1.00274208088372,0.9970825139126,20.82760737168954,54.53275641105204,-61.430299846292336,1.0,0.8,1.8,True,19.027607371689538,-63.23029984629233,33117.95468240218,1170.1765995504245,1170.1765995504245,34288.13128195261,1340042.2642,1958673.0799,1340042.2642,api_detail,api_detail
2026-03-19 15:00:00+00:00,2,2,2,fee_adjusted_spread_bps,0x5777d92f208679db4b9778590fa3cab3ac9e2168,0xcd0a9bc63323cd038128dfcb3a5f4f7a2946548e3ae437043fd4124218e170f0,DAI / USDC 0.01%,DAI / USDC 0.008%,uniswap_v3,uniswap-v4-ethereum,0.997771364905539,1.00237602196804,1.002799131466,0.997589386122793,1.00237602196804,0.99766884368116,46.14942084389284,47.982024586794566,-51.159675191780885,1.0,0.8,1.8,True,44.349420843892844,-52.95967519178088,6668.174236632731,3666.569006924923,3666.569006924923,10334.743243557654,1340042.2642,1958673.0799,1340042.2642,api_detail,api_detail
2026-03-19 16:00:00+00:00,2,2,2,fee_adjusted_spread_bps,0xcd0a9bc63323cd038128dfcb3a5f4f7a2946548e3ae437043fd4124218e170f0,0x5777d92f208679db4b9778590fa3cab3ac9e2168,DAI / USDC 0.008%,DAI / USDC 0.01%,uniswap-v4-ethereum,uniswap_v3,0.996569498929591,0.996716393602667,1.00237602196804,0.996569498929591,1.00265455999493,0.99671627252877,1.4740033006610531,61.06007731397467,-56.46333626534439,0.8,1.0,1.8,True,-0.3259966993389469,-58.263336265344385,1071.1706235955203,44146.81910270539,1071.1706235955203,45217.98972630091,1958673.0799,1340042.2642,1340042.2642,api_detail,api_detail
2026-03-19 17:00:00+00:00,2,2,2,fee_adjusted_spread_bps,0xcd0a9bc63323cd038128dfcb3a5f4f7a2946548e3ae437043fd4124218e170f0,0x5777d92f208679db4b9778590fa3cab3ac9e2168,DAI / USDC 0.008%,DAI / USDC 0.01%,uniswap-v4-ethereum,uniswap_v3,0.996156093471198,0.998311824758183,1.00205477735211,0.995167970878915,1.00226477789054,0.996716393602667,21.640496917236796,71.31265494163097,-53.27437052442874,0.8,1.0,1.8,True,19.840496917236795,-55.07437052442874,36.26781898710044,35433.88164698545,36.26781898710044,35470.14946597255,1958673.0799,1340042.2642,1340042.2642,api_detail,api_detail
2026-03-19 18:00:00+00:00,2,2,2,fee_adjusted_spread_bps,0x5777d92f208679db4b9778590fa3cab3ac9e2168,0xcd0a9bc63323cd038128dfcb3a5f4f7a2946548e3ae437043fd4124218e170f0,DAI / USDC 0.01%,DAI / USDC 0.008%,uniswap_v3,uniswap-v4-ethereum,0.996813760453318,0.998625409233821,1.00274270662463,0.996813760453318,1.00061081392332,0.996156093471198,18.17439578361224,38.09190463297085,-65.68597417779598,1.0,0.8,1.8,True,16.37439578361224,-67.48597417779598,11033.115946468622,209.2931599727688,209.2931599727688,11242.409106441391,1340042.2642,1958673.0799,1340042.2642,api_detail,api_detail
2026-03-19 19:00:00+00:00,2,2,2,fee_adjusted_spread_bps,0x5777d92f208679db4b9778590fa3cab3ac9e2168,0xcd0a9bc63323cd038128dfcb3a5f4f7a2946548e3ae437043fd4124218e170f0,DAI / USDC 0.01%,DAI / USDC 0.008%,uniswap_v3,uniswap-v4-ethereum,1.0025766969885,1.0034934976737,1.00319165832064,0.996575808848157,1.0034934976737,0.998194926973851,9.144444389679318,69.41457703592447,-49.808342257884334,1.0,0.8,1.8,True,7.344444389679318,-51.60834225788433,160218.84765873605,3446.952625554684,3446.952625554684,163665.80028429074,1340042.2642,1958673.0799,1340042.2642,api_detail,api_detail
2026-03-19 20:00:00+00:00,2,2,2,fee_adjusted_spread_bps,0x5777d92f208679db4b9778590fa3cab3ac9e2168,0xcd0a9bc63323cd038128dfcb3a5f4f7a2946548e3ae437043fd4124218e170f0,DAI / USDC 0.01%,DAI / USDC 0.008%,uniswap_v3,uniswap-v4-ethereum,0.996966686016424,0.999724659725248,1.00295068204127,0.996948700418985,1.0044512444208,0.995543019921836,27.663649623479447,75.25506576880004,-73.85868769097748,1.0,0.8,1.8,True,25.863649623479446,-75.65868769097747,8135.6362688043955,1963.538615479324,1963.538615479324,10099.174884283719,1340042.2642,1958673.0799,1340042.2642,api_detail,api_detail
2026-03-19 21:00:00+00:00,2,2,2,fee_adjusted_spread_bps,0x5777d92f208679db4b9778590fa3cab3ac9e2168,0xcd0a9bc63323cd038128dfcb3a5f4f7a2946548e3ae437043fd4124218e170f0,DAI / USDC 0.01%,DAI / USDC 0.008%,uniswap_v3,uniswap-v4-ethereum,0.996942972354995,0.999518523706751,0.996966686016424,0.996934474749024,1.00242007785262,0.997097802719126,25.834490268505927,55.024710675966034,1.3151563090429974,1.0,0.8,1.8,True,24.034490268505927,-0.48484369095700264,2283.9803772262276,75.5792368497702,75.5792368497702,2359.5596140759976,1340042.2642,1958673.0799,1340042.2642,api_detail,api_detail
2026-03-19 22:00:00+00:00,2,2,2,fee_adjusted_spread_bps,0x5777d92f208679db4b9778590fa3cab3ac9e2168,0xcd0a9bc63323cd038128dfcb3a5f4f7a2946548e3ae437043fd4124218e170f0,DAI / USDC 0.01%,DAI / USDC 0.008%,uniswap_v3,uniswap-v4-ethereum,0.996979703414645,1.00039707985401,1.00239215909614,0.996942972354995,1.00039707985401,0.997263322727128,34.27729198157703,34.64699180190544,-51.165966557805696,1.0,0.8,1.8,True,32.47729198157703,-52.96596655780569,6372.017984535479,388.4949287978128,388.4949287978128,6760.512913333291,1340042.2642,1958673.0799,1340042.2642,api_detail,api_detail
2026-03-19 23:00:00+00:00,2,2,2,fee_adjusted_spread_bps,0xcd0a9bc63323cd038128dfcb3a5f4f7a2946548e3ae437043fd4124218e170f0,0x5777d92f208679db4b9778590fa3cab3ac9e2168,DAI / USDC 0.008%,DAI / USDC 0.01%,uniswap-v4-ethereum,uniswap_v3,0.999589109791879,1.00296960230187,1.00039707985401,0.999589109791879,1.00296960230187,0.996979703414645,33.81882092227562,33.81882092227562,-34.16020006639431,0.8,1.0,1.8,True,32.01882092227562,-35.96020006639431,39.6253097174471,5980.719905563891,39.6253097174471,6020.345215281338,1958673.0799,1340042.2642,1340042.2642,api_detail,api_detail
2026-03-20 00:00:00+00:00,2,2,2,fee_adjusted_spread_bps,0xcd0a9bc63323cd038128dfcb3a5f4f7a2946548e3ae437043fd4124218e170f0,0x5777d92f208679db4b9778590fa3cab3ac9e2168,DAI / USDC 0.008%,DAI / USDC 0.01%,uniswap-v4-ethereum,uniswap_v3,0.997971661961344,1.00296960230187,0.999589109791879,0.997971661961344,1.00296960230187,1.00296960230187,50.080984571279075,50.080984571279075,33.81882092227562,0.8,1.0,1.8,True,48.28098457127908,32.01882092227562,42.6278327136477,0.0,0.0,42.6278327136477,1958673.0799,1340042.2642,1340042.2642,api_detail,api_detail
2026-03-20 01:00:00+00:00,2,2,2,fee_adjusted_spread_bps,0x5777d92f208679db4b9778590fa3cab3ac9e2168,0xcd0a9bc63323cd038128dfcb3a5f4f7a2946548e3ae437043fd4124218e170f0,DAI / USDC 0.01%,DAI / USDC 0.008%,uniswap_v3,uniswap-v4-ethereum,0.997135303632547,0.99962287332386,1.00296960230187,0.997135303632547,1.00186437019491,0.997971661961344,24.947162960240465,47.42652822676163,-49.83142389415774,1.0,0.8,1.8,True,23.147162960240465,-51.631423894157734,0.210173487286862,1304.011584469138,0.210173487286862,1304.2217579564249,1340042.2642,1958673.0799,1340042.2642,api_detail,api_detail
2026-03-20 02:00:00+00:00,2,2,2,fee_adjusted_spread_bps,0x5777d92f208679db4b9778590fa3cab3ac9e2168,0xcd0a9bc63323cd038128dfcb3a5f4f7a2946548e3ae437043fd4124218e170f0,DAI / USDC 0.01%,DAI / USDC 0.008%,uniswap_v3,uniswap-v4-ethereum,0.998044805990734,1.00044147632378,1.00287616658514,0.997135303632547,1.00046309936926,0.997435127506492,24.01365468424066,33.37356249036638,-54.25434624870107,1.0,0.8,1.8,True,22.21365468424066,-56.054346248701066,6148.4456069713715,2092.906665688811,2092.906665688811,8241.352272660182,1340042.2642,1958673.0799,1340042.2642,api_detail,api_detail
2026-03-20 03:00:00+00:00,2,2,2,fee_adjusted_spread_bps,0x5777d92f208679db4b9778590fa3cab3ac9e2168,0xcd0a9bc63323cd038128dfcb3a5f4f7a2946548e3ae437043fd4124218e170f0,DAI / USDC 0.01%,DAI / USDC 0.008%,uniswap_v3,uniswap-v4-ethereum,0.997289949876402,0.999647407867427,0.998044805990734,0.997055022028772,1.00044147632378,0.999027832175352,23.63864181442077,33.96456785421442,9.849519567832754,1.0,0.8,1.8,True,21.838641814420768,8.049519567832753,1870.7360551116763,781.663464261777,781.663464261777,2652.399519373453,1340042.2642,1958673.0799,1340042.2642,api_detail,api_detail
2026-03-20 04:00:00+00:00,2,2,2,fee_adjusted_spread_bps,0xcd0a9bc63323cd038128dfcb3a5f4f7a2946548e3ae437043fd4124218e170f0,0x5777d92f208679db4b9778590fa3cab3ac9e2168,DAI / USDC 0.008%,DAI / USDC 0.01%,uniswap-v4-ethereum,uniswap_v3,0.999985051628711,1.00312213453362,1.00237318679416,0.997360228781899,1.00312213453362,0.997289851750874,31.37129799890115,57.77156122174887,-50.71299901331039,0.8,1.0,1.8,True,29.571297998901148,-52.512999013310385,450.5577749683298,15552.425691360777,450.5577749683298,16002.983466329108,1958673.0799,1340042.2642,1340042.2642,api_detail,api_detail
2026-03-20 05:00:00+00:00,2,2,2,fee_adjusted_spread_bps,0xcd0a9bc63323cd038128dfcb3a5f4f7a2946548e3ae437043fd4124218e170f0,0x5777d92f208679db4b9778590fa3cab3ac9e2168,DAI / USDC 0.008%,DAI / USDC 0.01%,uniswap-v4-ethereum,uniswap_v3,0.999985051628711,1.00288743543329,0.999985051628711,0.999985051628711,1.00312215382474,1.00288743543329,29.024271911382016,31.371490912983635,29.024271911382016,0.8,1.0,1.8,True,27.224271911382015,27.224271911382015,0.0,701.4801887808092,0.0,701.4801887808092,1958673.0799,1340042.2642,1340042.2642,api_detail,api_detail
2026-03-20 06:00:00+00:00,2,2,2,fee_adjusted_spread_bps,0xcd0a9bc63323cd038128dfcb3a5f4f7a2946548e3ae437043fd4124218e170f0,0x5777d92f208679db4b9778590fa3cab3ac9e2168,DAI / USDC 0.008%,DAI / USDC 0.01%,uniswap-v4-ethereum,uniswap_v3,1.00042332088208,1.00274088772003,1.00042332088208,0.999985051628711,1.002974147177,1.00273130541395,23.165861786451636,29.89140231066889,23.070079272391464,0.8,1.0,1.8,True,21.365861786451635,21.270079272391463,71.1447281159022,1704.7149021438267,71.1447281159022,1775.8596302597289,1958673.0799,1340042.2642,1340042.2642,api_detail,api_detail
2026-03-20 07:00:00+00:00,2,2,2,fee_adjusted_spread_bps,0x5777d92f208679db4b9778590fa3cab3ac9e2168,0xcd0a9bc63323cd038128dfcb3a5f4f7a2946548e3ae437043fd4124218e170f0,DAI / USDC 0.01%,DAI / USDC 0.008%,uniswap_v3,uniswap-v4-ethereum,0.997379250090613,0.998620829797548,1.00299063607482,0.997094786142153,1.00042332088208,0.997775869530903,12.448421268260734,33.3823302075964,-51.99217576272508,1.0,0.8,1.8,True,10.648421268260734,-53.79217576272508,22222.4384266545,596.5729651792501,596.5729651792501,22819.01139183375,1340042.2642,1958673.0799,1340042.2642,api_detail,api_detail
2026-03-20 08:00:00+00:00,2,2,2,fee_adjusted_spread_bps,0xcd0a9bc63323cd038128dfcb3a5f4f7a2946548e3ae437043fd4124218e170f0,0x5777d92f208679db4b9778590fa3cab3ac9e2168,DAI / USDC 0.008%,DAI / USDC 0.01%,uniswap-v4-ethereum,uniswap_v3,1.00146292413371,1.00275131945778,1.00263139518426,0.997865675560617,1.00306825609017,0.997379250090613,12.865132527839496,52.1370827454315,-52.38360896011818,0.8,1.0,1.8,True,11.065132527839495,-54.18360896011818,5081.858278000738,11354.056410577006,5081.858278000738,16435.914688577745,1958673.0799,1340042.2642,1340042.2642,api_detail,api_detail
2026-03-20 09:00:00+00:00,2,2,2,fee_adjusted_spread_bps,0xcd0a9bc63323cd038128dfcb3a5f4f7a2946548e3ae437043fd4124218e170f0,0x5777d92f208679db4b9778590fa3cab3ac9e2168,DAI / USDC 0.008%,DAI / USDC 0.01%,uniswap-v4-ethereum,uniswap_v3,1.00045548346461,1.00277646832437,1.00162804107132,0.997833753758724,1.00293639758582,1.00235527651248,23.199281708392583,51.13721406872607,7.260533964104088,0.8,1.0,1.8,True,21.399281708392582,5.460533964104088,1075.5594261751562,27738.385525454436,1075.5594261751562,28813.944951629594,1958673.0799,1340042.2642,1340042.2642,api_detail,api_detail
2026-03-20 10:00:00+00:00,2,2,2,fee_adjusted_spread_bps,0x5777d92f208679db4b9778590fa3cab3ac9e2168,0xcd0a9bc63323cd038128dfcb3a5f4f7a2946548e3ae437043fd4124218e170f0,DAI / USDC 0.01%,DAI / USDC 0.008%,uniswap_v3,uniswap-v4-ethereum,0.997477607547603,0.999184544579573,1.0028778654007,0.997477607547603,1.00211570626138,0.997355783739047,17.11253484844244,46.49827403323981,-55.06235457142794,1.0,0.8,1.8,True,15.31253484844244,-56.862354571427936,33852.821265154045,977.5273046558672,977.5273046558672,34830.34856980991,1340042.2642,1958673.0799,1340042.2642,api_detail,api_detail
2026-03-20 11:00:00+00:00,2,2,2,fee_adjusted_spread_bps,0xcd0a9bc63323cd038128dfcb3a5f4f7a2946548e3ae437043fd4124218e170f0,0x5777d92f208679db4b9778590fa3cab3ac9e2168,DAI / USDC 0.008%,DAI / USDC 0.01%,uniswap-v4-ethereum,uniswap_v3,1.0020219272675,1.00260384445741,1.0020219272675,0.999184544579573,1.00282647869752,0.997477607547603,5.8074296986387886,36.449063766088585,-45.35149976497288,0.8,1.0,1.8,True,4.007429698638789,-47.151499764972876,54.58884910976863,5302.909737041685,54.58884910976863,5357.498586151453,1958673.0799,1340042.2642,1340042.2642,api_detail,api_detail
2026-03-20 12:00:00+00:00,2,2,2,fee_adjusted_spread_bps,0xcd0a9bc63323cd038128dfcb3a5f4f7a2946548e3ae437043fd4124218e170f0,0x5777d92f208679db4b9778590fa3cab3ac9e2168,DAI / USDC 0.008%,DAI / USDC 0.01%,uniswap-v4-ethereum,uniswap_v3,1.00176044925641,1.00286781223965,1.0020219272675,0.99515974295336,1.00286781223965,0.996970441684004,11.054169527873192,77.45559786627388,-50.412924568141726,0.8,1.0,1.8,True,9.254169527873191,-52.21292456814172,40.787765778702244,2739.796937038301,40.787765778702244,2780.5847028170033,1958673.0799,1340042.2642,1340042.2642,api_detail,api_detail
2026-03-20 13:00:00+00:00,2,2,2,fee_adjusted_spread_bps,0xcd0a9bc63323cd038128dfcb3a5f4f7a2946548e3ae437043fd4124218e170f0,0x5777d92f208679db4b9778590fa3cab3ac9e2168,DAI / USDC 0.008%,DAI / USDC 0.01%,uniswap-v4-ethereum,uniswap_v3,1.00017753402779,1.00254932515601,1.00337188732766,0.998850838661562,1.00295324920632,0.996824162551209,23.71370129329531,41.071303001107836,-65.25720781244915,0.8,1.0,1.8,True,21.913701293295308,-67.05720781244915,1530.1883115490298,2481.5958447453268,1530.1883115490298,4011.7841562943568,1958673.0799,1340042.2642,1340042.2642,api_detail,api_detail
2026-03-20 14:00:00+00:00,2,2,2,fee_adjusted_spread_bps,0xcd0a9bc63323cd038128dfcb3a5f4f7a2946548e3ae437043fd4124218e170f0,0x5777d92f208679db4b9778590fa3cab3ac9e2168,DAI / USDC 0.008%,DAI / USDC 0.01%,uniswap-v4-ethereum,uniswap_v3,0.996826180450751,1.00283548056368,1.00017753402779,0.996826180450751,1.00292585730438,0.996944288668621,60.284332723001825,61.1909776574171,-32.326714499860685,0.8,1.0,1.8,True,58.48433272300183,-34.12671449986068,327.7011859184144,384843.6649161757,327.7011859184144,385171.3661020941,1958673.0799,1340042.2642,1340042.2642,api_detail,api_detail
2026-03-20 15:00:00+00:00,2,2,2,fee_adjusted_spread_bps,0x5777d92f208679db4b9778590fa3cab3ac9e2168,0xcd0a9bc63323cd038128dfcb3a5f4f7a2946548e3ae437043fd4124218e170f0,DAI / USDC 0.01%,DAI / USDC 0.008%,uniswap_v3,uniswap-v4-ethereum,1.00311601465455,1.00455568684882,1.00333013651818,1.00283548056368,1.00455568684882,0.996826180450751,14.352000897581707,17.15342464920555,-64.82368894050516,1.0,0.8,1.8,True,12.552000897581706,-66.62368894050516,51713.108827095835,297.963892347637,297.963892347637,52011.07271944347,1340042.2642,1958673.0799,1340042.2642,api_detail,api_detail
2026-03-20 16:00:00+00:00,2,2,2,fee_adjusted_spread_bps,0xcd0a9bc63323cd038128dfcb3a5f4f7a2946548e3ae437043fd4124218e170f0,0x5777d92f208679db4b9778590fa3cab3ac9e2168,DAI / USDC 0.008%,DAI / USDC 0.01%,uniswap-v4-ethereum,uniswap_v3,0.996425751951835,1.00304913226358,1.00455568684882,0.996425751951835,1.00311601465455,0.997041487379453,66.47138834750876,67.14261137480415,-74.80122374239006,0.8,1.0,1.8,True,64.67138834750877,-76.60122374239006,1741.92148755886,8308.241764686567,1741.92148755886,10050.163252245427,1958673.0799,1340042.2642,1340042.2642,api_detail,api_detail
2026-03-20 17:00:00+00:00,2,2,2,fee_adjusted_spread_bps,0x5777d92f208679db4b9778590fa3cab3ac9e2168,0xcd0a9bc63323cd038128dfcb3a5f4f7a2946548e3ae437043fd4124218e170f0,DAI / USDC 0.01%,DAI / USDC 0.008%,uniswap_v3,uniswap-v4-ethereum,0.997557290965572,1.00055574892487,1.00304913226358,0.997557290965572,1.00099868586717,0.996425751951835,30.058002547359575,34.498218125065264,-66.03246140892361,1.0,0.8,1.8,True,28.258002547359574,-67.8324614089236,170.6796211699211,160.08800758266457,160.08800758266457,330.76762875258567,1340042.2642,1958673.0799,1340042.2642,api_detail,api_detail
2026-03-20 18:00:00+00:00,2,2,2,fee_adjusted_spread_bps,0x5777d92f208679db4b9778590fa3cab3ac9e2168,0xcd0a9bc63323cd038128dfcb3a5f4f7a2946548e3ae437043fd4124218e170f0,DAI / USDC 0.01%,DAI / USDC 0.008%,uniswap_v3,uniswap-v4-ethereum,1.00246863576495,1.00307847809316,1.00246863576495,0.997557290965572,1.00307847809316,0.998555892848557,6.083405569539124,55.347068059057314,-39.03107565462416,1.0,0.8,1.8,True,4.283405569539124,-40.83107565462416,6561.333014276051,311.4324530861379,311.4324530861379,6872.765467362188,1340042.2642,1958673.0799,1340042.2642,api_detail,api_detail
2026-03-20 19:00:00+00:00,2,2,2,fee_adjusted_spread_bps,0xcd0a9bc63323cd038128dfcb3a5f4f7a2946548e3ae437043fd4124218e170f0,0x5777d92f208679db4b9778590fa3cab3ac9e2168,DAI / USDC 0.008%,DAI / USDC 0.01%,uniswap-v4-ethereum,uniswap_v3,1.0022943756556,1.00299068508421,1.00402490216187,0.99963537176632,1.00305477252407,1.00246863576495,6.94715490301645,34.20648022596451,-15.500276871310836,0.8,1.0,1.8,True,5.1471549030164505,-17.300276871310835,186.40298700995163,6678.229240513333,186.40298700995163,6864.632227523285,1958673.0799,1340042.2642,1340042.2642,api_detail,api_detail
2026-03-20 20:00:00+00:00,2,2,2,fee_adjusted_spread_bps,0x5777d92f208679db4b9778590fa3cab3ac9e2168,0xcd0a9bc63323cd038128dfcb3a5f4f7a2946548e3ae437043fd4124218e170f0,DAI / USDC 0.01%,DAI / USDC 0.008%,uniswap_v3,uniswap-v4-ethereum,0.997280477000047,1.00239339212661,1.00299068508421,0.997236780412936,1.00239339212661,0.999765211937013,51.26857734088386,51.709000459636556,-32.158555360125575,1.0,0.8,1.8,True,49.46857734088386,-33.95855536012557,2081.037913317749,610.2761478425567,610.2761478425567,2691.3140611603058,1340042.2642,1958673.0799,1340042.2642,api_detail,api_detail
2026-03-20 21:00:00+00:00,2,2,2,fee_adjusted_spread_bps,0xcd0a9bc63323cd038128dfcb3a5f4f7a2946548e3ae437043fd4124218e170f0,0x5777d92f208679db4b9778590fa3cab3ac9e2168,DAI / USDC 0.008%,DAI / USDC 0.01%,uniswap-v4-ethereum,uniswap_v3,0.998138301018642,1.00303397083428,1.00239339212661,0.998138301018642,1.00303397083428,0.997203488178259,49.04801078810195,49.04801078810195,-51.775121315797975,0.8,1.0,1.8,True,47.24801078810195,-53.57512131579797,285.5750383978518,106201.26616713086,285.5750383978518,106486.8412055287,1958673.0799,1340042.2642,1340042.2642,api_detail,api_detail
2026-03-20 22:00:00+00:00,2,2,2,fee_adjusted_spread_bps,0xcd0a9bc63323cd038128dfcb3a5f4f7a2946548e3ae437043fd4124218e170f0,0x5777d92f208679db4b9778590fa3cab3ac9e2168,DAI / USDC 0.008%,DAI / USDC 0.01%,uniswap-v4-ethereum,uniswap_v3,0.995678049412893,0.997570811076548,0.999667530249375,0.995678049412893,1.00303397083428,0.997191009839932,19.009775948872765,73.8785134986597,-24.77344051401986,0.8,1.0,1.8,True,17.209775948872764,-26.57344051401986,376.6975784715929,5639.820076872368,376.6975784715929,6016.517655343961,1958673.0799,1340042.2642,1340042.2642,api_detail,api_detail
2026-03-20 23:00:00+00:00,2,2,2,fee_adjusted_spread_bps,0x5777d92f208679db4b9778590fa3cab3ac9e2168,0xcd0a9bc63323cd038128dfcb3a5f4f7a2946548e3ae437043fd4124218e170f0,DAI / USDC 0.01%,DAI / USDC 0.008%,uniswap_v3,uniswap-v4-ethereum,0.997430563948095,1.00205021081347,1.002766290907,0.997430563948095,1.00205021081347,0.995678049412893,46.315473300608815,46.315473300608815,-70.68687448294475,1.0,0.8,1.8,True,44.51547330060882,-72.48687448294474,302.5019994177948,29.2846669415288,29.2846669415288,331.78666635932365,1340042.2642,1958673.0799,1340042.2642,api_detail,api_detail
2026-03-21 00:00:00+00:00,2,2,2,fee_adjusted_spread_bps,0xcd0a9bc63323cd038128dfcb3a5f4f7a2946548e3ae437043fd4124218e170f0,0x5777d92f208679db4b9778590fa3cab3ac9e2168,DAI / USDC 0.008%,DAI / USDC 0.01%,uniswap-v4-ethereum,uniswap_v3,0.997244522833574,0.997342516855929,1.00205021081347,0.997244522833574,0.997430563948095,0.997342516855929,0.9826478873664612,1.8655516301291364,-46.98061940148879,0.8,1.0,1.8,True,-0.8173521126335388,-48.780619401488785,74.20475284073105,60657.96771035202,74.20475284073105,60732.17246319275,1958673.0799,1340042.2642,1340042.2642,api_detail,api_detail
2026-03-21 01:00:00+00:00,2,2,2,fee_adjusted_spread_bps,0xcd0a9bc63323cd038128dfcb3a5f4f7a2946548e3ae437043fd4124218e170f0,0x5777d92f208679db4b9778590fa3cab3ac9e2168,DAI / USDC 0.008%,DAI / USDC 0.01%,uniswap-v4-ethereum,uniswap_v3,0.9958880630431,0.997558510691472,0.997244522833574,0.9958880630431,0.997559979606445,0.997342516855929,16.77344784380308,16.788197643782254,0.9826478873664612,0.8,1.0,1.8,True,14.97344784380308,-0.8173521126335388,717.2029318687726,398.9959954490835,398.9959954490835,1116.198927317856,1958673.0799,1340042.2642,1340042.2642,api_detail,api_detail
2026-03-21 02:00:00+00:00,2,2,2,fee_adjusted_spread_bps,0xcd0a9bc63323cd038128dfcb3a5f4f7a2946548e3ae437043fd4124218e170f0,0x5777d92f208679db4b9778590fa3cab3ac9e2168,DAI / USDC 0.008%,DAI / USDC 0.01%,uniswap-v4-ethereum,uniswap_v3,1.00118759963889,1.00251537292482,1.00118759963889,0.9958880630431,1.00251537292482,0.997558510691472,13.261982933157057,66.54673479536521,-36.247841550643976,0.8,1.0,1.8,True,11.461982933157056,-38.04784155064397,1061.4012084377716,151.610567395491,151.610567395491,1213.0117758332626,1958673.0799,1340042.2642,1340042.2642,api_detail,api_detail
2026-03-21 03:00:00+00:00,2,2,2,fee_adjusted_spread_bps,0x5777d92f208679db4b9778590fa3cab3ac9e2168,0xcd0a9bc63323cd038128dfcb3a5f4f7a2946548e3ae437043fd4124218e170f0,DAI / USDC 0.01%,DAI / USDC 0.008%,uniswap_v3,uniswap-v4-ethereum,1.00252072348497,1.00302440611917,1.00252072348497,1.00251537292482,1.00323479308062,1.00118759963889,5.024161819309203,7.176150862417963,-13.29771858925688,1.0,0.8,1.8,True,3.224161819309203,-15.09771858925688,20.0534996684661,337.5841609430212,20.0534996684661,357.63766061148726,1340042.2642,1958673.0799,1340042.2642,api_detail,api_detail
2026-03-21 04:00:00+00:00,2,2,2,fee_adjusted_spread_bps,0x5777d92f208679db4b9778590fa3cab3ac9e2168,0xcd0a9bc63323cd038128dfcb3a5f4f7a2946548e3ae437043fd4124218e170f0,DAI / USDC 0.01%,DAI / USDC 0.008%,uniswap_v3,uniswap-v4-ethereum,1.00252072348497,1.00302440611917,1.00252072348497,1.00252072348497,1.00302440611917,1.00302440611917,5.024161819309203,5.024161819309203,5.024161819309203,1.0,0.8,1.8,True,3.224161819309203,3.224161819309203,0.0,0.0,0.0,0.0,1340042.2642,1958673.0799,1340042.2642,api_detail,api_detail
2026-03-21 05:00:00+00:00,2,2,2,fee_adjusted_spread_bps,0x5777d92f208679db4b9778590fa3cab3ac9e2168,0xcd0a9bc63323cd038128dfcb3a5f4f7a2946548e3ae437043fd4124218e170f0,DAI / USDC 0.01%,DAI / USDC 0.008%,uniswap_v3,uniswap-v4-ethereum,0.997258849269723,1.00302440611917,1.00252072348497,0.997256766630041,1.00302440611917,1.00302440611917,57.81404550753378,57.83504993021049,5.024161819309203,1.0,0.8,1.8,True,56.01404550753378,3.224161819309203,157212.5927947929,0.0,0.0,157212.5927947929,1340042.2642,1958673.0799,1340042.2642,api_detail,api_detail
2026-03-21 06:00:00+00:00,2,2,2,fee_adjusted_spread_bps,0x5777d92f208679db4b9778590fa3cab3ac9e2168,0xcd0a9bc63323cd038128dfcb3a5f4f7a2946548e3ae437043fd4124218e170f0,DAI / USDC 0.01%,DAI / USDC 0.008%,uniswap_v3,uniswap-v4-ethereum,1.00322177873058,1.00434676473069,1.00322177873058,0.997258849269723,1.00434676473069,1.00302440611917,11.213731838373153,71.07397909938307,-1.967387626489181,1.0,0.8,1.8,True,9.413731838373153,-3.767387626489181,136994.9818163837,491.967656977113,491.967656977113,137486.94947336082,1340042.2642,1958673.0799,1340042.2642,api_detail,api_detail
2026-03-21 07:00:00+00:00,2,2,2,fee_adjusted_spread_bps,0xcd0a9bc63323cd038128dfcb3a5f4f7a2946548e3ae437043fd4124218e170f0,0x5777d92f208679db4b9778590fa3cab3ac9e2168,DAI / USDC 0.008%,DAI / USDC 0.01%,uniswap-v4-ethereum,uniswap_v3,0.997343191071988,1.00322177873058,1.00434676473069,0.997343191071988,1.00322177873058,1.00322177873058,58.94247548101639,58.94247548101639,-11.201171145424071,0.8,1.0,1.8,True,57.14247548101639,-13.001171145424072,55.08078171339868,0.0,0.0,55.08078171339868,1958673.0799,1340042.2642,1340042.2642,api_detail,api_detail
2026-03-21 08:00:00+00:00,2,2,2,fee_adjusted_spread_bps,0x5777d92f208679db4b9778590fa3cab3ac9e2168,0xcd0a9bc63323cd038128dfcb3a5f4f7a2946548e3ae437043fd4124218e170f0,DAI / USDC 0.01%,DAI / USDC 0.008%,uniswap_v3,uniswap-v4-ethereum,0.997047989988271,0.997343191071988,1.00322177873058,0.997047989988271,0.997343191071988,0.997343191071988,2.9607510037754636,2.9607510037754636,-58.597089728558146,1.0,0.8,1.8,True,1.1607510037754636,-60.39708972855814,107540.0879117694,0.0,0.0,107540.0879117694,1340042.2642,1958673.0799,1340042.2642,api_detail,api_detail
2026-03-21 09:00:00+00:00,2,2,2,fee_adjusted_spread_bps,0x5777d92f208679db4b9778590fa3cab3ac9e2168,0xcd0a9bc63323cd038128dfcb3a5f4f7a2946548e3ae437043fd4124218e170f0,DAI / USDC 0.01%,DAI / USDC 0.008%,uniswap_v3,uniswap-v4-ethereum,0.997047989988271,1.0037092032212,0.997047989988271,0.997047989988271,1.0037092032212,0.997343191071988,66.8093542118009,66.8093542118009,2.9607510037754636,1.0,0.8,1.8,True,65.0093542118009,1.1607510037754636,0.0,16.3085674126664,0.0,16.3085674126664,1340042.2642,1958673.0799,1340042.2642,api_detail,api_detail
2026-03-21 10:00:00+00:00,2,2,2,fee_adjusted_spread_bps,0x5777d92f208679db4b9778590fa3cab3ac9e2168,0xcd0a9bc63323cd038128dfcb3a5f4f7a2946548e3ae437043fd4124218e170f0,DAI / USDC 0.01%,DAI / USDC 0.008%,uniswap_v3,uniswap-v4-ethereum,0.997099754855049,0.997416216475706,0.997099754855049,0.997047989988271,1.0037092032212,0.997416216475706,3.173821065707294,66.8093542118009,3.173821065707294,1.0,0.8,1.8,True,1.373821065707294,1.373821065707294,1.18652904109941,148.1746251462027,1.18652904109941,149.3611541873021,1340042.2642,1958673.0799,1340042.2642,api_detail,api_detail
2026-03-21 11:00:00+00:00,2,2,2,fee_adjusted_spread_bps,0x5777d92f208679db4b9778590fa3cab3ac9e2168,0xcd0a9bc63323cd038128dfcb3a5f4f7a2946548e3ae437043fd4124218e170f0,DAI / USDC 0.01%,DAI / USDC 0.008%,uniswap_v3,uniswap-v4-ethereum,0.997096401804102,0.997831411826694,0.997099754855049,0.997096401804102,0.997831411826694,0.997099296631495,7.371504111961524,7.371504111961524,-0.004595563801723657,1.0,0.8,1.8,True,5.5715041119615245,-1.8045955638017237,52850.00337257893,403.9106725087435,403.9106725087435,53253.91404508767,1340042.2642,1958673.0799,1340042.2642,api_detail,api_detail
2026-03-21 12:00:00+00:00,2,2,2,fee_adjusted_spread_bps,0x5777d92f208679db4b9778590fa3cab3ac9e2168,0xcd0a9bc63323cd038128dfcb3a5f4f7a2946548e3ae437043fd4124218e170f0,DAI / USDC 0.01%,DAI / USDC 0.008%,uniswap_v3,uniswap-v4-ethereum,0.997133285226459,0.998559877652358,0.997133285226459,0.997096401804102,0.998945405676838,0.997831411826694,14.306938170005612,18.543882711747894,7.001336838097227,1.0,0.8,1.8,True,12.506938170005611,5.201336838097228,2048.91033142443,86.4964847441094,86.4964847441094,2135.406816168539,1340042.2642,1958673.0799,1340042.2642,api_detail,api_detail
2026-03-21 13:00:00+00:00,2,2,2,fee_adjusted_spread_bps,0x5777d92f208679db4b9778590fa3cab3ac9e2168,0xcd0a9bc63323cd038128dfcb3a5f4f7a2946548e3ae437043fd4124218e170f0,DAI / USDC 0.01%,DAI / USDC 0.008%,uniswap_v3,uniswap-v4-ethereum,0.997133285226459,0.997805743784358,0.997133285226459,0.997133285226459,0.998559877652358,0.997805743784358,6.74391846969824,14.306938170005612,6.74391846969824,1.0,0.8,1.8,True,4.94391846969824,4.94391846969824,0.0,3.857746318090713,0.0,3.857746318090713,1340042.2642,1958673.0799,1340042.2642,api_detail,api_detail
2026-03-21 14:00:00+00:00,2,2,2,fee_adjusted_spread_bps,0x5777d92f208679db4b9778590fa3cab3ac9e2168,0xcd0a9bc63323cd038128dfcb3a5f4f7a2946548e3ae437043fd4124218e170f0,DAI / USDC 0.01%,DAI / USDC 0.008%,uniswap_v3,uniswap-v4-ethereum,0.997133285226459,0.999322753518721,0.997133285226459,0.997133285226459,0.999322753518721,0.997805743784358,21.95762918258959,21.95762918258959,6.74391846969824,1.0,0.8,1.8,True,20.157629182589588,4.94391846969824,0.0,48.5770016341069,0.0,48.5770016341069,1340042.2642,1958673.0799,1340042.2642,api_detail,api_detail
2026-03-21 15:00:00+00:00,2,2,2,fee_adjusted_spread_bps,0xcd0a9bc63323cd038128dfcb3a5f4f7a2946548e3ae437043fd4124218e170f0,0x5777d92f208679db4b9778590fa3cab3ac9e2168,DAI / USDC 0.008%,DAI / USDC 0.01%,uniswap-v4-ethereum,uniswap_v3,1.00249413543999,1.00289579189287,1.00249413543999,0.999322753518721,1.00289579189287,0.997133285226459,4.006571596586461,35.75459841745898,-53.475127923597874,0.8,1.0,1.8,True,2.2065715965864614,-55.27512792359787,241.6184357262596,22.5690429429699,22.5690429429699,264.1874786692295,1958673.0799,1340042.2642,1340042.2642,api_detail,api_detail
2026-03-21 16:00:00+00:00,2,2,2,fee_adjusted_spread_bps,0xcd0a9bc63323cd038128dfcb3a5f4f7a2946548e3ae437043fd4124218e170f0,0x5777d92f208679db4b9778590fa3cab3ac9e2168,DAI / USDC 0.008%,DAI / USDC 0.01%,uniswap-v4-ethereum,uniswap_v3,1.00062762271458,1.00289529104194,1.00249413543999,1.00062762271458,1.00289579189287,1.00289526933149,22.662459799061008,22.66746516687901,4.001358983749537,0.8,1.0,1.8,True,20.862459799061007,2.201358983749537,1497.5863236903085,32.99525438054535,32.99525438054535,1530.5815780708538,1958673.0799,1340042.2642,1340042.2642,api_detail,api_detail
2026-03-21 17:00:00+00:00,2,2,2,fee_adjusted_spread_bps,0xcd0a9bc63323cd038128dfcb3a5f4f7a2946548e3ae437043fd4124218e170f0,0x5777d92f208679db4b9778590fa3cab3ac9e2168,DAI / USDC 0.008%,DAI / USDC 0.01%,uniswap-v4-ethereum,uniswap_v3,1.00062762271458,1.00292463327332,1.00062762271458,1.00062762271458,1.00292463327332,1.00289529104194,22.955698069861974,22.955698069861974,22.662459799061008,0.8,1.0,1.8,True,21.155698069861973,20.862459799061007,0.0,219.89482843728513,0.0,219.89482843728513,1958673.0799,1340042.2642,1340042.2642,api_detail,api_detail
2026-03-21 18:00:00+00:00,2,2,2,fee_adjusted_spread_bps,0x5777d92f208679db4b9778590fa3cab3ac9e2168,0xcd0a9bc63323cd038128dfcb3a5f4f7a2946548e3ae437043fd4124218e170f0,DAI / USDC 0.01%,DAI / USDC 0.008%,uniswap_v3,uniswap-v4-ethereum,1.00292463327332,1.00536654666502,1.00292463327332,1.00292463327332,1.00536654666502,1.00062762271458,24.34792516492701,24.34792516492701,-22.903122353700176,1.0,0.8,1.8,True,22.54792516492701,-24.703122353700177,0.0,10.0536654666502,0.0,10.0536654666502,1340042.2642,1958673.0799,1340042.2642,api_detail,api_detail
2026-03-21 19:00:00+00:00,2,2,2,fee_adjusted_spread_bps,0xcd0a9bc63323cd038128dfcb3a5f4f7a2946548e3ae437043fd4124218e170f0,0x5777d92f208679db4b9778590fa3cab3ac9e2168,DAI / USDC 0.008%,DAI / USDC 0.01%,uniswap-v4-ethereum,uniswap_v3,0.997291731818042,0.997459154023917,1.00536654666502,0.997291731818042,1.00367350296229,0.997459154023917,1.6787686143748815,63.991016275792845,-78.6518376539691,0.8,1.0,1.8,True,-0.12123138562511859,-80.4518376539691,145.4437008677598,218.3426560489161,145.4437008677598,363.7863569166759,1958673.0799,1340042.2642,1340042.2642,api_detail,api_detail
2026-03-21 20:00:00+00:00,2,2,2,fee_adjusted_spread_bps,0x5777d92f208679db4b9778590fa3cab3ac9e2168,0xcd0a9bc63323cd038128dfcb3a5f4f7a2946548e3ae437043fd4124218e170f0,DAI / USDC 0.01%,DAI / USDC 0.008%,uniswap_v3,uniswap-v4-ethereum,0.997478083191956,0.998915421703584,0.997478083191956,0.997459154023917,0.998915421703584,0.997291731818042,14.409725244575178,14.599772570056402,-1.868225247793065,1.0,0.8,1.8,True,12.609725244575177,-3.668225247793065,4539.077955788177,149.838521943198,149.838521943198,4688.916477731375,1340042.2642,1958673.0799,1340042.2642,api_detail,api_detail
2026-03-21 21:00:00+00:00,2,2,2,fee_adjusted_spread_bps,0x5777d92f208679db4b9778590fa3cab3ac9e2168,0xcd0a9bc63323cd038128dfcb3a5f4f7a2946548e3ae437043fd4124218e170f0,DAI / USDC 0.01%,DAI / USDC 0.008%,uniswap_v3,uniswap-v4-ethereum,1.00330501031597,1.00438344703683,1.00330501031597,0.997478083191956,1.00556548613013,0.998915421703584,10.748842174330697,81.07850262026872,-43.75128766678338,1.0,0.8,1.8,True,8.948842174330697,-45.551287666783374,7.61631921928107,613.3892089014887,7.61631921928107,621.0055281207698,1340042.2642,1958673.0799,1340042.2642,api_detail,api_detail
2026-03-21 22:00:00+00:00,2,2,2,fee_adjusted_spread_bps,0x5777d92f208679db4b9778590fa3cab3ac9e2168,0xcd0a9bc63323cd038128dfcb3a5f4f7a2946548e3ae437043fd4124218e170f0,DAI / USDC 0.01%,DAI / USDC 0.008%,uniswap_v3,uniswap-v4-ethereum,1.00340715167124,1.00357655628689,1.00341290282078,1.00330501031597,1.00438344703683,1.00341326537904,1.688293883173042,10.748842174330697,0.0036132509251274314,1.0,0.8,1.8,True,-0.11170611682695797,-1.7963867490748726,16431.096299686273,603.0832087998797,603.0832087998797,17034.17950848615,1340042.2642,1958673.0799,1340042.2642,api_detail,api_detail
2026-03-21 23:00:00+00:00,2,2,2,fee_adjusted_spread_bps,0xcd0a9bc63323cd038128dfcb3a5f4f7a2946548e3ae437043fd4124218e170f0,0x5777d92f208679db4b9778590fa3cab3ac9e2168,DAI / USDC 0.008%,DAI / USDC 0.01%,uniswap-v4-ethereum,uniswap_v3,0.998580256042789,1.0025028642451,1.00357655628689,0.998000530655089,1.00340715167124,1.00021881862583,39.281852195391934,54.174530474468966,-33.457713216050735,0.8,1.0,1.8,True,37.48185219539194,-35.25771321605073,257.844014665279,2124.496969840363,257.844014665279,2382.340984505642,1958673.0799,1340042.2642,1340042.2642,api_detail,api_detail
2026-03-22 00:00:00+00:00,2,2,2,fee_adjusted_spread_bps,0x5777d92f208679db4b9778590fa3cab3ac9e2168,0xcd0a9bc63323cd038128dfcb3a5f4f7a2946548e3ae437043fd4124218e170f0,DAI / USDC 0.01%,DAI / USDC 0.008%,uniswap_v3,uniswap-v4-ethereum,0.997533223337695,1.00120063204569,1.00316680120162,0.997211602961427,1.00425765333717,0.99777693823067,36.76477757526886,70.65752499086919,-53.72848228723082,1.0,0.8,1.8,True,34.96477757526886,-55.528482287230815,14459.405669603086,2194.1024507657967,2194.1024507657967,16653.508120368882,1340042.2642,1958673.0799,1340042.2642,api_detail,api_detail
2026-03-22 01:00:00+00:00,2,2,2,fee_adjusted_spread_bps,0x5777d92f208679db4b9778590fa3cab3ac9e2168,0xcd0a9bc63323cd038128dfcb3a5f4f7a2946548e3ae437043fd4124218e170f0,DAI / USDC 0.01%,DAI / USDC 0.008%,uniswap_v3,uniswap-v4-ethereum,0.996700921663486,0.997677020936729,0.997533223337695,0.996700921663486,1.00120063204569,0.996042682353765,9.793301601588311,45.14604415830181,-14.942269079948334,1.0,0.8,1.8,True,7.993301601588311,-16.742269079948333,628.3056554004764,64.95801334695501,64.95801334695501,693.2636687474314,1340042.2642,1958673.0799,1340042.2642,api_detail,api_detail
2026-03-22 02:00:00+00:00,2,2,2,fee_adjusted_spread_bps,0xcd0a9bc63323cd038128dfcb3a5f4f7a2946548e3ae437043fd4124218e170f0,0x5777d92f208679db4b9778590fa3cab3ac9e2168,DAI / USDC 0.008%,DAI / USDC 0.01%,uniswap-v4-ethereum,uniswap_v3,0.997585936578625,0.999931980995866,1.00193657785746,0.997585936578625,1.00001221635794,0.996690725909374,23.517216223867266,24.321511464326928,-52.35712583029684,0.8,1.0,1.8,True,21.717216223867265,-54.157125830296835,1313.5557607455598,23005.77406438995,1313.5557607455598,24319.329825135508,1958673.0799,1340042.2642,1340042.2642,api_detail,api_detail
2026-03-22 03:00:00+00:00,2,2,2,fee_adjusted_spread_bps,0xcd0a9bc63323cd038128dfcb3a5f4f7a2946548e3ae437043fd4124218e170f0,0x5777d92f208679db4b9778590fa3cab3ac9e2168,DAI / USDC 0.008%,DAI / USDC 0.01%,uniswap-v4-ethereum,uniswap_v3,0.997890825270369,0.998323113706223,0.997890825270369,0.996263077126969,0.999931980995866,0.99590263920282,4.332021348496529,36.826657066098,-19.92388362735298,0.8,1.0,1.8,True,2.532021348496529,-21.72388362735298,1687.781283217004,135639.0439569589,1687.781283217004,137326.8252401759,1958673.0799,1340042.2642,1340042.2642,api_detail,api_detail
2026-03-22 04:00:00+00:00,2,2,2,fee_adjusted_spread_bps,0x5777d92f208679db4b9778590fa3cab3ac9e2168,0xcd0a9bc63323cd038128dfcb3a5f4f7a2946548e3ae437043fd4124218e170f0,DAI / USDC 0.01%,DAI / USDC 0.008%,uniswap_v3,uniswap-v4-ethereum,0.997566096772539,0.997890825270369,0.998323113706223,0.996361768956782,0.997890825270369,0.997890825270369,3.2552078391656636,15.34639687337691,-4.330145520212714,1.0,0.8,1.8,True,1.4552078391656635,-6.1301455202127135,8247.077195258764,0.0,0.0,8247.077195258764,1340042.2642,1958673.0799,1340042.2642,api_detail,api_detail
2026-03-22 05:00:00+00:00,2,2,2,fee_adjusted_spread_bps,0x5777d92f208679db4b9778590fa3cab3ac9e2168,0xcd0a9bc63323cd038128dfcb3a5f4f7a2946548e3ae437043fd4124218e170f0,DAI / USDC 0.01%,DAI / USDC 0.008%,uniswap_v3,uniswap-v4-ethereum,0.997420983972147,0.997827824152109,0.997566096772539,0.997396976816344,0.999109783491685,0.997827824152109,4.078921403296576,17.172767866293626,2.623659529095157,1.0,0.8,1.8,True,2.278921403296576,0.8236595290951569,1684.7464820722432,2393.37737970198,1684.7464820722432,4078.123861774223,1340042.2642,1958673.0799,1340042.2642,api_detail,api_detail
2026-03-22 06:00:00+00:00,2,2,2,fee_adjusted_spread_bps,0xcd0a9bc63323cd038128dfcb3a5f4f7a2946548e3ae437043fd4124218e170f0,0x5777d92f208679db4b9778590fa3cab3ac9e2168,DAI / USDC 0.008%,DAI / USDC 0.01%,uniswap-v4-ethereum,uniswap_v3,0.995520365884047,0.997002833075824,0.997827824152109,0.995520365884047,0.997420983972147,0.997002833075824,14.89137985098532,19.091704732852044,-8.267870030443936,0.8,1.0,1.8,True,13.09137985098532,-10.067870030443936,23.1574198617386,507.238416249091,23.1574198617386,530.3958361108296,1958673.0799,1340042.2642,1340042.2642,api_detail,api_detail
2026-03-22 07:00:00+00:00,2,2,2,fee_adjusted_spread_bps,0x5777d92f208679db4b9778590fa3cab3ac9e2168,0xcd0a9bc63323cd038128dfcb3a5f4f7a2946548e3ae437043fd4124218e170f0,DAI / USDC 0.01%,DAI / USDC 0.008%,uniswap_v3,uniswap-v4-ethereum,0.997002833075824,1.00092237332619,0.997002833075824,0.997002833075824,1.0010749947298,0.995520365884047,39.3132308187516,40.844032924292065,-14.86923750460667,1.0,0.8,1.8,True,37.5132308187516,-16.66923750460667,0.0,387.2644222541899,0.0,387.2644222541899,1340042.2642,1958673.0799,1340042.2642,api_detail,api_detail
2026-03-22 08:00:00+00:00,2,2,2,fee_adjusted_spread_bps,0x5777d92f208679db4b9778590fa3cab3ac9e2168,0xcd0a9bc63323cd038128dfcb3a5f4f7a2946548e3ae437043fd4124218e170f0,DAI / USDC 0.01%,DAI / USDC 0.008%,uniswap_v3,uniswap-v4-ethereum,1.00247729358264,1.00283134642817,1.00294228114762,0.997002833075824,1.00283134642817,1.00012628342712,3.53177920134895,58.46034894770202,-28.077365701222323,1.0,0.8,1.8,True,1.7317792013489501,-29.877365701222324,57243.274441382666,7996.401297313722,7996.401297313722,65239.67573869639,1340042.2642,1958673.0799,1340042.2642,api_detail,api_detail
2026-03-22 09:00:00+00:00,2,2,2,fee_adjusted_spread_bps,0xcd0a9bc63323cd038128dfcb3a5f4f7a2946548e3ae437043fd4124218e170f0,0x5777d92f208679db4b9778590fa3cab3ac9e2168,DAI / USDC 0.008%,DAI / USDC 0.01%,uniswap-v4-ethereum,uniswap_v3,1.0021879428246,1.00298970464908,1.00283134642817,0.9950246531951,1.00298970464908,0.997320663959611,8.000114451789386,80.04878500651901,-54.95123869219465,0.8,1.0,1.8,True,6.2001144517893865,-56.75123869219465,4121.595109986248,280877.022050491,4121.595109986248,284998.61716047727,1958673.0799,1340042.2642,1340042.2642,api_detail,api_detail
2026-03-22 10:00:00+00:00,2,2,2,fee_adjusted_spread_bps,0xcd0a9bc63323cd038128dfcb3a5f4f7a2946548e3ae437043fd4124218e170f0,0x5777d92f208679db4b9778590fa3cab3ac9e2168,DAI / USDC 0.008%,DAI / USDC 0.01%,uniswap-v4-ethereum,uniswap_v3,1.0021879428246,1.00273423495393,1.0021879428246,1.0021879428246,1.00299007362097,1.00272972210573,5.450994828277711,8.003796115418904,5.405964869253932,0.8,1.0,1.8,True,3.650994828277711,3.605964869253932,0.0,219.89030240658724,0.0,219.89030240658724,1958673.0799,1340042.2642,1340042.2642,api_detail,api_detail
2026-03-22 11:00:00+00:00,2,2,2,fee_adjusted_spread_bps,0xcd0a9bc63323cd038128dfcb3a5f4f7a2946548e3ae437043fd4124218e170f0,0x5777d92f208679db4b9778590fa3cab3ac9e2168,DAI / USDC 0.008%,DAI / USDC 0.01%,uniswap-v4-ethereum,uniswap_v3,1.00058210575485,1.00285654063572,1.0021879428246,1.00058210575485,1.00300834927893,1.00273423495393,22.731116894740833,24.248320154092173,5.450994828277711,0.8,1.0,1.8,True,20.931116894740832,3.650994828277711,395.1064428325266,2715.109486268811,395.1064428325266,3110.2159291013377,1958673.0799,1340042.2642,1340042.2642,api_detail,api_detail
2026-03-22 12:00:00+00:00,2,2,2,fee_adjusted_spread_bps,0xcd0a9bc63323cd038128dfcb3a5f4f7a2946548e3ae437043fd4124218e170f0,0x5777d92f208679db4b9778590fa3cab3ac9e2168,DAI / USDC 0.008%,DAI / USDC 0.01%,uniswap-v4-ethereum,uniswap_v3,1.00125417585521,1.00270745133088,1.00125417585521,1.00058210575485,1.00285654063572,1.00270745133088,14.514550957340777,22.731116894740833,14.514550957340777,0.8,1.0,1.8,True,12.714550957340776,12.714550957340776,220.58115293633372,1.51946345904884,1.51946345904884,222.10061639538256,1958673.0799,1340042.2642,1340042.2642,api_detail,api_detail
2026-03-22 13:00:00+00:00,2,2,2,fee_adjusted_spread_bps,0xcd0a9bc63323cd038128dfcb3a5f4f7a2946548e3ae437043fd4124218e170f0,0x5777d92f208679db4b9778590fa3cab3ac9e2168,DAI / USDC 0.008%,DAI / USDC 0.01%,uniswap-v4-ethereum,uniswap_v3,0.999846095284948,1.00164999663041,1.00125417585521,0.999846095284948,1.00270745133088,0.997089806557223,18.041790171194894,28.61796489905366,-41.59152988730486,0.8,1.0,1.8,True,16.241790171194893,-43.391529887304856,83.4998439588897,700.0557605421458,83.4998439588897,783.5556045010355,1958673.0799,1340042.2642,1340042.2642,api_detail,api_detail
2026-03-22 14:00:00+00:00,2,2,2,fee_adjusted_spread_bps,0x5777d92f208679db4b9778590fa3cab3ac9e2168,0xcd0a9bc63323cd038128dfcb3a5f4f7a2946548e3ae437043fd4124218e170f0,DAI / USDC 0.01%,DAI / USDC 0.008%,uniswap_v3,uniswap-v4-ethereum,1.00164999663041,1.00334427395159,1.00164999663041,1.00164999663041,1.00334427395159,0.999846095284948,16.914863743620057,16.914863743620057,-18.00929817331709,1.0,0.8,1.8,True,15.114863743620056,-19.809298173317092,0.0,742.5802243515739,0.0,742.5802243515739,1340042.2642,1958673.0799,1340042.2642,api_detail,api_detail
2026-03-22 15:00:00+00:00,2,2,2,fee_adjusted_spread_bps,0x5777d92f208679db4b9778590fa3cab3ac9e2168,0xcd0a9bc63323cd038128dfcb3a5f4f7a2946548e3ae437043fd4124218e170f0,DAI / USDC 0.01%,DAI / USDC 0.008%,uniswap_v3,uniswap-v4-ethereum,0.99694420126019,0.999265174088505,1.00164999663041,0.996943630476885,1.00334427395159,0.999265174088505,23.280869936161963,64.20266180589884,-23.808940747043206,1.0,0.8,1.8,True,21.480869936161962,-25.608940747043206,103.7124171406014,34.9742810930977,34.9742810930977,138.6866982336991,1340042.2642,1958673.0799,1340042.2642,api_detail,api_detail
2026-03-22 16:00:00+00:00,2,2,2,fee_adjusted_spread_bps,0x5777d92f208679db4b9778590fa3cab3ac9e2168,0xcd0a9bc63323cd038128dfcb3a5f4f7a2946548e3ae437043fd4124218e170f0,DAI / USDC 0.01%,DAI / USDC 0.008%,uniswap_v3,uniswap-v4-ethereum,0.996937667469593,0.998914823065745,0.996944214121445,0.996937667469593,0.999265174088505,0.997279046468182,19.832289025354388,23.346561122719045,3.358586588839696,1.0,0.8,1.8,True,18.032289025354387,1.558586588839696,5595.742585488752,1471.587354481664,1471.587354481664,7067.3299399704165,1340042.2642,1958673.0799,1340042.2642,api_detail,api_detail
2026-03-22 17:00:00+00:00,2,2,2,fee_adjusted_spread_bps,0x5777d92f208679db4b9778590fa3cab3ac9e2168,0xcd0a9bc63323cd038128dfcb3a5f4f7a2946548e3ae437043fd4124218e170f0,DAI / USDC 0.01%,DAI / USDC 0.008%,uniswap_v3,uniswap-v4-ethereum,0.996937782522433,0.997629393314166,0.996937782522433,0.99693750100533,0.998985357089557,0.997629393314166,6.937351596636443,20.541469070649576,6.937351596636443,1.0,0.8,1.8,True,5.137351596636443,5.137351596636443,1103.1382658674481,920.9208088028821,920.9208088028821,2024.0590746703301,1340042.2642,1958673.0799,1340042.2642,api_detail,api_detail
2026-03-22 18:00:00+00:00,2,2,2,fee_adjusted_spread_bps,0x5777d92f208679db4b9778590fa3cab3ac9e2168,0xcd0a9bc63323cd038128dfcb3a5f4f7a2946548e3ae437043fd4124218e170f0,DAI / USDC 0.01%,DAI / USDC 0.008%,uniswap_v3,uniswap-v4-ethereum,0.997012237324803,0.999463612788566,1.0015924994007,0.996937782522433,0.999463612788566,0.995988248307889,24.587215402094298,25.335886656256967,-55.95340516391878,1.0,0.8,1.8,True,22.787215402094297,-57.75340516391878,1840.629459217609,1353.772763324578,1353.772763324578,3194.402222542187,1340042.2642,1958673.0799,1340042.2642,api_detail,api_detail
2026-03-22 19:00:00+00:00,2,2,2,fee_adjusted_spread_bps,0xcd0a9bc63323cd038128dfcb3a5f4f7a2946548e3ae437043fd4124218e170f0,0x5777d92f208679db4b9778590fa3cab3ac9e2168,DAI / USDC 0.008%,DAI / USDC 0.01%,uniswap-v4-ethereum,uniswap_v3,0.997756972056548,1.0028716055515,1.00104560998212,0.996862934480833,1.00290017761468,0.997012237324803,51.261315512631796,60.56241961680753,-40.29159727686249,0.8,1.0,1.8,True,49.4613155126318,-42.09159727686249,113.46695589880935,52890.364188900036,113.46695589880935,53003.831144798845,1958673.0799,1340042.2642,1340042.2642,api_detail,api_detail
2026-03-22 20:00:00+00:00,2,2,2,fee_adjusted_spread_bps,0xcd0a9bc63323cd038128dfcb3a5f4f7a2946548e3ae437043fd4124218e170f0,0x5777d92f208679db4b9778590fa3cab3ac9e2168,DAI / USDC 0.008%,DAI / USDC 0.01%,uniswap-v4-ethereum,uniswap_v3,0.995189484421389,1.0028357461846,0.999581617595736,0.995189484421389,1.0028716055515,0.997005946995802,76.8322202244387,77.19254725221836,-25.767486662361392,0.8,1.0,1.8,True,75.0322202244387,-27.567486662361393,113.78695888533366,539.8131834577154,113.78695888533366,653.600142343049,1958673.0799,1340042.2642,1340042.2642,api_detail,api_detail
2026-03-22 21:00:00+00:00,2,2,2,fee_adjusted_spread_bps,0x5777d92f208679db4b9778590fa3cab3ac9e2168,0xcd0a9bc63323cd038128dfcb3a5f4f7a2946548e3ae437043fd4124218e170f0,DAI / USDC 0.01%,DAI / USDC 0.008%,uniswap_v3,uniswap-v4-ethereum,0.997132809515491,1.00478023815572,1.00305361688727,0.997132809515491,1.00478023815572,0.995189484421389,76.69418323467792,76.69418323467792,-78.40191524641882,1.0,0.8,1.8,True,74.89418323467793,-80.20191524641882,161129.87075376883,791.5700096370399,791.5700096370399,161921.44076340587,1340042.2642,1958673.0799,1340042.2642,api_detail,api_detail
2026-03-22 22:00:00+00:00,2,2,2,fee_adjusted_spread_bps,0xcd0a9bc63323cd038128dfcb3a5f4f7a2946548e3ae437043fd4124218e170f0,0x5777d92f208679db4b9778590fa3cab3ac9e2168,DAI / USDC 0.008%,DAI / USDC 0.01%,uniswap-v4-ethereum,uniswap_v3,0.996831652368298,0.997655938105076,1.00478023815572,0.995137494540202,0.997655938105076,0.997132809515491,8.269056613718906,25.307493473931686,-76.11046027602985,0.8,1.0,1.8,True,6.469056613718906,-77.91046027602985,849.3336930798719,60.1654926281307,60.1654926281307,909.4991857080025,1958673.0799,1340042.2642,1340042.2642,api_detail,api_detail
2026-03-22 23:00:00+00:00,2,2,2,fee_adjusted_spread_bps,0xcd0a9bc63323cd038128dfcb3a5f4f7a2946548e3ae437043fd4124218e170f0,0x5777d92f208679db4b9778590fa3cab3ac9e2168,DAI / USDC 0.008%,DAI / USDC 0.01%,uniswap-v4-ethereum,uniswap_v3,1.00050905051159,1.0030755182478,1.00050905051159,0.996831652368298,1.0030755182478,0.997070555688613,25.651619392126346,62.63711494982837,-34.36745346000247,0.8,1.0,1.8,True,23.851619392126345,-36.16745346000247,415.7680681584189,7314.147142416656,415.7680681584189,7729.9152105750745,1958673.0799,1340042.2642,1340042.2642,api_detail,api_detail
2026-03-23 00:00:00+00:00,2,2,2,fee_adjusted_spread_bps,0xcd0a9bc63323cd038128dfcb3a5f4f7a2946548e3ae437043fd4124218e170f0,0x5777d92f208679db4b9778590fa3cab3ac9e2168,DAI / USDC 0.008%,DAI / USDC 0.01%,uniswap-v4-ethereum,uniswap_v3,0.99612545040015,0.997184984041358,1.00524936232772,0.99612545040015,1.0030755182478,0.997184981476491,10.63654824583038,69.77100971427008,-80.22269054272724,0.8,1.0,1.8,True,8.836548245830379,-82.02269054272723,2582.0584870393336,61418.61508879828,2582.0584870393336,64000.673575837616,1958673.0799,1340042.2642,1340042.2642,api_detail,api_detail
2026-03-23 01:00:00+00:00,2,2,2,fee_adjusted_spread_bps,0xcd0a9bc63323cd038128dfcb3a5f4f7a2946548e3ae437043fd4124218e170f0,0x5777d92f208679db4b9778590fa3cab3ac9e2168,DAI / USDC 0.008%,DAI / USDC 0.01%,uniswap-v4-ethereum,uniswap_v3,1.00052795032561,1.00254549627192,1.00256019542842,0.99612545040015,1.00289859306027,0.995711559069394,20.164813443277474,67.99487612126897,-68.31147286970985,0.8,1.0,1.8,True,18.364813443277473,-70.11147286970984,709.7421370905569,54689.60991394039,709.7421370905569,55399.352051030946,1958673.0799,1340042.2642,1340042.2642,api_detail,api_detail
2026-03-23 02:00:00+00:00,2,2,2,fee_adjusted_spread_bps,0x5777d92f208679db4b9778590fa3cab3ac9e2168,0xcd0a9bc63323cd038128dfcb3a5f4f7a2946548e3ae437043fd4124218e170f0,DAI / USDC 0.01%,DAI / USDC 0.008%,uniswap_v3,uniswap-v4-ethereum,0.997587300331363,1.00443464890299,1.00289165263954,0.997587300331363,1.00443464890299,1.00052795032561,68.63909122893475,68.63909122893475,-23.568870153709565,1.0,0.8,1.8,True,66.83909122893475,-25.368870153709565,1109.7258562389873,67.381755098734,67.381755098734,1177.1076113377212,1340042.2642,1958673.0799,1340042.2642,api_detail,api_detail
2026-03-23 03:00:00+00:00,2,2,2,fee_adjusted_spread_bps,0x5777d92f208679db4b9778590fa3cab3ac9e2168,0xcd0a9bc63323cd038128dfcb3a5f4f7a2946548e3ae437043fd4124218e170f0,DAI / USDC 0.01%,DAI / USDC 0.008%,uniswap_v3,uniswap-v4-ethereum,0.997291636134865,1.00191168801596,1.00287723698441,0.997001629635677,1.00538793696745,1.000474354404,46.32598643863561,84.11528208672748,-23.95988752955658,1.0,0.8,1.8,True,44.52598643863561,-25.75988752955658,712.6743543251746,1764.2521019179223,712.6743543251746,2476.926456243097,1340042.2642,1958673.0799,1340042.2642,api_detail,api_detail
2026-03-23 04:00:00+00:00,2,2,2,fee_adjusted_spread_bps,0xcd0a9bc63323cd038128dfcb3a5f4f7a2946548e3ae437043fd4124218e170f0,0x5777d92f208679db4b9778590fa3cab3ac9e2168,DAI / USDC 0.008%,DAI / USDC 0.01%,uniswap-v4-ethereum,uniswap_v3,1.00191168801596,1.00312377762318,1.00191168801596,1.00191168801596,1.00312377762318,0.997291636134865,12.09776891235137,12.09776891235137,-46.11236635280513,0.8,1.0,1.8,True,10.29776891235137,-47.91236635280513,0.0,1662.621727415083,0.0,1662.621727415083,1958673.0799,1340042.2642,1340042.2642,api_detail,api_detail
2026-03-23 05:00:00+00:00,2,2,2,fee_adjusted_spread_bps,0xcd0a9bc63323cd038128dfcb3a5f4f7a2946548e3ae437043fd4124218e170f0,0x5777d92f208679db4b9778590fa3cab3ac9e2168,DAI / USDC 0.008%,DAI / USDC 0.01%,uniswap-v4-ethereum,uniswap_v3,0.996253088646315,0.997042100240178,1.00191168801596,0.996253088646315,1.00312377762318,0.997042100240178,7.919790692294537,68.96529662157258,-48.60296405389764,0.8,1.0,1.8,True,6.119790692294537,-50.402964053897634,460.05779194256326,703.8763309036647,460.05779194256326,1163.9341228462279,1958673.0799,1340042.2642,1340042.2642,api_detail,api_detail
2026-03-23 06:00:00+00:00,2,2,2,fee_adjusted_spread_bps,0x5777d92f208679db4b9778590fa3cab3ac9e2168,0xcd0a9bc63323cd038128dfcb3a5f4f7a2946548e3ae437043fd4124218e170f0,DAI / USDC 0.01%,DAI / USDC 0.008%,uniswap_v3,uniswap-v4-ethereum,1.00226047146012,1.00375141367752,1.00293219033822,0.997042100240178,1.00375141367752,0.99525957238679,14.875795862008268,67.29217789023912,-76.50186149516847,1.0,0.8,1.8,True,13.075795862008267,-78.30186149516847,590.5340627928396,766.1487173814853,590.5340627928396,1356.6827801743248,1340042.2642,1958673.0799,1340042.2642,api_detail,api_detail
2026-03-23 07:00:00+00:00,2,2,2,fee_adjusted_spread_bps,0x5777d92f208679db4b9778590fa3cab3ac9e2168,0xcd0a9bc63323cd038128dfcb3a5f4f7a2946548e3ae437043fd4124218e170f0,DAI / USDC 0.01%,DAI / USDC 0.008%,uniswap_v3,uniswap-v4-ethereum,0.997946559885297,0.998695810999453,1.00226047146012,0.997246070422778,1.00375141367752,0.998695810999453,7.5079282225498645,65.23307985544679,-35.56620820806988,1.0,0.8,1.8,True,5.707928222549865,-37.36620820806988,1911.882573520654,255.8200907180306,255.8200907180306,2167.7026642386845,1340042.2642,1958673.0799,1340042.2642,api_detail,api_detail
2026-03-23 08:00:00+00:00,2,2,2,fee_adjusted_spread_bps,0x5777d92f208679db4b9778590fa3cab3ac9e2168,0xcd0a9bc63323cd038128dfcb3a5f4f7a2946548e3ae437043fd4124218e170f0,DAI / USDC 0.01%,DAI / USDC 0.008%,uniswap_v3,uniswap-v4-ethereum,0.997977024826021,0.999871236450026,0.997977024826021,0.997233462494712,0.999871236450026,0.998695810999453,18.980513347339745,26.450917007088126,7.20243207560145,1.0,0.8,1.8,True,17.180513347339744,5.402432075601451,127360.72141246276,375.3267177873266,375.3267177873266,127736.04813025008,1340042.2642,1958673.0799,1340042.2642,api_detail,api_detail
2026-03-23 09:00:00+00:00,2,2,2,fee_adjusted_spread_bps,0xcd0a9bc63323cd038128dfcb3a5f4f7a2946548e3ae437043fd4124218e170f0,0x5777d92f208679db4b9778590fa3cab3ac9e2168,DAI / USDC 0.008%,DAI / USDC 0.01%,uniswap-v4-ethereum,uniswap_v3,1.00213502417162,1.00313654898403,1.00545471458703,0.997560801544903,1.00313654898403,0.997212613682014,9.99391088279733,55.89381048746178,-81.97386501291982,0.8,1.0,1.8,True,8.19391088279733,-83.77386501291981,504.8078377286693,5910.744531171554,504.8078377286693,6415.552368900223,1958673.0799,1340042.2642,1340042.2642,api_detail,api_detail
2026-03-23 10:00:00+00:00,2,2,2,fee_adjusted_spread_bps,0xcd0a9bc63323cd038128dfcb3a5f4f7a2946548e3ae437043fd4124218e170f0,0x5777d92f208679db4b9778590fa3cab3ac9e2168,DAI / USDC 0.008%,DAI / USDC 0.01%,uniswap-v4-ethereum,uniswap_v3,0.997984735521753,1.00305667427608,1.00213502417162,0.997984735521753,1.00313654898403,0.997482630631365,50.82180692548732,51.62216694209798,-46.42481729546177,0.8,1.0,1.8,True,49.021806925487326,-48.22481729546177,18.605362860807,764.427860277803,18.605362860807,783.03322313861,1958673.0799,1340042.2642,1340042.2642,api_detail,api_detail
2026-03-23 11:00:00+00:00,2,2,2,fee_adjusted_spread_bps,0xcd0a9bc63323cd038128dfcb3a5f4f7a2946548e3ae437043fd4124218e170f0,0x5777d92f208679db4b9778590fa3cab3ac9e2168,DAI / USDC 0.008%,DAI / USDC 0.01%,uniswap-v4-ethereum,uniswap_v3,0.99885278038728,1.00085380517076,1.00506448163475,0.98729936594185,1.01533631878617,0.996909567501756,20.03323034956317,283.97620632090394,-81.13821831341572,0.8,1.0,1.8,True,18.23323034956317,-82.93821831341572,15837.858758723158,325941.48126760457,15837.858758723158,341779.3400263277,1958673.0799,1340042.2642,1340042.2642,api_detail,api_detail
2026-03-23 12:00:00+00:00,2,2,2,fee_adjusted_spread_bps,0xcd0a9bc63323cd038128dfcb3a5f4f7a2946548e3ae437043fd4124218e170f0,0x5777d92f208679db4b9778590fa3cab3ac9e2168,DAI / USDC 0.008%,DAI / USDC 0.01%,uniswap-v4-ethereum,uniswap_v3,1.00017766286405,1.0032115866436,1.00020913102745,0.995866163187314,1.0032115866436,0.997484059512887,30.33384859708166,73.75914282273355,-27.245017367154567,0.8,1.0,1.8,True,28.533848597081658,-29.045017367154568,6092.301817824996,18454.152631658584,6092.301817824996,24546.45444948358,1958673.0799,1340042.2642,1340042.2642,api_detail,api_detail
2026-03-23 13:00:00+00:00,2,2,2,fee_adjusted_spread_bps,0xcd0a9bc63323cd038128dfcb3a5f4f7a2946548e3ae437043fd4124218e170f0,0x5777d92f208679db4b9778590fa3cab3ac9e2168,DAI / USDC 0.008%,DAI / USDC 0.01%,uniswap-v4-ethereum,uniswap_v3,0.995358273638892,1.00291552971511,1.00558437833631,0.995358273638892,1.00492174631711,0.997746963554696,75.92498376076895,96.08070713327477,-77.93890746971121,0.8,1.0,1.8,True,74.12498376076896,-79.73890746971121,2134.227430560783,6814.51309056687,2134.227430560783,8948.740521127653,1958673.0799,1340042.2642,1340042.2642,api_detail,api_detail
2026-03-23 14:00:00+00:00,2,2,2,fee_adjusted_spread_bps,0xcd0a9bc63323cd038128dfcb3a5f4f7a2946548e3ae437043fd4124218e170f0,0x5777d92f208679db4b9778590fa3cab3ac9e2168,DAI / USDC 0.008%,DAI / USDC 0.01%,uniswap-v4-ethereum,uniswap_v3,1.00067892344725,1.00319556429097,1.00268091261437,0.995358273638892,1.00319556429097,0.997596759506037,25.149333964689102,78.73838857465954,-50.705593817247376,0.8,1.0,1.8,True,23.3493339646891,-52.50559381724737,100.94238817266361,9280.219112241108,100.94238817266361,9381.161500413771,1958673.0799,1340042.2642,1340042.2642,api_detail,api_detail
2026-03-23 15:00:00+00:00,2,2,2,fee_adjusted_spread_bps,0xcd0a9bc63323cd038128dfcb3a5f4f7a2946548e3ae437043fd4124218e170f0,0x5777d92f208679db4b9778590fa3cab3ac9e2168,DAI / USDC 0.008%,DAI / USDC 0.01%,uniswap-v4-ethereum,uniswap_v3,0.999111202037327,1.00216519642675,1.00070270251582,0.99651116393867,1.00319556429097,0.997122320882585,30.567111880994702,67.07802776519057,-35.77867456771799,0.8,1.0,1.8,True,28.7671118809947,-37.57867456771799,1029.4672311204638,1560.0103777305474,1029.4672311204638,2589.477608851011,1958673.0799,1340042.2642,1340042.2642,api_detail,api_detail
2026-03-23 16:00:00+00:00,2,2,2,fee_adjusted_spread_bps,0x5777d92f208679db4b9778590fa3cab3ac9e2168,0xcd0a9bc63323cd038128dfcb3a5f4f7a2946548e3ae437043fd4124218e170f0,DAI / USDC 0.01%,DAI / USDC 0.008%,uniswap_v3,uniswap-v4-ethereum,0.99724558238425,0.99916032243027,1.00287773104417,0.99724558238425,1.00060815577814,0.998080339176272,19.20028606636759,33.7186090697017,-47.8362587920178,1.0,0.8,1.8,True,17.40028606636759,-49.6362587920178,192.2778962554023,300.0897858134652,192.2778962554023,492.3676820688675,1340042.2642,1958673.0799,1340042.2642,api_detail,api_detail
2026-03-23 17:00:00+00:00,2,2,2,fee_adjusted_spread_bps,0xcd0a9bc63323cd038128dfcb3a5f4f7a2946548e3ae437043fd4124218e170f0,0x5777d92f208679db4b9778590fa3cab3ac9e2168,DAI / USDC 0.008%,DAI / USDC 0.01%,uniswap-v4-ethereum,uniswap_v3,0.997125554634875,0.997422955367672,1.00333259962998,0.996445456876715,1.00290166566187,0.99724558238425,2.9825805929317717,64.79239521439916,-60.66799033515813,0.8,1.0,1.8,True,1.1825805929317716,-62.46799033515813,72.11861192078402,31764.332666991668,72.11861192078402,31836.451278912453,1958673.0799,1340042.2642,1340042.2642,api_detail,api_detail
2026-03-23 18:00:00+00:00,2,2,2,fee_adjusted_spread_bps,0x5777d92f208679db4b9778590fa3cab3ac9e2168,0xcd0a9bc63323cd038128dfcb3a5f4f7a2946548e3ae437043fd4124218e170f0,DAI / USDC 0.01%,DAI / USDC 0.008%,uniswap_v3,uniswap-v4-ethereum,0.997533290582238,0.999232142499409,1.00320183254399,0.997422955367672,1.00342353016341,0.997125554634875,17.03052853684106,60.16078498540356,-60.56884778316562,1.0,0.8,1.8,True,15.23052853684106,-62.36884778316562,3008.829562638567,1915.5545407167008,1915.5545407167008,4924.384103355268,1340042.2642,1958673.0799,1340042.2642,api_detail,api_detail
2026-03-23 19:00:00+00:00,2,2,2,fee_adjusted_spread_bps,0xcd0a9bc63323cd038128dfcb3a5f4f7a2946548e3ae437043fd4124218e170f0,0x5777d92f208679db4b9778590fa3cab3ac9e2168,DAI / USDC 0.008%,DAI / USDC 0.01%,uniswap-v4-ethereum,uniswap_v3,1.00078561750459,1.00319014678985,1.00275247982715,0.999232142499409,1.00319014678985,0.997533290582238,24.02641727861532,39.61045809175889,-52.048629645988775,0.8,1.0,1.8,True,22.22641727861532,-53.84862964598877,1686.8305506995928,18727.484655713655,1686.8305506995928,20414.31520641325,1958673.0799,1340042.2642,1340042.2642,api_detail,api_detail
2026-03-23 20:00:00+00:00,2,2,2,fee_adjusted_spread_bps,0x5777d92f208679db4b9778590fa3cab3ac9e2168,0xcd0a9bc63323cd038128dfcb3a5f4f7a2946548e3ae437043fd4124218e170f0,DAI / USDC 0.01%,DAI / USDC 0.008%,uniswap_v3,uniswap-v4-ethereum,1.00299367336547,1.00420855371073,1.00319014678985,1.00299367336547,1.00420855371073,1.00078561750459,12.11254245685689,12.11254245685689,-23.968828770443153,1.0,0.8,1.8,True,10.312542456856889,-25.768828770443154,160.233801382968,148.39079605208255,148.39079605208255,308.62459743505053,1340042.2642,1958673.0799,1340042.2642,api_detail,api_detail
2026-03-23 21:00:00+00:00,2,2,2,fee_adjusted_spread_bps,0xcd0a9bc63323cd038128dfcb3a5f4f7a2946548e3ae437043fd4124218e170f0,0x5777d92f208679db4b9778590fa3cab3ac9e2168,DAI / USDC 0.008%,DAI / USDC 0.01%,uniswap-v4-ethereum,uniswap_v3,0.995198457570447,0.997044359585623,1.00453873706922,0.995198457570447,1.0032903703859,0.99704241053733,18.54807954267068,81.30953935768348,-74.62456404380036,0.8,1.0,1.8,True,16.74807954267068,-76.42456404380036,628.7276900293043,728.3755066307956,628.7276900293043,1357.1031966601,1958673.0799,1340042.2642,1340042.2642,api_detail,api_detail
2026-03-23 22:00:00+00:00,2,2,2,fee_adjusted_spread_bps,0xcd0a9bc63323cd038128dfcb3a5f4f7a2946548e3ae437043fd4124218e170f0,0x5777d92f208679db4b9778590fa3cab3ac9e2168,DAI / USDC 0.008%,DAI / USDC 0.01%,uniswap-v4-ethereum,uniswap_v3,0.996975414873779,0.997253559401482,1.0009414482966,0.995198457570447,1.00265070385288,0.997044359585623,2.789883517220204,74.88201198207145,-38.934232542862105,0.8,1.0,1.8,True,0.9898835172202041,-40.7342325428621,2681.2386582464337,553.5799747110271,553.5799747110271,3234.818632957461,1958673.0799,1340042.2642,1340042.2642,api_detail,api_detail
2026-03-23 23:00:00+00:00,2,2,2,fee_adjusted_spread_bps,0xcd0a9bc63323cd038128dfcb3a5f4f7a2946548e3ae437043fd4124218e170f0,0x5777d92f208679db4b9778590fa3cab3ac9e2168,DAI / USDC 0.008%,DAI / USDC 0.01%,uniswap-v4-ethereum,uniswap_v3,1.00273095155898,1.00313020617136,1.00401579319332,0.996975414873779,1.00313020617136,0.997253559401482,3.9816723694374723,61.7346346334946,-67.351866750327,0.8,1.0,1.8,True,2.1816723694374724,-69.151866750327,693.8759467928544,15.5646521198666,15.5646521198666,709.440598912721,1958673.0799,1340042.2642,1340042.2642,api_detail,api_detail
2026-03-24 00:00:00+00:00,2,2,2,fee_adjusted_spread_bps,0x5777d92f208679db4b9778590fa3cab3ac9e2168,0xcd0a9bc63323cd038128dfcb3a5f4f7a2946548e3ae437043fd4124218e170f0,DAI / USDC 0.01%,DAI / USDC 0.008%,uniswap_v3,uniswap-v4-ethereum,0.997332366938035,1.00273095155898,1.00313020617136,0.997332366938035,1.00273095155898,1.00273095155898,54.130245842913816,54.130245842913816,-3.980087628941975,1.0,0.8,1.8,True,52.33024584291382,-5.780087628941975,732.661733502036,0.0,0.0,732.661733502036,1340042.2642,1958673.0799,1340042.2642,api_detail,api_detail
2026-03-24 01:00:00+00:00,2,2,2,fee_adjusted_spread_bps,0xcd0a9bc63323cd038128dfcb3a5f4f7a2946548e3ae437043fd4124218e170f0,0x5777d92f208679db4b9778590fa3cab3ac9e2168,DAI / USDC 0.008%,DAI / USDC 0.01%,uniswap-v4-ethereum,uniswap_v3,1.00198625782148,1.00393491436481,1.00273095155898,0.995901127840539,1.00393491436481,0.997137106556041,19.44793681668555,80.66851517370077,-55.786100890193865,0.8,1.0,1.8,True,17.64793681668555,-57.58610089019386,416.93714125345946,611.7339871414009,416.93714125345946,1028.6711283948603,1958673.0799,1340042.2642,1340042.2642,api_detail,api_detail
2026-03-24 02:00:00+00:00,2,2,2,fee_adjusted_spread_bps,0x5777d92f208679db4b9778590fa3cab3ac9e2168,0xcd0a9bc63323cd038128dfcb3a5f4f7a2946548e3ae437043fd4124218e170f0,DAI / USDC 0.01%,DAI / USDC 0.008%,uniswap_v3,uniswap-v4-ethereum,0.997294530668681,1.00198625782148,1.00393491436481,0.997294530668681,1.00198625782148,1.00198625782148,47.04454911282019,47.04454911282019,-19.41018800569294,1.0,0.8,1.8,True,45.244549112820195,-21.21018800569294,4737.14902067623,0.0,0.0,4737.14902067623,1340042.2642,1958673.0799,1340042.2642,api_detail,api_detail
2026-03-24 03:00:00+00:00,2,2,2,fee_adjusted_spread_bps,0xcd0a9bc63323cd038128dfcb3a5f4f7a2946548e3ae437043fd4124218e170f0,0x5777d92f208679db4b9778590fa3cab3ac9e2168,DAI / USDC 0.008%,DAI / USDC 0.01%,uniswap-v4-ethereum,uniswap_v3,1.00252822606038,1.00310838780254,1.00279621377227,1.00198625782148,1.00310966814524,0.997294530668681,5.78698661123811,11.211833645330405,-54.8634211819865,0.8,1.0,1.8,True,3.98698661123811,-56.6634211819865,138.128680915198,506.5703504067315,138.128680915198,644.6990313219295,1958673.0799,1340042.2642,1340042.2642,api_detail,api_detail
2026-03-24 04:00:00+00:00,2,2,2,fee_adjusted_spread_bps,0x5777d92f208679db4b9778590fa3cab3ac9e2168,0xcd0a9bc63323cd038128dfcb3a5f4f7a2946548e3ae437043fd4124218e170f0,DAI / USDC 0.01%,DAI / USDC 0.008%,uniswap_v3,uniswap-v4-ethereum,0.99679988373243,0.999828676086683,1.00310838780254,0.99679988373243,1.00252822606038,0.999014145503683,30.385159586014954,57.46732540237387,-40.8155524232634,1.0,0.8,1.8,True,28.585159586014953,-42.615552423263395,315.717164850863,28.45263968075211,28.45263968075211,344.1698045316151,1340042.2642,1958673.0799,1340042.2642,api_detail,api_detail
2026-03-24 05:00:00+00:00,2,2,2,fee_adjusted_spread_bps,0x5777d92f208679db4b9778590fa3cab3ac9e2168,0xcd0a9bc63323cd038128dfcb3a5f4f7a2946548e3ae437043fd4124218e170f0,DAI / USDC 0.01%,DAI / USDC 0.008%,uniswap_v3,uniswap-v4-ethereum,1.00310328281798,1.00371781330314,1.00310328281798,0.99679988373243,1.00371781330314,0.999828676086683,6.126293231076829,69.40138821852848,-32.64476138586381,1.0,0.8,1.8,True,4.326293231076829,-34.444761385863806,86.71614354051015,33.4356576389528,33.4356576389528,120.15180117946295,1340042.2642,1958673.0799,1340042.2642,api_detail,api_detail
2026-03-24 06:00:00+00:00,2,2,2,fee_adjusted_spread_bps,0xcd0a9bc63323cd038128dfcb3a5f4f7a2946548e3ae437043fd4124218e170f0,0x5777d92f208679db4b9778590fa3cab3ac9e2168,DAI / USDC 0.008%,DAI / USDC 0.01%,uniswap-v4-ethereum,uniswap_v3,1.00022140204041,1.00318880674433,1.00393857703506,0.999855693989158,1.00318880674433,1.00310328281798,29.66747859890262,33.33593812796964,-8.320172530343894,0.8,1.0,1.8,True,27.86747859890262,-10.120172530343895,307.9934110621982,5191.0895331124,307.9934110621982,5499.082944174598,1958673.0799,1340042.2642,1340042.2642,api_detail,api_detail
2026-03-24 07:00:00+00:00,2,2,2,fee_adjusted_spread_bps,0x5777d92f208679db4b9778590fa3cab3ac9e2168,0xcd0a9bc63323cd038128dfcb3a5f4f7a2946548e3ae437043fd4124218e170f0,DAI / USDC 0.01%,DAI / USDC 0.008%,uniswap_v3,uniswap-v4-ethereum,0.997145890950741,0.998905767971303,1.00318880674433,0.997145847960228,1.00101574471285,0.994944140374228,17.64914278375107,38.80973641457119,-82.18459291684744,1.0,0.8,1.8,True,15.84914278375107,-83.98459291684743,30347.1867664106,936.9771314550687,936.9771314550687,31284.163897865667,1340042.2642,1958673.0799,1340042.2642,api_detail,api_detail
2026-03-24 08:00:00+00:00,2,2,2,fee_adjusted_spread_bps,0x5777d92f208679db4b9778590fa3cab3ac9e2168,0xcd0a9bc63323cd038128dfcb3a5f4f7a2946548e3ae437043fd4124218e170f0,DAI / USDC 0.01%,DAI / USDC 0.008%,uniswap_v3,uniswap-v4-ethereum,1.00318941681531,1.00433431248393,1.00318941681531,0.997145890950741,1.00433431248393,0.997334935492411,11.41255728409174,72.08996796181033,-58.358683063906014,1.0,0.8,1.8,True,9.61255728409174,-60.15868306390601,12782.42717115344,197.78961197363637,197.78961197363637,12980.216783127076,1340042.2642,1958673.0799,1340042.2642,api_detail,api_detail
2026-03-24 09:00:00+00:00,2,2,2,fee_adjusted_spread_bps,0xcd0a9bc63323cd038128dfcb3a5f4f7a2946548e3ae437043fd4124218e170f0,0x5777d92f208679db4b9778590fa3cab3ac9e2168,DAI / USDC 0.008%,DAI / USDC 0.01%,uniswap-v4-ethereum,uniswap_v3,0.99932492095092,1.00315503403058,1.00433431248393,0.99515474418153,1.00318941681531,1.00315349717517,38.327004554388196,80.73792222523136,-11.757193736011695,0.8,1.0,1.8,True,36.5270045543882,-13.557193736011696,924.6053733483268,13.00959009522273,13.00959009522273,937.6149634435495,1958673.0799,1340042.2642,1340042.2642,api_detail,api_detail
2026-03-24 10:00:00+00:00,2,2,2,fee_adjusted_spread_bps,0x5777d92f208679db4b9778590fa3cab3ac9e2168,0xcd0a9bc63323cd038128dfcb3a5f4f7a2946548e3ae437043fd4124218e170f0,DAI / USDC 0.01%,DAI / USDC 0.008%,uniswap_v3,uniswap-v4-ethereum,0.997167839598463,0.99932492095092,1.00315503403058,0.997167836687446,0.99932492095092,0.99932492095092,21.632079042235297,21.632108298235142,-38.18066948506393,1.0,0.8,1.8,True,19.832079042235296,-39.98066948506393,25.58685885736171,0.0,0.0,25.58685885736171,1340042.2642,1958673.0799,1340042.2642,api_detail,api_detail
2026-03-24 11:00:00+00:00,2,2,2,fee_adjusted_spread_bps,0x5777d92f208679db4b9778590fa3cab3ac9e2168,0xcd0a9bc63323cd038128dfcb3a5f4f7a2946548e3ae437043fd4124218e170f0,DAI / USDC 0.01%,DAI / USDC 0.008%,uniswap_v3,uniswap-v4-ethereum,0.997226644239427,1.002524491032,1.0029226074255,0.997048529591108,1.002524491032,0.99932492095092,53.1258046821792,54.92171422325498,-35.87202489946151,1.0,0.8,1.8,True,51.325804682179204,-37.672024899461505,1035.59213916555,95.2166585408977,95.2166585408977,1130.8087977064476,1340042.2642,1958673.0799,1340042.2642,api_detail,api_detail
2026-03-24 12:00:00+00:00,2,2,2,fee_adjusted_spread_bps,0xcd0a9bc63323cd038128dfcb3a5f4f7a2946548e3ae437043fd4124218e170f0,0x5777d92f208679db4b9778590fa3cab3ac9e2168,DAI / USDC 0.008%,DAI / USDC 0.01%,uniswap-v4-ethereum,uniswap_v3,1.002524491032,1.00281764653733,1.002524491032,1.002524491032,1.0030884507564,0.997226644239427,2.924173004774655,5.625395982291614,-52.84506104304087,0.8,1.0,1.8,True,1.124173004774655,-54.64506104304087,0.0,100.41693652730866,0.0,100.41693652730866,1958673.0799,1340042.2642,1340042.2642,api_detail,api_detail
2026-03-24 13:00:00+00:00,2,2,2,fee_adjusted_spread_bps,0x5777d92f208679db4b9778590fa3cab3ac9e2168,0xcd0a9bc63323cd038128dfcb3a5f4f7a2946548e3ae437043fd4124218e170f0,DAI / USDC 0.01%,DAI / USDC 0.008%,uniswap_v3,uniswap-v4-ethereum,1.0028212877213,1.00305926717088,1.0028212877213,1.00097964185577,1.00305926717088,1.00065399722177,2.3730992998838296,20.775900209664133,-21.6119315182739,1.0,0.8,1.8,True,0.5730992998838296,-23.4119315182739,3634.875929007775,2943.585379077491,2943.585379077491,6578.461308085266,1340042.2642,1958673.0799,1340042.2642,api_detail,api_detail
2026-03-24 14:00:00+00:00,2,2,2,fee_adjusted_spread_bps,0xcd0a9bc63323cd038128dfcb3a5f4f7a2946548e3ae437043fd4124218e170f0,0x5777d92f208679db4b9778590fa3cab3ac9e2168,DAI / USDC 0.008%,DAI / USDC 0.01%,uniswap-v4-ethereum,uniswap_v3,1.00229411602061,1.002837545081,1.00358113754656,0.997748455886375,1.00286783834112,0.997106989213919,5.421852245801606,51.30934981199431,-64.51046248705072,0.8,1.0,1.8,True,3.6218522458016063,-66.31046248705071,330.7487294687423,954.4643711559165,330.7487294687423,1285.2131006246589,1958673.0799,1340042.2642,1340042.2642,api_detail,api_detail
2026-03-24 15:00:00+00:00,2,2,2,fee_adjusted_spread_bps,0x5777d92f208679db4b9778590fa3cab3ac9e2168,0xcd0a9bc63323cd038128dfcb3a5f4f7a2946548e3ae437043fd4124218e170f0,DAI / USDC 0.01%,DAI / USDC 0.008%,uniswap_v3,uniswap-v4-ethereum,0.997081677189765,0.999432307102301,1.00320220949843,0.997081677189765,1.00229411602061,0.999432307102301,23.575098874157874,52.27694932210536,-37.57868912603324,1.0,0.8,1.8,True,21.775098874157873,-39.37868912603324,1692.8843514771236,118.2900216539331,118.2900216539331,1811.1743731310567,1340042.2642,1958673.0799,1340042.2642,api_detail,api_detail
