timestamp,buy_pool_address,sell_pool_address,buy_pool_name,sell_pool_name,buy_dex,sell_dex,buy_price_usd,sell_price_usd,buy_high_usd,buy_low_usd,sell_high_usd,sell_low_usd,observed_spread_bps,optimistic_spread_bps,conservative_spread_bps,buy_fee_bps,sell_fee_bps,explicit_fee_total_bps,explicit_fee_known,fee_adjusted_spread_bps,conservative_fee_adjusted_spread_bps,buy_volume_usd,sell_volume_usd,min_pool_volume_usd,total_volume_usd,buy_reserve_usd,sell_reserve_usd,min_pool_reserve_usd,buy_fee_source,sell_fee_source
2026-03-16 08:00:00+00:00,0x5777d92f208679db4b9778590fa3cab3ac9e2168,0xcd0a9bc63323cd038128dfcb3a5f4f7a2946548e3ae437043fd4124218e170f0,DAI / USDC 0.01%,DAI / USDC 0.008%,uniswap_v3,uniswap-v4-ethereum,1.00272828385957,1.00406273258474,1.00273326688919,0.996861505979519,1.00424904452245,0.994748977807955,13.308178762383438,74.10797285899662,-79.62525374275108,1.0,0.8,1.8,True,11.508178762383437,-81.42525374275108,2043.8311777605757,8061.197207780787,2043.8311777605757,10105.028385541362,1340042.2642,1958673.0799,1340042.2642,api_detail,api_detail
2026-03-16 08:00:00+00:00,0xcd0a9bc63323cd038128dfcb3a5f4f7a2946548e3ae437043fd4124218e170f0,0x5777d92f208679db4b9778590fa3cab3ac9e2168,DAI / USDC 0.008%,DAI / USDC 0.01%,uniswap-v4-ethereum,uniswap_v3,1.00406273258474,1.00272828385957,1.00424904452245,0.994748977807955,1.00273326688919,0.996861505979519,-13.29049153865891,80.26436075188714,-73.56281375845319,0.8,1.0,1.8,True,-15.090491538658911,-75.36281375845319,8061.197207780787,2043.8311777605757,2043.8311777605757,10105.028385541362,1958673.0799,1340042.2642,1340042.2642,api_detail,api_detail
2026-03-16 09:00:00+00:00,0x5777d92f208679db4b9778590fa3cab3ac9e2168,0xcd0a9bc63323cd038128dfcb3a5f4f7a2946548e3ae437043fd4124218e170f0,DAI / USDC 0.01%,DAI / USDC 0.008%,uniswap_v3,uniswap-v4-ethereum,0.99722886087561,0.998689543197326,1.00275722518512,0.996720055609607,1.00406273258474,0.998689543197326,14.64741323705221,73.66839800009961,-40.564973112441336,1.0,0.8,1.8,True,12.847413237052209,-42.364973112441334,30840.67522106311,351.3846673597789,351.3846673597789,31192.05988842289,1340042.2642,1958673.0799,1340042.2642,api_detail,api_detail
2026-03-16 09:00:00+00:00,0xcd0a9bc63323cd038128dfcb3a5f4f7a2946548e3ae437043fd4124218e170f0,0x5777d92f208679db4b9778590fa3cab3ac9e2168,DAI / USDC 0.008%,DAI / USDC 0.01%,uniswap-v4-ethereum,uniswap_v3,0.998689543197326,0.99722886087561,1.00406273258474,0.998689543197326,1.00275722518512,0.996720055609607,-14.625989945178386,40.7301950391048,-73.12966348458016,0.8,1.0,1.8,True,-16.425989945178387,-74.92966348458016,351.3846673597789,30840.67522106311,351.3846673597789,31192.05988842289,1958673.0799,1340042.2642,1340042.2642,api_detail,api_detail
2026-03-16 10:00:00+00:00,0x5777d92f208679db4b9778590fa3cab3ac9e2168,0xcd0a9bc63323cd038128dfcb3a5f4f7a2946548e3ae437043fd4124218e170f0,DAI / USDC 0.01%,DAI / USDC 0.008%,uniswap_v3,uniswap-v4-ethereum,0.997160546925394,1.00240902828416,1.00266172192916,0.996655230158235,1.00240902828416,0.998689543197326,52.63426611641364,57.7310784293128,-39.61633963837197,1.0,0.8,1.8,True,50.834266116413644,-41.416339638371966,38992.02906791581,160.3597283575684,160.3597283575684,39152.38879627338,1340042.2642,1958673.0799,1340042.2642,api_detail,api_detail
2026-03-16 10:00:00+00:00,0xcd0a9bc63323cd038128dfcb3a5f4f7a2946548e3ae437043fd4124218e170f0,0x5777d92f208679db4b9778590fa3cab3ac9e2168,DAI / USDC 0.008%,DAI / USDC 0.01%,uniswap-v4-ethereum,uniswap_v3,1.00240902828416,0.997160546925394,1.00240902828416,0.998689543197326,1.00266172192916,0.996655230158235,-52.35868004650701,39.77390930836266,-57.39970374941561,0.8,1.0,1.8,True,-54.15868004650701,-59.199703749415605,160.3597283575684,38992.02906791581,160.3597283575684,39152.38879627338,1958673.0799,1340042.2642,1340042.2642,api_detail,api_detail
2026-03-16 11:00:00+00:00,0x5777d92f208679db4b9778590fa3cab3ac9e2168,0xcd0a9bc63323cd038128dfcb3a5f4f7a2946548e3ae437043fd4124218e170f0,DAI / USDC 0.01%,DAI / USDC 0.008%,uniswap_v3,uniswap-v4-ethereum,0.996830110478285,0.995852478605235,0.997343315121754,0.996825249304794,1.00240902828416,0.995852478605235,-9.807407127588874,56.01562543946726,-14.948077496634848,1.0,0.8,1.8,True,-11.607407127588875,-16.74807749663485,3213.672522180205,1038.5232619711235,1038.5232619711235,4252.195784151329,1340042.2642,1958673.0799,1340042.2642,api_detail,api_detail
2026-03-16 11:00:00+00:00,0xcd0a9bc63323cd038128dfcb3a5f4f7a2946548e3ae437043fd4124218e170f0,0x5777d92f208679db4b9778590fa3cab3ac9e2168,DAI / USDC 0.008%,DAI / USDC 0.01%,uniswap-v4-ethereum,uniswap_v3,0.995852478605235,0.996830110478285,1.00240902828416,0.995852478605235,0.997343315121754,0.996825249304794,9.817035093584447,14.970455449456743,-55.70359824994653,0.8,1.0,1.8,True,8.017035093584447,-57.50359824994653,1038.5232619711235,3213.672522180205,1038.5232619711235,4252.195784151329,1958673.0799,1340042.2642,1340042.2642,api_detail,api_detail
2026-03-16 12:00:00+00:00,0x5777d92f208679db4b9778590fa3cab3ac9e2168,0xcd0a9bc63323cd038128dfcb3a5f4f7a2946548e3ae437043fd4124218e170f0,DAI / USDC 0.01%,DAI / USDC 0.008%,uniswap_v3,uniswap-v4-ethereum,0.997756827802588,0.997254845348007,0.999428772461994,0.996830110478285,1.00211417253714,0.995852478605235,-5.031110192315058,53.00865215959183,-35.78337901908868,1.0,0.8,1.8,True,-6.831110192315058,-37.583379019088675,46081.33348991902,686.2807607670967,686.2807607670967,46767.61425068612,1340042.2642,1958673.0799,1340042.2642,api_detail,api_detail
2026-03-16 12:00:00+00:00,0xcd0a9bc63323cd038128dfcb3a5f4f7a2946548e3ae437043fd4124218e170f0,0x5777d92f208679db4b9778590fa3cab3ac9e2168,DAI / USDC 0.008%,DAI / USDC 0.01%,uniswap-v4-ethereum,uniswap_v3,0.997254845348007,0.997756827802588,1.00211417253714,0.995852478605235,0.999428772461994,0.996830110478285,5.0336426734109985,35.911883874284456,-52.729142084448895,0.8,1.0,1.8,True,3.2336426734109986,-54.52914208444889,686.2807607670967,46081.33348991902,686.2807607670967,46767.61425068612,1958673.0799,1340042.2642,1340042.2642,api_detail,api_detail
2026-03-16 13:00:00+00:00,0x5777d92f208679db4b9778590fa3cab3ac9e2168,0xcd0a9bc63323cd038128dfcb3a5f4f7a2946548e3ae437043fd4124218e170f0,DAI / USDC 0.01%,DAI / USDC 0.008%,uniswap_v3,uniswap-v4-ethereum,1.0027567609989,0.997172346862888,1.00304050052734,0.997246801842283,1.00469584216937,0.996435661365415,-55.69061564291155,74.69605631550635,-65.84818019265026,1.0,0.8,1.8,True,-57.49061564291155,-67.64818019265026,117971.80120741588,2972.3708407373697,2972.3708407373697,120944.17204815324,1340042.2642,1958673.0799,1340042.2642,api_detail,api_detail
2026-03-16 13:00:00+00:00,0xcd0a9bc63323cd038128dfcb3a5f4f7a2946548e3ae437043fd4124218e170f0,0x5777d92f208679db4b9778590fa3cab3ac9e2168,DAI / USDC 0.008%,DAI / USDC 0.01%,uniswap-v4-ethereum,uniswap_v3,0.997172346862888,1.0027567609989,1.00469584216937,0.996435661365415,1.00304050052734,0.997246801842283,56.002496996439,66.28465256727667,-74.14224299965966,0.8,1.0,1.8,True,54.202496996439,-75.94224299965965,2972.3708407373697,117971.80120741588,2972.3708407373697,120944.17204815324,1958673.0799,1340042.2642,1340042.2642,api_detail,api_detail
2026-03-16 14:00:00+00:00,0x5777d92f208679db4b9778590fa3cab3ac9e2168,0xcd0a9bc63323cd038128dfcb3a5f4f7a2946548e3ae437043fd4124218e170f0,DAI / USDC 0.01%,DAI / USDC 0.008%,uniswap_v3,uniswap-v4-ethereum,1.00216477526347,0.999978688439079,1.00308378779446,0.996849667842094,1.0028042031483,0.994168695724703,-21.813646601340775,59.733533533656846,-88.87684337276713,1.0,0.8,1.8,True,-23.613646601340776,-90.67684337276712,571588.2161760215,22580.34467657846,22580.34467657846,594168.5608525999,1340042.2642,1958673.0799,1340042.2642,api_detail,api_detail
2026-03-16 14:00:00+00:00,0xcd0a9bc63323cd038128dfcb3a5f4f7a2946548e3ae437043fd4124218e170f0,0x5777d92f208679db4b9778590fa3cab3ac9e2168,DAI / USDC 0.008%,DAI / USDC 0.01%,uniswap-v4-ethereum,uniswap_v3,0.999978688439079,1.00216477526347,1.0028042031483,0.994168695724703,1.00308378779446,0.996849667842094,21.861334143062905,89.6738361215288,-59.378842724350235,0.8,1.0,1.8,True,20.061334143062904,-61.17884272435023,22580.34467657846,571588.2161760215,22580.34467657846,594168.5608525999,1958673.0799,1340042.2642,1340042.2642,api_detail,api_detail
2026-03-16 15:00:00+00:00,0x5777d92f208679db4b9778590fa3cab3ac9e2168,0xcd0a9bc63323cd038128dfcb3a5f4f7a2946548e3ae437043fd4124218e170f0,DAI / USDC 0.01%,DAI / USDC 0.008%,uniswap_v3,uniswap-v4-ethereum,1.00273477919816,1.0022125865036,1.00277827677309,0.996553921864206,1.0022125865036,0.999978688439079,-5.2076850767812655,56.78232271474792,-27.91831852421045,1.0,0.8,1.8,True,-7.007685076781265,-29.71831852421045,10922.728073789582,53.8175355145391,53.8175355145391,10976.545609304121,1340042.2642,1958673.0799,1340042.2642,api_detail,api_detail
2026-03-16 15:00:00+00:00,0xcd0a9bc63323cd038128dfcb3a5f4f7a2946548e3ae437043fd4124218e170f0,0x5777d92f208679db4b9778590fa3cab3ac9e2168,DAI / USDC 0.008%,DAI / USDC 0.01%,uniswap-v4-ethereum,uniswap_v3,1.0022125865036,1.00273477919816,1.0022125865036,0.999978688439079,1.00277827677309,0.996553921864206,5.210398488226797,27.99647998879884,-56.4617199543993,0.8,1.0,1.8,True,3.4103984882267975,-58.2617199543993,53.8175355145391,10922.728073789582,53.8175355145391,10976.545609304121,1958673.0799,1340042.2642,1340042.2642,api_detail,api_detail
2026-03-16 16:00:00+00:00,0x5777d92f208679db4b9778590fa3cab3ac9e2168,0xcd0a9bc63323cd038128dfcb3a5f4f7a2946548e3ae437043fd4124218e170f0,DAI / USDC 0.01%,DAI / USDC 0.008%,uniswap_v3,uniswap-v4-ethereum,0.997646490025727,0.999496571233409,1.00273477919816,0.996630930697318,1.0022125865036,0.999496571233409,18.544456640490203,56.005243609855704,-32.29376333531042,1.0,0.8,1.8,True,16.744456640490203,-34.09376333531042,33493.98909520114,258.3604433132115,258.3604433132115,33752.349538514354,1340042.2642,1958673.0799,1340042.2642,api_detail,api_detail
2026-03-16 16:00:00+00:00,0xcd0a9bc63323cd038128dfcb3a5f4f7a2946548e3ae437043fd4124218e170f0,0x5777d92f208679db4b9778590fa3cab3ac9e2168,DAI / USDC 0.008%,DAI / USDC 0.01%,uniswap-v4-ethereum,uniswap_v3,0.999496571233409,0.997646490025727,1.0022125865036,0.999496571233409,1.00273477919816,0.996630930697318,-18.510130609040722,32.39838992899146,-55.69333174865299,0.8,1.0,1.8,True,-20.310130609040723,-57.493331748652984,258.3604433132115,33493.98909520114,258.3604433132115,33752.349538514354,1958673.0799,1340042.2642,1340042.2642,api_detail,api_detail
2026-03-16 17:00:00+00:00,0x5777d92f208679db4b9778590fa3cab3ac9e2168,0xcd0a9bc63323cd038128dfcb3a5f4f7a2946548e3ae437043fd4124218e170f0,DAI / USDC 0.01%,DAI / USDC 0.008%,uniswap_v3,uniswap-v4-ethereum,0.997473525815452,0.997322099411707,0.998329717915011,0.997179607725785,1.00135979062393,0.997322099411707,-1.5180994765873201,41.92005999479331,-10.093043262384693,1.0,0.8,1.8,True,-3.31809947658732,-11.893043262384694,234177.41588204884,547.207149622498,547.207149622498,234724.62303167133,1340042.2642,1958673.0799,1340042.2642,api_detail,api_detail
2026-03-16 17:00:00+00:00,0xcd0a9bc63323cd038128dfcb3a5f4f7a2946548e3ae437043fd4124218e170f0,0x5777d92f208679db4b9778590fa3cab3ac9e2168,DAI / USDC 0.008%,DAI / USDC 0.01%,uniswap-v4-ethereum,uniswap_v3,0.997322099411707,0.997473525815452,1.00135979062393,0.997322099411707,0.998329717915011,0.997179607725785,1.5183299741816647,10.103240506735833,-41.74506443423765,0.8,1.0,1.8,True,-0.28167002581833533,-43.545064434237645,547.207149622498,234177.41588204884,547.207149622498,234724.62303167133,1958673.0799,1340042.2642,1340042.2642,api_detail,api_detail
2026-03-16 18:00:00+00:00,0x5777d92f208679db4b9778590fa3cab3ac9e2168,0xcd0a9bc63323cd038128dfcb3a5f4f7a2946548e3ae437043fd4124218e170f0,DAI / USDC 0.01%,DAI / USDC 0.008%,uniswap_v3,uniswap-v4-ethereum,1.00305790004729,1.00065929019401,1.00312889405485,0.997452965075317,1.00249663735303,0.997322099411707,-23.91297504527823,50.565514909588494,-57.88682468980344,1.0,0.8,1.8,True,-25.71297504527823,-59.68682468980344,49106.38293181037,390.5178032440261,390.5178032440261,49496.90073505439,1340042.2642,1958673.0799,1340042.2642,api_detail,api_detail
2026-03-16 18:00:00+00:00,0xcd0a9bc63323cd038128dfcb3a5f4f7a2946548e3ae437043fd4124218e170f0,0x5777d92f208679db4b9778590fa3cab3ac9e2168,DAI / USDC 0.008%,DAI / USDC 0.01%,uniswap-v4-ethereum,uniswap_v3,1.00065929019401,1.00305790004729,1.00249663735303,0.997322099411707,1.00312889405485,0.997452965075317,23.970295152258014,58.223864151494276,-50.3111141702195,0.8,1.0,1.8,True,22.170295152258014,-52.111114170219494,390.5178032440261,49106.38293181037,390.5178032440261,49496.90073505439,1958673.0799,1340042.2642,1340042.2642,api_detail,api_detail
2026-03-16 19:00:00+00:00,0x5777d92f208679db4b9778590fa3cab3ac9e2168,0xcd0a9bc63323cd038128dfcb3a5f4f7a2946548e3ae437043fd4124218e170f0,DAI / USDC 0.01%,DAI / USDC 0.008%,uniswap_v3,uniswap-v4-ethereum,1.00279015330281,1.00065658508582,1.00305790004729,1.00265391124275,1.00065929019401,1.00065658508582,-21.276317981013815,-19.893415129331736,-23.93994365984975,1.0,0.8,1.8,True,-23.076317981013815,-25.73994365984975,18145.79041181709,56.7784804420861,56.7784804420861,18202.568892259176,1340042.2642,1958673.0799,1340042.2642,api_detail,api_detail
2026-03-16 19:00:00+00:00,0xcd0a9bc63323cd038128dfcb3a5f4f7a2946548e3ae437043fd4124218e170f0,0x5777d92f208679db4b9778590fa3cab3ac9e2168,DAI / USDC 0.008%,DAI / USDC 0.01%,uniswap-v4-ethereum,uniswap_v3,1.00065658508582,1.00279015330281,1.00065929019401,1.00065658508582,1.00305790004729,1.00265391124275,21.321682671053832,23.99739328416972,19.933068810598087,0.8,1.0,1.8,True,19.52168267105383,18.133068810598086,56.7784804420861,18145.79041181709,56.7784804420861,18202.568892259176,1958673.0799,1340042.2642,1340042.2642,api_detail,api_detail
2026-03-16 20:00:00+00:00,0x5777d92f208679db4b9778590fa3cab3ac9e2168,0xcd0a9bc63323cd038128dfcb3a5f4f7a2946548e3ae437043fd4124218e170f0,DAI / USDC 0.01%,DAI / USDC 0.008%,uniswap_v3,uniswap-v4-ethereum,1.00301672232546,0.999423204593334,1.00301712678703,1.00279015330281,1.00065658508582,0.998484977459202,-35.827096918130685,-21.276317981013815,-45.18516390987215,1.0,0.8,1.8,True,-37.62709691813068,-46.98516390987215,112240.08162552345,533.3534801324248,533.3534801324248,112773.43510565588,1340042.2642,1958673.0799,1340042.2642,api_detail,api_detail
2026-03-16 20:00:00+00:00,0xcd0a9bc63323cd038128dfcb3a5f4f7a2946548e3ae437043fd4124218e170f0,0x5777d92f208679db4b9778590fa3cab3ac9e2168,DAI / USDC 0.008%,DAI / USDC 0.01%,uniswap-v4-ethereum,uniswap_v3,0.999423204593334,1.00301672232546,1.00065658508582,0.998484977459202,1.00301712678703,1.00279015330281,35.955916528755964,45.39026054614092,21.321682671053832,0.8,1.0,1.8,True,34.15591652875597,19.52168267105383,533.3534801324248,112240.08162552345,533.3534801324248,112773.43510565588,1958673.0799,1340042.2642,1340042.2642,api_detail,api_detail
2026-03-16 21:00:00+00:00,0x5777d92f208679db4b9778590fa3cab3ac9e2168,0xcd0a9bc63323cd038128dfcb3a5f4f7a2946548e3ae437043fd4124218e170f0,DAI / USDC 0.01%,DAI / USDC 0.008%,uniswap_v3,uniswap-v4-ethereum,1.00314307347732,1.00096231826054,1.0031462666481,0.997006183885488,1.00096231826054,0.999423204593334,-21.739224188832562,39.6801387894552,-37.11385047771798,1.0,0.8,1.8,True,-23.539224188832563,-38.91385047771798,25840.55827734019,1412.115174182183,1412.115174182183,27252.673451522372,1340042.2642,1958673.0799,1340042.2642,api_detail,api_detail
2026-03-16 21:00:00+00:00,0xcd0a9bc63323cd038128dfcb3a5f4f7a2946548e3ae437043fd4124218e170f0,0x5777d92f208679db4b9778590fa3cab3ac9e2168,DAI / USDC 0.008%,DAI / USDC 0.01%,uniswap-v4-ethereum,uniswap_v3,1.00096231826054,1.00314307347732,1.00096231826054,0.999423204593334,1.0031462666481,0.997006183885488,21.786586537737573,37.25210739209173,-39.52330974783314,0.8,1.0,1.8,True,19.986586537737573,-41.323309747833136,1412.115174182183,25840.55827734019,1412.115174182183,27252.673451522372,1958673.0799,1340042.2642,1340042.2642,api_detail,api_detail
2026-03-16 22:00:00+00:00,0x5777d92f208679db4b9778590fa3cab3ac9e2168,0xcd0a9bc63323cd038128dfcb3a5f4f7a2946548e3ae437043fd4124218e170f0,DAI / USDC 0.01%,DAI / USDC 0.008%,uniswap_v3,uniswap-v4-ethereum,1.00235651161387,1.00510011892193,1.0031431406083,0.998205434153675,1.00510011892193,0.998665242535225,27.371571654106752,69.07079978081487,-44.638675098347406,1.0,0.8,1.8,True,25.57157165410675,-46.4386750983474,32745.000555183975,3290.4163770764076,3290.4163770764076,36035.416932260385,1340042.2642,1958673.0799,1340042.2642,api_detail,api_detail
2026-03-16 22:00:00+00:00,0xcd0a9bc63323cd038128dfcb3a5f4f7a2946548e3ae437043fd4124218e170f0,0x5777d92f208679db4b9778590fa3cab3ac9e2168,DAI / USDC 0.008%,DAI / USDC 0.01%,uniswap-v4-ethereum,uniswap_v3,1.00510011892193,1.00235651161387,1.00510011892193,0.998665242535225,1.0031431406083,0.998205434153675,-27.29685586947084,44.838829693394366,-68.59699485112225,0.8,1.0,1.8,True,-29.09685586947084,-70.39699485112224,3290.4163770764076,32745.000555183975,3290.4163770764076,36035.416932260385,1958673.0799,1340042.2642,1340042.2642,api_detail,api_detail
2026-03-16 23:00:00+00:00,0x5777d92f208679db4b9778590fa3cab3ac9e2168,0xcd0a9bc63323cd038128dfcb3a5f4f7a2946548e3ae437043fd4124218e170f0,DAI / USDC 0.01%,DAI / USDC 0.008%,uniswap_v3,uniswap-v4-ethereum,0.996938199974454,1.0015092591631,1.00314361357565,0.996736845504268,1.00510011892193,0.997436525979734,45.85097841333763,83.90653416078698,-56.89202940318161,1.0,0.8,1.8,True,44.05097841333763,-58.69202940318161,568573.9336003234,1765.5855100917315,1765.5855100917315,570339.5191104151,1340042.2642,1958673.0799,1340042.2642,api_detail,api_detail
2026-03-16 23:00:00+00:00,0xcd0a9bc63323cd038128dfcb3a5f4f7a2946548e3ae437043fd4124218e170f0,0x5777d92f208679db4b9778590fa3cab3ac9e2168,DAI / USDC 0.008%,DAI / USDC 0.01%,uniswap-v4-ethereum,uniswap_v3,1.0015092591631,0.996938199974454,1.00510011892193,0.997436525979734,1.00314361357565,0.996736845504268,-45.64170672237022,57.21755166635978,-83.20836163697165,0.8,1.0,1.8,True,-47.44170672237022,-85.00836163697164,1765.5855100917315,568573.9336003234,1765.5855100917315,570339.5191104151,1958673.0799,1340042.2642,1340042.2642,api_detail,api_detail
2026-03-17 00:00:00+00:00,0x5777d92f208679db4b9778590fa3cab3ac9e2168,0xcd0a9bc63323cd038128dfcb3a5f4f7a2946548e3ae437043fd4124218e170f0,DAI / USDC 0.01%,DAI / USDC 0.008%,uniswap_v3,uniswap-v4-ethereum,1.00245361573375,1.0001414054377,1.00245361573375,0.996938199974454,1.0015092591631,0.998135894536682,-23.065509064552625,45.85097841333763,-43.07153098458083,1.0,0.8,1.8,True,-24.865509064552626,-44.87153098458083,180275.83375637152,6899.498148831492,6899.498148831492,187175.331905203,1340042.2642,1958673.0799,1340042.2642,api_detail,api_detail
2026-03-17 00:00:00+00:00,0xcd0a9bc63323cd038128dfcb3a5f4f7a2946548e3ae437043fd4124218e170f0,0x5777d92f208679db4b9778590fa3cab3ac9e2168,DAI / USDC 0.008%,DAI / USDC 0.01%,uniswap-v4-ethereum,uniswap_v3,1.0001414054377,1.00245361573375,1.0015092591631,0.998135894536682,1.00245361573375,0.996938199974454,23.11883383168345,43.25784916363817,-45.64170672237022,0.8,1.0,1.8,True,21.31883383168345,-47.44170672237022,6899.498148831492,180275.83375637152,6899.498148831492,187175.331905203,1958673.0799,1340042.2642,1340042.2642,api_detail,api_detail
2026-03-17 01:00:00+00:00,0x5777d92f208679db4b9778590fa3cab3ac9e2168,0xcd0a9bc63323cd038128dfcb3a5f4f7a2946548e3ae437043fd4124218e170f0,DAI / USDC 0.01%,DAI / USDC 0.008%,uniswap_v3,uniswap-v4-ethereum,1.00257984568869,0.997395808155322,1.003006682803,0.997219984004271,1.0001414054377,0.997395808155322,-51.706979306042065,29.295656728600683,-55.940550984144856,1.0,0.8,1.8,True,-53.50697930604206,-57.74055098414485,18671.000421556797,19.5374046824136,19.5374046824136,18690.53782623921,1340042.2642,1958673.0799,1340042.2642,api_detail,api_detail
2026-03-17 01:00:00+00:00,0xcd0a9bc63323cd038128dfcb3a5f4f7a2946548e3ae437043fd4124218e170f0,0x5777d92f208679db4b9778590fa3cab3ac9e2168,DAI / USDC 0.008%,DAI / USDC 0.01%,uniswap-v4-ethereum,uniswap_v3,0.997395808155322,1.00257984568869,1.0001414054377,0.997395808155322,1.003006682803,0.997219984004271,51.97573010614409,56.25524592944853,-29.210083869595227,0.8,1.0,1.8,True,50.175730106144094,-31.010083869595228,19.5374046824136,18671.000421556797,19.5374046824136,18690.53782623921,1958673.0799,1340042.2642,1340042.2642,api_detail,api_detail
2026-03-17 02:00:00+00:00,0x5777d92f208679db4b9778590fa3cab3ac9e2168,0xcd0a9bc63323cd038128dfcb3a5f4f7a2946548e3ae437043fd4124218e170f0,DAI / USDC 0.01%,DAI / USDC 0.008%,uniswap_v3,uniswap-v4-ethereum,1.0024497054784,0.996083441383856,1.00257984568869,1.0024497054784,1.00120242531404,0.996083441383856,-63.50706733467382,-12.44232162016412,-64.79687710430282,1.0,0.8,1.8,True,-65.30706733467382,-66.59687710430282,1287.36585795953,236.42239200613926,236.42239200613926,1523.7882499656694,1340042.2642,1958673.0799,1340042.2642,api_detail,api_detail
2026-03-17 02:00:00+00:00,0xcd0a9bc63323cd038128dfcb3a5f4f7a2946548e3ae437043fd4124218e170f0,0x5777d92f208679db4b9778590fa3cab3ac9e2168,DAI / USDC 0.008%,DAI / USDC 0.01%,uniswap-v4-ethereum,uniswap_v3,0.996083441383856,1.0024497054784,1.00120242531404,0.996083441383856,1.00257984568869,1.0024497054784,63.91295979882416,65.21947896060531,12.457822043019373,0.8,1.0,1.8,True,62.112959798824164,10.657822043019372,236.42239200613926,1287.36585795953,236.42239200613926,1523.7882499656694,1958673.0799,1340042.2642,1340042.2642,api_detail,api_detail
2026-03-17 03:00:00+00:00,0x5777d92f208679db4b9778590fa3cab3ac9e2168,0xcd0a9bc63323cd038128dfcb3a5f4f7a2946548e3ae437043fd4124218e170f0,DAI / USDC 0.01%,DAI / USDC 0.008%,uniswap_v3,uniswap-v4-ethereum,1.0008721731138,1.00478319290938,1.00300706243182,0.995818674292452,1.00478319290938,0.996083441383856,39.07611681732037,90.02159578195723,-69.02863705842144,1.0,0.8,1.8,True,37.27611681732037,-70.82863705842144,974136.7344108238,153935.9282612201,153935.9282612201,1128072.6626720438,1340042.2642,1958673.0799,1340042.2642,api_detail,api_detail
2026-03-17 03:00:00+00:00,0xcd0a9bc63323cd038128dfcb3a5f4f7a2946548e3ae437043fd4124218e170f0,0x5777d92f208679db4b9778590fa3cab3ac9e2168,DAI / USDC 0.008%,DAI / USDC 0.01%,uniswap-v4-ethereum,uniswap_v3,1.00478319290938,1.0008721731138,1.00478319290938,0.996083441383856,1.00300706243182,0.995818674292452,-38.92401687428326,69.50844437635607,-89.21843717320743,0.8,1.0,1.8,True,-40.72401687428326,-91.01843717320743,153935.9282612201,974136.7344108238,153935.9282612201,1128072.6626720438,1958673.0799,1340042.2642,1340042.2642,api_detail,api_detail
2026-03-17 04:00:00+00:00,0x5777d92f208679db4b9778590fa3cab3ac9e2168,0xcd0a9bc63323cd038128dfcb3a5f4f7a2946548e3ae437043fd4124218e170f0,DAI / USDC 0.01%,DAI / USDC 0.008%,uniswap_v3,uniswap-v4-ethereum,1.00248319569727,1.00114228797154,1.00248319569727,1.0008721731138,1.00478319290938,0.996039454768602,-13.375862373407044,39.07611681732037,-64.27779494284746,1.0,0.8,1.8,True,-15.175862373407044,-66.07779494284746,5828.927644982348,511.14207927365686,511.14207927365686,6340.069724256005,1340042.2642,1958673.0799,1340042.2642,api_detail,api_detail
2026-03-17 04:00:00+00:00,0xcd0a9bc63323cd038128dfcb3a5f4f7a2946548e3ae437043fd4124218e170f0,0x5777d92f208679db4b9778590fa3cab3ac9e2168,DAI / USDC 0.008%,DAI / USDC 0.01%,uniswap-v4-ethereum,uniswap_v3,1.00114228797154,1.00248319569727,1.00478319290938,0.996039454768602,1.00248319569727,1.0008721731138,13.393777706132148,64.69363133978501,-38.92401687428326,0.8,1.0,1.8,True,11.593777706132148,-40.72401687428326,511.14207927365686,5828.927644982348,511.14207927365686,6340.069724256005,1958673.0799,1340042.2642,1340042.2642,api_detail,api_detail
2026-03-17 05:00:00+00:00,0x5777d92f208679db4b9778590fa3cab3ac9e2168,0xcd0a9bc63323cd038128dfcb3a5f4f7a2946548e3ae437043fd4124218e170f0,DAI / USDC 0.01%,DAI / USDC 0.008%,uniswap_v3,uniswap-v4-ethereum,1.00152851435058,1.00020379591573,1.00248319569727,0.996789304832205,1.00114228797154,1.00020379591573,-13.226966740025325,43.670042588064284,-22.737536063680565,1.0,0.8,1.8,True,-15.026966740025326,-24.537536063680566,540.8534010983228,1451.6753801293714,540.8534010983228,1992.5287812276943,1340042.2642,1958673.0799,1340042.2642,api_detail,api_detail
2026-03-17 05:00:00+00:00,0xcd0a9bc63323cd038128dfcb3a5f4f7a2946548e3ae437043fd4124218e170f0,0x5777d92f208679db4b9778590fa3cab3ac9e2168,DAI / USDC 0.008%,DAI / USDC 0.01%,uniswap-v4-ethereum,uniswap_v3,1.00020379591573,1.00152851435058,1.00114228797154,1.00020379591573,1.00248319569727,0.996789304832205,13.244485176515663,22.789353438248394,-43.48016452441317,0.8,1.0,1.8,True,11.444485176515663,-45.280164524413166,1451.6753801293714,540.8534010983228,540.8534010983228,1992.5287812276943,1958673.0799,1340042.2642,1340042.2642,api_detail,api_detail
2026-03-17 06:00:00+00:00,0x5777d92f208679db4b9778590fa3cab3ac9e2168,0xcd0a9bc63323cd038128dfcb3a5f4f7a2946548e3ae437043fd4124218e170f0,DAI / USDC 0.01%,DAI / USDC 0.008%,uniswap_v3,uniswap-v4-ethereum,0.997046874192422,0.999232920567295,1.00152851435058,0.996918589390323,1.00020379591573,0.999232920567295,21.925211657110033,32.953608854020544,-22.920902903834637,1.0,0.8,1.8,True,20.125211657110032,-24.720902903834638,5896.959459444736,5.628058712473966,5.628058712473966,5902.58751815721,1340042.2642,1958673.0799,1340042.2642,api_detail,api_detail
2026-03-17 06:00:00+00:00,0xcd0a9bc63323cd038128dfcb3a5f4f7a2946548e3ae437043fd4124218e170f0,0x5777d92f208679db4b9778590fa3cab3ac9e2168,DAI / USDC 0.008%,DAI / USDC 0.01%,uniswap-v4-ethereum,uniswap_v3,0.999232920567295,0.997046874192422,1.00020379591573,0.999232920567295,1.00152851435058,0.996918589390323,-21.87724533366908,22.97356037851417,-32.84537150150757,0.8,1.0,1.8,True,-23.67724533366908,-34.64537150150757,5.628058712473966,5896.959459444736,5.628058712473966,5902.58751815721,1958673.0799,1340042.2642,1340042.2642,api_detail,api_detail
2026-03-17 07:00:00+00:00,0x5777d92f208679db4b9778590fa3cab3ac9e2168,0xcd0a9bc63323cd038128dfcb3a5f4f7a2946548e3ae437043fd4124218e170f0,DAI / USDC 0.01%,DAI / USDC 0.008%,uniswap_v3,uniswap-v4-ethereum,0.997435240942051,1.00035399070487,1.00294209085441,0.997029941630628,1.00035399070487,0.999232920567295,29.262549015836026,33.33951103620336,-36.982895831554345,1.0,0.8,1.8,True,27.462549015836025,-38.78289583155434,64497.20294564376,155.576863051256,155.576863051256,64652.77980869501,1340042.2642,1958673.0799,1340042.2642,api_detail,api_detail
2026-03-17 07:00:00+00:00,0xcd0a9bc63323cd038128dfcb3a5f4f7a2946548e3ae437043fd4124218e170f0,0x5777d92f208679db4b9778590fa3cab3ac9e2168,DAI / USDC 0.008%,DAI / USDC 0.01%,uniswap-v4-ethereum,uniswap_v3,1.00035399070487,0.997435240942051,1.00035399070487,0.999232920567295,1.00294209085441,0.997029941630628,-29.177169181504592,37.1201769954621,-33.228728081544645,0.8,1.0,1.8,True,-30.977169181504593,-35.02872808154464,155.576863051256,64497.20294564376,155.576863051256,64652.77980869501,1958673.0799,1340042.2642,1340042.2642,api_detail,api_detail
2026-03-17 08:00:00+00:00,0x5777d92f208679db4b9778590fa3cab3ac9e2168,0xcd0a9bc63323cd038128dfcb3a5f4f7a2946548e3ae437043fd4124218e170f0,DAI / USDC 0.01%,DAI / USDC 0.008%,uniswap_v3,uniswap-v4-ethereum,1.00237090695402,1.00017118244553,1.00237090695402,0.996837022397355,1.00222034230421,0.998912288097405,-21.945215021997868,54.00401255069909,-34.504381887190405,1.0,0.8,1.8,True,-23.74521502199787,-36.3043818871904,21173.919282804898,2786.245306915157,2786.245306915157,23960.164589720054,1340042.2642,1958673.0799,1340042.2642,api_detail,api_detail
2026-03-17 08:00:00+00:00,0xcd0a9bc63323cd038128dfcb3a5f4f7a2946548e3ae437043fd4124218e170f0,0x5777d92f208679db4b9778590fa3cab3ac9e2168,DAI / USDC 0.008%,DAI / USDC 0.01%,uniswap-v4-ethereum,uniswap_v3,1.00017118244553,1.00237090695402,1.00222034230421,0.998912288097405,1.00237090695402,0.996837022397355,21.99348018717684,34.623849339190386,-53.71393574468919,0.8,1.0,1.8,True,20.19348018717684,-55.513935744689185,2786.245306915157,21173.919282804898,2786.245306915157,23960.164589720054,1958673.0799,1340042.2642,1340042.2642,api_detail,api_detail
2026-03-17 09:00:00+00:00,0x5777d92f208679db4b9778590fa3cab3ac9e2168,0xcd0a9bc63323cd038128dfcb3a5f4f7a2946548e3ae437043fd4124218e170f0,DAI / USDC 0.01%,DAI / USDC 0.008%,uniswap_v3,uniswap-v4-ethereum,0.996804129658917,0.997129005775151,1.00274086565451,0.996804064944977,1.00158936262564,0.997129005775151,3.2591770696743794,48.00640215012697,-55.96520568348584,1.0,0.8,1.8,True,1.4591770696743793,-57.76520568348584,175556.15843692355,7827.958376318128,7827.958376318128,183384.11681324168,1340042.2642,1958673.0799,1340042.2642,api_detail,api_detail
2026-03-17 09:00:00+00:00,0xcd0a9bc63323cd038128dfcb3a5f4f7a2946548e3ae437043fd4124218e170f0,0x5777d92f208679db4b9778590fa3cab3ac9e2168,DAI / USDC 0.008%,DAI / USDC 0.01%,uniswap-v4-ethereum,uniswap_v3,0.997129005775151,0.996804129658917,1.00158936262564,0.997129005775151,1.00274086565451,0.996804064944977,-3.258115192240618,56.280178862078145,-47.77704176209041,0.8,1.0,1.8,True,-5.058115192240618,-49.57704176209041,7827.958376318128,175556.15843692355,7827.958376318128,183384.11681324168,1958673.0799,1340042.2642,1340042.2642,api_detail,api_detail
2026-03-17 10:00:00+00:00,0x5777d92f208679db4b9778590fa3cab3ac9e2168,0xcd0a9bc63323cd038128dfcb3a5f4f7a2946548e3ae437043fd4124218e170f0,DAI / USDC 0.01%,DAI / USDC 0.008%,uniswap_v3,uniswap-v4-ethereum,0.994992502316073,1.00279045809872,1.00289929698097,0.994992502316073,1.00279045809872,0.997129005775151,78.37200546230605,78.37200546230605,-57.53609782347402,1.0,0.8,1.8,True,76.57200546230605,-59.33609782347402,35148.19905891278,5288.797828611422,5288.797828611422,40436.996887524205,1340042.2642,1958673.0799,1340042.2642,api_detail,api_detail
2026-03-17 10:00:00+00:00,0xcd0a9bc63323cd038128dfcb3a5f4f7a2946548e3ae437043fd4124218e170f0,0x5777d92f208679db4b9778590fa3cab3ac9e2168,DAI / USDC 0.008%,DAI / USDC 0.01%,uniswap-v4-ethereum,uniswap_v3,1.00279045809872,0.994992502316073,1.00279045809872,0.997129005775151,1.00289929698097,0.994992502316073,-77.76256464816944,57.86905377738405,-77.76256464816944,0.8,1.0,1.8,True,-79.56256464816944,-79.56256464816944,5288.797828611422,35148.19905891278,5288.797828611422,40436.996887524205,1958673.0799,1340042.2642,1340042.2642,api_detail,api_detail
2026-03-17 11:00:00+00:00,0x5777d92f208679db4b9778590fa3cab3ac9e2168,0xcd0a9bc63323cd038128dfcb3a5f4f7a2946548e3ae437043fd4124218e170f0,DAI / USDC 0.01%,DAI / USDC 0.008%,uniswap_v3,uniswap-v4-ethereum,0.997110696530933,0.999391641725759,1.00171916063826,0.994992502316073,1.00347009729475,0.999189487004566,22.875546343668063,85.20260161703152,-25.25332182008233,1.0,0.8,1.8,True,21.075546343668062,-27.05332182008233,4920833.971585311,111246.22225354353,111246.22225354353,5032080.193838854,1340042.2642,1958673.0799,1340042.2642,api_detail,api_detail
2026-03-17 11:00:00+00:00,0xcd0a9bc63323cd038128dfcb3a5f4f7a2946548e3ae437043fd4124218e170f0,0x5777d92f208679db4b9778590fa3cab3ac9e2168,DAI / USDC 0.008%,DAI / USDC 0.01%,uniswap-v4-ethereum,uniswap_v3,0.999391641725759,0.997110696530933,1.00347009729475,0.999189487004566,1.00171916063826,0.994992502316073,-22.823336713996277,25.317256302181956,-84.48278629858197,0.8,1.0,1.8,True,-24.623336713996277,-86.28278629858197,111246.22225354353,4920833.971585311,111246.22225354353,5032080.193838854,1958673.0799,1340042.2642,1340042.2642,api_detail,api_detail
2026-03-17 12:00:00+00:00,0x5777d92f208679db4b9778590fa3cab3ac9e2168,0xcd0a9bc63323cd038128dfcb3a5f4f7a2946548e3ae437043fd4124218e170f0,DAI / USDC 0.01%,DAI / USDC 0.008%,uniswap_v3,uniswap-v4-ethereum,1.00222384431695,1.00032089808685,1.00286004467298,0.997110696530933,1.00032089808685,0.996757175824412,-18.987237640477606,32.195036790656495,-60.85464149245379,1.0,0.8,1.8,True,-20.787237640477606,-62.654641492453784,4444.843554682222,1326.2177581069056,1326.2177581069056,5771.061312789127,1340042.2642,1958673.0799,1340042.2642,api_detail,api_detail
2026-03-17 12:00:00+00:00,0xcd0a9bc63323cd038128dfcb3a5f4f7a2946548e3ae437043fd4124218e170f0,0x5777d92f208679db4b9778590fa3cab3ac9e2168,DAI / USDC 0.008%,DAI / USDC 0.01%,uniswap-v4-ethereum,uniswap_v3,1.00032089808685,1.00222384431695,1.00032089808685,0.996757175824412,1.00286004467298,0.997110696530933,19.02335774189412,61.227237652143884,-32.09171738845718,0.8,1.0,1.8,True,17.22335774189412,-33.891717388457174,1326.2177581069056,4444.843554682222,1326.2177581069056,5771.061312789127,1958673.0799,1340042.2642,1340042.2642,api_detail,api_detail
2026-03-17 13:00:00+00:00,0x5777d92f208679db4b9778590fa3cab3ac9e2168,0xcd0a9bc63323cd038128dfcb3a5f4f7a2946548e3ae437043fd4124218e170f0,DAI / USDC 0.01%,DAI / USDC 0.008%,uniswap_v3,uniswap-v4-ethereum,0.998632596952819,0.991259664342122,1.00227112573075,0.99428959907271,1.0020879487691,0.988178055520212,-73.83028185935947,78.4313715406748,-140.61135603664954,1.0,0.8,1.8,True,-75.63028185935947,-142.41135603664955,83212.66537278584,679.5397348727394,679.5397348727394,83892.20510765858,1340042.2642,1958673.0799,1340042.2642,api_detail,api_detail
2026-03-17 13:00:00+00:00,0xcd0a9bc63323cd038128dfcb3a5f4f7a2946548e3ae437043fd4124218e170f0,0x5777d92f208679db4b9778590fa3cab3ac9e2168,DAI / USDC 0.008%,DAI / USDC 0.01%,uniswap-v4-ethereum,uniswap_v3,0.991259664342122,0.998632596952819,1.0020879487691,0.988178055520212,1.00227112573075,0.99428959907271,74.37942726732815,142.61670892012245,-77.82101068043889,0.8,1.0,1.8,True,72.57942726732816,-79.62101068043889,679.5397348727394,83212.66537278584,679.5397348727394,83892.20510765858,1958673.0799,1340042.2642,1340042.2642,api_detail,api_detail
2026-03-17 14:00:00+00:00,0x5777d92f208679db4b9778590fa3cab3ac9e2168,0xcd0a9bc63323cd038128dfcb3a5f4f7a2946548e3ae437043fd4124218e170f0,DAI / USDC 0.01%,DAI / USDC 0.008%,uniswap_v3,uniswap-v4-ethereum,0.997327912677988,0.998187136087758,1.00249201425713,0.990317864630617,0.998187136087758,0.991259664342122,8.615254810855344,79.46207715919806,-112.0442831989199,1.0,0.8,1.8,True,6.815254810855344,-113.8442831989199,1068978.4627960916,1152.943438430049,1152.943438430049,1070131.4062345217,1340042.2642,1958673.0799,1340042.2642,api_detail,api_detail
2026-03-17 14:00:00+00:00,0xcd0a9bc63323cd038128dfcb3a5f4f7a2946548e3ae437043fd4124218e170f0,0x5777d92f208679db4b9778590fa3cab3ac9e2168,DAI / USDC 0.008%,DAI / USDC 0.01%,uniswap-v4-ethereum,uniswap_v3,0.998187136087758,0.997327912677988,0.998187136087758,0.991259664342122,1.00249201425713,0.990317864630617,-8.60783893827266,113.31390067669922,-78.83563284519335,0.8,1.0,1.8,True,-10.407838938272661,-80.63563284519334,1152.943438430049,1068978.4627960916,1152.943438430049,1070131.4062345217,1958673.0799,1340042.2642,1340042.2642,api_detail,api_detail
2026-03-17 15:00:00+00:00,0x5777d92f208679db4b9778590fa3cab3ac9e2168,0xcd0a9bc63323cd038128dfcb3a5f4f7a2946548e3ae437043fd4124218e170f0,DAI / USDC 0.01%,DAI / USDC 0.008%,uniswap_v3,uniswap-v4-ethereum,1.00154118271834,1.00203279001745,1.00294587183373,0.997327912677988,1.00203279001745,0.996950730463316,4.908508083267815,47.17482865618905,-59.77532326298829,1.0,0.8,1.8,True,3.1085080832678154,-61.575323262988285,1267.5288009481465,4688.814539305572,1267.5288009481465,5956.343340253718,1340042.2642,1958673.0799,1340042.2642,api_detail,api_detail
2026-03-17 15:00:00+00:00,0xcd0a9bc63323cd038128dfcb3a5f4f7a2946548e3ae437043fd4124218e170f0,0x5777d92f208679db4b9778590fa3cab3ac9e2168,DAI / USDC 0.008%,DAI / USDC 0.01%,uniswap-v4-ethereum,uniswap_v3,1.00203279001745,1.00154118271834,1.00203279001745,0.996950730463316,1.00294587183373,0.997327912677988,-4.90609992015667,60.13478085951096,-46.95332713992251,0.8,1.0,1.8,True,-6.70609992015667,-48.753327139922504,4688.814539305572,1267.5288009481465,1267.5288009481465,5956.343340253718,1958673.0799,1340042.2642,1340042.2642,api_detail,api_detail
2026-03-17 16:00:00+00:00,0x5777d92f208679db4b9778590fa3cab3ac9e2168,0xcd0a9bc63323cd038128dfcb3a5f4f7a2946548e3ae437043fd4124218e170f0,DAI / USDC 0.01%,DAI / USDC 0.008%,uniswap_v3,uniswap-v4-ethereum,0.996241380829387,0.994415737068869,1.00154118271834,0.996241380829387,1.00203279001745,0.994415737068869,-18.32531548727756,58.13259014839866,-71.14480934404921,1.0,0.8,1.8,True,-20.12531548727756,-72.9448093440492,245678.7675340156,7821.171515024867,7821.171515024867,253499.9390490405,1340042.2642,1958673.0799,1340042.2642,api_detail,api_detail
2026-03-17 16:00:00+00:00,0xcd0a9bc63323cd038128dfcb3a5f4f7a2946548e3ae437043fd4124218e170f0,0x5777d92f208679db4b9778590fa3cab3ac9e2168,DAI / USDC 0.008%,DAI / USDC 0.01%,uniswap-v4-ethereum,uniswap_v3,0.994415737068869,0.996241380829387,1.00203279001745,0.994415737068869,1.00154118271834,0.996241380829387,18.358958858588625,71.65459459113066,-57.79660352194793,0.8,1.0,1.8,True,16.558958858588625,-59.59660352194793,7821.171515024867,245678.7675340156,7821.171515024867,253499.9390490405,1958673.0799,1340042.2642,1340042.2642,api_detail,api_detail
2026-03-17 17:00:00+00:00,0x5777d92f208679db4b9778590fa3cab3ac9e2168,0xcd0a9bc63323cd038128dfcb3a5f4f7a2946548e3ae437043fd4124218e170f0,DAI / USDC 0.01%,DAI / USDC 0.008%,uniswap_v3,uniswap-v4-ethereum,0.99711466251872,1.00220121589365,1.00251984932352,0.996241380829387,1.00311862169422,0.994415737068869,51.01272267004076,69.03187317021109,-80.83742441727604,1.0,0.8,1.8,True,49.21272267004076,-82.63742441727604,53682.09834921618,88046.9942159785,53682.09834921618,141729.09256519467,1340042.2642,1958673.0799,1340042.2642,api_detail,api_detail
2026-03-17 17:00:00+00:00,0xcd0a9bc63323cd038128dfcb3a5f4f7a2946548e3ae437043fd4124218e170f0,0x5777d92f208679db4b9778590fa3cab3ac9e2168,DAI / USDC 0.008%,DAI / USDC 0.01%,uniswap-v4-ethereum,uniswap_v3,1.00220121589365,0.99711466251872,1.00311862169422,0.994415737068869,1.00251984932352,0.996241380829387,-50.75381364803344,81.49621886051949,-68.5586003100791,0.8,1.0,1.8,True,-52.55381364803344,-70.3586003100791,88046.9942159785,53682.09834921618,53682.09834921618,141729.09256519467,1958673.0799,1340042.2642,1340042.2642,api_detail,api_detail
2026-03-17 18:00:00+00:00,0x5777d92f208679db4b9778590fa3cab3ac9e2168,0xcd0a9bc63323cd038128dfcb3a5f4f7a2946548e3ae437043fd4124218e170f0,DAI / USDC 0.01%,DAI / USDC 0.008%,uniswap_v3,uniswap-v4-ethereum,0.996915198229536,1.00072930614716,0.99711466251872,0.996915198229536,1.00220121589365,0.998099948255091,38.25910091848961,53.02374438168389,9.88136844645382,1.0,0.8,1.8,True,36.45910091848961,8.08136844645382,153412.112548936,846.7409754099476,846.7409754099476,154258.85352434596,1340042.2642,1958673.0799,1340042.2642,api_detail,api_detail
2026-03-17 18:00:00+00:00,0xcd0a9bc63323cd038128dfcb3a5f4f7a2946548e3ae437043fd4124218e170f0,0x5777d92f208679db4b9778590fa3cab3ac9e2168,DAI / USDC 0.008%,DAI / USDC 0.01%,uniswap-v4-ethereum,uniswap_v3,1.00072930614716,0.996915198229536,1.00220121589365,0.998099948255091,0.99711466251872,0.996915198229536,-38.1132829247155,-9.871613941002666,-52.74407554375693,0.8,1.0,1.8,True,-39.913282924715496,-54.544075543756925,846.7409754099476,153412.112548936,846.7409754099476,154258.85352434596,1958673.0799,1340042.2642,1340042.2642,api_detail,api_detail
2026-03-17 19:00:00+00:00,0x5777d92f208679db4b9778590fa3cab3ac9e2168,0xcd0a9bc63323cd038128dfcb3a5f4f7a2946548e3ae437043fd4124218e170f0,DAI / USDC 0.01%,DAI / USDC 0.008%,uniswap_v3,uniswap-v4-ethereum,1.00206556960081,1.00081364608793,1.00274512222407,0.996915198229536,1.00262102520928,0.997500746604038,-12.493429081480434,57.23482789586454,-52.30018579796325,1.0,0.8,1.8,True,-14.293429081480435,-54.10018579796325,2077.6312233424296,1069.6199918950583,1069.6199918950583,3147.251215237488,1340042.2642,1958673.0799,1340042.2642,api_detail,api_detail
2026-03-17 19:00:00+00:00,0xcd0a9bc63323cd038128dfcb3a5f4f7a2946548e3ae437043fd4124218e170f0,0x5777d92f208679db4b9778590fa3cab3ac9e2168,DAI / USDC 0.008%,DAI / USDC 0.01%,uniswap-v4-ethereum,uniswap_v3,1.00081364608793,1.00206556960081,1.00262102520928,0.997500746604038,1.00274512222407,0.996915198229536,12.509057183358596,52.5751548345843,-56.90910958657591,0.8,1.0,1.8,True,10.709057183358595,-58.709109586575906,1069.6199918950583,2077.6312233424296,1069.6199918950583,3147.251215237488,1958673.0799,1340042.2642,1340042.2642,api_detail,api_detail
2026-03-17 20:00:00+00:00,0x5777d92f208679db4b9778590fa3cab3ac9e2168,0xcd0a9bc63323cd038128dfcb3a5f4f7a2946548e3ae437043fd4124218e170f0,DAI / USDC 0.01%,DAI / USDC 0.008%,uniswap_v3,uniswap-v4-ethereum,1.00258085829939,1.00419256791145,1.00258188782258,1.00206556960081,1.00419256791145,1.00081364608793,16.075607256196278,21.22613903885906,-17.63688089848059,1.0,0.8,1.8,True,14.275607256196277,-19.43688089848059,86.63943077404953,1004.19256791145,86.63943077404953,1090.8319986854997,1340042.2642,1958673.0799,1340042.2642,api_detail,api_detail
2026-03-17 20:00:00+00:00,0xcd0a9bc63323cd038128dfcb3a5f4f7a2946548e3ae437043fd4124218e170f0,0x5777d92f208679db4b9778590fa3cab3ac9e2168,DAI / USDC 0.008%,DAI / USDC 0.01%,uniswap-v4-ethereum,uniswap_v3,1.00419256791145,1.00258085829939,1.00419256791145,1.00081364608793,1.00258188782258,1.00206556960081,-16.049806218065843,17.668041813396762,-21.18117957259691,0.8,1.0,1.8,True,-17.849806218065844,-22.98117957259691,1004.19256791145,86.63943077404953,86.63943077404953,1090.8319986854997,1958673.0799,1340042.2642,1340042.2642,api_detail,api_detail
2026-03-17 21:00:00+00:00,0x5777d92f208679db4b9778590fa3cab3ac9e2168,0xcd0a9bc63323cd038128dfcb3a5f4f7a2946548e3ae437043fd4124218e170f0,DAI / USDC 0.01%,DAI / USDC 0.008%,uniswap_v3,uniswap-v4-ethereum,0.995198430661719,0.997152951557454,1.00258085829939,0.995198419867896,1.00419256791145,0.997152951557454,19.639509423616808,90.37542528200548,-54.13934145065413,1.0,0.8,1.8,True,17.839509423616807,-55.939341450654126,1485.1216334954322,130.01341191572888,130.01341191572888,1615.1350454111612,1340042.2642,1958673.0799,1340042.2642,api_detail,api_detail
2026-03-17 21:00:00+00:00,0xcd0a9bc63323cd038128dfcb3a5f4f7a2946548e3ae437043fd4124218e170f0,0x5777d92f208679db4b9778590fa3cab3ac9e2168,DAI / USDC 0.008%,DAI / USDC 0.01%,uniswap-v4-ethereum,uniswap_v3,0.997152951557454,0.995198430661719,1.00419256791145,0.997152951557454,1.00258085829939,0.995198419867896,-19.601013993713057,54.434043778923694,-89.56596902783609,0.8,1.0,1.8,True,-21.401013993713057,-91.36596902783609,130.01341191572888,1485.1216334954322,130.01341191572888,1615.1350454111612,1958673.0799,1340042.2642,1340042.2642,api_detail,api_detail
2026-03-17 22:00:00+00:00,0x5777d92f208679db4b9778590fa3cab3ac9e2168,0xcd0a9bc63323cd038128dfcb3a5f4f7a2946548e3ae437043fd4124218e170f0,DAI / USDC 0.01%,DAI / USDC 0.008%,uniswap_v3,uniswap-v4-ethereum,1.00262135565952,1.0033696006212,1.00262135565952,0.995198430661719,1.00410770072669,0.997152951557454,7.4628867364179285,89.5225493778895,-54.54106947950454,1.0,0.8,1.8,True,5.662886736417929,-56.34106947950454,75185.55189850304,1037.0936828250733,1037.0936828250733,76222.6455813281,1340042.2642,1958673.0799,1340042.2642,api_detail,api_detail
2026-03-17 22:00:00+00:00,0xcd0a9bc63323cd038128dfcb3a5f4f7a2946548e3ae437043fd4124218e170f0,0x5777d92f208679db4b9778590fa3cab3ac9e2168,DAI / USDC 0.008%,DAI / USDC 0.01%,uniswap-v4-ethereum,uniswap_v3,1.0033696006212,1.00262135565952,1.00410770072669,0.997152951557454,1.00262135565952,0.995198430661719,-7.4573214219042505,54.84017365164462,-88.72823162817456,0.8,1.0,1.8,True,-9.257321421904251,-90.52823162817455,1037.0936828250733,75185.55189850304,1037.0936828250733,76222.6455813281,1958673.0799,1340042.2642,1340042.2642,api_detail,api_detail
2026-03-17 23:00:00+00:00,0x5777d92f208679db4b9778590fa3cab3ac9e2168,0xcd0a9bc63323cd038128dfcb3a5f4f7a2946548e3ae437043fd4124218e170f0,DAI / USDC 0.01%,DAI / USDC 0.008%,uniswap_v3,uniswap-v4-ethereum,1.00262135565952,1.0033696006212,1.00262135565952,1.00262135565952,1.0033696006212,1.0033696006212,7.4628867364179285,7.4628867364179285,7.4628867364179285,1.0,0.8,1.8,True,5.662886736417929,5.662886736417929,0.0,0.0,0.0,0.0,1340042.2642,1958673.0799,1340042.2642,api_detail,api_detail
2026-03-17 23:00:00+00:00,0xcd0a9bc63323cd038128dfcb3a5f4f7a2946548e3ae437043fd4124218e170f0,0x5777d92f208679db4b9778590fa3cab3ac9e2168,DAI / USDC 0.008%,DAI / USDC 0.01%,uniswap-v4-ethereum,uniswap_v3,1.0033696006212,1.00262135565952,1.0033696006212,1.0033696006212,1.00262135565952,1.00262135565952,-7.4573214219042505,-7.4573214219042505,-7.4573214219042505,0.8,1.0,1.8,True,-9.257321421904251,-9.257321421904251,0.0,0.0,0.0,0.0,1958673.0799,1340042.2642,1340042.2642,api_detail,api_detail
2026-03-18 00:00:00+00:00,0x5777d92f208679db4b9778590fa3cab3ac9e2168,0xcd0a9bc63323cd038128dfcb3a5f4f7a2946548e3ae437043fd4124218e170f0,DAI / USDC 0.01%,DAI / USDC 0.008%,uniswap_v3,uniswap-v4-ethereum,1.0025153919934,0.999453504170882,1.00271970586018,1.00210324726233,1.0033696006212,0.999453504170882,-30.54205298962831,12.63695494780448,-32.57342675335284,1.0,0.8,1.8,True,-32.34205298962831,-34.37342675335284,20652.46234828071,4894.544153082149,4894.544153082149,25547.00650136286,1340042.2642,1958673.0799,1340042.2642,api_detail,api_detail
2026-03-18 00:00:00+00:00,0xcd0a9bc63323cd038128dfcb3a5f4f7a2946548e3ae437043fd4124218e170f0,0x5777d92f208679db4b9778590fa3cab3ac9e2168,DAI / USDC 0.008%,DAI / USDC 0.01%,uniswap-v4-ethereum,uniswap_v3,0.999453504170882,1.0025153919934,1.0033696006212,0.999453504170882,1.00271970586018,1.00210324726233,30.635620463985713,32.67987630907854,-12.621005839584809,0.8,1.0,1.8,True,28.835620463985713,-14.42100583958481,4894.544153082149,20652.46234828071,4894.544153082149,25547.00650136286,1958673.0799,1340042.2642,1340042.2642,api_detail,api_detail
2026-03-18 01:00:00+00:00,0x5777d92f208679db4b9778590fa3cab3ac9e2168,0xcd0a9bc63323cd038128dfcb3a5f4f7a2946548e3ae437043fd4124218e170f0,DAI / USDC 0.01%,DAI / USDC 0.008%,uniswap_v3,uniswap-v4-ethereum,0.996590039361933,0.999277205692804,1.0025153919934,0.996590039361933,0.999453504170882,0.999277205692804,26.96360815116483,28.732625210485807,-32.30061429936981,1.0,0.8,1.8,True,25.16360815116483,-34.10061429936981,2362.84783884267,69.8339299467332,69.8339299467332,2432.6817687894036,1340042.2642,1958673.0799,1340042.2642,api_detail,api_detail
2026-03-18 01:00:00+00:00,0xcd0a9bc63323cd038128dfcb3a5f4f7a2946548e3ae437043fd4124218e170f0,0x5777d92f208679db4b9778590fa3cab3ac9e2168,DAI / USDC 0.008%,DAI / USDC 0.01%,uniswap-v4-ethereum,uniswap_v3,0.999277205692804,0.996590039361933,0.999453504170882,0.999277205692804,1.0025153919934,0.996590039361933,-26.891100042735204,32.40528536174292,-28.65030536187252,0.8,1.0,1.8,True,-28.691100042735204,-30.45030536187252,69.8339299467332,2362.84783884267,69.8339299467332,2432.6817687894036,1958673.0799,1340042.2642,1340042.2642,api_detail,api_detail
2026-03-18 02:00:00+00:00,0x5777d92f208679db4b9778590fa3cab3ac9e2168,0xcd0a9bc63323cd038128dfcb3a5f4f7a2946548e3ae437043fd4124218e170f0,DAI / USDC 0.01%,DAI / USDC 0.008%,uniswap_v3,uniswap-v4-ethereum,1.00283348192172,1.0039855923191,1.00283348192172,0.996590039361933,1.0039855923191,0.995992163072974,11.488551371181543,74.20857790132018,-68.21988866622219,1.0,0.8,1.8,True,9.688551371181543,-70.01988866622219,5105.568411510646,360.57856893744776,360.57856893744776,5466.146980448094,1340042.2642,1958673.0799,1340042.2642,api_detail,api_detail
2026-03-18 02:00:00+00:00,0xcd0a9bc63323cd038128dfcb3a5f4f7a2946548e3ae437043fd4124218e170f0,0x5777d92f208679db4b9778590fa3cab3ac9e2168,DAI / USDC 0.008%,DAI / USDC 0.01%,uniswap-v4-ethereum,uniswap_v3,1.0039855923191,1.00283348192172,1.0039855923191,0.995992163072974,1.00283348192172,0.996590039361933,-11.475367835893646,68.68848071693856,-73.66194309705088,0.8,1.0,1.8,True,-13.275367835893647,-75.46194309705088,360.57856893744776,5105.568411510646,360.57856893744776,5466.146980448094,1958673.0799,1340042.2642,1340042.2642,api_detail,api_detail
2026-03-18 03:00:00+00:00,0x5777d92f208679db4b9778590fa3cab3ac9e2168,0xcd0a9bc63323cd038128dfcb3a5f4f7a2946548e3ae437043fd4124218e170f0,DAI / USDC 0.01%,DAI / USDC 0.008%,uniswap_v3,uniswap-v4-ethereum,1.00282788757027,0.997077115644792,1.00283485597544,1.00282788757027,1.0039855923191,0.997077115644792,-57.34555247971396,11.544401219583111,-57.41464106817196,1.0,0.8,1.8,True,-59.145552479713956,-59.21464106817196,1000.2167328876699,172.36639893531662,172.36639893531662,1172.5831318229866,1340042.2642,1958673.0799,1340042.2642,api_detail,api_detail
2026-03-18 03:00:00+00:00,0xcd0a9bc63323cd038128dfcb3a5f4f7a2946548e3ae437043fd4124218e170f0,0x5777d92f208679db4b9778590fa3cab3ac9e2168,DAI / USDC 0.008%,DAI / USDC 0.01%,uniswap-v4-ethereum,uniswap_v3,0.997077115644792,1.00282788757027,1.0039855923191,0.997077115644792,1.00283485597544,1.00282788757027,57.6763004109182,57.746188738116984,-11.531089267482475,0.8,1.0,1.8,True,55.876300410918205,-13.331089267482476,172.36639893531662,1000.2167328876699,172.36639893531662,1172.5831318229866,1958673.0799,1340042.2642,1340042.2642,api_detail,api_detail
2026-03-18 04:00:00+00:00,0x5777d92f208679db4b9778590fa3cab3ac9e2168,0xcd0a9bc63323cd038128dfcb3a5f4f7a2946548e3ae437043fd4124218e170f0,DAI / USDC 0.01%,DAI / USDC 0.008%,uniswap_v3,uniswap-v4-ethereum,1.00215447145319,1.00025271758882,1.00282788757027,0.996826073936689,1.00025271758882,0.997077115644792,-18.976653984412728,34.37554194984482,-57.34555247971396,1.0,0.8,1.8,True,-20.77665398441273,-59.145552479713956,1373761.8875956342,2.59557215176564,2.59557215176564,1373764.483167786,1340042.2642,1958673.0799,1340042.2642,api_detail,api_detail
2026-03-18 04:00:00+00:00,0xcd0a9bc63323cd038128dfcb3a5f4f7a2946548e3ae437043fd4124218e170f0,0x5777d92f208679db4b9778590fa3cab3ac9e2168,DAI / USDC 0.008%,DAI / USDC 0.01%,uniswap-v4-ethereum,uniswap_v3,1.00025271758882,1.00215447145319,1.00025271758882,0.997077115644792,1.00282788757027,0.996826073936689,19.01273379145918,57.6763004109182,-34.25777897800963,0.8,1.0,1.8,True,17.21273379145918,-36.05777897800963,2.59557215176564,1373761.8875956342,2.59557215176564,1373764.483167786,1958673.0799,1340042.2642,1340042.2642,api_detail,api_detail
2026-03-18 05:00:00+00:00,0x5777d92f208679db4b9778590fa3cab3ac9e2168,0xcd0a9bc63323cd038128dfcb3a5f4f7a2946548e3ae437043fd4124218e170f0,DAI / USDC 0.01%,DAI / USDC 0.008%,uniswap_v3,uniswap-v4-ethereum,1.0026008543721,1.00036367795707,1.00278087477874,1.00163300657334,1.00036367795707,1.00025271758882,-22.313729389659144,-12.672591737094008,-25.211461980442216,1.0,0.8,1.8,True,-24.113729389659145,-27.011461980442217,24331.567044209365,3.18136627688513,3.18136627688513,24334.74841048625,1340042.2642,1958673.0799,1340042.2642,api_detail,api_detail
2026-03-18 05:00:00+00:00,0xcd0a9bc63323cd038128dfcb3a5f4f7a2946548e3ae437043fd4124218e170f0,0x5777d92f208679db4b9778590fa3cab3ac9e2168,DAI / USDC 0.008%,DAI / USDC 0.01%,uniswap-v4-ethereum,uniswap_v3,1.00036367795707,1.0026008543721,1.00036367795707,1.00025271758882,1.00278087477874,1.00163300657334,22.363630990667183,25.275184415536334,12.688671572547161,0.8,1.0,1.8,True,20.563630990667182,10.88867157254716,3.18136627688513,24331.567044209365,3.18136627688513,24334.74841048625,1958673.0799,1340042.2642,1340042.2642,api_detail,api_detail
2026-03-18 06:00:00+00:00,0x5777d92f208679db4b9778590fa3cab3ac9e2168,0xcd0a9bc63323cd038128dfcb3a5f4f7a2946548e3ae437043fd4124218e170f0,DAI / USDC 0.01%,DAI / USDC 0.008%,uniswap_v3,uniswap-v4-ethereum,0.997179462808978,0.996964083466353,1.00260090482364,0.996976025239963,1.00117798361074,0.996964083466353,-2.159885463527411,42.14703527866348,-56.22198553948521,1.0,0.8,1.8,True,-3.959885463527411,-58.02198553948521,2469.7649015449756,26.7812868211145,26.7812868211145,2496.54618836609,1340042.2642,1958673.0799,1340042.2642,api_detail,api_detail
2026-03-18 06:00:00+00:00,0xcd0a9bc63323cd038128dfcb3a5f4f7a2946548e3ae437043fd4124218e170f0,0x5777d92f208679db4b9778590fa3cab3ac9e2168,DAI / USDC 0.008%,DAI / USDC 0.01%,uniswap-v4-ethereum,uniswap_v3,0.996964083466353,0.997179462808978,1.00117798361074,0.996964083466353,1.00260090482364,0.996976025239963,2.160352074831451,56.53986388043375,-41.97014356650763,0.8,1.0,1.8,True,0.3603520748314508,-43.77014356650763,26.7812868211145,2469.7649015449756,26.7812868211145,2496.54618836609,1958673.0799,1340042.2642,1340042.2642,api_detail,api_detail
2026-03-18 07:00:00+00:00,0x5777d92f208679db4b9778590fa3cab3ac9e2168,0xcd0a9bc63323cd038128dfcb3a5f4f7a2946548e3ae437043fd4124218e170f0,DAI / USDC 0.01%,DAI / USDC 0.008%,uniswap_v3,uniswap-v4-ethereum,0.99635717119515,1.00003190505636,1.00261602518901,0.99635717119515,1.00003190505636,0.996964083466353,36.88169230319449,36.88169230319449,-56.37194679380286,1.0,0.8,1.8,True,35.081692303194494,-58.17194679380286,611225.3157041728,0.00599912556604005,0.00599912556604005,611225.3217032984,1340042.2642,1958673.0799,1340042.2642,api_detail,api_detail
2026-03-18 07:00:00+00:00,0xcd0a9bc63323cd038128dfcb3a5f4f7a2946548e3ae437043fd4124218e170f0,0x5777d92f208679db4b9778590fa3cab3ac9e2168,DAI / USDC 0.008%,DAI / USDC 0.01%,uniswap-v4-ethereum,uniswap_v3,1.00003190505636,0.99635717119515,1.00003190505636,0.996964083466353,1.00261602518901,0.99635717119515,-36.74616622359572,56.69152797366239,-36.74616622359572,0.8,1.0,1.8,True,-38.54616622359572,-38.54616622359572,0.00599912556604005,611225.3157041728,0.00599912556604005,611225.3217032984,1958673.0799,1340042.2642,1340042.2642,api_detail,api_detail
2026-03-18 08:00:00+00:00,0x5777d92f208679db4b9778590fa3cab3ac9e2168,0xcd0a9bc63323cd038128dfcb3a5f4f7a2946548e3ae437043fd4124218e170f0,DAI / USDC 0.01%,DAI / USDC 0.008%,uniswap_v3,uniswap-v4-ethereum,0.996786172673048,0.997257195028141,0.996786172673048,0.995140413425791,1.00003190505636,0.997172170684081,4.725410203372249,49.153783371433946,3.8724254169575367,1.0,0.8,1.8,True,2.925410203372249,2.072425416957537,147779.66252545625,1697.5773180277781,1697.5773180277781,149477.23984348404,1340042.2642,1958673.0799,1340042.2642,api_detail,api_detail
2026-03-18 08:00:00+00:00,0xcd0a9bc63323cd038128dfcb3a5f4f7a2946548e3ae437043fd4124218e170f0,0x5777d92f208679db4b9778590fa3cab3ac9e2168,DAI / USDC 0.008%,DAI / USDC 0.01%,uniswap-v4-ethereum,uniswap_v3,0.997257195028141,0.996786172673048,1.00003190505636,0.997172170684081,0.996786172673048,0.995140413425791,-4.7231783078760525,-3.870926429567767,-48.9133557223187,0.8,1.0,1.8,True,-6.523178307876052,-50.713355722318695,1697.5773180277781,147779.66252545625,1697.5773180277781,149477.23984348404,1958673.0799,1340042.2642,1340042.2642,api_detail,api_detail
2026-03-18 09:00:00+00:00,0x5777d92f208679db4b9778590fa3cab3ac9e2168,0xcd0a9bc63323cd038128dfcb3a5f4f7a2946548e3ae437043fd4124218e170f0,DAI / USDC 0.01%,DAI / USDC 0.008%,uniswap_v3,uniswap-v4-ethereum,0.996667726031072,0.997923638084952,0.997205779523812,0.99665713722066,1.00166566044631,0.995885711641745,12.601110892607181,50.25322188146886,-13.237667783045914,1.0,0.8,1.8,True,10.80111089260718,-15.037667783045915,952889.4332955821,118123.74137377708,118123.74137377708,1071013.174669359,1340042.2642,1958673.0799,1340042.2642,api_detail,api_detail
2026-03-18 09:00:00+00:00,0xcd0a9bc63323cd038128dfcb3a5f4f7a2946548e3ae437043fd4124218e170f0,0x5777d92f208679db4b9778590fa3cab3ac9e2168,DAI / USDC 0.008%,DAI / USDC 0.01%,uniswap-v4-ethereum,uniswap_v3,0.997923638084952,0.996667726031072,1.00166566044631,0.995885711641745,0.997205779523812,0.99665713722066,-12.585252076903197,13.255214595766507,-50.00194599282026,0.8,1.0,1.8,True,-14.385252076903198,-51.80194599282026,118123.74137377708,952889.4332955821,118123.74137377708,1071013.174669359,1958673.0799,1340042.2642,1340042.2642,api_detail,api_detail
2026-03-18 10:00:00+00:00,0x5777d92f208679db4b9778590fa3cab3ac9e2168,0xcd0a9bc63323cd038128dfcb3a5f4f7a2946548e3ae437043fd4124218e170f0,DAI / USDC 0.01%,DAI / USDC 0.008%,uniswap_v3,uniswap-v4-ethereum,1.00273273847783,0.998838458365969,1.00275680349028,0.996667726031072,0.998838458365969,0.997923638084952,-38.83667065436192,21.779899942593328,-48.19877948975648,1.0,0.8,1.8,True,-40.636670654361915,-49.99877948975648,2950.636737973329,51.08883842458469,51.08883842458469,3001.7255763979138,1340042.2642,1958673.0799,1340042.2642,api_detail,api_detail
2026-03-18 10:00:00+00:00,0xcd0a9bc63323cd038128dfcb3a5f4f7a2946548e3ae437043fd4124218e170f0,0x5777d92f208679db4b9778590fa3cab3ac9e2168,DAI / USDC 0.008%,DAI / USDC 0.01%,uniswap-v4-ethereum,uniswap_v3,0.998838458365969,1.00273273847783,0.998838458365969,0.997923638084952,1.00275680349028,0.996667726031072,38.98808740536275,48.43221686383848,-21.732566629925067,0.8,1.0,1.8,True,37.18808740536275,-23.532566629925068,51.08883842458469,2950.636737973329,51.08883842458469,3001.7255763979138,1958673.0799,1340042.2642,1340042.2642,api_detail,api_detail
2026-03-18 11:00:00+00:00,0x5777d92f208679db4b9778590fa3cab3ac9e2168,0xcd0a9bc63323cd038128dfcb3a5f4f7a2946548e3ae437043fd4124218e170f0,DAI / USDC 0.01%,DAI / USDC 0.008%,uniswap_v3,uniswap-v4-ethereum,1.00244740395726,1.00131299716382,1.00279315667881,0.997033157921559,1.00429904007123,0.994832030599471,-11.316372200295133,72.87503020278363,-79.38951344368728,1.0,0.8,1.8,True,-13.116372200295134,-81.18951344368728,37876.09568643014,2102.70523098138,2102.70523098138,39978.80091741152,1340042.2642,1958673.0799,1340042.2642,api_detail,api_detail
2026-03-18 11:00:00+00:00,0xcd0a9bc63323cd038128dfcb3a5f4f7a2946548e3ae437043fd4124218e170f0,0x5777d92f208679db4b9778590fa3cab3ac9e2168,DAI / USDC 0.008%,DAI / USDC 0.01%,uniswap-v4-ethereum,uniswap_v3,1.00131299716382,1.00244740395726,1.00429904007123,0.994832030599471,1.00279315667881,0.997033157921559,11.32919273646893,80.0248266487924,-72.34779542511171,0.8,1.0,1.8,True,9.529192736468929,-74.14779542511171,2102.70523098138,37876.09568643014,2102.70523098138,39978.80091741152,1958673.0799,1340042.2642,1340042.2642,api_detail,api_detail
2026-03-18 12:00:00+00:00,0x5777d92f208679db4b9778590fa3cab3ac9e2168,0xcd0a9bc63323cd038128dfcb3a5f4f7a2946548e3ae437043fd4124218e170f0,DAI / USDC 0.01%,DAI / USDC 0.008%,uniswap_v3,uniswap-v4-ethereum,1.00132891694476,1.00013693646661,1.00244740395726,0.996400085963976,1.00131299716382,0.995781497434203,-11.903985373625803,49.3066115614682,-66.49632186928378,1.0,0.8,1.8,True,-13.703985373625803,-68.29632186928377,48296.624860219476,418.4941945556624,418.4941945556624,48715.11905477514,1340042.2642,1958673.0799,1340042.2642,api_detail,api_detail
2026-03-18 12:00:00+00:00,0xcd0a9bc63323cd038128dfcb3a5f4f7a2946548e3ae437043fd4124218e170f0,0x5777d92f208679db4b9778590fa3cab3ac9e2168,DAI / USDC 0.008%,DAI / USDC 0.01%,uniswap-v4-ethereum,uniswap_v3,1.00013693646661,1.00132891694476,1.00131299716382,0.995781497434203,1.00244740395726,0.996400085963976,11.918172749034728,66.94145794265971,-49.0646901993641,0.8,1.0,1.8,True,10.118172749034727,-50.8646901993641,418.4941945556624,48296.624860219476,418.4941945556624,48715.11905477514,1958673.0799,1340042.2642,1340042.2642,api_detail,api_detail
2026-03-18 13:00:00+00:00,0x5777d92f208679db4b9778590fa3cab3ac9e2168,0xcd0a9bc63323cd038128dfcb3a5f4f7a2946548e3ae437043fd4124218e170f0,DAI / USDC 0.01%,DAI / USDC 0.008%,uniswap_v3,uniswap-v4-ethereum,0.997064386151164,1.00258856015461,1.00249701447764,0.996967239441662,1.00258856015461,1.00013693646661,55.404385917046106,56.384206928365984,-23.541995406936024,1.0,0.8,1.8,True,53.60438591704611,-25.341995406936025,5931.425227308003,839.274287246277,839.274287246277,6770.69951455428,1340042.2642,1958673.0799,1340042.2642,api_detail,api_detail
2026-03-18 13:00:00+00:00,0xcd0a9bc63323cd038128dfcb3a5f4f7a2946548e3ae437043fd4124218e170f0,0x5777d92f208679db4b9778590fa3cab3ac9e2168,DAI / USDC 0.008%,DAI / USDC 0.01%,uniswap-v4-ethereum,uniswap_v3,1.00258856015461,0.997064386151164,1.00258856015461,1.00013693646661,1.00249701447764,0.996967239441662,-55.09911266685652,23.597548745353247,-56.068071553511125,0.8,1.0,1.8,True,-56.89911266685652,-57.86807155351112,839.274287246277,5931.425227308003,839.274287246277,6770.69951455428,1958673.0799,1340042.2642,1340042.2642,api_detail,api_detail
2026-03-18 14:00:00+00:00,0x5777d92f208679db4b9778590fa3cab3ac9e2168,0xcd0a9bc63323cd038128dfcb3a5f4f7a2946548e3ae437043fd4124218e170f0,DAI / USDC 0.01%,DAI / USDC 0.008%,uniswap_v3,uniswap-v4-ethereum,0.999597723969934,0.994091144152746,1.00232073813149,0.992954950990726,1.00258856015461,0.994091144152746,-55.08795873722438,97.01959947198135,-82.10539466723455,1.0,0.8,1.8,True,-56.88795873722438,-83.90539466723455,59629.19641436483,1706.5794442916747,1706.5794442916747,61335.7758586565,1340042.2642,1958673.0799,1340042.2642,api_detail,api_detail
2026-03-18 14:00:00+00:00,0xcd0a9bc63323cd038128dfcb3a5f4f7a2946548e3ae437043fd4124218e170f0,0x5777d92f208679db4b9778590fa3cab3ac9e2168,DAI / USDC 0.008%,DAI / USDC 0.01%,uniswap-v4-ethereum,uniswap_v3,0.994091144152746,0.999597723969934,1.00258856015461,0.994091144152746,1.00232073813149,0.992954950990726,55.39310806235154,82.78510503941794,-96.0873637177595,0.8,1.0,1.8,True,53.59310806235154,-97.8873637177595,1706.5794442916747,59629.19641436483,1706.5794442916747,61335.7758586565,1958673.0799,1340042.2642,1340042.2642,api_detail,api_detail
2026-03-18 15:00:00+00:00,0x5777d92f208679db4b9778590fa3cab3ac9e2168,0xcd0a9bc63323cd038128dfcb3a5f4f7a2946548e3ae437043fd4124218e170f0,DAI / USDC 0.01%,DAI / USDC 0.008%,uniswap_v3,uniswap-v4-ethereum,1.00300639121291,0.999539052840473,1.00300639121291,0.997512425678381,0.999697492557444,0.994091144152746,-34.56945442036563,21.905159502919602,-88.88524677677201,1.0,0.8,1.8,True,-36.36945442036563,-90.685246776772,24016.50322129867,4291.28918473052,4291.28918473052,28307.79240602919,1340042.2642,1958673.0799,1340042.2642,api_detail,api_detail
2026-03-18 15:00:00+00:00,0xcd0a9bc63323cd038128dfcb3a5f4f7a2946548e3ae437043fd4124218e170f0,0x5777d92f208679db4b9778590fa3cab3ac9e2168,DAI / USDC 0.008%,DAI / USDC 0.01%,uniswap-v4-ethereum,uniswap_v3,0.999539052840473,1.00300639121291,0.999697492557444,0.994091144152746,1.00300639121291,0.997512425678381,34.689373692637915,89.68239092163266,-21.85728078073934,0.8,1.0,1.8,True,32.88937369263792,-23.65728078073934,4291.28918473052,24016.50322129867,4291.28918473052,28307.79240602919,1958673.0799,1340042.2642,1340042.2642,api_detail,api_detail
2026-03-18 16:00:00+00:00,0x5777d92f208679db4b9778590fa3cab3ac9e2168,0xcd0a9bc63323cd038128dfcb3a5f4f7a2946548e3ae437043fd4124218e170f0,DAI / USDC 0.01%,DAI / USDC 0.008%,uniswap_v3,uniswap-v4-ethereum,0.99721992966349,0.998893710183442,1.00300639121291,0.996797152416869,1.00011992637092,0.998893710183442,16.784467198893704,33.33450487889689,-41.00353761948172,1.0,0.8,1.8,True,14.984467198893704,-42.803537619481716,9540.142548409165,109.1499801687147,109.1499801687147,9649.29252857788,1340042.2642,1958673.0799,1340042.2642,api_detail,api_detail
2026-03-18 16:00:00+00:00,0xcd0a9bc63323cd038128dfcb3a5f4f7a2946548e3ae437043fd4124218e170f0,0x5777d92f208679db4b9778590fa3cab3ac9e2168,DAI / USDC 0.008%,DAI / USDC 0.01%,uniswap-v4-ethereum,uniswap_v3,0.998893710183442,0.99721992966349,1.00011992637092,0.998893710183442,1.00300639121291,0.996797152416869,-16.756342570668494,41.172358856005346,-33.22375513612808,0.8,1.0,1.8,True,-18.556342570668495,-35.023755136128074,109.1499801687147,9540.142548409165,109.1499801687147,9649.29252857788,1958673.0799,1340042.2642,1340042.2642,api_detail,api_detail
2026-03-18 17:00:00+00:00,0x5777d92f208679db4b9778590fa3cab3ac9e2168,0xcd0a9bc63323cd038128dfcb3a5f4f7a2946548e3ae437043fd4124218e170f0,DAI / USDC 0.01%,DAI / USDC 0.008%,uniswap_v3,uniswap-v4-ethereum,0.997241906030357,0.997317701226504,0.997564406573018,0.996949283589465,0.999796959160257,0.997317701226504,0.7600482459535485,28.56389605436105,-2.473076874921487,1.0,0.8,1.8,True,-1.0399517540464516,-4.273076874921487,25778.835223172497,1850.4473140921443,1850.4473140921443,27629.28253726464,1340042.2642,1958673.0799,1340042.2642,api_detail,api_detail
2026-03-18 17:00:00+00:00,0xcd0a9bc63323cd038128dfcb3a5f4f7a2946548e3ae437043fd4124218e170f0,0x5777d92f208679db4b9778590fa3cab3ac9e2168,DAI / USDC 0.008%,DAI / USDC 0.01%,uniswap-v4-ethereum,uniswap_v3,0.997317701226504,0.997241906030357,0.999796959160257,0.997317701226504,0.997564406573018,0.996949283589465,-0.7599904830102311,2.4736886371390376,-28.482538826521964,0.8,1.0,1.8,True,-2.559990483010231,-30.282538826521964,1850.4473140921443,25778.835223172497,1850.4473140921443,27629.28253726464,1958673.0799,1340042.2642,1340042.2642,api_detail,api_detail
2026-03-18 18:00:00+00:00,0x5777d92f208679db4b9778590fa3cab3ac9e2168,0xcd0a9bc63323cd038128dfcb3a5f4f7a2946548e3ae437043fd4124218e170f0,DAI / USDC 0.01%,DAI / USDC 0.008%,uniswap_v3,uniswap-v4-ethereum,1.00271660027056,0.999911246978588,1.00271660027056,0.996758484623385,1.00241289310712,0.997317701226504,-27.97752915644436,56.72796942251645,-53.84272128933887,1.0,0.8,1.8,True,-29.77752915644436,-55.642721289338866,28367.626478550843,1231.0698124732294,1231.0698124732294,29598.696291024073,1340042.2642,1958673.0799,1340042.2642,api_detail,api_detail
2026-03-18 18:00:00+00:00,0xcd0a9bc63323cd038128dfcb3a5f4f7a2946548e3ae437043fd4124218e170f0,0x5777d92f208679db4b9778590fa3cab3ac9e2168,DAI / USDC 0.008%,DAI / USDC 0.01%,uniswap-v4-ethereum,uniswap_v3,0.999911246978588,1.00271660027056,1.00241289310712,0.997317701226504,1.00271660027056,0.996758484623385,28.056022976528094,54.13419452413804,-56.40797841504508,0.8,1.0,1.8,True,26.256022976528094,-58.207978415045076,1231.0698124732294,28367.626478550843,1231.0698124732294,29598.696291024073,1958673.0799,1340042.2642,1340042.2642,api_detail,api_detail
2026-03-18 19:00:00+00:00,0x5777d92f208679db4b9778590fa3cab3ac9e2168,0xcd0a9bc63323cd038128dfcb3a5f4f7a2946548e3ae437043fd4124218e170f0,DAI / USDC 0.01%,DAI / USDC 0.008%,uniswap_v3,uniswap-v4-ethereum,1.00286659160846,0.999911246978588,1.00288489602612,0.997671719291487,0.999911246978588,0.999911246978588,-29.46897079433075,22.447541047785347,-29.650950565862644,1.0,0.8,1.8,True,-31.26897079433075,-31.450950565862644,211799.06942214884,0.0,0.0,211799.06942214884,1340042.2642,1958673.0799,1340042.2642,api_detail,api_detail
2026-03-18 19:00:00+00:00,0xcd0a9bc63323cd038128dfcb3a5f4f7a2946548e3ae437043fd4124218e170f0,0x5777d92f208679db4b9778590fa3cab3ac9e2168,DAI / USDC 0.008%,DAI / USDC 0.01%,uniswap-v4-ethereum,uniswap_v3,0.999911246978588,1.00286659160846,0.999911246978588,0.999911246978588,1.00288489602612,0.997671719291487,29.55606948918943,29.739129912953466,-22.397264695923624,0.8,1.0,1.8,True,27.75606948918943,-24.197264695923625,0.0,211799.06942214884,0.0,211799.06942214884,1958673.0799,1340042.2642,1340042.2642,api_detail,api_detail
2026-03-18 20:00:00+00:00,0x5777d92f208679db4b9778590fa3cab3ac9e2168,0xcd0a9bc63323cd038128dfcb3a5f4f7a2946548e3ae437043fd4124218e170f0,DAI / USDC 0.01%,DAI / USDC 0.008%,uniswap_v3,uniswap-v4-ethereum,0.998020958698067,1.00051126583674,1.00297620286403,0.996809143140367,1.00051126583674,0.99766148626169,24.952453322442114,37.1397345404545,-52.98945864481874,1.0,0.8,1.8,True,23.152453322442113,-54.78945864481874,6557.23175267622,669.0553309402335,669.0553309402335,7226.287083616453,1340042.2642,1958673.0799,1340042.2642,api_detail,api_detail
2026-03-18 20:00:00+00:00,0xcd0a9bc63323cd038128dfcb3a5f4f7a2946548e3ae437043fd4124218e170f0,0x5777d92f208679db4b9778590fa3cab3ac9e2168,DAI / USDC 0.008%,DAI / USDC 0.01%,uniswap-v4-ethereum,uniswap_v3,1.00051126583674,0.998020958698067,1.00051126583674,0.99766148626169,1.00297620286403,0.996809143140367,-24.890345803257887,53.27174272562907,-37.002308947285954,0.8,1.0,1.8,True,-26.690345803257888,-38.80230894728595,669.0553309402335,6557.23175267622,669.0553309402335,7226.287083616453,1958673.0799,1340042.2642,1340042.2642,api_detail,api_detail
2026-03-18 21:00:00+00:00,0x5777d92f208679db4b9778590fa3cab3ac9e2168,0xcd0a9bc63323cd038128dfcb3a5f4f7a2946548e3ae437043fd4124218e170f0,DAI / USDC 0.01%,DAI / USDC 0.008%,uniswap_v3,uniswap-v4-ethereum,1.00285680352591,0.999825813896604,1.00285680352591,0.997121902879854,1.00051126583674,0.997902695171949,-30.223553538745172,33.99146029283928,-49.39995756665372,1.0,0.8,1.8,True,-32.02355353874517,-51.199957566653715,82919.62513216767,2527.7860823760984,2527.7860823760984,85447.41121454377,1340042.2642,1958673.0799,1340042.2642,api_detail,api_detail
2026-03-18 21:00:00+00:00,0xcd0a9bc63323cd038128dfcb3a5f4f7a2946548e3ae437043fd4124218e170f0,0x5777d92f208679db4b9778590fa3cab3ac9e2168,DAI / USDC 0.008%,DAI / USDC 0.01%,uniswap-v4-ethereum,uniswap_v3,0.999825813896604,1.00285680352591,1.00051126583674,0.997902695171949,1.00285680352591,0.997121902879854,30.315176775577157,49.645204667048134,-33.87630976900091,0.8,1.0,1.8,True,28.515176775577157,-35.67630976900091,2527.7860823760984,82919.62513216767,2527.7860823760984,85447.41121454377,1958673.0799,1340042.2642,1340042.2642,api_detail,api_detail
2026-03-18 22:00:00+00:00,0x5777d92f208679db4b9778590fa3cab3ac9e2168,0xcd0a9bc63323cd038128dfcb3a5f4f7a2946548e3ae437043fd4124218e170f0,DAI / USDC 0.01%,DAI / USDC 0.008%,uniswap_v3,uniswap-v4-ethereum,1.00289119359469,1.00044136599633,1.0029628970438,1.00261091265081,1.00172548506611,0.997569708735028,-24.427650915739285,-8.83121830740019,-53.77256052709667,1.0,0.8,1.8,True,-26.227650915739286,-55.57256052709667,25190.740909575426,1334.0328298873428,1334.0328298873428,26524.77373946277,1340042.2642,1958673.0799,1340042.2642,api_detail,api_detail
2026-03-18 22:00:00+00:00,0xcd0a9bc63323cd038128dfcb3a5f4f7a2946548e3ae437043fd4124218e170f0,0x5777d92f208679db4b9778590fa3cab3ac9e2168,DAI / USDC 0.008%,DAI / USDC 0.01%,uniswap-v4-ethereum,uniswap_v3,1.00044136599633,1.00289119359469,1.00172548506611,0.997569708735028,1.0029628970438,1.00261091265081,24.487468047866834,54.06327258684396,8.839024242670579,0.8,1.0,1.8,True,22.687468047866833,7.039024242670579,1334.0328298873428,25190.740909575426,1334.0328298873428,26524.77373946277,1958673.0799,1340042.2642,1340042.2642,api_detail,api_detail
2026-03-18 23:00:00+00:00,0x5777d92f208679db4b9778590fa3cab3ac9e2168,0xcd0a9bc63323cd038128dfcb3a5f4f7a2946548e3ae437043fd4124218e170f0,DAI / USDC 0.01%,DAI / USDC 0.008%,uniswap_v3,uniswap-v4-ethereum,0.997142535506448,0.998925593791459,1.00367412707638,0.997142535506448,1.00201604408685,0.998925593791459,17.881679113260773,48.87474364862587,-47.311504369981215,1.0,0.8,1.8,True,16.081679113260773,-49.11150436998121,270378.81185046386,5491.82991449978,5491.82991449978,275870.6417649636,1340042.2642,1958673.0799,1340042.2642,api_detail,api_detail
2026-03-18 23:00:00+00:00,0xcd0a9bc63323cd038128dfcb3a5f4f7a2946548e3ae437043fd4124218e170f0,0x5777d92f208679db4b9778590fa3cab3ac9e2168,DAI / USDC 0.008%,DAI / USDC 0.01%,uniswap-v4-ethereum,uniswap_v3,0.998925593791459,0.997142535506448,1.00201604408685,0.998925593791459,1.00367412707638,0.997142535506448,-17.849760743873233,47.53640625922762,-48.63703140445486,0.8,1.0,1.8,True,-19.649760743873234,-50.437031404454856,5491.82991449978,270378.81185046386,5491.82991449978,275870.6417649636,1958673.0799,1340042.2642,1340042.2642,api_detail,api_detail
2026-03-19 00:00:00+00:00,0x5777d92f208679db4b9778590fa3cab3ac9e2168,0xcd0a9bc63323cd038128dfcb3a5f4f7a2946548e3ae437043fd4124218e170f0,DAI / USDC 0.01%,DAI / USDC 0.008%,uniswap_v3,uniswap-v4-ethereum,1.00267872395276,0.998925593791459,1.00267872395276,0.997142535506448,0.998925593791459,0.998925593791459,-37.43103420510763,17.881679113260773,-37.43103420510763,1.0,0.8,1.8,True,-39.231034205107626,-39.231034205107626,1.359236526463193,0.0,0.0,1.359236526463193,1340042.2642,1958673.0799,1340042.2642,api_detail,api_detail
2026-03-19 00:00:00+00:00,0xcd0a9bc63323cd038128dfcb3a5f4f7a2946548e3ae437043fd4124218e170f0,0x5777d92f208679db4b9778590fa3cab3ac9e2168,DAI / USDC 0.008%,DAI / USDC 0.01%,uniswap-v4-ethereum,uniswap_v3,0.998925593791459,1.00267872395276,0.998925593791459,0.998925593791459,1.00267872395276,0.997142535506448,37.57166884728491,37.57166884728491,-17.849760743873233,0.8,1.0,1.8,True,35.771668847284914,-19.649760743873234,0.0,1.359236526463193,0.0,1.359236526463193,1958673.0799,1340042.2642,1340042.2642,api_detail,api_detail
2026-03-19 01:00:00+00:00,0x5777d92f208679db4b9778590fa3cab3ac9e2168,0xcd0a9bc63323cd038128dfcb3a5f4f7a2946548e3ae437043fd4124218e170f0,DAI / USDC 0.01%,DAI / USDC 0.008%,uniswap_v3,uniswap-v4-ethereum,0.996881453651533,1.00092212187334,1.00286133316802,0.996836773649256,1.00255347377588,0.998925593791459,40.533086527050344,57.34840725925672,-39.24510045798857,1.0,0.8,1.8,True,38.73308652705035,-41.04510045798857,24061.798012765743,1248.8982741546386,1248.8982741546386,25310.69628692038,1340042.2642,1958673.0799,1340042.2642,api_detail,api_detail
2026-03-19 01:00:00+00:00,0xcd0a9bc63323cd038128dfcb3a5f4f7a2946548e3ae437043fd4124218e170f0,0x5777d92f208679db4b9778590fa3cab3ac9e2168,DAI / USDC 0.008%,DAI / USDC 0.01%,uniswap-v4-ethereum,uniswap_v3,1.00092212187334,0.996881453651533,1.00255347377588,0.998925593791459,1.00286133316802,0.996836773649256,-40.36945665906955,39.39972507484679,-57.021398620199506,0.8,1.0,1.8,True,-42.169456659069546,-58.8213986201995,1248.8982741546386,24061.798012765743,1248.8982741546386,25310.69628692038,1958673.0799,1340042.2642,1340042.2642,api_detail,api_detail
2026-03-19 02:00:00+00:00,0x5777d92f208679db4b9778590fa3cab3ac9e2168,0xcd0a9bc63323cd038128dfcb3a5f4f7a2946548e3ae437043fd4124218e170f0,DAI / USDC 0.01%,DAI / USDC 0.008%,uniswap_v3,uniswap-v4-ethereum,1.00289857359056,0.9987231891386,1.00289857359056,0.996881453651533,1.00430551232254,0.9987231891386,-41.63316771915726,74.47283369364399,-41.63316771915726,1.0,0.8,1.8,True,-43.433167719157254,-43.433167719157254,25784.8572309623,1435.1947233702892,1435.1947233702892,27220.05195433259,1340042.2642,1958673.0799,1340042.2642,api_detail,api_detail
2026-03-19 02:00:00+00:00,0xcd0a9bc63323cd038128dfcb3a5f4f7a2946548e3ae437043fd4124218e170f0,0x5777d92f208679db4b9778590fa3cab3ac9e2168,DAI / USDC 0.008%,DAI / USDC 0.01%,uniswap-v4-ethereum,uniswap_v3,0.9987231891386,1.00289857359056,1.00430551232254,0.9987231891386,1.00289857359056,0.996881453651533,41.80722443784646,41.80722443784646,-73.92231327933429,0.8,1.0,1.8,True,40.00722443784646,-75.72231327933429,1435.1947233702892,25784.8572309623,1435.1947233702892,27220.05195433259,1958673.0799,1340042.2642,1340042.2642,api_detail,api_detail
2026-03-19 03:00:00+00:00,0x5777d92f208679db4b9778590fa3cab3ac9e2168,0xcd0a9bc63323cd038128dfcb3a5f4f7a2946548e3ae437043fd4124218e170f0,DAI / USDC 0.01%,DAI / USDC 0.008%,uniswap_v3,uniswap-v4-ethereum,1.00214834975745,1.00279023182587,1.00289857359056,0.997108904411555,1.00279023182587,0.997388252861089,6.405060374297111,56.97800299625078,-54.943948217446305,1.0,0.8,1.8,True,4.6050603742971115,-56.7439482174463,2305.6192689399613,1666.9393960982102,1666.9393960982102,3972.5586650381715,1340042.2642,1958673.0799,1340042.2642,api_detail,api_detail
2026-03-19 03:00:00+00:00,0xcd0a9bc63323cd038128dfcb3a5f4f7a2946548e3ae437043fd4124218e170f0,0x5777d92f208679db4b9778590fa3cab3ac9e2168,DAI / USDC 0.008%,DAI / USDC 0.01%,uniswap-v4-ethereum,uniswap_v3,1.00279023182587,1.00214834975745,1.00279023182587,0.997388252861089,1.00289857359056,0.997108904411555,-6.400960520439591,55.247499794228716,-56.65519302048283,0.8,1.0,1.8,True,-8.200960520439592,-58.455193020482824,1666.9393960982102,2305.6192689399613,1666.9393960982102,3972.5586650381715,1958673.0799,1340042.2642,1340042.2642,api_detail,api_detail
2026-03-19 04:00:00+00:00,0x5777d92f208679db4b9778590fa3cab3ac9e2168,0xcd0a9bc63323cd038128dfcb3a5f4f7a2946548e3ae437043fd4124218e170f0,DAI / USDC 0.01%,DAI / USDC 0.008%,uniswap_v3,uniswap-v4-ethereum,1.00281719067042,1.00027523591669,1.00284234986527,1.00214834975745,1.00279023182587,1.00008503422573,-25.348137002224604,6.405060374297111,-27.49500596889054,1.0,0.8,1.8,True,-27.148137002224605,-29.29500596889054,36626.31015593725,70.83052461792062,70.83052461792062,36697.140680555174,1340042.2642,1958673.0799,1340042.2642,api_detail,api_detail
2026-03-19 04:00:00+00:00,0xcd0a9bc63323cd038128dfcb3a5f4f7a2946548e3ae437043fd4124218e170f0,0x5777d92f208679db4b9778590fa3cab3ac9e2168,DAI / USDC 0.008%,DAI / USDC 0.01%,uniswap-v4-ethereum,uniswap_v3,1.00027523591669,1.00281719067042,1.00279023182587,1.00008503422573,1.00284234986527,1.00214834975745,25.41255308995405,27.570811932755568,-6.400960520439591,0.8,1.0,1.8,True,23.612553089954048,-8.200960520439592,70.83052461792062,36626.31015593725,70.83052461792062,36697.140680555174,1958673.0799,1340042.2642,1340042.2642,api_detail,api_detail
2026-03-19 05:00:00+00:00,0x5777d92f208679db4b9778590fa3cab3ac9e2168,0xcd0a9bc63323cd038128dfcb3a5f4f7a2946548e3ae437043fd4124218e170f0,DAI / USDC 0.01%,DAI / USDC 0.008%,uniswap_v3,uniswap-v4-ethereum,1.00279491400076,1.00029795696886,1.00300126266008,1.00279491400076,1.00032713172433,0.99735863728796,-24.89997702459501,-24.609042606572594,-56.25741045584554,1.0,0.8,1.8,True,-26.69997702459501,-58.057410455845535,1167.2083085471106,1002.6676631978883,1002.6676631978883,2169.875971744999,1340042.2642,1958673.0799,1340042.2642,api_detail,api_detail
2026-03-19 05:00:00+00:00,0xcd0a9bc63323cd038128dfcb3a5f4f7a2946548e3ae437043fd4124218e170f0,0x5777d92f208679db4b9778590fa3cab3ac9e2168,DAI / USDC 0.008%,DAI / USDC 0.01%,uniswap-v4-ethereum,uniswap_v3,1.00029795696886,1.00279491400076,1.00032713172433,0.99735863728796,1.00300126266008,1.00279491400076,24.962132677610605,56.57569064086543,24.669752505621645,0.8,1.0,1.8,True,23.162132677610604,22.869752505621644,1002.6676631978883,1167.2083085471106,1002.6676631978883,2169.875971744999,1958673.0799,1340042.2642,1340042.2642,api_detail,api_detail
2026-03-19 06:00:00+00:00,0x5777d92f208679db4b9778590fa3cab3ac9e2168,0xcd0a9bc63323cd038128dfcb3a5f4f7a2946548e3ae437043fd4124218e170f0,DAI / USDC 0.01%,DAI / USDC 0.008%,uniswap_v3,uniswap-v4-ethereum,1.00297893140606,1.00274937136288,1.00299757817241,0.996583468152775,1.00274937136288,0.994222959237106,-2.2887823063066914,61.87041434204899,-87.48394937595494,1.0,0.8,1.8,True,-4.088782306306691,-89.28394937595493,12279.246658166516,506.20152047931737,506.20152047931737,12785.448178645833,1340042.2642,1958673.0799,1340042.2642,api_detail,api_detail
2026-03-19 06:00:00+00:00,0xcd0a9bc63323cd038128dfcb3a5f4f7a2946548e3ae437043fd4124218e170f0,0x5777d92f208679db4b9778590fa3cab3ac9e2168,DAI / USDC 0.008%,DAI / USDC 0.01%,uniswap-v4-ethereum,uniswap_v3,1.00274937136288,1.00297893140606,1.00274937136288,0.994222959237106,1.00299757817241,0.996583468152775,2.2893062786777385,88.25604814072241,-61.489973329272864,0.8,1.0,1.8,True,0.48930627867773846,-63.28997332927286,506.20152047931737,12279.246658166516,506.20152047931737,12785.448178645833,1958673.0799,1340042.2642,1340042.2642,api_detail,api_detail
2026-03-19 07:00:00+00:00,0x5777d92f208679db4b9778590fa3cab3ac9e2168,0xcd0a9bc63323cd038128dfcb3a5f4f7a2946548e3ae437043fd4124218e170f0,DAI / USDC 0.01%,DAI / USDC 0.008%,uniswap_v3,uniswap-v4-ethereum,0.997474550068673,0.999428542091439,1.00297893140606,0.996822154428832,1.00274937136288,0.997744769983054,19.58939225699119,59.46112762154732,-52.18615525321546,1.0,0.8,1.8,True,17.78939225699119,-53.98615525321546,24574.559107998673,1406.5394067414468,1406.5394067414468,25981.09851474012,1340042.2642,1958673.0799,1340042.2642,api_detail,api_detail
2026-03-19 07:00:00+00:00,0xcd0a9bc63323cd038128dfcb3a5f4f7a2946548e3ae437043fd4124218e170f0,0x5777d92f208679db4b9778590fa3cab3ac9e2168,DAI / USDC 0.008%,DAI / USDC 0.01%,uniswap-v4-ethereum,uniswap_v3,0.999428542091439,0.997474550068673,1.00274937136288,0.997744769983054,1.00297893140606,0.996822154428832,-19.551092854293017,52.45992342405303,-59.10965494789533,0.8,1.0,1.8,True,-21.351092854293018,-60.909654947895326,1406.5394067414468,24574.559107998673,1406.5394067414468,25981.09851474012,1958673.0799,1340042.2642,1340042.2642,api_detail,api_detail
2026-03-19 08:00:00+00:00,0x5777d92f208679db4b9778590fa3cab3ac9e2168,0xcd0a9bc63323cd038128dfcb3a5f4f7a2946548e3ae437043fd4124218e170f0,DAI / USDC 0.01%,DAI / USDC 0.008%,uniswap_v3,uniswap-v4-ethereum,0.997063437683563,1.00220509058093,1.00285119767071,0.997063437683563,1.00220509058093,0.995662580985896,51.56796150616483,51.56796150616483,-71.68178790144309,1.0,0.8,1.8,True,49.76796150616483,-73.48178790144308,37020.838773438714,1526.114920937485,1526.114920937485,38546.9536943762,1340042.2642,1958673.0799,1340042.2642,api_detail,api_detail
2026-03-19 08:00:00+00:00,0xcd0a9bc63323cd038128dfcb3a5f4f7a2946548e3ae437043fd4124218e170f0,0x5777d92f208679db4b9778590fa3cab3ac9e2168,DAI / USDC 0.008%,DAI / USDC 0.01%,uniswap-v4-ethereum,uniswap_v3,1.00220509058093,0.997063437683563,1.00220509058093,0.995662580985896,1.00285119767071,0.997063437683563,-51.303400328835956,72.19932557569697,-51.303400328835956,0.8,1.0,1.8,True,-53.10340032883595,-53.10340032883595,1526.114920937485,37020.838773438714,1526.114920937485,38546.9536943762,1958673.0799,1340042.2642,1340042.2642,api_detail,api_detail
2026-03-19 09:00:00+00:00,0x5777d92f208679db4b9778590fa3cab3ac9e2168,0xcd0a9bc63323cd038128dfcb3a5f4f7a2946548e3ae437043fd4124218e170f0,DAI / USDC 0.01%,DAI / USDC 0.008%,uniswap_v3,uniswap-v4-ethereum,0.998659266031031,0.999765378550658,0.998659266031031,0.997063437683563,1.00220509058093,0.99604504525488,11.075975132368576,51.56796150616483,-26.177304562953196,1.0,0.8,1.8,True,9.275975132368576,-27.977304562953197,80224.89422688854,1876.3762663423656,1876.3762663423656,82101.27049323091,1340042.2642,1958673.0799,1340042.2642,api_detail,api_detail
2026-03-19 09:00:00+00:00,0xcd0a9bc63323cd038128dfcb3a5f4f7a2946548e3ae437043fd4124218e170f0,0x5777d92f208679db4b9778590fa3cab3ac9e2168,DAI / USDC 0.008%,DAI / USDC 0.01%,uniswap-v4-ethereum,uniswap_v3,0.999765378550658,0.998659266031031,1.00220509058093,0.99604504525488,0.998659266031031,0.997063437683563,-11.063720982521508,26.24600954148626,-51.303400328835956,0.8,1.0,1.8,True,-12.863720982521508,-53.10340032883595,1876.3762663423656,80224.89422688854,1876.3762663423656,82101.27049323091,1958673.0799,1340042.2642,1340042.2642,api_detail,api_detail
2026-03-19 10:00:00+00:00,0x5777d92f208679db4b9778590fa3cab3ac9e2168,0xcd0a9bc63323cd038128dfcb3a5f4f7a2946548e3ae437043fd4124218e170f0,DAI / USDC 0.01%,DAI / USDC 0.008%,uniswap_v3,uniswap-v4-ethereum,1.00290454131171,1.00029966092281,1.00290454131171,0.996861038273361,1.00029966092281,0.999765378550658,-25.973363182630884,34.49450342050797,-31.300713395376878,1.0,0.8,1.8,True,-27.773363182630884,-33.10071339537688,17976.756812237007,564.553434993084,564.553434993084,18541.31024723009,1340042.2642,1958673.0799,1340042.2642,api_detail,api_detail
2026-03-19 10:00:00+00:00,0xcd0a9bc63323cd038128dfcb3a5f4f7a2946548e3ae437043fd4124218e170f0,0x5777d92f208679db4b9778590fa3cab3ac9e2168,DAI / USDC 0.008%,DAI / USDC 0.01%,uniswap-v4-ethereum,uniswap_v3,1.00029966092281,1.00290454131171,1.00029966092281,0.999765378550658,1.00290454131171,0.996861038273361,26.041000418781657,31.39899448811434,-34.37592537297029,0.8,1.0,1.8,True,24.241000418781656,-36.17592537297029,564.553434993084,17976.756812237007,564.553434993084,18541.31024723009,1958673.0799,1340042.2642,1340042.2642,api_detail,api_detail
2026-03-19 11:00:00+00:00,0x5777d92f208679db4b9778590fa3cab3ac9e2168,0xcd0a9bc63323cd038128dfcb3a5f4f7a2946548e3ae437043fd4124218e170f0,DAI / USDC 0.01%,DAI / USDC 0.008%,uniswap_v3,uniswap-v4-ethereum,0.996480534839549,0.994655513494481,1.00290454131171,0.996480534839549,1.00029966092281,0.99464305653863,-18.314671298239602,38.32614837655734,-82.37558444270876,1.0,0.8,1.8,True,-20.114671298239603,-84.17558444270875,2460.51382049123,10978.637809454704,2460.51382049123,13439.151629945933,1340042.2642,1958673.0799,1340042.2642,api_detail,api_detail
2026-03-19 11:00:00+00:00,0xcd0a9bc63323cd038128dfcb3a5f4f7a2946548e3ae437043fd4124218e170f0,0x5777d92f208679db4b9778590fa3cab3ac9e2168,DAI / USDC 0.008%,DAI / USDC 0.01%,uniswap-v4-ethereum,uniswap_v3,0.994655513494481,0.996480534839549,1.00029966092281,0.99464305653863,1.00290454131171,0.996480534839549,18.34827556181917,83.05979435306199,-38.179819832566686,0.8,1.0,1.8,True,16.54827556181917,-39.97981983256668,10978.637809454704,2460.51382049123,2460.51382049123,13439.151629945933,1958673.0799,1340042.2642,1340042.2642,api_detail,api_detail
2026-03-19 12:00:00+00:00,0x5777d92f208679db4b9778590fa3cab3ac9e2168,0xcd0a9bc63323cd038128dfcb3a5f4f7a2946548e3ae437043fd4124218e170f0,DAI / USDC 0.01%,DAI / USDC 0.008%,uniswap_v3,uniswap-v4-ethereum,1.00270809632383,1.00128663218906,1.00285238560378,0.996480534839549,1.00128663218906,0.994655513494481,-14.176250695304704,48.23071983322657,-81.73557970213241,1.0,0.8,1.8,True,-15.976250695304705,-83.53557970213241,540165.2648492284,145208.2724844545,145208.2724844545,685373.5373336829,1340042.2642,1958673.0799,1340042.2642,api_detail,api_detail
2026-03-19 12:00:00+00:00,0xcd0a9bc63323cd038128dfcb3a5f4f7a2946548e3ae437043fd4124218e170f0,0x5777d92f208679db4b9778590fa3cab3ac9e2168,DAI / USDC 0.008%,DAI / USDC 0.01%,uniswap-v4-ethereum,uniswap_v3,1.00128663218906,1.00270809632383,1.00128663218906,0.994655513494481,1.00285238560378,0.996480534839549,14.196375833583907,82.40915571363416,-47.999216158551846,0.8,1.0,1.8,True,12.396375833583907,-49.79921615855184,145208.2724844545,540165.2648492284,145208.2724844545,685373.5373336829,1958673.0799,1340042.2642,1340042.2642,api_detail,api_detail
2026-03-19 13:00:00+00:00,0x5777d92f208679db4b9778590fa3cab3ac9e2168,0xcd0a9bc63323cd038128dfcb3a5f4f7a2946548e3ae437043fd4124218e170f0,DAI / USDC 0.01%,DAI / USDC 0.008%,uniswap_v3,uniswap-v4-ethereum,0.997382718625559,1.00025416256691,1.00275425710401,0.997236902305594,1.00282044608558,0.995218853892556,28.789790395684633,55.990144037760814,-75.14705779675724,1.0,0.8,1.8,True,26.989790395684633,-76.94705779675724,21689.03980083818,2469.0267684710007,2469.0267684710007,24158.066569309183,1340042.2642,1958673.0799,1340042.2642,api_detail,api_detail
2026-03-19 13:00:00+00:00,0xcd0a9bc63323cd038128dfcb3a5f4f7a2946548e3ae437043fd4124218e170f0,0x5777d92f208679db4b9778590fa3cab3ac9e2168,DAI / USDC 0.008%,DAI / USDC 0.01%,uniswap-v4-ethereum,uniswap_v3,1.00025416256691,0.997382718625559,1.00282044608558,0.995218853892556,1.00275425710401,0.997236902305594,-28.70714313232159,75.71604157197154,-55.67839987488221,0.8,1.0,1.8,True,-30.50714313232159,-57.47839987488221,2469.0267684710007,21689.03980083818,2469.0267684710007,24158.066569309183,1958673.0799,1340042.2642,1340042.2642,api_detail,api_detail
2026-03-19 14:00:00+00:00,0x5777d92f208679db4b9778590fa3cab3ac9e2168,0xcd0a9bc63323cd038128dfcb3a5f4f7a2946548e3ae437043fd4124218e170f0,DAI / USDC 0.01%,DAI / USDC 0.008%,uniswap_v3,uniswap-v4-ethereum,0.997589386122793,0.999667126128026,1.00324548098423,0.997303509946142,1.00274208088372,0.9970825139126,20.82760737168954,54.53275641105204,-61.430299846292336,1.0,0.8,1.8,True,19.027607371689538,-63.23029984629233,33117.95468240218,1170.1765995504245,1170.1765995504245,34288.13128195261,1340042.2642,1958673.0799,1340042.2642,api_detail,api_detail
2026-03-19 14:00:00+00:00,0xcd0a9bc63323cd038128dfcb3a5f4f7a2946548e3ae437043fd4124218e170f0,0x5777d92f208679db4b9778590fa3cab3ac9e2168,DAI / USDC 0.008%,DAI / USDC 0.01%,uniswap-v4-ethereum,uniswap_v3,0.999667126128026,0.997589386122793,1.00274208088372,0.9970825139126,1.00324548098423,0.997303509946142,-20.78431860894181,61.81000053291585,-54.23698717006986,0.8,1.0,1.8,True,-22.58431860894181,-56.03698717006986,1170.1765995504245,33117.95468240218,1170.1765995504245,34288.13128195261,1958673.0799,1340042.2642,1340042.2642,api_detail,api_detail
2026-03-19 15:00:00+00:00,0x5777d92f208679db4b9778590fa3cab3ac9e2168,0xcd0a9bc63323cd038128dfcb3a5f4f7a2946548e3ae437043fd4124218e170f0,DAI / USDC 0.01%,DAI / USDC 0.008%,uniswap_v3,uniswap-v4-ethereum,0.997771364905539,1.00237602196804,1.002799131466,0.997589386122793,1.00237602196804,0.99766884368116,46.14942084389284,47.982024586794566,-51.159675191780885,1.0,0.8,1.8,True,44.349420843892844,-52.95967519178088,6668.174236632731,3666.569006924923,3666.569006924923,10334.743243557654,1340042.2642,1958673.0799,1340042.2642,api_detail,api_detail
2026-03-19 15:00:00+00:00,0xcd0a9bc63323cd038128dfcb3a5f4f7a2946548e3ae437043fd4124218e170f0,0x5777d92f208679db4b9778590fa3cab3ac9e2168,DAI / USDC 0.008%,DAI / USDC 0.01%,uniswap-v4-ethereum,uniswap_v3,1.00237602196804,0.997771364905539,1.00237602196804,0.99766884368116,1.002799131466,0.997589386122793,-45.93742230046938,51.42275232240978,-47.752896521297,0.8,1.0,1.8,True,-47.737422300469376,-49.552896521296994,3666.569006924923,6668.174236632731,3666.569006924923,10334.743243557654,1958673.0799,1340042.2642,1340042.2642,api_detail,api_detail
2026-03-19 16:00:00+00:00,0x5777d92f208679db4b9778590fa3cab3ac9e2168,0xcd0a9bc63323cd038128dfcb3a5f4f7a2946548e3ae437043fd4124218e170f0,DAI / USDC 0.01%,DAI / USDC 0.008%,uniswap_v3,uniswap-v4-ethereum,0.996716393602667,0.996569498929591,1.00265455999493,0.99671627252877,1.00237602196804,0.996569498929591,-1.4737860641078626,56.783957433650386,-60.68950671674678,1.0,0.8,1.8,True,-3.2737860641078624,-62.489506716746774,44146.81910270539,1071.1706235955203,1071.1706235955203,45217.98972630091,1340042.2642,1958673.0799,1340042.2642,api_detail,api_detail
2026-03-19 16:00:00+00:00,0xcd0a9bc63323cd038128dfcb3a5f4f7a2946548e3ae437043fd4124218e170f0,0x5777d92f208679db4b9778590fa3cab3ac9e2168,DAI / USDC 0.008%,DAI / USDC 0.01%,uniswap-v4-ethereum,uniswap_v3,0.996569498929591,0.996716393602667,1.00237602196804,0.996569498929591,1.00265455999493,0.99671627252877,1.4740033006610531,61.06007731397467,-56.46333626534439,0.8,1.0,1.8,True,-0.3259966993389469,-58.263336265344385,1071.1706235955203,44146.81910270539,1071.1706235955203,45217.98972630091,1958673.0799,1340042.2642,1340042.2642,api_detail,api_detail
2026-03-19 17:00:00+00:00,0x5777d92f208679db4b9778590fa3cab3ac9e2168,0xcd0a9bc63323cd038128dfcb3a5f4f7a2946548e3ae437043fd4124218e170f0,DAI / USDC 0.01%,DAI / USDC 0.008%,uniswap_v3,uniswap-v4-ethereum,0.998311824758183,0.996156093471198,1.00226477789054,0.996716393602667,1.00205477735211,0.995167970878915,-21.593766932562765,53.559706489298975,-70.80770638834278,1.0,0.8,1.8,True,-23.393766932562766,-72.60770638834278,35433.88164698545,36.26781898710044,36.26781898710044,35470.14946597255,1340042.2642,1958673.0799,1340042.2642,api_detail,api_detail
2026-03-19 17:00:00+00:00,0xcd0a9bc63323cd038128dfcb3a5f4f7a2946548e3ae437043fd4124218e170f0,0x5777d92f208679db4b9778590fa3cab3ac9e2168,DAI / USDC 0.008%,DAI / USDC 0.01%,uniswap-v4-ethereum,uniswap_v3,0.996156093471198,0.998311824758183,1.00205477735211,0.995167970878915,1.00226477789054,0.996716393602667,21.640496917236796,71.31265494163097,-53.27437052442874,0.8,1.0,1.8,True,19.840496917236795,-55.07437052442874,36.26781898710044,35433.88164698545,36.26781898710044,35470.14946597255,1958673.0799,1340042.2642,1340042.2642,api_detail,api_detail
2026-03-19 18:00:00+00:00,0x5777d92f208679db4b9778590fa3cab3ac9e2168,0xcd0a9bc63323cd038128dfcb3a5f4f7a2946548e3ae437043fd4124218e170f0,DAI / USDC 0.01%,DAI / USDC 0.008%,uniswap_v3,uniswap-v4-ethereum,0.996813760453318,0.998625409233821,1.00274270662463,0.996813760453318,1.00061081392332,0.996156093471198,18.17439578361224,38.09190463297085,-65.68597417779598,1.0,0.8,1.8,True,16.37439578361224,-67.48597417779598,11033.115946468622,209.2931599727688,209.2931599727688,11242.409106441391,1340042.2642,1958673.0799,1340042.2642,api_detail,api_detail
2026-03-19 18:00:00+00:00,0xcd0a9bc63323cd038128dfcb3a5f4f7a2946548e3ae437043fd4124218e170f0,0x5777d92f208679db4b9778590fa3cab3ac9e2168,DAI / USDC 0.008%,DAI / USDC 0.01%,uniswap-v4-ethereum,uniswap_v3,0.998625409233821,0.996813760453318,1.00061081392332,0.996156093471198,1.00274270662463,0.996813760453318,-18.14142484010017,66.12029175548484,-37.94735592666743,0.8,1.0,1.8,True,-19.941424840100172,-39.747355926667424,209.2931599727688,11033.115946468622,209.2931599727688,11242.409106441391,1958673.0799,1340042.2642,1340042.2642,api_detail,api_detail
2026-03-19 19:00:00+00:00,0x5777d92f208679db4b9778590fa3cab3ac9e2168,0xcd0a9bc63323cd038128dfcb3a5f4f7a2946548e3ae437043fd4124218e170f0,DAI / USDC 0.01%,DAI / USDC 0.008%,uniswap_v3,uniswap-v4-ethereum,1.0025766969885,1.0034934976737,1.00319165832064,0.996575808848157,1.0034934976737,0.998194926973851,9.144444389679318,69.41457703592447,-49.808342257884334,1.0,0.8,1.8,True,7.344444389679318,-51.60834225788433,160218.84765873605,3446.952625554684,3446.952625554684,163665.80028429074,1340042.2642,1958673.0799,1340042.2642,api_detail,api_detail
2026-03-19 19:00:00+00:00,0xcd0a9bc63323cd038128dfcb3a5f4f7a2946548e3ae437043fd4124218e170f0,0x5777d92f208679db4b9778590fa3cab3ac9e2168,DAI / USDC 0.008%,DAI / USDC 0.01%,uniswap-v4-ethereum,uniswap_v3,1.0034934976737,1.0025766969885,1.0034934976737,0.998194926973851,1.00319165832064,0.996575808848157,-9.136089943038161,50.05767121996074,-68.93606028917532,0.8,1.0,1.8,True,-10.936089943038162,-70.73606028917531,3446.952625554684,160218.84765873605,3446.952625554684,163665.80028429074,1958673.0799,1340042.2642,1340042.2642,api_detail,api_detail
2026-03-19 20:00:00+00:00,0x5777d92f208679db4b9778590fa3cab3ac9e2168,0xcd0a9bc63323cd038128dfcb3a5f4f7a2946548e3ae437043fd4124218e170f0,DAI / USDC 0.01%,DAI / USDC 0.008%,uniswap_v3,uniswap-v4-ethereum,0.996966686016424,0.999724659725248,1.00295068204127,0.996948700418985,1.0044512444208,0.995543019921836,27.663649623479447,75.25506576880004,-73.85868769097748,1.0,0.8,1.8,True,25.863649623479446,-75.65868769097747,8135.6362688043955,1963.538615479324,1963.538615479324,10099.174884283719,1340042.2642,1958673.0799,1340042.2642,api_detail,api_detail
2026-03-19 20:00:00+00:00,0xcd0a9bc63323cd038128dfcb3a5f4f7a2946548e3ae437043fd4124218e170f0,0x5777d92f208679db4b9778590fa3cab3ac9e2168,DAI / USDC 0.008%,DAI / USDC 0.01%,uniswap-v4-ethereum,uniswap_v3,0.999724659725248,0.996966686016424,1.0044512444208,0.995543019921836,1.00295068204127,0.996948700418985,-27.587332992086154,74.4082573148419,-74.69296338162512,0.8,1.0,1.8,True,-29.387332992086154,-76.49296338162512,1963.538615479324,8135.6362688043955,1963.538615479324,10099.174884283719,1958673.0799,1340042.2642,1340042.2642,api_detail,api_detail
2026-03-19 21:00:00+00:00,0x5777d92f208679db4b9778590fa3cab3ac9e2168,0xcd0a9bc63323cd038128dfcb3a5f4f7a2946548e3ae437043fd4124218e170f0,DAI / USDC 0.01%,DAI / USDC 0.008%,uniswap_v3,uniswap-v4-ethereum,0.996942972354995,0.999518523706751,0.996966686016424,0.996934474749024,1.00242007785262,0.997097802719126,25.834490268505927,55.024710675966034,1.3151563090429974,1.0,0.8,1.8,True,24.034490268505927,-0.48484369095700264,2283.9803772262276,75.5792368497702,75.5792368497702,2359.5596140759976,1340042.2642,1958673.0799,1340042.2642,api_detail,api_detail
2026-03-19 21:00:00+00:00,0xcd0a9bc63323cd038128dfcb3a5f4f7a2946548e3ae437043fd4124218e170f0,0x5777d92f208679db4b9778590fa3cab3ac9e2168,DAI / USDC 0.008%,DAI / USDC 0.01%,uniswap-v4-ethereum,uniswap_v3,0.999518523706751,0.996942972354995,1.00242007785262,0.997097802719126,0.996966686016424,0.996934474749024,-25.767920160243428,-1.3149833681747047,-54.72359567405327,0.8,1.0,1.8,True,-27.56792016024343,-56.52359567405327,75.5792368497702,2283.9803772262276,75.5792368497702,2359.5596140759976,1958673.0799,1340042.2642,1340042.2642,api_detail,api_detail
2026-03-19 22:00:00+00:00,0x5777d92f208679db4b9778590fa3cab3ac9e2168,0xcd0a9bc63323cd038128dfcb3a5f4f7a2946548e3ae437043fd4124218e170f0,DAI / USDC 0.01%,DAI / USDC 0.008%,uniswap_v3,uniswap-v4-ethereum,0.996979703414645,1.00039707985401,1.00239215909614,0.996942972354995,1.00039707985401,0.997263322727128,34.27729198157703,34.64699180190544,-51.165966557805696,1.0,0.8,1.8,True,32.47729198157703,-52.96596655780569,6372.017984535479,388.4949287978128,388.4949287978128,6760.512913333291,1340042.2642,1958673.0799,1340042.2642,api_detail,api_detail
2026-03-19 22:00:00+00:00,0xcd0a9bc63323cd038128dfcb3a5f4f7a2946548e3ae437043fd4124218e170f0,0x5777d92f208679db4b9778590fa3cab3ac9e2168,DAI / USDC 0.008%,DAI / USDC 0.01%,uniswap-v4-ethereum,uniswap_v3,1.00039707985401,0.996979703414645,1.00039707985401,0.997263322727128,1.00239215909614,0.996942972354995,-34.16020006639431,51.429108562686125,-34.52736486914909,0.8,1.0,1.8,True,-35.96020006639431,-36.327364869149086,388.4949287978128,6372.017984535479,388.4949287978128,6760.512913333291,1958673.0799,1340042.2642,1340042.2642,api_detail,api_detail
2026-03-19 23:00:00+00:00,0x5777d92f208679db4b9778590fa3cab3ac9e2168,0xcd0a9bc63323cd038128dfcb3a5f4f7a2946548e3ae437043fd4124218e170f0,DAI / USDC 0.01%,DAI / USDC 0.008%,uniswap_v3,uniswap-v4-ethereum,1.00296960230187,0.999589109791879,1.00296960230187,0.996979703414645,1.00039707985401,0.999589109791879,-33.70483514388178,34.27729198157703,-33.70483514388178,1.0,0.8,1.8,True,-35.50483514388178,-35.50483514388178,5980.719905563891,39.6253097174471,39.6253097174471,6020.345215281338,1340042.2642,1958673.0799,1340042.2642,api_detail,api_detail
2026-03-19 23:00:00+00:00,0xcd0a9bc63323cd038128dfcb3a5f4f7a2946548e3ae437043fd4124218e170f0,0x5777d92f208679db4b9778590fa3cab3ac9e2168,DAI / USDC 0.008%,DAI / USDC 0.01%,uniswap-v4-ethereum,uniswap_v3,0.999589109791879,1.00296960230187,1.00039707985401,0.999589109791879,1.00296960230187,0.996979703414645,33.81882092227562,33.81882092227562,-34.16020006639431,0.8,1.0,1.8,True,32.01882092227562,-35.96020006639431,39.6253097174471,5980.719905563891,39.6253097174471,6020.345215281338,1958673.0799,1340042.2642,1340042.2642,api_detail,api_detail
2026-03-20 00:00:00+00:00,0x5777d92f208679db4b9778590fa3cab3ac9e2168,0xcd0a9bc63323cd038128dfcb3a5f4f7a2946548e3ae437043fd4124218e170f0,DAI / USDC 0.01%,DAI / USDC 0.008%,uniswap_v3,uniswap-v4-ethereum,1.00296960230187,0.997971661961344,1.00296960230187,1.00296960230187,0.999589109791879,0.997971661961344,-49.83142389415774,-33.70483514388178,-49.83142389415774,1.0,0.8,1.8,True,-51.631423894157734,-51.631423894157734,0.0,42.6278327136477,0.0,42.6278327136477,1340042.2642,1958673.0799,1340042.2642,api_detail,api_detail
2026-03-20 00:00:00+00:00,0xcd0a9bc63323cd038128dfcb3a5f4f7a2946548e3ae437043fd4124218e170f0,0x5777d92f208679db4b9778590fa3cab3ac9e2168,DAI / USDC 0.008%,DAI / USDC 0.01%,uniswap-v4-ethereum,uniswap_v3,0.997971661961344,1.00296960230187,0.999589109791879,0.997971661961344,1.00296960230187,1.00296960230187,50.080984571279075,50.080984571279075,33.81882092227562,0.8,1.0,1.8,True,48.28098457127908,32.01882092227562,42.6278327136477,0.0,0.0,42.6278327136477,1958673.0799,1340042.2642,1340042.2642,api_detail,api_detail
2026-03-20 01:00:00+00:00,0x5777d92f208679db4b9778590fa3cab3ac9e2168,0xcd0a9bc63323cd038128dfcb3a5f4f7a2946548e3ae437043fd4124218e170f0,DAI / USDC 0.01%,DAI / USDC 0.008%,uniswap_v3,uniswap-v4-ethereum,0.997135303632547,0.99962287332386,1.00296960230187,0.997135303632547,1.00186437019491,0.997971661961344,24.947162960240465,47.42652822676163,-49.83142389415774,1.0,0.8,1.8,True,23.147162960240465,-51.631423894157734,0.210173487286862,1304.011584469138,0.210173487286862,1304.2217579564249,1340042.2642,1958673.0799,1340042.2642,api_detail,api_detail
2026-03-20 01:00:00+00:00,0xcd0a9bc63323cd038128dfcb3a5f4f7a2946548e3ae437043fd4124218e170f0,0x5777d92f208679db4b9778590fa3cab3ac9e2168,DAI / USDC 0.008%,DAI / USDC 0.01%,uniswap-v4-ethereum,uniswap_v3,0.99962287332386,0.997135303632547,1.00186437019491,0.997971661961344,1.00296960230187,0.997135303632547,-24.88508174129267,50.080984571279075,-47.202662386754966,0.8,1.0,1.8,True,-26.68508174129267,-49.00266238675496,1304.011584469138,0.210173487286862,0.210173487286862,1304.2217579564249,1958673.0799,1340042.2642,1340042.2642,api_detail,api_detail
2026-03-20 02:00:00+00:00,0x5777d92f208679db4b9778590fa3cab3ac9e2168,0xcd0a9bc63323cd038128dfcb3a5f4f7a2946548e3ae437043fd4124218e170f0,DAI / USDC 0.01%,DAI / USDC 0.008%,uniswap_v3,uniswap-v4-ethereum,0.998044805990734,1.00044147632378,1.00287616658514,0.997135303632547,1.00046309936926,0.997435127506492,24.01365468424066,33.37356249036638,-54.25434624870107,1.0,0.8,1.8,True,22.21365468424066,-56.054346248701066,6148.4456069713715,2092.906665688811,2092.906665688811,8241.352272660182,1340042.2642,1958673.0799,1340042.2642,api_detail,api_detail
2026-03-20 02:00:00+00:00,0xcd0a9bc63323cd038128dfcb3a5f4f7a2946548e3ae437043fd4124218e170f0,0x5777d92f208679db4b9778590fa3cab3ac9e2168,DAI / USDC 0.008%,DAI / USDC 0.01%,uniswap-v4-ethereum,uniswap_v3,1.00044147632378,0.998044805990734,1.00046309936926,0.997435127506492,1.00287616658514,0.997135303632547,-23.956127267463767,54.55030536422045,-33.26255349958451,0.8,1.0,1.8,True,-25.756127267463768,-35.06255349958451,2092.906665688811,6148.4456069713715,2092.906665688811,8241.352272660182,1958673.0799,1340042.2642,1340042.2642,api_detail,api_detail
2026-03-20 03:00:00+00:00,0x5777d92f208679db4b9778590fa3cab3ac9e2168,0xcd0a9bc63323cd038128dfcb3a5f4f7a2946548e3ae437043fd4124218e170f0,DAI / USDC 0.01%,DAI / USDC 0.008%,uniswap_v3,uniswap-v4-ethereum,0.997289949876402,0.999647407867427,0.998044805990734,0.997055022028772,1.00044147632378,0.999027832175352,23.63864181442077,33.96456785421442,9.849519567832754,1.0,0.8,1.8,True,21.838641814420768,8.049519567832753,1870.7360551116763,781.663464261777,781.663464261777,2652.399519373453,1340042.2642,1958673.0799,1340042.2642,api_detail,api_detail
2026-03-20 03:00:00+00:00,0xcd0a9bc63323cd038128dfcb3a5f4f7a2946548e3ae437043fd4124218e170f0,0x5777d92f208679db4b9778590fa3cab3ac9e2168,DAI / USDC 0.008%,DAI / USDC 0.01%,uniswap-v4-ethereum,uniswap_v3,0.999647407867427,0.997289949876402,1.00044147632378,0.999027832175352,0.998044805990734,0.997055022028772,-23.582895053509965,-9.839827810177448,-33.849599153484846,0.8,1.0,1.8,True,-25.382895053509966,-35.64959915348484,781.663464261777,1870.7360551116763,781.663464261777,2652.399519373453,1958673.0799,1340042.2642,1340042.2642,api_detail,api_detail
2026-03-20 04:00:00+00:00,0x5777d92f208679db4b9778590fa3cab3ac9e2168,0xcd0a9bc63323cd038128dfcb3a5f4f7a2946548e3ae437043fd4124218e170f0,DAI / USDC 0.01%,DAI / USDC 0.008%,uniswap_v3,uniswap-v4-ethereum,1.00312213453362,0.999985051628711,1.00312213453362,0.997289851750874,1.00237318679416,0.997360228781899,-31.273189942794268,50.97149072921469,-57.4397229745105,1.0,0.8,1.8,True,-33.073189942794265,-59.2397229745105,15552.425691360777,450.5577749683298,450.5577749683298,16002.983466329108,1340042.2642,1958673.0799,1340042.2642,api_detail,api_detail
2026-03-20 04:00:00+00:00,0xcd0a9bc63323cd038128dfcb3a5f4f7a2946548e3ae437043fd4124218e170f0,0x5777d92f208679db4b9778590fa3cab3ac9e2168,DAI / USDC 0.008%,DAI / USDC 0.01%,uniswap-v4-ethereum,uniswap_v3,0.999985051628711,1.00312213453362,1.00237318679416,0.997360228781899,1.00312213453362,0.997289851750874,31.37129799890115,57.77156122174887,-50.71299901331039,0.8,1.0,1.8,True,29.571297998901148,-52.512999013310385,450.5577749683298,15552.425691360777,450.5577749683298,16002.983466329108,1958673.0799,1340042.2642,1340042.2642,api_detail,api_detail
2026-03-20 05:00:00+00:00,0x5777d92f208679db4b9778590fa3cab3ac9e2168,0xcd0a9bc63323cd038128dfcb3a5f4f7a2946548e3ae437043fd4124218e170f0,DAI / USDC 0.01%,DAI / USDC 0.008%,uniswap_v3,uniswap-v4-ethereum,1.00288743543329,0.999985051628711,1.00312215382474,1.00288743543329,0.999985051628711,0.999985051628711,-28.940274870679072,-28.940274870679072,-31.273381652151542,1.0,0.8,1.8,True,-30.740274870679073,-33.07338165215154,701.4801887808092,0.0,0.0,701.4801887808092,1340042.2642,1958673.0799,1340042.2642,api_detail,api_detail
2026-03-20 05:00:00+00:00,0xcd0a9bc63323cd038128dfcb3a5f4f7a2946548e3ae437043fd4124218e170f0,0x5777d92f208679db4b9778590fa3cab3ac9e2168,DAI / USDC 0.008%,DAI / USDC 0.01%,uniswap-v4-ethereum,uniswap_v3,0.999985051628711,1.00288743543329,0.999985051628711,0.999985051628711,1.00312215382474,1.00288743543329,29.024271911382016,31.371490912983635,29.024271911382016,0.8,1.0,1.8,True,27.224271911382015,27.224271911382015,0.0,701.4801887808092,0.0,701.4801887808092,1958673.0799,1340042.2642,1340042.2642,api_detail,api_detail
2026-03-20 06:00:00+00:00,0x5777d92f208679db4b9778590fa3cab3ac9e2168,0xcd0a9bc63323cd038128dfcb3a5f4f7a2946548e3ae437043fd4124218e170f0,DAI / USDC 0.01%,DAI / USDC 0.008%,uniswap_v3,uniswap-v4-ethereum,1.00274088772003,1.00042332088208,1.002974147177,1.00273130541395,1.00042332088208,0.999985051628711,-23.11232010514086,-23.016978919563336,-29.802318999967436,1.0,0.8,1.8,True,-24.91232010514086,-31.602318999967437,1704.7149021438267,71.1447281159022,71.1447281159022,1775.8596302597289,1340042.2642,1958673.0799,1340042.2642,api_detail,api_detail
2026-03-20 06:00:00+00:00,0xcd0a9bc63323cd038128dfcb3a5f4f7a2946548e3ae437043fd4124218e170f0,0x5777d92f208679db4b9778590fa3cab3ac9e2168,DAI / USDC 0.008%,DAI / USDC 0.01%,uniswap-v4-ethereum,uniswap_v3,1.00042332088208,1.00274088772003,1.00042332088208,0.999985051628711,1.002974147177,1.00273130541395,23.165861786451636,29.89140231066889,23.070079272391464,0.8,1.0,1.8,True,21.365861786451635,21.270079272391463,71.1447281159022,1704.7149021438267,71.1447281159022,1775.8596302597289,1958673.0799,1340042.2642,1340042.2642,api_detail,api_detail
2026-03-20 07:00:00+00:00,0x5777d92f208679db4b9778590fa3cab3ac9e2168,0xcd0a9bc63323cd038128dfcb3a5f4f7a2946548e3ae437043fd4124218e170f0,DAI / USDC 0.01%,DAI / USDC 0.008%,uniswap_v3,uniswap-v4-ethereum,0.997379250090613,0.998620829797548,1.00299063607482,0.997094786142153,1.00042332088208,0.997775869530903,12.448421268260734,33.3823302075964,-51.99217576272508,1.0,0.8,1.8,True,10.648421268260734,-53.79217576272508,22222.4384266545,596.5729651792501,596.5729651792501,22819.01139183375,1340042.2642,1958673.0799,1340042.2642,api_detail,api_detail
2026-03-20 07:00:00+00:00,0xcd0a9bc63323cd038128dfcb3a5f4f7a2946548e3ae437043fd4124218e170f0,0x5777d92f208679db4b9778590fa3cab3ac9e2168,DAI / USDC 0.008%,DAI / USDC 0.01%,uniswap-v4-ethereum,uniswap_v3,0.998620829797548,0.997379250090613,1.00042332088208,0.997775869530903,1.00299063607482,0.997094786142153,-12.432944215540198,52.263907187579676,-33.271262978878944,0.8,1.0,1.8,True,-14.232944215540199,-35.07126297887894,596.5729651792501,22222.4384266545,596.5729651792501,22819.01139183375,1958673.0799,1340042.2642,1340042.2642,api_detail,api_detail
2026-03-20 08:00:00+00:00,0x5777d92f208679db4b9778590fa3cab3ac9e2168,0xcd0a9bc63323cd038128dfcb3a5f4f7a2946548e3ae437043fd4124218e170f0,DAI / USDC 0.01%,DAI / USDC 0.008%,uniswap_v3,uniswap-v4-ethereum,1.00275131945778,1.00146292413371,1.00306825609017,0.997379250090613,1.00263139518426,0.997865675560617,-12.84860263027654,52.65945820679407,-51.86666508450788,1.0,0.8,1.8,True,-14.64860263027654,-53.666665084507876,11354.056410577006,5081.858278000738,5081.858278000738,16435.914688577745,1340042.2642,1958673.0799,1340042.2642,api_detail,api_detail
2026-03-20 08:00:00+00:00,0xcd0a9bc63323cd038128dfcb3a5f4f7a2946548e3ae437043fd4124218e170f0,0x5777d92f208679db4b9778590fa3cab3ac9e2168,DAI / USDC 0.008%,DAI / USDC 0.01%,uniswap-v4-ethereum,uniswap_v3,1.00146292413371,1.00275131945778,1.00263139518426,0.997865675560617,1.00306825609017,0.997379250090613,12.865132527839496,52.1370827454315,-52.38360896011818,0.8,1.0,1.8,True,11.065132527839495,-54.18360896011818,5081.858278000738,11354.056410577006,5081.858278000738,16435.914688577745,1958673.0799,1340042.2642,1340042.2642,api_detail,api_detail
2026-03-20 09:00:00+00:00,0x5777d92f208679db4b9778590fa3cab3ac9e2168,0xcd0a9bc63323cd038128dfcb3a5f4f7a2946548e3ae437043fd4124218e170f0,DAI / USDC 0.01%,DAI / USDC 0.008%,uniswap_v3,uniswap-v4-ethereum,1.00277646832437,1.00045548346461,1.00293639758582,1.00235527651248,1.00162804107132,0.997833753758724,-23.145585612298625,-7.255266253399784,-50.87704304459151,1.0,0.8,1.8,True,-24.945585612298625,-52.67704304459151,27738.385525454436,1075.5594261751562,1075.5594261751562,28813.944951629594,1340042.2642,1958673.0799,1340042.2642,api_detail,api_detail
2026-03-20 09:00:00+00:00,0xcd0a9bc63323cd038128dfcb3a5f4f7a2946548e3ae437043fd4124218e170f0,0x5777d92f208679db4b9778590fa3cab3ac9e2168,DAI / USDC 0.008%,DAI / USDC 0.01%,uniswap-v4-ethereum,uniswap_v3,1.00045548346461,1.00277646832437,1.00162804107132,0.997833753758724,1.00293639758582,1.00235527651248,23.199281708392583,51.13721406872607,7.260533964104088,0.8,1.0,1.8,True,21.399281708392582,5.460533964104088,1075.5594261751562,27738.385525454436,1075.5594261751562,28813.944951629594,1958673.0799,1340042.2642,1340042.2642,api_detail,api_detail
2026-03-20 10:00:00+00:00,0x5777d92f208679db4b9778590fa3cab3ac9e2168,0xcd0a9bc63323cd038128dfcb3a5f4f7a2946548e3ae437043fd4124218e170f0,DAI / USDC 0.01%,DAI / USDC 0.008%,uniswap_v3,uniswap-v4-ethereum,0.997477607547603,0.999184544579573,1.0028778654007,0.997477607547603,1.00211570626138,0.997355783739047,17.11253484844244,46.49827403323981,-55.06235457142794,1.0,0.8,1.8,True,15.31253484844244,-56.862354571427936,33852.821265154045,977.5273046558672,977.5273046558672,34830.34856980991,1340042.2642,1958673.0799,1340042.2642,api_detail,api_detail
2026-03-20 10:00:00+00:00,0xcd0a9bc63323cd038128dfcb3a5f4f7a2946548e3ae437043fd4124218e170f0,0x5777d92f208679db4b9778590fa3cab3ac9e2168,DAI / USDC 0.008%,DAI / USDC 0.01%,uniswap-v4-ethereum,uniswap_v3,0.999184544579573,0.997477607547603,1.00211570626138,0.997355783739047,1.0028778654007,0.997477607547603,-17.0833009900917,55.367219518704935,-46.283065765733156,0.8,1.0,1.8,True,-18.8833009900917,-48.08306576573315,977.5273046558672,33852.821265154045,977.5273046558672,34830.34856980991,1958673.0799,1340042.2642,1340042.2642,api_detail,api_detail
2026-03-20 11:00:00+00:00,0x5777d92f208679db4b9778590fa3cab3ac9e2168,0xcd0a9bc63323cd038128dfcb3a5f4f7a2946548e3ae437043fd4124218e170f0,DAI / USDC 0.01%,DAI / USDC 0.008%,uniswap_v3,uniswap-v4-ethereum,1.00260384445741,1.0020219272675,1.00282647869752,0.997477607547603,1.0020219272675,0.999184544579573,-5.804059032158415,45.55811263843523,-36.31669282084804,1.0,0.8,1.8,True,-7.604059032158415,-38.11669282084804,5302.909737041685,54.58884910976863,54.58884910976863,5357.498586151453,1340042.2642,1958673.0799,1340042.2642,api_detail,api_detail
2026-03-20 11:00:00+00:00,0xcd0a9bc63323cd038128dfcb3a5f4f7a2946548e3ae437043fd4124218e170f0,0x5777d92f208679db4b9778590fa3cab3ac9e2168,DAI / USDC 0.008%,DAI / USDC 0.01%,uniswap-v4-ethereum,uniswap_v3,1.0020219272675,1.00260384445741,1.0020219272675,0.999184544579573,1.00282647869752,0.997477607547603,5.8074296986387886,36.449063766088585,-45.35149976497288,0.8,1.0,1.8,True,4.007429698638789,-47.151499764972876,54.58884910976863,5302.909737041685,54.58884910976863,5357.498586151453,1958673.0799,1340042.2642,1340042.2642,api_detail,api_detail
