timestamp,buy_dex,sell_dex,gross_edge_bps,fee_cost_bps,gas_cost_weth,net_edge_bps,opportunity_flag,stale_state,split
2026-03-08 01:36:00+00:00,uniswap_v2,sushiswap_v2,-79.76500982589376,59.482563560386865,0.0004474981181,-140.5520660036807,False,True,train
2026-03-08 01:37:00+00:00,uniswap_v2,sushiswap_v2,-79.76500982589376,59.482563560386865,0.0004474981181,-140.5520660036807,False,True,train
2026-03-08 01:38:00+00:00,uniswap_v2,sushiswap_v2,-79.76500982589376,59.482563560386865,0.0004474981181,-140.5520660036807,False,True,train
2026-03-08 01:39:00+00:00,uniswap_v2,sushiswap_v2,-79.76500982589376,59.482563560386865,0.0004474981181,-140.5520660036807,False,True,train
2026-03-08 01:40:00+00:00,uniswap_v2,sushiswap_v2,-79.76500982589376,59.482563560386865,0.0004474981181,-140.5520660036807,False,True,train
2026-03-08 01:41:00+00:00,uniswap_v2,sushiswap_v2,-79.76500982589376,59.482563560386865,0.0004474981181,-140.5520660036807,False,True,train
2026-03-08 01:42:00+00:00,uniswap_v2,sushiswap_v2,-79.76500982589376,59.482563560386865,0.0004474981181,-140.5520660036807,False,True,train
2026-03-08 01:43:00+00:00,uniswap_v2,sushiswap_v2,-79.76500982589376,59.482563560386865,0.0004474981181,-140.5520660036807,False,True,train
2026-03-08 01:44:00+00:00,uniswap_v2,sushiswap_v2,-79.76500982589376,59.482563560386865,0.0004474981181,-140.5520660036807,False,True,train
2026-03-08 01:45:00+00:00,uniswap_v2,sushiswap_v2,-79.76500982589376,59.482563560386865,0.0004474981181,-140.5520660036807,False,True,train
2026-03-08 01:46:00+00:00,uniswap_v2,sushiswap_v2,-79.76500982589376,59.482563560386865,0.0004474981181,-140.5520660036807,False,True,train
2026-03-08 01:47:00+00:00,uniswap_v2,sushiswap_v2,-79.76500982589376,59.482563560386865,0.0004474981181,-140.5520660036807,False,True,train
2026-03-08 01:48:00+00:00,uniswap_v2,sushiswap_v2,-79.76500982589376,59.482563560386865,0.0004474981181,-140.5520660036807,False,True,train
2026-03-08 01:49:00+00:00,uniswap_v2,sushiswap_v2,-79.76500982589376,59.482563560386865,0.0004474981181,-140.5520660036807,False,True,train
2026-03-08 01:50:00+00:00,uniswap_v2,sushiswap_v2,-79.76500982589376,59.482563560386865,0.0004474981181,-140.5520660036807,False,True,train
2026-03-08 01:51:00+00:00,uniswap_v2,sushiswap_v2,-79.76500982589376,59.482563560386865,0.0004474981181,-140.5520660036807,False,True,train
2026-03-08 01:52:00+00:00,uniswap_v2,sushiswap_v2,-79.76500982589376,59.482563560386865,0.0004474981181,-140.5520660036807,False,True,train
2026-03-08 01:53:00+00:00,uniswap_v2,sushiswap_v2,-79.76500982589376,59.482563560386865,0.0004474981181,-140.5520660036807,False,True,train
2026-03-08 01:54:00+00:00,uniswap_v2,sushiswap_v2,-79.76500982589376,59.482563560386865,0.0004474981181,-140.5520660036807,False,True,train
2026-03-08 01:55:00+00:00,uniswap_v2,sushiswap_v2,-79.76500982589376,59.482563560386865,0.0004474981181,-140.5520660036807,False,True,train
2026-03-08 01:56:00+00:00,uniswap_v2,sushiswap_v2,-79.76500982589376,59.482563560386865,0.0004474981181,-140.5520660036807,False,True,train
2026-03-08 01:57:00+00:00,uniswap_v2,sushiswap_v2,-79.76500982589376,59.482563560386865,0.0004474981181,-140.5520660036807,False,True,train
2026-03-08 01:58:00+00:00,uniswap_v2,sushiswap_v2,-79.76500982589376,59.482563560386865,0.0004474981181,-140.5520660036807,False,True,train
2026-03-08 01:59:00+00:00,uniswap_v2,sushiswap_v2,-79.76500982589376,59.482563560386865,0.0004474981181,-140.5520660036807,False,True,train
2026-03-08 02:00:00+00:00,uniswap_v2,sushiswap_v2,-79.76500982589376,59.482563560386865,0.0004474981181,-140.5520660036807,False,True,train
2026-03-08 02:01:00+00:00,uniswap_v2,sushiswap_v2,-79.76500982589376,59.482563560386865,0.0004474981181,-140.5520660036807,False,True,train
2026-03-08 02:02:00+00:00,uniswap_v2,sushiswap_v2,-79.76500982589376,59.482563560386865,0.0004474981181,-140.5520660036807,False,True,train
2026-03-08 02:03:00+00:00,uniswap_v2,sushiswap_v2,-79.76500982589376,59.482563560386865,0.0004474981181,-140.5520660036807,False,True,train
2026-03-08 02:04:00+00:00,uniswap_v2,sushiswap_v2,-79.76500982589376,59.482563560386865,0.0004474981181,-140.5520660036807,False,True,train
2026-03-08 02:05:00+00:00,uniswap_v2,sushiswap_v2,-79.76500982589376,59.482563560386865,0.0004474981181,-140.5520660036807,False,True,train
2026-03-08 02:06:00+00:00,uniswap_v2,sushiswap_v2,-79.76500982589376,59.482563560386865,0.0004474981181,-140.5520660036807,False,True,train
2026-03-08 02:07:00+00:00,uniswap_v2,sushiswap_v2,-79.76500982589376,59.482563560386865,0.0004474981181,-140.5520660036807,False,True,train
2026-03-08 02:08:00+00:00,uniswap_v2,sushiswap_v2,-79.76500827502655,59.48256356501107,0.00044707758458,-140.55083856897343,False,True,train
2026-03-08 02:09:00+00:00,uniswap_v2,sushiswap_v2,-79.76500827502655,59.48256356501107,0.00044707758458,-140.55083856897343,False,True,train
2026-03-08 02:10:00+00:00,uniswap_v2,sushiswap_v2,-79.76500827502655,59.48256356501107,0.00044707758458,-140.55083856897343,False,True,train
2026-03-08 02:11:00+00:00,uniswap_v2,sushiswap_v2,-79.76500827502655,59.48256356501107,0.00044707758458,-140.55083856897343,False,True,train
2026-03-08 02:12:00+00:00,uniswap_v2,sushiswap_v2,-79.76500827502655,59.48256356501107,0.00044707758458,-140.55083856897343,False,True,train
2026-03-08 02:13:00+00:00,uniswap_v2,sushiswap_v2,-79.76500827502655,59.48256356501107,0.00044707758458,-140.55083856897343,False,True,train
2026-03-08 02:14:00+00:00,uniswap_v2,sushiswap_v2,-79.76500827502655,59.48256356501107,0.00044707758458,-140.55083856897343,False,True,train
2026-03-08 02:15:00+00:00,uniswap_v2,sushiswap_v2,-79.76500827502655,59.48256356501107,0.00044707758458,-140.55083856897343,False,True,train
2026-03-08 02:16:00+00:00,uniswap_v2,sushiswap_v2,-79.76500827502655,59.48256356501107,0.00044707758458,-140.55083856897343,False,True,train
2026-03-08 02:17:00+00:00,uniswap_v2,sushiswap_v2,-79.76500827502655,59.48256356501107,0.00044707758458,-140.55083856897343,False,True,train
2026-03-08 02:18:00+00:00,uniswap_v2,sushiswap_v2,-79.76500827502655,59.48256356501107,0.00044707758458,-140.55083856897343,False,True,train
2026-03-08 02:19:00+00:00,uniswap_v2,sushiswap_v2,-79.76500827502655,59.48256356501107,0.00044707758458,-140.55083856897343,False,True,train
2026-03-08 02:20:00+00:00,uniswap_v2,sushiswap_v2,-79.76500827502655,59.48256356501107,0.00044707758458,-140.55083856897343,False,True,train
2026-03-08 02:21:00+00:00,uniswap_v2,sushiswap_v2,-79.76500827502655,59.48256356501107,0.00044707758458,-140.55083856897343,False,True,train
2026-03-08 02:22:00+00:00,uniswap_v2,sushiswap_v2,-79.76500827502655,59.48256356501107,0.00044707758458,-140.55083856897343,False,True,train
2026-03-08 02:23:00+00:00,uniswap_v2,sushiswap_v2,-79.76500827502655,59.48256356501107,0.00044707758458,-140.55083856897343,False,True,train
2026-03-08 02:24:00+00:00,uniswap_v2,sushiswap_v2,-79.76500827502655,59.48256356501107,0.00044707758458,-140.55083856897343,False,True,train
2026-03-08 02:25:00+00:00,uniswap_v2,sushiswap_v2,-79.76500827502655,59.48256356501107,0.00044707758458,-140.55083856897343,False,True,train
2026-03-08 02:26:00+00:00,uniswap_v2,sushiswap_v2,-79.76500827502655,59.48256356501107,0.00044707758458,-140.55083856897343,False,True,train
2026-03-08 02:27:00+00:00,uniswap_v2,sushiswap_v2,-79.76500827502655,59.48256356501107,0.00044707758458,-140.55083856897343,False,True,train
2026-03-08 02:28:00+00:00,uniswap_v2,sushiswap_v2,-79.76500827502655,59.48256356501107,0.00044707758458,-140.55083856897343,False,True,train
2026-03-08 02:29:00+00:00,uniswap_v2,sushiswap_v2,-79.76500827502655,59.48256356501107,0.00044707758458,-140.55083856897343,False,True,train
2026-03-08 02:30:00+00:00,uniswap_v2,sushiswap_v2,-79.76500827502655,59.48256356501107,0.00044707758458,-140.55083856897343,False,True,train
2026-03-08 02:31:00+00:00,uniswap_v2,sushiswap_v2,-79.76500827502655,59.48256356501107,0.00044707758458,-140.55083856897343,False,True,train
2026-03-08 02:32:00+00:00,uniswap_v2,sushiswap_v2,-79.76500827502655,59.48256356501107,0.00044707758458,-140.55083856897343,False,True,train
2026-03-08 02:33:00+00:00,uniswap_v2,sushiswap_v2,-79.76500827502655,59.48256356501107,0.00044707758458,-140.55083856897343,False,True,train
2026-03-08 02:34:00+00:00,uniswap_v2,sushiswap_v2,-79.76500827502655,59.48256356501107,0.00044707758458,-140.55083856897343,False,True,train
2026-03-08 02:35:00+00:00,uniswap_v2,sushiswap_v2,-79.76500827502655,59.48256356501107,0.00044707758458,-140.55083856897343,False,True,train
2026-03-08 02:36:00+00:00,uniswap_v2,sushiswap_v2,-79.76500827502655,59.48256356501107,0.00044707758458,-140.55083856897343,False,True,train
2026-03-08 02:37:00+00:00,uniswap_v2,sushiswap_v2,-79.76500827502655,59.48256356501107,0.00044707758458,-140.55083856897343,False,True,train
2026-03-08 02:38:00+00:00,uniswap_v2,sushiswap_v2,-79.76500827502655,59.48256356501107,0.00044707758458,-140.55083856897343,False,True,train
2026-03-08 02:39:00+00:00,uniswap_v2,sushiswap_v2,-79.79875061106127,59.48246297988109,0.00044669909262,-140.5833725431343,False,True,train
2026-03-08 02:40:00+00:00,uniswap_v2,sushiswap_v2,-79.79875061106127,59.48246297988109,0.00044669909262,-140.5833725431343,False,True,train
2026-03-08 02:41:00+00:00,uniswap_v2,sushiswap_v2,-79.79875061106127,59.48246297988109,0.00044669909262,-140.5833725431343,False,True,train
2026-03-08 02:42:00+00:00,uniswap_v2,sushiswap_v2,-79.79875061106127,59.48246297988109,0.00044669909262,-140.5833725431343,False,True,train
2026-03-08 02:43:00+00:00,uniswap_v2,sushiswap_v2,-79.79875061106127,59.48246297988109,0.00044669909262,-140.5833725431343,False,True,train
2026-03-08 02:44:00+00:00,uniswap_v2,sushiswap_v2,-79.79875061106127,59.48246297988109,0.00044669909262,-140.5833725431343,False,True,train
2026-03-08 02:45:00+00:00,uniswap_v2,sushiswap_v2,-79.79875061106127,59.48246297988109,0.00044669909262,-140.5833725431343,False,True,train
2026-03-08 02:46:00+00:00,uniswap_v2,sushiswap_v2,-79.79875061106127,59.48246297988109,0.00044669909262,-140.5833725431343,False,True,train
2026-03-08 02:47:00+00:00,uniswap_v2,sushiswap_v2,-81.4719334470267,59.47747526024031,0.00044631482148,-142.25022737804224,False,True,train
2026-03-08 02:48:00+00:00,uniswap_v2,sushiswap_v2,-80.94126925144589,59.47898962668903,0.00044709086862,-141.72246982535688,False,False,train
2026-03-08 02:49:00+00:00,sushiswap_v2,uniswap_v2,-79.2698279083174,59.61996648721616,0.00044786045084,-140.1872120025242,False,False,train
2026-03-08 02:50:00+00:00,uniswap_v2,sushiswap_v2,-81.05983155880448,59.47832205228155,0.00044840258474,-141.8397995634371,False,False,train
2026-03-08 02:51:00+00:00,uniswap_v2,sushiswap_v2,-81.59974280076615,59.476672937897405,0.00044941792258,-142.3803862895554,False,False,train
2026-03-08 02:52:00+00:00,uniswap_v2,sushiswap_v2,-81.59974280076615,59.476672937897405,0.00044941792258,-142.3803862895554,False,False,train
2026-03-08 02:53:00+00:00,uniswap_v2,sushiswap_v2,-81.59974280076615,59.476672937897405,0.00044941792258,-142.3803862895554,False,False,train
2026-03-08 02:54:00+00:00,uniswap_v2,sushiswap_v2,-81.59974280076615,59.476672937897405,0.00044941792258,-142.3803862895554,False,False,train
2026-03-08 02:55:00+00:00,uniswap_v2,sushiswap_v2,-81.59974280076615,59.476672937897405,0.00044941792258,-142.3803862895554,False,False,train
2026-03-08 02:56:00+00:00,uniswap_v2,sushiswap_v2,-81.59974280076615,59.476672937897405,0.00044941792258,-142.3803862895554,False,False,train
2026-03-08 02:57:00+00:00,uniswap_v2,sushiswap_v2,-80.19006234017748,59.480836482243994,0.00044960327368,-140.97505631629502,False,False,train
2026-03-08 02:58:00+00:00,uniswap_v2,sushiswap_v2,-80.19006234017748,59.480836482243994,0.00044960327368,-140.97505631629502,False,False,train
2026-03-08 02:59:00+00:00,uniswap_v2,sushiswap_v2,-80.19006234017748,59.480836482243994,0.00044960327368,-140.97505631629502,False,False,train
2026-03-08 03:00:00+00:00,uniswap_v2,sushiswap_v2,-80.19006234017748,59.480836482243994,0.00044960327368,-140.97505631629502,False,False,train
2026-03-08 03:01:00+00:00,uniswap_v2,sushiswap_v2,-80.19006234017748,59.480836482243994,0.00044960327368,-140.97505631629502,False,False,train
2026-03-08 03:02:00+00:00,uniswap_v2,sushiswap_v2,-80.19006234017748,59.480836482243994,0.00044960327368,-140.97505631629502,False,False,train
2026-03-08 03:03:00+00:00,uniswap_v2,sushiswap_v2,-80.19006234017748,59.480836482243994,0.00044960327368,-140.97505631629502,False,False,train
2026-03-08 03:04:00+00:00,uniswap_v2,sushiswap_v2,-80.19006234017748,59.480836482243994,0.00044960327368,-140.97505631629502,False,False,train
2026-03-08 03:05:00+00:00,uniswap_v2,sushiswap_v2,-80.19006234017748,59.480836482243994,0.00044960327368,-140.97505631629502,False,False,train
2026-03-08 03:06:00+00:00,uniswap_v2,sushiswap_v2,-80.19006234017748,59.480836482243994,0.00044960327368,-140.97505631629502,False,False,train
2026-03-08 03:07:00+00:00,uniswap_v2,sushiswap_v2,-80.19006234017748,59.480836482243994,0.00044960327368,-140.97505631629502,False,False,train
2026-03-08 03:08:00+00:00,uniswap_v2,sushiswap_v2,-80.19006234017748,59.480836482243994,0.00044960327368,-140.97505631629502,False,False,train
2026-03-08 03:09:00+00:00,uniswap_v2,sushiswap_v2,-80.19006234017748,59.480836482243994,0.00044960327368,-140.97505631629502,False,False,train
2026-03-08 03:10:00+00:00,uniswap_v2,sushiswap_v2,-80.19006234017748,59.480836482243994,0.00044960327368,-140.97505631629502,False,False,train
2026-03-08 03:11:00+00:00,uniswap_v2,sushiswap_v2,-80.19006234017748,59.480836482243994,0.00044960327368,-140.97505631629502,False,False,train
2026-03-08 03:12:00+00:00,uniswap_v2,sushiswap_v2,-80.19006234017748,59.480836482243994,0.00044960327368,-140.97505631629502,False,False,train
2026-03-08 03:13:00+00:00,uniswap_v2,sushiswap_v2,-80.19006234017748,59.480836482243994,0.00044960327368,-140.97505631629502,False,True,train
2026-03-08 03:14:00+00:00,uniswap_v2,sushiswap_v2,-80.19006234017748,59.480836482243994,0.00044960327368,-140.97505631629502,False,True,train
2026-03-08 03:15:00+00:00,uniswap_v2,sushiswap_v2,-80.19006234017748,59.480836482243994,0.00044960327368,-140.97505631629502,False,True,train
2026-03-08 03:16:00+00:00,uniswap_v2,sushiswap_v2,-80.19006234017748,59.480836482243994,0.00044960327368,-140.97505631629502,False,True,train
2026-03-08 03:17:00+00:00,uniswap_v2,sushiswap_v2,-80.19006234017748,59.480836482243994,0.00044960327368,-140.97505631629502,False,True,train
2026-03-08 03:18:00+00:00,uniswap_v2,sushiswap_v2,-80.19006234017748,59.480836482243994,0.00044960327368,-140.97505631629502,False,True,train
2026-03-08 03:19:00+00:00,uniswap_v2,sushiswap_v2,-80.19006234017748,59.480836482243994,0.00044960327368,-140.97505631629502,False,True,train
2026-03-08 03:20:00+00:00,uniswap_v2,sushiswap_v2,-80.19006234017748,59.480836482243994,0.00044960327368,-140.97505631629502,False,True,train
2026-03-08 03:21:00+00:00,uniswap_v2,sushiswap_v2,-80.19006234017748,59.480836482243994,0.00044960327368,-140.97505631629502,False,True,train
2026-03-08 03:22:00+00:00,uniswap_v2,sushiswap_v2,-80.19006234017748,59.480836482243994,0.00044960327368,-140.97505631629502,False,True,train
2026-03-08 03:23:00+00:00,uniswap_v2,sushiswap_v2,-80.19006234017748,59.480836482243994,0.00044960327368,-140.97505631629502,False,True,train
2026-03-08 03:24:00+00:00,uniswap_v2,sushiswap_v2,-80.19006234017748,59.480836482243994,0.00044960327368,-140.97505631629502,False,True,train
2026-03-08 03:25:00+00:00,uniswap_v2,sushiswap_v2,-80.19006234017748,59.480836482243994,0.00044960327368,-140.97505631629502,False,True,train
2026-03-08 03:26:00+00:00,uniswap_v2,sushiswap_v2,-80.19006234017748,59.480836482243994,0.00044960327368,-140.97505631629502,False,True,train
2026-03-08 03:27:00+00:00,uniswap_v2,sushiswap_v2,-80.19006234017748,59.480836482243994,0.00044960327368,-140.97505631629502,False,True,train
2026-03-08 03:28:00+00:00,uniswap_v2,sushiswap_v2,-80.19006234017748,59.480836482243994,0.00044960327368,-140.97505631629502,False,True,train
2026-03-08 03:29:00+00:00,uniswap_v2,sushiswap_v2,-80.19006234017748,59.480836482243994,0.00044960327368,-140.97505631629502,False,True,train
2026-03-08 03:30:00+00:00,uniswap_v2,sushiswap_v2,-80.19006234017748,59.480836482243994,0.00044960327368,-140.97505631629502,False,True,train
2026-03-08 03:31:00+00:00,uniswap_v2,sushiswap_v2,-80.19006234017748,59.480836482243994,0.00044960327368,-140.97505631629502,False,True,train
2026-03-08 03:32:00+00:00,uniswap_v2,sushiswap_v2,-80.19006234017748,59.480836482243994,0.00044960327368,-140.97505631629502,False,True,train
2026-03-08 03:33:00+00:00,uniswap_v2,sushiswap_v2,-80.19006234017748,59.480836482243994,0.00044960327368,-140.97505631629502,False,True,train
2026-03-08 03:34:00+00:00,uniswap_v2,sushiswap_v2,-80.19006234017748,59.480836482243994,0.00044960327368,-140.97505631629502,False,True,train
2026-03-08 03:35:00+00:00,uniswap_v2,sushiswap_v2,-80.19006234017748,59.480836482243994,0.00044960327368,-140.97505631629502,False,True,train
2026-03-08 03:36:00+00:00,uniswap_v2,sushiswap_v2,-80.19006234017748,59.480836482243994,0.00044960327368,-140.97505631629502,False,True,train
2026-03-08 03:37:00+00:00,uniswap_v2,sushiswap_v2,-80.19006234017748,59.480836482243994,0.00044960327368,-140.97505631629502,False,True,train
2026-03-08 03:38:00+00:00,uniswap_v2,sushiswap_v2,-80.19006234017748,59.480836482243994,0.00044960327368,-140.97505631629502,False,True,train
2026-03-08 03:39:00+00:00,uniswap_v2,sushiswap_v2,-80.19006234017748,59.480836482243994,0.00044960327368,-140.97505631629502,False,True,train
2026-03-08 03:40:00+00:00,uniswap_v2,sushiswap_v2,-80.19006234017748,59.480836482243994,0.00044960327368,-140.97505631629502,False,True,train
2026-03-08 03:41:00+00:00,uniswap_v2,sushiswap_v2,-80.19006234017748,59.480836482243994,0.00044960327368,-140.97505631629502,False,True,train
2026-03-08 03:42:00+00:00,uniswap_v2,sushiswap_v2,-80.19006234017748,59.480836482243994,0.00044960327368,-140.97505631629502,False,True,train
2026-03-08 03:43:00+00:00,uniswap_v2,sushiswap_v2,-80.19367506245257,59.480825747357535,0.00044649709126,-140.96964824677895,False,True,train
2026-03-08 03:44:00+00:00,uniswap_v2,sushiswap_v2,-80.19367506245257,59.480825747357535,0.00044649709126,-140.96964824677895,False,True,train
2026-03-08 03:45:00+00:00,uniswap_v2,sushiswap_v2,-80.19367506245257,59.480825747357535,0.00044649709126,-140.96964824677895,False,True,train
2026-03-08 03:46:00+00:00,uniswap_v2,sushiswap_v2,-80.19367506245257,59.480825747357535,0.00044649709126,-140.96964824677895,False,True,train
2026-03-08 03:47:00+00:00,uniswap_v2,sushiswap_v2,-80.19367506245257,59.480825747357535,0.00044649709126,-140.96964824677895,False,True,train
2026-03-08 03:48:00+00:00,uniswap_v2,sushiswap_v2,-80.19367506245257,59.480825747357535,0.00044649709126,-140.96964824677895,False,True,train
2026-03-08 03:49:00+00:00,uniswap_v2,sushiswap_v2,-80.19367506245257,59.480825747357535,0.00044649709126,-140.96964824677895,False,True,train
2026-03-08 03:50:00+00:00,uniswap_v2,sushiswap_v2,-80.19367506245257,59.480825747357535,0.00044649709126,-140.96964824677895,False,True,train
2026-03-08 03:51:00+00:00,uniswap_v2,sushiswap_v2,-80.19367506245257,59.480825747357535,0.00044649709126,-140.96964824677895,False,True,train
2026-03-08 03:52:00+00:00,uniswap_v2,sushiswap_v2,-80.19367506245257,59.480825747357535,0.00044649709126,-140.96964824677895,False,True,train
2026-03-08 03:53:00+00:00,uniswap_v2,sushiswap_v2,-80.19367506245257,59.480825747357535,0.00044649709126,-140.96964824677895,False,True,train
2026-03-08 03:54:00+00:00,uniswap_v2,sushiswap_v2,-80.19367506245257,59.480825747357535,0.00044649709126,-140.96964824677895,False,True,train
2026-03-08 03:55:00+00:00,uniswap_v2,sushiswap_v2,-80.19367506245257,59.480825747357535,0.00044649709126,-140.96964824677895,False,True,train
2026-03-08 03:56:00+00:00,uniswap_v2,sushiswap_v2,-80.19367506245257,59.480825747357535,0.00044649709126,-140.96964824677895,False,True,train
2026-03-08 03:57:00+00:00,uniswap_v2,sushiswap_v2,-80.19367506245257,59.480825747357535,0.00044649709126,-140.96964824677895,False,True,train
2026-03-08 03:58:00+00:00,uniswap_v2,sushiswap_v2,-80.19367506245257,59.480825747357535,0.00044649709126,-140.96964824677895,False,True,train
2026-03-08 03:59:00+00:00,uniswap_v2,sushiswap_v2,-80.19367506245257,59.480825747357535,0.00044649709126,-140.96964824677895,False,True,train
2026-03-08 04:00:00+00:00,uniswap_v2,sushiswap_v2,-80.19367506245257,59.480825747357535,0.00044649709126,-140.96964824677895,False,True,train
2026-03-08 04:01:00+00:00,uniswap_v2,sushiswap_v2,-80.19367506245257,59.480825747357535,0.00044649709126,-140.96964824677895,False,True,train
2026-03-08 04:02:00+00:00,uniswap_v2,sushiswap_v2,-80.19367506245257,59.480825747357535,0.00044649709126,-140.96964824677895,False,True,train
2026-03-08 04:03:00+00:00,uniswap_v2,sushiswap_v2,-80.19367506245257,59.480825747357535,0.00044649709126,-140.96964824677895,False,True,train
2026-03-08 04:04:00+00:00,uniswap_v2,sushiswap_v2,-80.19367506245257,59.480825747357535,0.00044649709126,-140.96964824677895,False,True,train
2026-03-08 04:05:00+00:00,uniswap_v2,sushiswap_v2,-80.19367506245257,59.480825747357535,0.00044649709126,-140.96964824677895,False,True,train
2026-03-08 04:06:00+00:00,uniswap_v2,sushiswap_v2,-80.19367506245257,59.480825747357535,0.00044649709126,-140.96964824677895,False,True,train
2026-03-08 04:07:00+00:00,uniswap_v2,sushiswap_v2,-80.19367506245257,59.480825747357535,0.00044649709126,-140.96964824677895,False,True,train
2026-03-08 04:08:00+00:00,uniswap_v2,sushiswap_v2,-80.19367506245257,59.480825747357535,0.00044649709126,-140.96964824677895,False,True,train
2026-03-08 04:09:00+00:00,uniswap_v2,sushiswap_v2,-80.19367506245257,59.480825747357535,0.00044649709126,-140.96964824677895,False,True,train
2026-03-08 04:10:00+00:00,uniswap_v2,sushiswap_v2,-80.19367506245257,59.480825747357535,0.00044649709126,-140.96964824677895,False,True,train
2026-03-08 04:11:00+00:00,uniswap_v2,sushiswap_v2,-80.19367506245257,59.480825747357535,0.00044649709126,-140.96964824677895,False,True,train
2026-03-08 04:12:00+00:00,uniswap_v2,sushiswap_v2,-80.19367506245257,59.480825747357535,0.00044649709126,-140.96964824677895,False,True,train
2026-03-08 04:13:00+00:00,uniswap_v2,sushiswap_v2,-80.19367506245257,59.480825747357535,0.00044649709126,-140.96964824677895,False,True,train
2026-03-08 04:14:00+00:00,uniswap_v2,sushiswap_v2,-80.19367506245257,59.480825747357535,0.00044649709126,-140.96964824677895,False,True,train
2026-03-08 04:15:00+00:00,uniswap_v2,sushiswap_v2,-80.19367506245257,59.480825747357535,0.00044649709126,-140.96964824677895,False,True,train
2026-03-08 04:16:00+00:00,uniswap_v2,sushiswap_v2,-80.19367506245257,59.480825747357535,0.00044649709126,-140.96964824677895,False,True,train
2026-03-08 04:17:00+00:00,uniswap_v2,sushiswap_v2,-80.19367506245257,59.480825747357535,0.00044649709126,-140.96964824677895,False,True,train
2026-03-08 04:18:00+00:00,uniswap_v2,sushiswap_v2,-80.19367506245257,59.480825747357535,0.00044649709126,-140.96964824677895,False,True,train
2026-03-08 04:19:00+00:00,uniswap_v2,sushiswap_v2,-80.19367506245257,59.480825747357535,0.00044649709126,-140.96964824677895,False,True,train
2026-03-08 04:20:00+00:00,uniswap_v2,sushiswap_v2,-80.19367506245257,59.480825747357535,0.00044649709126,-140.96964824677895,False,True,train
2026-03-08 04:21:00+00:00,uniswap_v2,sushiswap_v2,-80.19367506245257,59.480825747357535,0.00044649709126,-140.96964824677895,False,True,train
2026-03-08 04:22:00+00:00,uniswap_v2,sushiswap_v2,-80.19367506245257,59.480825747357535,0.00044649709126,-140.96964824677895,False,True,train
2026-03-08 04:23:00+00:00,uniswap_v2,sushiswap_v2,-80.19367506245257,59.480825747357535,0.00044649709126,-140.96964824677895,False,True,train
2026-03-08 04:24:00+00:00,uniswap_v2,sushiswap_v2,-80.19367506245257,59.480825747357535,0.00044649709126,-140.96964824677895,False,True,train
2026-03-08 04:25:00+00:00,uniswap_v2,sushiswap_v2,-80.19367506245257,59.480825747357535,0.00044649709126,-140.96964824677895,False,True,train
2026-03-08 04:26:00+00:00,uniswap_v2,sushiswap_v2,-80.19367506245257,59.480825747357535,0.00044649709126,-140.96964824677895,False,True,train
2026-03-08 04:27:00+00:00,uniswap_v2,sushiswap_v2,-80.19367506245257,59.480825747357535,0.00044649709126,-140.96964824677895,False,True,train
2026-03-08 04:28:00+00:00,uniswap_v2,sushiswap_v2,-80.19367506245257,59.480825747357535,0.00044649709126,-140.96964824677895,False,True,train
2026-03-08 04:29:00+00:00,uniswap_v2,sushiswap_v2,-80.19367506245257,59.480825747357535,0.00044649709126,-140.96964824677895,False,True,train
2026-03-08 04:30:00+00:00,uniswap_v2,sushiswap_v2,-80.19367506245257,59.480825747357535,0.00044649709126,-140.96964824677895,False,True,train
2026-03-08 04:31:00+00:00,uniswap_v2,sushiswap_v2,-80.19367506245257,59.480825747357535,0.00044649709126,-140.96964824677895,False,True,train
2026-03-08 04:32:00+00:00,uniswap_v2,sushiswap_v2,-80.19367506245257,59.480825747357535,0.00044649709126,-140.96964824677895,False,True,train
2026-03-08 04:33:00+00:00,uniswap_v2,sushiswap_v2,-80.19367506245257,59.480825747357535,0.00044649709126,-140.96964824677895,False,True,train
2026-03-08 04:34:00+00:00,uniswap_v2,sushiswap_v2,-80.19367506245257,59.480825747357535,0.00044649709126,-140.96964824677895,False,True,train
2026-03-08 04:35:00+00:00,uniswap_v2,sushiswap_v2,-80.19367506245257,59.480825747357535,0.00044649709126,-140.96964824677895,False,True,train
2026-03-08 04:36:00+00:00,uniswap_v2,sushiswap_v2,-80.18345138432066,59.480856223432596,0.0004476572243,-140.96282156763525,False,True,train
2026-03-08 04:37:00+00:00,uniswap_v2,sushiswap_v2,-80.18345138432066,59.480856223432596,0.0004476572243,-140.96282156763525,False,True,train
2026-03-08 04:38:00+00:00,uniswap_v2,sushiswap_v2,-80.19365458597841,59.480825808396425,0.00044781864996,-140.97346125959544,False,True,train
2026-03-08 04:39:00+00:00,uniswap_v2,sushiswap_v2,-80.19365458597841,59.480825808396425,0.00044781864996,-140.97346125959544,False,True,train
2026-03-08 04:40:00+00:00,uniswap_v2,sushiswap_v2,-80.19365458597841,59.480825808396425,0.00044781864996,-140.97346125959544,False,True,train
2026-03-08 04:41:00+00:00,uniswap_v2,sushiswap_v2,-80.19365309877196,59.48082581282986,0.00044765680366,-140.9729903118741,False,True,train
2026-03-08 04:42:00+00:00,uniswap_v2,sushiswap_v2,-80.19365309877196,59.48082581282986,0.00044765680366,-140.9729903118741,False,True,train
2026-03-08 04:43:00+00:00,uniswap_v2,sushiswap_v2,-80.19365309877196,59.48082581282986,0.00044765680366,-140.9729903118741,False,True,train
2026-03-08 04:44:00+00:00,uniswap_v2,sushiswap_v2,-80.19365309877196,59.48082581282986,0.00044765680366,-140.9729903118741,False,True,train
2026-03-08 04:45:00+00:00,uniswap_v2,sushiswap_v2,-80.19365309877196,59.48082581282986,0.00044765680366,-140.9729903118741,False,True,train
2026-03-08 04:46:00+00:00,uniswap_v2,sushiswap_v2,-80.19365309877196,59.48082581282986,0.00044765680366,-140.9729903118741,False,True,train
2026-03-08 04:47:00+00:00,uniswap_v2,sushiswap_v2,-80.19365309877196,59.48082581282986,0.00044765680366,-140.9729903118741,False,True,train
2026-03-08 04:48:00+00:00,uniswap_v2,sushiswap_v2,-80.19365309877196,59.48082581282986,0.00044765680366,-140.9729903118741,False,True,train
2026-03-08 04:49:00+00:00,uniswap_v2,sushiswap_v2,-80.19365309877196,59.48082581282986,0.00044765680366,-140.9729903118741,False,True,train
2026-03-08 04:50:00+00:00,uniswap_v2,sushiswap_v2,-80.19365309877196,59.48082581282986,0.00044765680366,-140.9729903118741,False,True,train
2026-03-08 04:51:00+00:00,uniswap_v2,sushiswap_v2,-80.19365309877196,59.48082581282986,0.00044765680366,-140.9729903118741,False,True,train
2026-03-08 04:52:00+00:00,uniswap_v2,sushiswap_v2,-80.19365309877196,59.48082581282986,0.00044765680366,-140.9729903118741,False,True,train
2026-03-08 04:53:00+00:00,uniswap_v2,sushiswap_v2,-80.19365309877196,59.48082581282986,0.00044765680366,-140.9729903118741,False,True,train
2026-03-08 04:54:00+00:00,uniswap_v2,sushiswap_v2,-80.1550376785864,59.48094092271628,0.00044752720474,-140.9341191445826,False,True,train
2026-03-08 04:55:00+00:00,uniswap_v2,sushiswap_v2,-80.1550376785864,59.48094092271628,0.00044752720474,-140.9341191445826,False,True,train
2026-03-08 04:56:00+00:00,uniswap_v2,sushiswap_v2,-80.1550376785864,59.48094092271628,0.00044752720474,-140.9341191445826,False,True,train
2026-03-08 04:57:00+00:00,uniswap_v2,sushiswap_v2,-80.1550376785864,59.48094092271628,0.00044752720474,-140.9341191445826,False,True,train
2026-03-08 04:58:00+00:00,uniswap_v2,sushiswap_v2,-80.1550376785864,59.48094092271628,0.00044752720474,-140.9341191445826,False,True,train
2026-03-08 04:59:00+00:00,uniswap_v2,sushiswap_v2,-80.1550376785864,59.48094092271628,0.00044752720474,-140.9341191445826,False,True,train
2026-03-08 05:00:00+00:00,uniswap_v2,sushiswap_v2,-80.1550376785864,59.48094092271628,0.00044752720474,-140.9341191445826,False,True,train
2026-03-08 05:01:00+00:00,uniswap_v2,sushiswap_v2,-80.1550376785864,59.48094092271628,0.00044752720474,-140.9341191445826,False,True,train
2026-03-08 05:02:00+00:00,uniswap_v2,sushiswap_v2,-80.1550376785864,59.48094092271628,0.00044752720474,-140.9341191445826,False,True,train
2026-03-08 05:03:00+00:00,uniswap_v2,sushiswap_v2,-80.1550376785864,59.48094092271628,0.00044752720474,-140.9341191445826,False,True,train
2026-03-08 05:04:00+00:00,uniswap_v2,sushiswap_v2,-80.1549116330272,59.48094129844891,0.0004475538892,-140.93407089481832,False,True,train
2026-03-08 05:05:00+00:00,uniswap_v2,sushiswap_v2,-80.15482410138611,59.48094155937464,0.00044781713966,-140.93474724526624,False,True,train
2026-03-08 05:06:00+00:00,uniswap_v2,sushiswap_v2,-80.15482410138611,59.48094155937464,0.00044781713966,-140.93474724526624,False,True,train
2026-03-08 05:07:00+00:00,uniswap_v2,sushiswap_v2,-80.15474007101004,59.4809418098635,0.00044737083534,-140.93336888305106,False,True,train
2026-03-08 05:08:00+00:00,uniswap_v2,sushiswap_v2,-80.15474007101004,59.4809418098635,0.00044737083534,-140.93336888305106,False,True,train
2026-03-08 05:09:00+00:00,uniswap_v2,sushiswap_v2,-80.15469105329339,59.4809419559823,0.00044761561086,-140.93403003737498,False,True,train
2026-03-08 05:10:00+00:00,uniswap_v2,sushiswap_v2,-80.15469105329339,59.4809419559823,0.00044761561086,-140.93403003737498,False,True,train
2026-03-08 05:11:00+00:00,uniswap_v2,sushiswap_v2,-80.15469105329339,59.4809419559823,0.00044761561086,-140.93403003737498,False,True,train
2026-03-08 05:12:00+00:00,uniswap_v2,sushiswap_v2,-80.15469105329339,59.4809419559823,0.00044761561086,-140.93403003737498,False,True,train
2026-03-08 05:13:00+00:00,uniswap_v2,sushiswap_v2,-80.15469105329339,59.4809419559823,0.00044761561086,-140.93403003737498,False,True,train
2026-03-08 05:14:00+00:00,uniswap_v2,sushiswap_v2,-80.15469105329339,59.4809419559823,0.00044761561086,-140.93403003737498,False,True,train
2026-03-08 05:15:00+00:00,uniswap_v2,sushiswap_v2,-80.15469105329339,59.4809419559823,0.00044761561086,-140.93403003737498,False,True,train
2026-03-08 05:16:00+00:00,uniswap_v2,sushiswap_v2,-80.15469105329339,59.4809419559823,0.00044761561086,-140.93403003737498,False,True,train
2026-03-08 05:17:00+00:00,uniswap_v2,sushiswap_v2,-80.15469105329339,59.4809419559823,0.00044761561086,-140.93403003737498,False,True,train
2026-03-08 05:18:00+00:00,uniswap_v2,sushiswap_v2,-80.15469105329339,59.4809419559823,0.00044761561086,-140.93403003737498,False,True,train
2026-03-08 05:19:00+00:00,uniswap_v2,sushiswap_v2,-80.15469105329339,59.4809419559823,0.00044761561086,-140.93403003737498,False,True,train
2026-03-08 05:20:00+00:00,uniswap_v2,sushiswap_v2,-80.15904907197827,59.480929006513655,0.0004475186518,-140.9380938577869,False,False,train
2026-03-08 05:21:00+00:00,uniswap_v2,sushiswap_v2,-80.15904907197827,59.480929006513655,0.0004475186518,-140.9380938577869,False,False,train
2026-03-08 05:22:00+00:00,uniswap_v2,sushiswap_v2,-80.15904907197827,59.480929006513655,0.0004475186518,-140.9380938577869,False,False,train
2026-03-08 05:23:00+00:00,uniswap_v2,sushiswap_v2,-80.15904907197827,59.480929006513655,0.0004475186518,-140.9380938577869,False,False,train
2026-03-08 05:24:00+00:00,uniswap_v2,sushiswap_v2,-80.15904907197827,59.480929006513655,0.0004475186518,-140.9380938577869,False,False,train
2026-03-08 05:25:00+00:00,uniswap_v2,sushiswap_v2,-80.15904907197827,59.480929006513655,0.0004475186518,-140.9380938577869,False,True,train
2026-03-08 05:26:00+00:00,uniswap_v2,sushiswap_v2,-80.15904907197827,59.480929006513655,0.0004475186518,-140.9380938577869,False,True,train
2026-03-08 05:27:00+00:00,uniswap_v2,sushiswap_v2,-80.15904907197827,59.480929006513655,0.0004475186518,-140.9380938577869,False,True,train
2026-03-08 05:28:00+00:00,uniswap_v2,sushiswap_v2,-80.15904907197827,59.480929006513655,0.0004475186518,-140.9380938577869,False,True,train
2026-03-08 05:29:00+00:00,uniswap_v2,sushiswap_v2,-80.15904907197827,59.480929006513655,0.0004475186518,-140.9380938577869,False,True,train
2026-03-08 05:30:00+00:00,uniswap_v2,sushiswap_v2,-80.15904907197827,59.480929006513655,0.0004475186518,-140.9380938577869,False,True,train
2026-03-08 05:31:00+00:00,uniswap_v2,sushiswap_v2,-80.15904907197827,59.480929006513655,0.0004475186518,-140.9380938577869,False,True,train
2026-03-08 05:32:00+00:00,uniswap_v2,sushiswap_v2,-80.15904907197827,59.480929006513655,0.0004475186518,-140.9380938577869,False,True,train
2026-03-08 05:33:00+00:00,uniswap_v2,sushiswap_v2,-80.16094577255237,59.48092335258096,0.00044719671106,-140.939050803279,False,False,train
2026-03-08 05:34:00+00:00,uniswap_v2,sushiswap_v2,-80.16094577255237,59.48092335258096,0.00044719671106,-140.939050803279,False,False,train
2026-03-08 05:35:00+00:00,uniswap_v2,sushiswap_v2,-80.16094577255237,59.48092335258096,0.00044719671106,-140.939050803279,False,False,train
2026-03-08 05:36:00+00:00,uniswap_v2,sushiswap_v2,-80.16094577255237,59.48092335258096,0.00044719671106,-140.939050803279,False,True,train
2026-03-08 05:37:00+00:00,uniswap_v2,sushiswap_v2,-80.16094577255237,59.48092335258096,0.00044719671106,-140.939050803279,False,True,train
2026-03-08 05:38:00+00:00,uniswap_v2,sushiswap_v2,-80.16094577255237,59.48092335258096,0.00044719671106,-140.939050803279,False,True,train
2026-03-08 05:39:00+00:00,uniswap_v2,sushiswap_v2,-80.16094577255237,59.48092335258096,0.00044719671106,-140.939050803279,False,True,train
2026-03-08 05:40:00+00:00,uniswap_v2,sushiswap_v2,-80.16094577255237,59.48092335258096,0.00044719671106,-140.939050803279,False,True,train
2026-03-08 05:41:00+00:00,uniswap_v2,sushiswap_v2,-80.16094577255237,59.48092335258096,0.00044719671106,-140.939050803279,False,True,train
2026-03-08 05:42:00+00:00,uniswap_v2,sushiswap_v2,-80.16094577255237,59.48092335258096,0.00044719671106,-140.939050803279,False,True,train
2026-03-08 05:43:00+00:00,uniswap_v2,sushiswap_v2,-80.16094577255237,59.48092335258096,0.00044719671106,-140.939050803279,False,True,train
2026-03-08 05:44:00+00:00,uniswap_v2,sushiswap_v2,-80.16094577255237,59.48092335258096,0.00044719671106,-140.939050803279,False,True,train
2026-03-08 05:45:00+00:00,uniswap_v2,sushiswap_v2,-80.16094577255237,59.48092335258096,0.00044719671106,-140.939050803279,False,True,train
2026-03-08 05:46:00+00:00,uniswap_v2,sushiswap_v2,-80.16094577255237,59.48092335258096,0.00044719671106,-140.939050803279,False,True,train
2026-03-08 05:47:00+00:00,uniswap_v2,sushiswap_v2,-80.16094577255237,59.48092335258096,0.00044719671106,-140.939050803279,False,True,train
2026-03-08 05:48:00+00:00,uniswap_v2,sushiswap_v2,-80.16094577255237,59.48092335258096,0.00044719671106,-140.939050803279,False,True,train
2026-03-08 05:49:00+00:00,uniswap_v2,sushiswap_v2,-80.16094577255237,59.48092335258096,0.00044719671106,-140.939050803279,False,True,train
2026-03-08 05:50:00+00:00,uniswap_v2,sushiswap_v2,-80.16094577255237,59.48092335258096,0.00044719671106,-140.939050803279,False,True,train
2026-03-08 05:51:00+00:00,uniswap_v2,sushiswap_v2,-80.16094577255237,59.48092335258096,0.00044719671106,-140.939050803279,False,True,train
2026-03-08 05:52:00+00:00,uniswap_v2,sushiswap_v2,-80.16094577255237,59.48092335258096,0.00044719671106,-140.939050803279,False,True,train
2026-03-08 05:53:00+00:00,uniswap_v2,sushiswap_v2,-80.16094577255237,59.48092335258096,0.00044719671106,-140.939050803279,False,True,train
2026-03-08 05:54:00+00:00,uniswap_v2,sushiswap_v2,-80.16094577255237,59.48092335258096,0.00044719671106,-140.939050803279,False,True,train
2026-03-08 05:55:00+00:00,uniswap_v2,sushiswap_v2,-80.16094577255237,59.48092335258096,0.00044719671106,-140.939050803279,False,True,train
2026-03-08 05:56:00+00:00,uniswap_v2,sushiswap_v2,-80.16094577255237,59.48092335258096,0.00044719671106,-140.939050803279,False,True,train
2026-03-08 05:57:00+00:00,uniswap_v2,sushiswap_v2,-80.16094577255237,59.48092335258096,0.00044719671106,-140.939050803279,False,True,train
2026-03-08 05:58:00+00:00,uniswap_v2,sushiswap_v2,-80.16094577255237,59.48092335258096,0.00044719671106,-140.939050803279,False,True,train
2026-03-08 05:59:00+00:00,uniswap_v2,sushiswap_v2,-80.16094577255237,59.48092335258096,0.00044719671106,-140.939050803279,False,True,train
2026-03-08 06:00:00+00:00,uniswap_v2,sushiswap_v2,-80.16094577255237,59.48092335258096,0.00044719671106,-140.939050803279,False,True,train
2026-03-08 06:01:00+00:00,uniswap_v2,sushiswap_v2,-80.16094577255237,59.48092335258096,0.00044719671106,-140.939050803279,False,True,train
2026-03-08 06:02:00+00:00,uniswap_v2,sushiswap_v2,-80.16094577255237,59.48092335258096,0.00044719671106,-140.939050803279,False,True,train
2026-03-08 06:03:00+00:00,uniswap_v2,sushiswap_v2,-80.16094577255237,59.48092335258096,0.00044719671106,-140.939050803279,False,True,train
2026-03-08 06:04:00+00:00,uniswap_v2,sushiswap_v2,-80.16094577255237,59.48092335258096,0.00044719671106,-140.939050803279,False,True,train
2026-03-08 06:05:00+00:00,uniswap_v2,sushiswap_v2,-80.16094577255237,59.48092335258096,0.00044719671106,-140.939050803279,False,True,train
2026-03-08 06:06:00+00:00,uniswap_v2,sushiswap_v2,-80.16094577255237,59.48092335258096,0.00044719671106,-140.939050803279,False,True,train
2026-03-08 06:07:00+00:00,uniswap_v2,sushiswap_v2,-80.16094577255237,59.48092335258096,0.00044719671106,-140.939050803279,False,True,train
2026-03-08 06:08:00+00:00,uniswap_v2,sushiswap_v2,-80.16094577255237,59.48092335258096,0.00044719671106,-140.939050803279,False,True,train
2026-03-08 06:09:00+00:00,uniswap_v2,sushiswap_v2,-80.16094577255237,59.48092335258096,0.00044719671106,-140.939050803279,False,True,train
2026-03-08 06:10:00+00:00,uniswap_v2,sushiswap_v2,-80.16094577255237,59.48092335258096,0.00044719671106,-140.939050803279,False,True,train
2026-03-08 06:11:00+00:00,uniswap_v2,sushiswap_v2,-80.16094577255237,59.48092335258096,0.00044719671106,-140.939050803279,False,True,train
2026-03-08 06:12:00+00:00,uniswap_v2,sushiswap_v2,-80.16492482980998,59.48091152916407,0.00044745090852,-140.9437553866565,False,True,train
2026-03-08 06:13:00+00:00,uniswap_v2,sushiswap_v2,-80.16492482980998,59.48091152916407,0.00044745090852,-140.9437553866565,False,True,train
2026-03-08 06:14:00+00:00,uniswap_v2,sushiswap_v2,-80.16492482980998,59.48091152916407,0.00044745090852,-140.9437553866565,False,True,train
2026-03-08 06:15:00+00:00,uniswap_v2,sushiswap_v2,-80.16492482980998,59.48091152916407,0.00044745090852,-140.9437553866565,False,True,train
2026-03-08 06:16:00+00:00,uniswap_v2,sushiswap_v2,-80.16492482980998,59.48091152916407,0.00044745090852,-140.9437553866565,False,True,train
2026-03-08 06:17:00+00:00,uniswap_v2,sushiswap_v2,-80.16492482980998,59.48091152916407,0.00044745090852,-140.9437553866565,False,True,train
2026-03-08 06:18:00+00:00,uniswap_v2,sushiswap_v2,-80.16492482980998,59.48091152916407,0.00044745090852,-140.9437553866565,False,True,train
2026-03-08 06:19:00+00:00,uniswap_v2,sushiswap_v2,-80.16492482980998,59.48091152916407,0.00044745090852,-140.9437553866565,False,True,train
2026-03-08 06:20:00+00:00,uniswap_v2,sushiswap_v2,-80.16492482980998,59.48091152916407,0.00044745090852,-140.9437553866565,False,True,train
2026-03-08 06:21:00+00:00,uniswap_v2,sushiswap_v2,-80.16492482980998,59.48091152916407,0.00044745090852,-140.9437553866565,False,True,train
2026-03-08 06:22:00+00:00,uniswap_v2,sushiswap_v2,-80.16492482980998,59.48091152916407,0.00044745090852,-140.9437553866565,False,True,train
2026-03-08 06:23:00+00:00,uniswap_v2,sushiswap_v2,-80.16492482980998,59.48091152916407,0.00044745090852,-140.9437553866565,False,True,train
2026-03-08 06:24:00+00:00,uniswap_v2,sushiswap_v2,-80.16492482980998,59.48091152916407,0.00044745090852,-140.9437553866565,False,True,train
2026-03-08 06:25:00+00:00,uniswap_v2,sushiswap_v2,-80.16492482980998,59.48091152916407,0.00044745090852,-140.9437553866565,False,True,train
2026-03-08 06:26:00+00:00,uniswap_v2,sushiswap_v2,-80.15475366013646,59.48094184871442,0.00044867225612,-140.93715863302583,False,False,train
2026-03-08 06:27:00+00:00,uniswap_v2,sushiswap_v2,-80.15475366013646,59.48094184871442,0.00044867225612,-140.93715863302583,False,False,train
2026-03-08 06:28:00+00:00,uniswap_v2,sushiswap_v2,-80.15475366013646,59.48094184871442,0.00044867225612,-140.93715863302583,False,True,train
2026-03-08 06:29:00+00:00,uniswap_v2,sushiswap_v2,-80.15475366013646,59.48094184871442,0.00044867225612,-140.93715863302583,False,True,train
2026-03-08 06:30:00+00:00,uniswap_v2,sushiswap_v2,-80.15475366013646,59.48094184871442,0.00044867225612,-140.93715863302583,False,True,train
2026-03-08 06:31:00+00:00,uniswap_v2,sushiswap_v2,-80.16495689134955,59.480911433590194,0.00044882725646,-140.94777971526466,False,True,train
2026-03-08 06:32:00+00:00,uniswap_v2,sushiswap_v2,-80.16495689134955,59.480911433590194,0.00044882725646,-140.94777971526466,False,True,train
2026-03-08 06:33:00+00:00,uniswap_v2,sushiswap_v2,-80.16495689134955,59.480911433590194,0.00044882725646,-140.94777971526466,False,True,train
2026-03-08 06:34:00+00:00,uniswap_v2,sushiswap_v2,-80.16495689134955,59.480911433590194,0.00044882725646,-140.94777971526466,False,True,train
2026-03-08 06:35:00+00:00,uniswap_v2,sushiswap_v2,-80.16495689134955,59.480911433590194,0.00044882725646,-140.94777971526466,False,True,train
2026-03-08 06:36:00+00:00,uniswap_v2,sushiswap_v2,-80.16495689134955,59.480911433590194,0.00044882725646,-140.94777971526466,False,True,train
2026-03-08 06:37:00+00:00,uniswap_v2,sushiswap_v2,-80.16495689134955,59.480911433590194,0.00044882725646,-140.94777971526466,False,True,train
2026-03-08 06:38:00+00:00,uniswap_v2,sushiswap_v2,-80.16495689134955,59.480911433590194,0.00044882725646,-140.94777971526466,False,True,train
2026-03-08 06:39:00+00:00,uniswap_v2,sushiswap_v2,-80.16495689134955,59.480911433590194,0.00044882725646,-140.94777971526466,False,True,train
2026-03-08 06:40:00+00:00,uniswap_v2,sushiswap_v2,-80.16495689134955,59.480911433590194,0.00044882725646,-140.94777971526466,False,True,train
2026-03-08 06:41:00+00:00,uniswap_v2,sushiswap_v2,-80.15478572170875,59.48094175314054,0.0004483563568,-140.93627426599494,False,True,train
2026-03-08 06:42:00+00:00,uniswap_v2,sushiswap_v2,-80.15478572170875,59.48094175314054,0.0004483563568,-140.93627426599494,False,True,train
2026-03-08 06:43:00+00:00,uniswap_v2,sushiswap_v2,-80.15478572170875,59.48094175314054,0.0004483563568,-140.93627426599494,False,True,train
2026-03-08 06:44:00+00:00,uniswap_v2,sushiswap_v2,-80.15478572170875,59.48094175314054,0.0004483563568,-140.93627426599494,False,True,train
2026-03-08 06:45:00+00:00,uniswap_v2,sushiswap_v2,-80.15478572170875,59.48094175314054,0.0004483563568,-140.93627426599494,False,True,train
2026-03-08 06:46:00+00:00,uniswap_v2,sushiswap_v2,-80.15478572170875,59.48094175314054,0.0004483563568,-140.93627426599494,False,True,train
2026-03-08 06:47:00+00:00,uniswap_v2,sushiswap_v2,-80.15478572170875,59.48094175314054,0.0004483563568,-140.93627426599494,False,True,train
2026-03-08 06:48:00+00:00,uniswap_v2,sushiswap_v2,-80.15478572170875,59.48094175314054,0.0004483563568,-140.93627426599494,False,True,train
2026-03-08 06:49:00+00:00,uniswap_v2,sushiswap_v2,-80.15478572170875,59.48094175314054,0.0004483563568,-140.93627426599494,False,True,train
2026-03-08 06:50:00+00:00,uniswap_v2,sushiswap_v2,-80.15478572170875,59.48094175314054,0.0004483563568,-140.93627426599494,False,True,train
2026-03-08 06:51:00+00:00,uniswap_v2,sushiswap_v2,-80.15478572170875,59.48094175314054,0.0004483563568,-140.93627426599494,False,True,train
2026-03-08 06:52:00+00:00,uniswap_v2,sushiswap_v2,-80.15478572170875,59.48094175314054,0.0004483563568,-140.93627426599494,False,True,train
2026-03-08 06:53:00+00:00,uniswap_v2,sushiswap_v2,-80.15478572170875,59.48094175314054,0.0004483563568,-140.93627426599494,False,True,train
2026-03-08 06:54:00+00:00,uniswap_v2,sushiswap_v2,-80.15478572170875,59.48094175314054,0.0004483563568,-140.93627426599494,False,True,train
2026-03-08 06:55:00+00:00,uniswap_v2,sushiswap_v2,-80.15478572170875,59.48094175314054,0.0004483563568,-140.93627426599494,False,True,train
2026-03-08 06:56:00+00:00,uniswap_v2,sushiswap_v2,-80.15478572170875,59.48094175314054,0.0004483563568,-140.93627426599494,False,True,train
2026-03-08 06:57:00+00:00,uniswap_v2,sushiswap_v2,-80.15478572170875,59.48094175314054,0.0004483563568,-140.93627426599494,False,True,train
2026-03-08 06:58:00+00:00,uniswap_v2,sushiswap_v2,-80.15478572170875,59.48094175314054,0.0004483563568,-140.93627426599494,False,True,train
2026-03-08 06:59:00+00:00,uniswap_v2,sushiswap_v2,-80.15478572170875,59.48094175314054,0.0004483563568,-140.93627426599494,False,True,train
2026-03-08 07:00:00+00:00,uniswap_v2,sushiswap_v2,-80.15478572170875,59.48094175314054,0.0004483563568,-140.93627426599494,False,True,train
2026-03-08 07:01:00+00:00,uniswap_v2,sushiswap_v2,-80.15478572170875,59.48094175314054,0.0004483563568,-140.93627426599494,False,True,train
2026-03-08 07:02:00+00:00,uniswap_v2,sushiswap_v2,-80.15478572170875,59.48094175314054,0.0004483563568,-140.93627426599494,False,True,train
2026-03-08 07:03:00+00:00,uniswap_v2,sushiswap_v2,-80.15478572170875,59.48094175314054,0.0004483563568,-140.93627426599494,False,True,train
2026-03-08 07:04:00+00:00,uniswap_v2,sushiswap_v2,-80.15478572170875,59.48094175314054,0.0004483563568,-140.93627426599494,False,True,train
2026-03-08 07:05:00+00:00,uniswap_v2,sushiswap_v2,-80.15478572170875,59.48094175314054,0.0004483563568,-140.93627426599494,False,True,train
2026-03-08 07:06:00+00:00,uniswap_v2,sushiswap_v2,-80.15478572170875,59.48094175314054,0.0004483563568,-140.93627426599494,False,True,train
2026-03-08 07:07:00+00:00,uniswap_v2,sushiswap_v2,-80.15478572170875,59.48094175314054,0.0004483563568,-140.93627426599494,False,True,train
2026-03-08 07:08:00+00:00,uniswap_v2,sushiswap_v2,-80.15478572170875,59.48094175314054,0.0004483563568,-140.93627426599494,False,True,train
2026-03-08 07:09:00+00:00,uniswap_v2,sushiswap_v2,-80.15478572170875,59.48094175314054,0.0004483563568,-140.93627426599494,False,True,train
2026-03-08 07:10:00+00:00,uniswap_v2,sushiswap_v2,-80.15478572170875,59.48094175314054,0.0004483563568,-140.93627426599494,False,True,train
2026-03-08 07:11:00+00:00,uniswap_v2,sushiswap_v2,-80.15478572170875,59.48094175314054,0.0004483563568,-140.93627426599494,False,True,train
2026-03-08 07:12:00+00:00,uniswap_v2,sushiswap_v2,-80.15478572170875,59.48094175314054,0.0004483563568,-140.93627426599494,False,True,train
2026-03-08 07:13:00+00:00,uniswap_v2,sushiswap_v2,-80.15478572170875,59.48094175314054,0.0004483563568,-140.93627426599494,False,True,train
2026-03-08 07:14:00+00:00,uniswap_v2,sushiswap_v2,-80.15478572170875,59.48094175314054,0.0004483563568,-140.93627426599494,False,True,train
2026-03-08 07:15:00+00:00,uniswap_v2,sushiswap_v2,-80.15478572170875,59.48094175314054,0.0004483563568,-140.93627426599494,False,True,train
2026-03-08 07:16:00+00:00,uniswap_v2,sushiswap_v2,-80.15478423732226,59.480941757566,0.0004482602751,-140.93599408214752,False,True,train
2026-03-08 07:17:00+00:00,uniswap_v2,sushiswap_v2,-80.15478423732226,59.480941757566,0.0004482602751,-140.93599408214752,False,True,train
2026-03-08 07:18:00+00:00,uniswap_v2,sushiswap_v2,-80.15478423732226,59.480941757566,0.0004482602751,-140.93599408214752,False,True,train
2026-03-08 07:19:00+00:00,uniswap_v2,sushiswap_v2,-80.15478423732226,59.480941757566,0.0004482602751,-140.93599408214752,False,True,train
2026-03-08 07:20:00+00:00,uniswap_v2,sushiswap_v2,-80.15478423732226,59.480941757566,0.0004482602751,-140.93599408214752,False,True,train
2026-03-08 07:21:00+00:00,uniswap_v2,sushiswap_v2,-80.15478423732226,59.480941757566,0.0004482602751,-140.93599408214752,False,True,train
2026-03-08 07:22:00+00:00,uniswap_v2,sushiswap_v2,-80.15478423732226,59.480941757566,0.0004482602751,-140.93599408214752,False,True,train
2026-03-08 07:23:00+00:00,uniswap_v2,sushiswap_v2,-80.15478423732226,59.480941757566,0.0004482602751,-140.93599408214752,False,True,train
2026-03-08 07:24:00+00:00,uniswap_v2,sushiswap_v2,-80.15478423732226,59.480941757566,0.0004482602751,-140.93599408214752,False,True,train
2026-03-08 07:25:00+00:00,uniswap_v2,sushiswap_v2,-80.15478423732226,59.480941757566,0.0004482602751,-140.93599408214752,False,True,train
2026-03-08 07:26:00+00:00,uniswap_v2,sushiswap_v2,-80.15478423732226,59.480941757566,0.0004482602751,-140.93599408214752,False,True,train
2026-03-08 07:27:00+00:00,uniswap_v2,sushiswap_v2,-80.15478423732226,59.480941757566,0.0004482602751,-140.93599408214752,False,True,train
2026-03-08 07:28:00+00:00,uniswap_v2,sushiswap_v2,-80.15478423732226,59.480941757566,0.0004482602751,-140.93599408214752,False,True,train
2026-03-08 07:29:00+00:00,uniswap_v2,sushiswap_v2,-80.15478423732226,59.480941757566,0.0004482602751,-140.93599408214752,False,True,train
2026-03-08 07:30:00+00:00,uniswap_v2,sushiswap_v2,-80.15478423732226,59.480941757566,0.0004482602751,-140.93599408214752,False,True,train
2026-03-08 07:31:00+00:00,uniswap_v2,sushiswap_v2,-80.15478423732226,59.480941757566,0.0004482602751,-140.93599408214752,False,True,train
2026-03-08 07:32:00+00:00,uniswap_v2,sushiswap_v2,-80.15478423732226,59.480941757566,0.0004482602751,-140.93599408214752,False,True,train
2026-03-08 07:33:00+00:00,uniswap_v2,sushiswap_v2,-80.15478423732226,59.480941757566,0.0004482602751,-140.93599408214752,False,True,train
2026-03-08 07:34:00+00:00,uniswap_v2,sushiswap_v2,-80.15478423732226,59.480941757566,0.0004482602751,-140.93599408214752,False,True,train
2026-03-08 07:35:00+00:00,uniswap_v2,sushiswap_v2,-80.15478423732226,59.480941757566,0.0004482602751,-140.93599408214752,False,True,train
2026-03-08 07:36:00+00:00,uniswap_v2,sushiswap_v2,-80.15478423732226,59.480941757566,0.0004482602751,-140.93599408214752,False,True,train
2026-03-08 07:37:00+00:00,uniswap_v2,sushiswap_v2,-80.15478423732226,59.480941757566,0.0004482602751,-140.93599408214752,False,True,train
2026-03-08 07:38:00+00:00,uniswap_v2,sushiswap_v2,-80.15478423732226,59.480941757566,0.0004482602751,-140.93599408214752,False,True,train
2026-03-08 07:39:00+00:00,uniswap_v2,sushiswap_v2,-80.15478423732226,59.480941757566,0.0004482602751,-140.93599408214752,False,True,train
2026-03-08 07:40:00+00:00,uniswap_v2,sushiswap_v2,-80.15478423732226,59.480941757566,0.0004482602751,-140.93599408214752,False,True,train
2026-03-08 07:41:00+00:00,uniswap_v2,sushiswap_v2,-80.15478423732226,59.480941757566,0.0004482602751,-140.93599408214752,False,True,train
2026-03-08 07:42:00+00:00,uniswap_v2,sushiswap_v2,-80.15478423732226,59.480941757566,0.0004482602751,-140.93599408214752,False,True,train
2026-03-08 07:43:00+00:00,uniswap_v2,sushiswap_v2,-80.15478423732226,59.480941757566,0.0004482602751,-140.93599408214752,False,True,train
2026-03-08 07:44:00+00:00,uniswap_v2,sushiswap_v2,-80.15478423732226,59.480941757566,0.0004482602751,-140.93599408214752,False,True,train
2026-03-08 07:45:00+00:00,uniswap_v2,sushiswap_v2,-80.1649874684863,59.48091134244188,0.00044876717974,-140.947635932932,False,True,train
2026-03-08 07:46:00+00:00,uniswap_v2,sushiswap_v2,-80.1649874684863,59.48091134244188,0.00044876717974,-140.947635932932,False,True,train
2026-03-08 07:47:00+00:00,uniswap_v2,sushiswap_v2,-80.1649874684863,59.48091134244188,0.00044876717974,-140.947635932932,False,True,train
2026-03-08 07:48:00+00:00,uniswap_v2,sushiswap_v2,-80.1649874684863,59.48091134244188,0.00044876717974,-140.947635932932,False,True,train
2026-03-08 07:49:00+00:00,uniswap_v2,sushiswap_v2,-80.1649874684863,59.48091134244188,0.00044876717974,-140.947635932932,False,True,train
2026-03-08 07:50:00+00:00,uniswap_v2,sushiswap_v2,-80.1649874684863,59.48091134244188,0.00044876717974,-140.947635932932,False,True,train
2026-03-08 07:51:00+00:00,uniswap_v2,sushiswap_v2,-80.1649874684863,59.48091134244188,0.00044876717974,-140.947635932932,False,True,train
2026-03-08 07:52:00+00:00,uniswap_v2,sushiswap_v2,-80.1649874684863,59.48091134244188,0.00044876717974,-140.947635932932,False,True,train
2026-03-08 07:53:00+00:00,uniswap_v2,sushiswap_v2,-80.1649874684863,59.48091134244188,0.00044876717974,-140.947635932932,False,True,train
2026-03-08 07:54:00+00:00,uniswap_v2,sushiswap_v2,-80.1649874684863,59.48091134244188,0.00044876717974,-140.947635932932,False,True,train
2026-03-08 07:55:00+00:00,uniswap_v2,sushiswap_v2,-80.1649874684863,59.48091134244188,0.00044876717974,-140.947635932932,False,True,train
2026-03-08 07:56:00+00:00,uniswap_v2,sushiswap_v2,-80.1649874684863,59.48091134244188,0.00044876717974,-140.947635932932,False,True,train
2026-03-08 07:57:00+00:00,uniswap_v2,sushiswap_v2,-80.1649874684863,59.48091134244188,0.00044876717974,-140.947635932932,False,True,train
2026-03-08 07:58:00+00:00,uniswap_v2,sushiswap_v2,-80.1649874684863,59.48091134244188,0.00044876717974,-140.947635932932,False,True,train
2026-03-08 07:59:00+00:00,uniswap_v2,sushiswap_v2,-80.1649874684863,59.48091134244188,0.00044876717974,-140.947635932932,False,True,train
2026-03-08 08:00:00+00:00,uniswap_v2,sushiswap_v2,-80.1649874684863,59.48091134244188,0.00044876717974,-140.947635932932,False,True,train
2026-03-08 08:01:00+00:00,uniswap_v2,sushiswap_v2,-80.1649874684863,59.48091134244188,0.00044876717974,-140.947635932932,False,True,train
2026-03-08 08:02:00+00:00,uniswap_v2,sushiswap_v2,-80.1649874684863,59.48091134244188,0.00044876717974,-140.947635932932,False,True,train
2026-03-08 08:03:00+00:00,uniswap_v2,sushiswap_v2,-80.1649874684863,59.48091134244188,0.00044876717974,-140.947635932932,False,True,train
2026-03-08 08:04:00+00:00,uniswap_v2,sushiswap_v2,-80.1649874684863,59.48091134244188,0.00044876717974,-140.947635932932,False,True,train
2026-03-08 08:05:00+00:00,uniswap_v2,sushiswap_v2,-80.1649874684863,59.48091134244188,0.00044876717974,-140.947635932932,False,True,train
2026-03-08 08:06:00+00:00,uniswap_v2,sushiswap_v2,-80.1649874684863,59.48091134244188,0.00044876717974,-140.947635932932,False,True,train
2026-03-08 08:07:00+00:00,uniswap_v2,sushiswap_v2,-80.1649874684863,59.48091134244188,0.00044876717974,-140.947635932932,False,True,train
2026-03-08 08:08:00+00:00,uniswap_v2,sushiswap_v2,-80.1649874684863,59.48091134244188,0.00044876717974,-140.947635932932,False,True,train
2026-03-08 08:09:00+00:00,uniswap_v2,sushiswap_v2,-80.1649874684863,59.48091134244188,0.00044876717974,-140.947635932932,False,True,train
2026-03-08 08:10:00+00:00,uniswap_v2,sushiswap_v2,-80.1649874684863,59.48091134244188,0.00044876717974,-140.947635932932,False,True,train
2026-03-08 08:11:00+00:00,uniswap_v2,sushiswap_v2,-80.1649874684863,59.48091134244188,0.00044876717974,-140.947635932932,False,True,train
2026-03-08 08:12:00+00:00,uniswap_v2,sushiswap_v2,-80.1649874684863,59.48091134244188,0.00044876717974,-140.947635932932,False,True,train
2026-03-08 08:13:00+00:00,uniswap_v2,sushiswap_v2,-80.1649874684863,59.48091134244188,0.00044876717974,-140.947635932932,False,True,train
2026-03-08 08:14:00+00:00,uniswap_v2,sushiswap_v2,-80.1649874684863,59.48091134244188,0.00044876717974,-140.947635932932,False,True,train
2026-03-08 08:15:00+00:00,uniswap_v2,sushiswap_v2,-80.1649874684863,59.48091134244188,0.00044876717974,-140.947635932932,False,True,train
2026-03-08 08:16:00+00:00,uniswap_v2,sushiswap_v2,-80.1649874684863,59.48091134244188,0.00044876717974,-140.947635932932,False,True,train
2026-03-08 08:17:00+00:00,uniswap_v2,sushiswap_v2,-80.1649874684863,59.48091134244188,0.00044876717974,-140.947635932932,False,True,train
2026-03-08 08:18:00+00:00,uniswap_v2,sushiswap_v2,-80.1649874684863,59.48091134244188,0.00044876717974,-140.947635932932,False,True,train
2026-03-08 08:19:00+00:00,uniswap_v2,sushiswap_v2,-80.1649874684863,59.48091134244188,0.00044876717974,-140.947635932932,False,True,train
2026-03-08 08:20:00+00:00,uniswap_v2,sushiswap_v2,-80.1649874684863,59.48091134244188,0.00044876717974,-140.947635932932,False,True,train
2026-03-08 08:21:00+00:00,uniswap_v2,sushiswap_v2,-80.1649874684863,59.48091134244188,0.00044876717974,-140.947635932932,False,True,train
2026-03-08 08:22:00+00:00,uniswap_v2,sushiswap_v2,-80.1649874684863,59.48091134244188,0.00044876717974,-140.947635932932,False,True,train
2026-03-08 08:23:00+00:00,uniswap_v2,sushiswap_v2,-80.1649874684863,59.48091134244188,0.00044876717974,-140.947635932932,False,True,train
2026-03-08 08:24:00+00:00,uniswap_v2,sushiswap_v2,-80.1649874684863,59.48091134244188,0.00044876717974,-140.947635932932,False,True,train
2026-03-08 08:25:00+00:00,uniswap_v2,sushiswap_v2,-80.1649874684863,59.48091134244188,0.00044876717974,-140.947635932932,False,True,train
2026-03-08 08:26:00+00:00,uniswap_v2,sushiswap_v2,-80.1649874684863,59.48091134244188,0.00044876717974,-140.947635932932,False,True,train
2026-03-08 08:27:00+00:00,uniswap_v2,sushiswap_v2,-80.1649874684863,59.48091134244188,0.00044876717974,-140.947635932932,False,True,train
2026-03-08 08:28:00+00:00,uniswap_v2,sushiswap_v2,-80.1649874684863,59.48091134244188,0.00044876717974,-140.947635932932,False,True,train
2026-03-08 08:29:00+00:00,uniswap_v2,sushiswap_v2,-80.1649874684863,59.48091134244188,0.00044876717974,-140.947635932932,False,True,train
2026-03-08 08:30:00+00:00,uniswap_v2,sushiswap_v2,-80.1649874684863,59.48091134244188,0.00044876717974,-140.947635932932,False,True,train
2026-03-08 08:31:00+00:00,uniswap_v2,sushiswap_v2,-80.1649874684863,59.48091134244188,0.00044876717974,-140.947635932932,False,True,train
2026-03-08 08:32:00+00:00,uniswap_v2,sushiswap_v2,-80.1649874684863,59.48091134244188,0.00044876717974,-140.947635932932,False,True,train
2026-03-08 08:33:00+00:00,uniswap_v2,sushiswap_v2,-80.1649874684863,59.48091134244188,0.00044876717974,-140.947635932932,False,True,train
2026-03-08 08:34:00+00:00,uniswap_v2,sushiswap_v2,-80.1649874684863,59.48091134244188,0.00044876717974,-140.947635932932,False,True,train
2026-03-08 08:35:00+00:00,uniswap_v2,sushiswap_v2,-80.1649874684863,59.48091134244188,0.00044876717974,-140.947635932932,False,True,train
2026-03-08 08:36:00+00:00,uniswap_v2,sushiswap_v2,-80.1649874684863,59.48091134244188,0.00044876717974,-140.947635932932,False,True,train
2026-03-08 08:37:00+00:00,uniswap_v2,sushiswap_v2,-80.1649874684863,59.48091134244188,0.00044876717974,-140.947635932932,False,True,train
2026-03-08 08:38:00+00:00,uniswap_v2,sushiswap_v2,-80.1649874684863,59.48091134244188,0.00044876717974,-140.947635932932,False,True,train
2026-03-08 08:39:00+00:00,uniswap_v2,sushiswap_v2,-80.1649874684863,59.48091134244188,0.00044876717974,-140.947635932932,False,True,train
2026-03-08 08:40:00+00:00,uniswap_v2,sushiswap_v2,-80.1649874684863,59.48091134244188,0.00044876717974,-140.947635932932,False,True,train
2026-03-08 08:41:00+00:00,uniswap_v2,sushiswap_v2,-80.1649874684863,59.48091134244188,0.00044876717974,-140.947635932932,False,True,train
2026-03-08 08:42:00+00:00,uniswap_v2,sushiswap_v2,-80.1649874684863,59.48091134244188,0.00044876717974,-140.947635932932,False,True,train
2026-03-08 08:43:00+00:00,uniswap_v2,sushiswap_v2,-80.1649874684863,59.48091134244188,0.00044876717974,-140.947635932932,False,True,train
2026-03-08 08:44:00+00:00,uniswap_v2,sushiswap_v2,-80.1649874684863,59.48091134244188,0.00044876717974,-140.947635932932,False,True,train
2026-03-08 08:45:00+00:00,uniswap_v2,sushiswap_v2,-80.1649874684863,59.48091134244188,0.00044876717974,-140.947635932932,False,True,train
2026-03-08 08:46:00+00:00,uniswap_v2,sushiswap_v2,-80.1649874684863,59.48091134244188,0.00044876717974,-140.947635932932,False,True,train
2026-03-08 08:47:00+00:00,uniswap_v2,sushiswap_v2,-80.1649874684863,59.48091134244188,0.00044876717974,-140.947635932932,False,True,train
2026-03-08 08:48:00+00:00,uniswap_v2,sushiswap_v2,-80.1649874684863,59.48091134244188,0.00044876717974,-140.947635932932,False,True,train
2026-03-08 08:49:00+00:00,uniswap_v2,sushiswap_v2,-80.1649874684863,59.48091134244188,0.00044876717974,-140.947635932932,False,True,train
2026-03-08 08:50:00+00:00,uniswap_v2,sushiswap_v2,-80.1649874684863,59.48091134244188,0.00044876717974,-140.947635932932,False,True,train
2026-03-08 08:51:00+00:00,uniswap_v2,sushiswap_v2,-80.1649874684863,59.48091134244188,0.00044876717974,-140.947635932932,False,True,train
2026-03-08 08:52:00+00:00,uniswap_v2,sushiswap_v2,-80.1649874684863,59.48091134244188,0.00044876717974,-140.947635932932,False,True,train
2026-03-08 08:53:00+00:00,uniswap_v2,sushiswap_v2,-80.1649874684863,59.48091134244188,0.00044876717974,-140.947635932932,False,True,train
2026-03-08 08:54:00+00:00,uniswap_v2,sushiswap_v2,-80.1649874684863,59.48091134244188,0.00044876717974,-140.947635932932,False,True,train
2026-03-08 08:55:00+00:00,uniswap_v2,sushiswap_v2,-80.1649874684863,59.48091134244188,0.00044876717974,-140.947635932932,False,True,train
2026-03-08 08:56:00+00:00,uniswap_v2,sushiswap_v2,-80.1649874684863,59.48091134244188,0.00044876717974,-140.947635932932,False,True,train
2026-03-08 08:57:00+00:00,uniswap_v2,sushiswap_v2,-80.1649874684863,59.48091134244188,0.00044876717974,-140.947635932932,False,True,train
2026-03-08 08:58:00+00:00,uniswap_v2,sushiswap_v2,-80.1649874684863,59.48091134244188,0.00044876717974,-140.947635932932,False,True,train
2026-03-08 08:59:00+00:00,uniswap_v2,sushiswap_v2,-80.1649874684863,59.48091134244188,0.00044876717974,-140.947635932932,False,True,train
2026-03-08 09:00:00+00:00,uniswap_v2,sushiswap_v2,-80.1649874684863,59.48091134244188,0.00044876717974,-140.947635932932,False,True,train
2026-03-08 09:01:00+00:00,uniswap_v2,sushiswap_v2,-80.1649874684863,59.48091134244188,0.00044876717974,-140.947635932932,False,True,train
2026-03-08 09:02:00+00:00,uniswap_v2,sushiswap_v2,-80.1649874684863,59.48091134244188,0.00044876717974,-140.947635932932,False,True,train
2026-03-08 09:03:00+00:00,uniswap_v2,sushiswap_v2,-80.1649874684863,59.48091134244188,0.00044876717974,-140.947635932932,False,True,train
2026-03-08 09:04:00+00:00,uniswap_v2,sushiswap_v2,-80.1649874684863,59.48091134244188,0.00044876717974,-140.947635932932,False,True,train
2026-03-08 09:05:00+00:00,uniswap_v2,sushiswap_v2,-80.1649874684863,59.48091134244188,0.00044876717974,-140.947635932932,False,True,train
2026-03-08 09:06:00+00:00,uniswap_v2,sushiswap_v2,-80.1649874684863,59.48091134244188,0.00044876717974,-140.947635932932,False,True,train
2026-03-08 09:07:00+00:00,uniswap_v2,sushiswap_v2,-80.1649874684863,59.48091134244188,0.00044876717974,-140.947635932932,False,True,train
2026-03-08 09:08:00+00:00,uniswap_v2,sushiswap_v2,-80.1649874684863,59.48091134244188,0.00044876717974,-140.947635932932,False,True,train
2026-03-08 09:09:00+00:00,uniswap_v2,sushiswap_v2,-80.1649874684863,59.48091134244188,0.00044876717974,-140.947635932932,False,True,train
2026-03-08 09:10:00+00:00,uniswap_v2,sushiswap_v2,-80.1649874684863,59.48091134244188,0.00044876717974,-140.947635932932,False,True,train
2026-03-08 09:11:00+00:00,uniswap_v2,sushiswap_v2,-80.1649874684863,59.48091134244188,0.00044876717974,-140.947635932932,False,True,train
2026-03-08 09:12:00+00:00,uniswap_v2,sushiswap_v2,-80.16786754650998,59.48090278454448,0.00044716625976,-140.94586367102295,False,True,train
2026-03-08 09:13:00+00:00,uniswap_v2,sushiswap_v2,-80.16786754650998,59.48090278454448,0.00044716625976,-140.94586367102295,False,True,train
2026-03-08 09:14:00+00:00,uniswap_v2,sushiswap_v2,-80.16786754650998,59.48090278454448,0.00044716625976,-140.94586367102295,False,True,train
2026-03-08 09:15:00+00:00,uniswap_v2,sushiswap_v2,-80.16786754650998,59.48090278454448,0.00044716625976,-140.94586367102295,False,True,train
2026-03-08 09:16:00+00:00,uniswap_v2,sushiswap_v2,-80.16786754650998,59.48090278454448,0.00044716625976,-140.94586367102295,False,True,train
2026-03-08 09:17:00+00:00,uniswap_v2,sushiswap_v2,-80.16786754650998,59.48090278454448,0.00044716625976,-140.94586367102295,False,True,train
2026-03-08 09:18:00+00:00,uniswap_v2,sushiswap_v2,-80.16786754650998,59.48090278454448,0.00044716625976,-140.94586367102295,False,True,train
2026-03-08 09:19:00+00:00,uniswap_v2,sushiswap_v2,-80.16786754650998,59.48090278454448,0.00044716625976,-140.94586367102295,False,True,train
2026-03-08 09:20:00+00:00,uniswap_v2,sushiswap_v2,-80.16786754650998,59.48090278454448,0.00044716625976,-140.94586367102295,False,True,train
2026-03-08 09:21:00+00:00,uniswap_v2,sushiswap_v2,-80.16786754650998,59.48090278454448,0.00044716625976,-140.94586367102295,False,True,train
2026-03-08 09:22:00+00:00,uniswap_v2,sushiswap_v2,-80.16786754650998,59.48090278454448,0.00044716625976,-140.94586367102295,False,True,train
2026-03-08 09:23:00+00:00,uniswap_v2,sushiswap_v2,-80.16786754650998,59.48090278454448,0.00044716625976,-140.94586367102295,False,True,train
2026-03-08 09:24:00+00:00,uniswap_v2,sushiswap_v2,-80.16786754650998,59.48090278454448,0.00044716625976,-140.94586367102295,False,True,train
2026-03-08 09:25:00+00:00,uniswap_v2,sushiswap_v2,-80.16786754650998,59.48090278454448,0.00044716625976,-140.94586367102295,False,True,train
2026-03-08 09:26:00+00:00,uniswap_v2,sushiswap_v2,-80.16786754650998,59.48090278454448,0.00044716625976,-140.94586367102295,False,True,train
2026-03-08 09:27:00+00:00,uniswap_v2,sushiswap_v2,-80.16786754650998,59.48090278454448,0.00044716625976,-140.94586367102295,False,True,train
2026-03-08 09:28:00+00:00,uniswap_v2,sushiswap_v2,-80.17204871016902,59.48089036058516,0.00044721730768,-140.95018048521536,False,True,train
2026-03-08 09:29:00+00:00,uniswap_v2,sushiswap_v2,-80.17204871016902,59.48089036058516,0.00044721730768,-140.95018048521536,False,True,train
2026-03-08 09:30:00+00:00,uniswap_v2,sushiswap_v2,-80.17204871016902,59.48089036058516,0.00044721730768,-140.95018048521536,False,True,train
2026-03-08 09:31:00+00:00,uniswap_v2,sushiswap_v2,-80.17204871016902,59.48089036058516,0.00044721730768,-140.95018048521536,False,True,train
2026-03-08 09:32:00+00:00,uniswap_v2,sushiswap_v2,-80.17204871016902,59.48089036058516,0.00044721730768,-140.95018048521536,False,True,train
2026-03-08 09:33:00+00:00,uniswap_v2,sushiswap_v2,-80.17204871016902,59.48089036058516,0.00044721730768,-140.95018048521536,False,True,train
2026-03-08 09:34:00+00:00,uniswap_v2,sushiswap_v2,-80.17204871016902,59.48089036058516,0.00044721730768,-140.95018048521536,False,True,train
2026-03-08 09:35:00+00:00,uniswap_v2,sushiswap_v2,-80.17204871016902,59.48089036058516,0.00044721730768,-140.95018048521536,False,True,train
2026-03-08 09:36:00+00:00,uniswap_v2,sushiswap_v2,-80.17204871016902,59.48089036058516,0.00044721730768,-140.95018048521536,False,True,train
2026-03-08 09:37:00+00:00,uniswap_v2,sushiswap_v2,-80.17204871016902,59.48089036058516,0.00044721730768,-140.95018048521536,False,True,train
2026-03-08 09:38:00+00:00,uniswap_v2,sushiswap_v2,-80.17204871016902,59.48089036058516,0.00044721730768,-140.95018048521536,False,True,train
2026-03-08 09:39:00+00:00,uniswap_v2,sushiswap_v2,-80.17204871016902,59.48089036058516,0.00044721730768,-140.95018048521536,False,True,train
2026-03-08 09:40:00+00:00,uniswap_v2,sushiswap_v2,-80.17204871016902,59.48089036058516,0.00044721730768,-140.95018048521536,False,True,train
2026-03-08 09:41:00+00:00,uniswap_v2,sushiswap_v2,-80.17204871016902,59.48089036058516,0.00044721730768,-140.95018048521536,False,True,train
2026-03-08 09:42:00+00:00,uniswap_v2,sushiswap_v2,-80.17204871016902,59.48089036058516,0.00044721730768,-140.95018048521536,False,True,train
2026-03-08 09:43:00+00:00,uniswap_v2,sushiswap_v2,-80.17204871016902,59.48089036058516,0.00044721730768,-140.95018048521536,False,True,train
2026-03-08 09:44:00+00:00,uniswap_v2,sushiswap_v2,-80.17204871016902,59.48089036058516,0.00044721730768,-140.95018048521536,False,True,train
2026-03-08 09:45:00+00:00,uniswap_v2,sushiswap_v2,-80.17204871016902,59.48089036058516,0.00044721730768,-140.95018048521536,False,True,train
2026-03-08 09:46:00+00:00,uniswap_v2,sushiswap_v2,-80.17204871016902,59.48089036058516,0.00044721730768,-140.95018048521536,False,True,train
2026-03-08 09:47:00+00:00,uniswap_v2,sushiswap_v2,-80.17204871016902,59.48089036058516,0.00044721730768,-140.95018048521536,False,True,train
2026-03-08 09:48:00+00:00,uniswap_v2,sushiswap_v2,-80.17204722324894,59.48089036501814,0.0004465495837,-140.9482421387064,False,True,train
2026-03-08 09:49:00+00:00,uniswap_v2,sushiswap_v2,-80.17204722324894,59.48089036501814,0.0004465495837,-140.9482421387064,False,True,train
2026-03-08 09:50:00+00:00,uniswap_v2,sushiswap_v2,-80.17204722324894,59.48089036501814,0.0004465495837,-140.9482421387064,False,True,train
2026-03-08 09:51:00+00:00,uniswap_v2,sushiswap_v2,-80.17475045151613,59.48088233261333,0.00044650841774,-140.95081792463702,False,False,train
2026-03-08 09:52:00+00:00,uniswap_v2,sushiswap_v2,-80.17475045151613,59.48088233261333,0.00044650841774,-140.95081792463702,False,False,train
2026-03-08 09:53:00+00:00,uniswap_v2,sushiswap_v2,-80.17475045151613,59.48088233261333,0.00044650841774,-140.95081792463702,False,False,train
2026-03-08 09:54:00+00:00,uniswap_v2,sushiswap_v2,-80.17475045151613,59.48088233261333,0.00044650841774,-140.95081792463702,False,False,train
2026-03-08 09:55:00+00:00,uniswap_v2,sushiswap_v2,-80.17475045151613,59.48088233261333,0.00044650841774,-140.95081792463702,False,False,train
2026-03-08 09:56:00+00:00,uniswap_v2,sushiswap_v2,-80.17475045151613,59.48088233261333,0.00044650841774,-140.95081792463702,False,False,train
2026-03-08 09:57:00+00:00,uniswap_v2,sushiswap_v2,-80.17475045151613,59.48088233261333,0.00044650841774,-140.95081792463702,False,False,train
2026-03-08 09:58:00+00:00,uniswap_v2,sushiswap_v2,-80.16457929195312,59.48091265213381,0.00044670749266,-140.9412558730234,False,False,train
2026-03-08 09:59:00+00:00,uniswap_v2,sushiswap_v2,-80.16457929195312,59.48091265213381,0.00044670749266,-140.9412558730234,False,False,train
2026-03-08 10:00:00+00:00,uniswap_v2,sushiswap_v2,-80.16457929195312,59.48091265213381,0.00044670749266,-140.9412558730234,False,False,train
2026-03-08 10:01:00+00:00,uniswap_v2,sushiswap_v2,-80.16457929195312,59.48091265213381,0.00044670749266,-140.9412558730234,False,False,train
2026-03-08 10:02:00+00:00,uniswap_v2,sushiswap_v2,-80.16457929195312,59.48091265213381,0.00044670749266,-140.9412558730234,False,False,train
2026-03-08 10:03:00+00:00,uniswap_v2,sushiswap_v2,-80.16457929195312,59.48091265213381,0.00044670749266,-140.9412558730234,False,False,train
2026-03-08 10:04:00+00:00,uniswap_v2,sushiswap_v2,-80.16457929195312,59.48091265213381,0.00044670749266,-140.9412558730234,False,False,train
2026-03-08 10:05:00+00:00,uniswap_v2,sushiswap_v2,-78.14779223520262,59.486905411928106,0.00044662024264,-138.93020849003088,False,False,train
2026-03-08 10:06:00+00:00,uniswap_v2,sushiswap_v2,-80.81864916256943,59.47894377805644,0.00044700951262,-141.59388283827667,False,False,train
2026-03-08 10:07:00+00:00,sushiswap_v2,uniswap_v2,-80.32628402400199,59.61671000133172,0.00044634182692,-141.23128531022166,False,False,train
2026-03-08 10:08:00+00:00,sushiswap_v2,uniswap_v2,-80.32628402400199,59.61671000133172,0.00044634182692,-141.23128531022166,False,False,train
2026-03-08 10:09:00+00:00,uniswap_v2,sushiswap_v2,-81.31029777670282,59.477468940960485,0.00044677400262,-142.0831813230002,False,False,train
2026-03-08 10:10:00+00:00,uniswap_v2,sushiswap_v2,-81.31029777670282,59.477468940960485,0.00044677400262,-142.0831813230002,False,False,train
2026-03-08 10:11:00+00:00,uniswap_v2,sushiswap_v2,-81.31029777670282,59.477468940960485,0.00044677400262,-142.0831813230002,False,False,train
2026-03-08 10:12:00+00:00,uniswap_v2,sushiswap_v2,-81.31029777670282,59.477468940960485,0.00044677400262,-142.0831813230002,False,False,train
2026-03-08 10:13:00+00:00,uniswap_v2,sushiswap_v2,-81.31029777670282,59.477468940960485,0.00044677400262,-142.0831813230002,False,False,train
2026-03-08 10:14:00+00:00,uniswap_v2,sushiswap_v2,-81.31029777670282,59.477468940960485,0.00044677400262,-142.0831813230002,False,False,train
2026-03-08 10:15:00+00:00,uniswap_v2,sushiswap_v2,-81.31029777670282,59.477468940960485,0.00044677400262,-142.0831813230002,False,False,train
2026-03-08 10:16:00+00:00,uniswap_v2,sushiswap_v2,-81.31029777670282,59.477468940960485,0.00044677400262,-142.0831813230002,False,False,train
2026-03-08 10:17:00+00:00,sushiswap_v2,uniswap_v2,-80.09287987677806,59.61740037812898,0.00044638556424,-140.99830359466952,False,False,train
2026-03-08 10:18:00+00:00,sushiswap_v2,uniswap_v2,-80.09287987677806,59.61740037812898,0.00044638556424,-140.99830359466952,False,False,train
2026-03-08 10:19:00+00:00,sushiswap_v2,uniswap_v2,-80.09287987677806,59.61740037812898,0.00044638556424,-140.99830359466952,False,False,train
2026-03-08 10:20:00+00:00,sushiswap_v2,uniswap_v2,-80.09287987677806,59.61740037812898,0.00044638556424,-140.99830359466952,False,False,train
2026-03-08 10:21:00+00:00,sushiswap_v2,uniswap_v2,-80.09287987677806,59.61740037812898,0.00044638556424,-140.99830359466952,False,False,train
2026-03-08 10:22:00+00:00,sushiswap_v2,uniswap_v2,-80.09287987677806,59.61740037812898,0.00044638556424,-140.99830359466952,False,False,train
2026-03-08 10:23:00+00:00,sushiswap_v2,uniswap_v2,-80.09287987677806,59.61740037812898,0.00044638556424,-140.99830359466952,False,False,train
2026-03-08 10:24:00+00:00,sushiswap_v2,uniswap_v2,-80.09287987677806,59.61740037812898,0.00044638556424,-140.99830359466952,False,False,train
2026-03-08 10:25:00+00:00,sushiswap_v2,uniswap_v2,-80.09287987677806,59.61740037812898,0.00044638556424,-140.99830359466952,False,False,train
2026-03-08 10:26:00+00:00,sushiswap_v2,uniswap_v2,-80.09287987677806,59.61740037812898,0.00044638556424,-140.99830359466952,False,False,train
2026-03-08 10:27:00+00:00,sushiswap_v2,uniswap_v2,-80.09287987677806,59.61740037812898,0.00044638556424,-140.99830359466952,False,False,train
2026-03-08 10:28:00+00:00,sushiswap_v2,uniswap_v2,-80.09287987677806,59.61740037812898,0.00044638556424,-140.99830359466952,False,False,train
2026-03-08 10:29:00+00:00,sushiswap_v2,uniswap_v2,-80.09287987677806,59.61740037812898,0.00044638556424,-140.99830359466952,False,False,train
2026-03-08 10:30:00+00:00,sushiswap_v2,uniswap_v2,-80.09287987677806,59.61740037812898,0.00044638556424,-140.99830359466952,False,False,train
2026-03-08 10:31:00+00:00,sushiswap_v2,uniswap_v2,-80.09287987677806,59.61740037812898,0.00044638556424,-140.99830359466952,False,False,train
2026-03-08 10:32:00+00:00,sushiswap_v2,uniswap_v2,-80.09287987677806,59.61740037812898,0.00044638556424,-140.99830359466952,False,False,train
2026-03-08 10:33:00+00:00,sushiswap_v2,uniswap_v2,-80.09287987677806,59.61740037812898,0.00044638556424,-140.99830359466952,False,True,train
2026-03-08 10:34:00+00:00,sushiswap_v2,uniswap_v2,-80.09287987677806,59.61740037812898,0.00044638556424,-140.99830359466952,False,True,train
2026-03-08 10:35:00+00:00,sushiswap_v2,uniswap_v2,-80.09287987677806,59.61740037812898,0.00044638556424,-140.99830359466952,False,True,train
2026-03-08 10:36:00+00:00,sushiswap_v2,uniswap_v2,-80.09287987677806,59.61740037812898,0.00044638556424,-140.99830359466952,False,True,train
2026-03-08 10:37:00+00:00,sushiswap_v2,uniswap_v2,-80.09287987677806,59.61740037812898,0.00044638556424,-140.99830359466952,False,True,train
2026-03-08 10:38:00+00:00,sushiswap_v2,uniswap_v2,-80.09287987677806,59.61740037812898,0.00044638556424,-140.99830359466952,False,True,train
2026-03-08 10:39:00+00:00,sushiswap_v2,uniswap_v2,-80.09287987677806,59.61740037812898,0.00044638556424,-140.99830359466952,False,True,train
2026-03-08 10:40:00+00:00,sushiswap_v2,uniswap_v2,-80.09287987677806,59.61740037812898,0.00044638556424,-140.99830359466952,False,True,train
2026-03-08 10:41:00+00:00,sushiswap_v2,uniswap_v2,-80.09287987677806,59.61740037812898,0.00044638556424,-140.99830359466952,False,True,train
2026-03-08 10:42:00+00:00,sushiswap_v2,uniswap_v2,-80.09287987677806,59.61740037812898,0.00044638556424,-140.99830359466952,False,True,train
2026-03-08 10:43:00+00:00,sushiswap_v2,uniswap_v2,-80.09287987677806,59.61740037812898,0.00044638556424,-140.99830359466952,False,True,train
2026-03-08 10:44:00+00:00,sushiswap_v2,uniswap_v2,-80.09287987677806,59.61740037812898,0.00044638556424,-140.99830359466952,False,True,train
2026-03-08 10:45:00+00:00,sushiswap_v2,uniswap_v2,-80.09287987677806,59.61740037812898,0.00044638556424,-140.99830359466952,False,True,train
2026-03-08 10:46:00+00:00,sushiswap_v2,uniswap_v2,-80.09287987677806,59.61740037812898,0.00044638556424,-140.99830359466952,False,True,train
2026-03-08 10:47:00+00:00,sushiswap_v2,uniswap_v2,-80.09287987677806,59.61740037812898,0.00044638556424,-140.99830359466952,False,True,train
2026-03-08 10:48:00+00:00,sushiswap_v2,uniswap_v2,-80.09287987677806,59.61740037812898,0.00044638556424,-140.99830359466952,False,True,train
2026-03-08 10:49:00+00:00,sushiswap_v2,uniswap_v2,-80.09287987677806,59.61740037812898,0.00044638556424,-140.99830359466952,False,True,train
2026-03-08 10:50:00+00:00,sushiswap_v2,uniswap_v2,-80.09287987677806,59.61740037812898,0.00044638556424,-140.99830359466952,False,True,train
2026-03-08 10:51:00+00:00,sushiswap_v2,uniswap_v2,-80.09287987677806,59.61740037812898,0.00044638556424,-140.99830359466952,False,True,train
2026-03-08 10:52:00+00:00,sushiswap_v2,uniswap_v2,-80.09287987677806,59.61740037812898,0.00044638556424,-140.99830359466952,False,True,train
2026-03-08 10:53:00+00:00,sushiswap_v2,uniswap_v2,-80.09287987677806,59.61740037812898,0.00044638556424,-140.99830359466952,False,True,train
2026-03-08 10:54:00+00:00,sushiswap_v2,uniswap_v2,-80.09287987677806,59.61740037812898,0.00044638556424,-140.99830359466952,False,True,train
2026-03-08 10:55:00+00:00,sushiswap_v2,uniswap_v2,-80.09287987677806,59.61740037812898,0.00044638556424,-140.99830359466952,False,True,train
2026-03-08 10:56:00+00:00,sushiswap_v2,uniswap_v2,-80.09287987677806,59.61740037812898,0.00044638556424,-140.99830359466952,False,True,train
2026-03-08 10:57:00+00:00,sushiswap_v2,uniswap_v2,-80.09287987677806,59.61740037812898,0.00044638556424,-140.99830359466952,False,True,train
2026-03-08 10:58:00+00:00,sushiswap_v2,uniswap_v2,-80.09287987677806,59.61740037812898,0.00044638556424,-140.99830359466952,False,True,train
2026-03-08 10:59:00+00:00,sushiswap_v2,uniswap_v2,-80.09287987677806,59.61740037812898,0.00044638556424,-140.99830359466952,False,True,train
2026-03-08 11:00:00+00:00,sushiswap_v2,uniswap_v2,-80.09287987677806,59.61740037812898,0.00044638556424,-140.99830359466952,False,True,train
2026-03-08 11:01:00+00:00,sushiswap_v2,uniswap_v2,-80.09287987677806,59.61740037812898,0.00044638556424,-140.99830359466952,False,True,train
2026-03-08 11:02:00+00:00,sushiswap_v2,uniswap_v2,-80.09287987677806,59.61740037812898,0.00044638556424,-140.99830359466952,False,True,train
2026-03-08 11:03:00+00:00,sushiswap_v2,uniswap_v2,-80.09287987677806,59.61740037812898,0.00044638556424,-140.99830359466952,False,True,train
2026-03-08 11:04:00+00:00,sushiswap_v2,uniswap_v2,-80.09287987677806,59.61740037812898,0.00044638556424,-140.99830359466952,False,True,train
2026-03-08 11:05:00+00:00,sushiswap_v2,uniswap_v2,-80.09287987677806,59.61740037812898,0.00044638556424,-140.99830359466952,False,True,train
2026-03-08 11:06:00+00:00,uniswap_v2,sushiswap_v2,-81.42704848169123,59.47706050956841,0.00045342908314,-142.21795866036882,False,False,train
2026-03-08 11:07:00+00:00,uniswap_v2,sushiswap_v2,-81.42704848169123,59.47706050956841,0.00045342908314,-142.21795866036882,False,False,train
2026-03-08 11:08:00+00:00,uniswap_v2,sushiswap_v2,-80.66604096812405,59.47932178749385,0.00045730595284,-141.4704459872883,False,False,train
2026-03-08 11:09:00+00:00,sushiswap_v2,uniswap_v2,-80.18860646451972,59.61710041604716,0.0004552731799,-141.11869363567152,False,False,train
2026-03-08 11:10:00+00:00,sushiswap_v2,uniswap_v2,-80.18860646451972,59.61710041604716,0.0004552731799,-141.11869363567152,False,False,train
2026-03-08 11:11:00+00:00,sushiswap_v2,uniswap_v2,-80.18860646451972,59.61710041604716,0.0004552731799,-141.11869363567152,False,False,train
2026-03-08 11:12:00+00:00,sushiswap_v2,uniswap_v2,-80.18860646451972,59.61710041604716,0.0004552731799,-141.11869363567152,False,False,train
2026-03-08 11:13:00+00:00,sushiswap_v2,uniswap_v2,-80.18860646451972,59.61710041604716,0.0004552731799,-141.11869363567152,False,False,train
2026-03-08 11:14:00+00:00,sushiswap_v2,uniswap_v2,-80.18860646451972,59.61710041604716,0.0004552731799,-141.11869363567152,False,False,train
2026-03-08 11:15:00+00:00,sushiswap_v2,uniswap_v2,-80.18860646451972,59.61710041604716,0.0004552731799,-141.11869363567152,False,False,train
2026-03-08 11:16:00+00:00,sushiswap_v2,uniswap_v2,-80.18860646451972,59.61710041604716,0.0004552731799,-141.11869363567152,False,False,train
2026-03-08 11:17:00+00:00,sushiswap_v2,uniswap_v2,-80.18860646451972,59.61710041604716,0.0004552731799,-141.11869363567152,False,False,train
2026-03-08 11:18:00+00:00,sushiswap_v2,uniswap_v2,-80.18860646451972,59.61710041604716,0.0004552731799,-141.11869363567152,False,False,train
2026-03-08 11:19:00+00:00,sushiswap_v2,uniswap_v2,-80.18860646451972,59.61710041604716,0.0004552731799,-141.11869363567152,False,False,train
2026-03-08 11:20:00+00:00,sushiswap_v2,uniswap_v2,-80.18860646451972,59.61710041604716,0.0004552731799,-141.11869363567152,False,False,train
2026-03-08 11:21:00+00:00,sushiswap_v2,uniswap_v2,-80.18860646451972,59.61710041604716,0.0004552731799,-141.11869363567152,False,False,train
2026-03-08 11:22:00+00:00,sushiswap_v2,uniswap_v2,-80.18860646451972,59.61710041604716,0.0004552731799,-141.11869363567152,False,False,train
2026-03-08 11:23:00+00:00,sushiswap_v2,uniswap_v2,-80.18860646451972,59.61710041604716,0.0004552731799,-141.11869363567152,False,False,train
2026-03-08 11:24:00+00:00,sushiswap_v2,uniswap_v2,-80.18860646451972,59.61710041604716,0.0004552731799,-141.11869363567152,False,True,train
2026-03-08 11:25:00+00:00,sushiswap_v2,uniswap_v2,-80.18860646451972,59.61710041604716,0.0004552731799,-141.11869363567152,False,True,train
2026-03-08 11:26:00+00:00,sushiswap_v2,uniswap_v2,-80.18860646451972,59.61710041604716,0.0004552731799,-141.11869363567152,False,True,train
2026-03-08 11:27:00+00:00,sushiswap_v2,uniswap_v2,-80.18860646451972,59.61710041604716,0.0004552731799,-141.11869363567152,False,True,train
2026-03-08 11:28:00+00:00,sushiswap_v2,uniswap_v2,-80.18860646451972,59.61710041604716,0.0004552731799,-141.11869363567152,False,True,train
2026-03-08 11:29:00+00:00,sushiswap_v2,uniswap_v2,-80.18860646451972,59.61710041604716,0.0004552731799,-141.11869363567152,False,True,train
2026-03-08 11:30:00+00:00,sushiswap_v2,uniswap_v2,-80.18860646451972,59.61710041604716,0.0004552731799,-141.11869363567152,False,True,train
2026-03-08 11:31:00+00:00,sushiswap_v2,uniswap_v2,-80.18860646451972,59.61710041604716,0.0004552731799,-141.11869363567152,False,True,train
2026-03-08 11:32:00+00:00,sushiswap_v2,uniswap_v2,-80.18860646451972,59.61710041604716,0.0004552731799,-141.11869363567152,False,True,train
2026-03-08 11:33:00+00:00,sushiswap_v2,uniswap_v2,-80.18860646451972,59.61710041604716,0.0004552731799,-141.11869363567152,False,True,train
2026-03-08 11:34:00+00:00,uniswap_v2,sushiswap_v2,-81.06350172065486,59.47811151853073,0.00044602015194,-141.8335924646246,False,False,train
2026-03-08 11:35:00+00:00,uniswap_v2,sushiswap_v2,-79.839158021908,59.481607457089034,0.00044569461266,-140.6098506667049,False,False,train
2026-03-08 11:36:00+00:00,uniswap_v2,sushiswap_v2,-79.839158021908,59.481607457089034,0.00044569461266,-140.6098506667049,False,False,train
2026-03-08 11:37:00+00:00,uniswap_v2,sushiswap_v2,-79.839158021908,59.481607457089034,0.00044569461266,-140.6098506667049,False,False,train
2026-03-08 11:38:00+00:00,uniswap_v2,sushiswap_v2,-79.839158021908,59.481607457089034,0.00044569461266,-140.6098506667049,False,False,train
2026-03-08 11:39:00+00:00,uniswap_v2,sushiswap_v2,-79.839158021908,59.481607457089034,0.00044569461266,-140.6098506667049,False,False,train
2026-03-08 11:40:00+00:00,uniswap_v2,sushiswap_v2,-79.839158021908,59.481607457089034,0.00044569461266,-140.6098506667049,False,False,train
2026-03-08 11:41:00+00:00,uniswap_v2,sushiswap_v2,-77.79058557215146,59.48761937845939,0.0004473562731,-138.5710619212156,False,False,train
2026-03-08 11:42:00+00:00,uniswap_v2,sushiswap_v2,-77.79058557215146,59.48761937845939,0.0004473562731,-138.5710619212156,False,False,train
2026-03-08 11:43:00+00:00,uniswap_v2,sushiswap_v2,-77.79058557215146,59.48761937845939,0.0004473562731,-138.5710619212156,False,False,train
2026-03-08 11:44:00+00:00,uniswap_v2,sushiswap_v2,-77.79058557215146,59.48761937845939,0.0004473562731,-138.5710619212156,False,False,train
2026-03-08 11:45:00+00:00,uniswap_v2,sushiswap_v2,-77.79058557215146,59.48761937845939,0.0004473562731,-138.5710619212156,False,False,train
2026-03-08 11:46:00+00:00,uniswap_v2,sushiswap_v2,-77.79907501094957,59.48759407234894,0.00044675579036,-138.57778955432002,False,False,train
2026-03-08 11:47:00+00:00,uniswap_v2,sushiswap_v2,-77.79907501094957,59.48759407234894,0.00044675579036,-138.57778955432002,False,False,train
2026-03-08 11:48:00+00:00,uniswap_v2,sushiswap_v2,-77.79907501094957,59.48759407234894,0.00044675579036,-138.57778955432002,False,False,train
2026-03-08 11:49:00+00:00,uniswap_v2,sushiswap_v2,-77.79907501094957,59.48759407234894,0.00044675579036,-138.57778955432002,False,False,train
2026-03-08 11:50:00+00:00,uniswap_v2,sushiswap_v2,-77.79907501094957,59.48759407234894,0.00044675579036,-138.57778955432002,False,False,train
2026-03-08 11:51:00+00:00,uniswap_v2,sushiswap_v2,-77.79907501094957,59.48759407234894,0.00044675579036,-138.57778955432002,False,False,train
2026-03-08 11:52:00+00:00,uniswap_v2,sushiswap_v2,-77.79907501094957,59.48759407234894,0.00044675579036,-138.57778955432002,False,False,train
2026-03-08 11:53:00+00:00,uniswap_v2,sushiswap_v2,-77.79907501094957,59.48759407234894,0.00044675579036,-138.57778955432002,False,False,train
2026-03-08 11:54:00+00:00,uniswap_v2,sushiswap_v2,-77.79907501094957,59.48759407234894,0.00044675579036,-138.57778955432002,False,False,train
2026-03-08 11:55:00+00:00,uniswap_v2,sushiswap_v2,-77.79907501094957,59.48759407234894,0.00044675579036,-138.57778955432002,False,False,train
2026-03-08 11:56:00+00:00,uniswap_v2,sushiswap_v2,-77.79907501094957,59.48759407234894,0.00044675579036,-138.57778955432002,False,False,train
2026-03-08 11:57:00+00:00,uniswap_v2,sushiswap_v2,-77.79907501094957,59.48759407234894,0.00044675579036,-138.57778955432002,False,True,train
2026-03-08 11:58:00+00:00,uniswap_v2,sushiswap_v2,-77.79907501094957,59.48759407234894,0.00044675579036,-138.57778955432002,False,True,train
2026-03-08 11:59:00+00:00,uniswap_v2,sushiswap_v2,-77.79907501094957,59.48759407234894,0.00044675579036,-138.57778955432002,False,True,train
2026-03-08 12:00:00+00:00,uniswap_v2,sushiswap_v2,-77.79907501094957,59.48759407234894,0.00044675579036,-138.57778955432002,False,True,train
2026-03-08 12:01:00+00:00,uniswap_v2,sushiswap_v2,-77.79907501094957,59.48759407234894,0.00044675579036,-138.57778955432002,False,True,train
2026-03-08 12:02:00+00:00,uniswap_v2,sushiswap_v2,-77.79907501094957,59.48759407234894,0.00044675579036,-138.57778955432002,False,True,train
2026-03-08 12:03:00+00:00,uniswap_v2,sushiswap_v2,-77.79907501094957,59.48759407234894,0.00044675579036,-138.57778955432002,False,True,train
2026-03-08 12:04:00+00:00,uniswap_v2,sushiswap_v2,-77.79907501094957,59.48759407234894,0.00044675579036,-138.57778955432002,False,True,train
2026-03-08 12:05:00+00:00,uniswap_v2,sushiswap_v2,-77.79907501094957,59.48759407234894,0.00044675579036,-138.57778955432002,False,True,train
2026-03-08 12:06:00+00:00,uniswap_v2,sushiswap_v2,-77.79907501094957,59.48759407234894,0.00044675579036,-138.57778955432002,False,True,train
2026-03-08 12:07:00+00:00,uniswap_v2,sushiswap_v2,-77.79907501094957,59.48759407234894,0.00044675579036,-138.57778955432002,False,True,train
2026-03-08 12:08:00+00:00,uniswap_v2,sushiswap_v2,-77.79907501094957,59.48759407234894,0.00044675579036,-138.57778955432002,False,True,train
2026-03-08 12:09:00+00:00,sushiswap_v2,uniswap_v2,-75.62838152598196,59.630668246715786,0.00045714415428,-136.57357126659468,False,True,train
2026-03-08 12:10:00+00:00,uniswap_v2,sushiswap_v2,-81.35735463331694,59.476836824595836,0.00045589938944,-142.14915879637886,False,False,train
2026-03-08 12:11:00+00:00,uniswap_v2,sushiswap_v2,-81.35735463331694,59.476836824595836,0.00045589938944,-142.14915879637886,False,False,train
2026-03-08 12:12:00+00:00,uniswap_v2,sushiswap_v2,-81.35735463331694,59.476836824595836,0.00045589938944,-142.14915879637886,False,False,train
2026-03-08 12:13:00+00:00,uniswap_v2,sushiswap_v2,-81.35735463331694,59.476836824595836,0.00045589938944,-142.14915879637886,False,False,train
2026-03-08 12:14:00+00:00,uniswap_v2,sushiswap_v2,-81.35735463331694,59.476836824595836,0.00045589938944,-142.14915879637886,False,False,train
2026-03-08 12:15:00+00:00,uniswap_v2,sushiswap_v2,-81.35735463331694,59.476836824595836,0.00045589938944,-142.14915879637886,False,False,train
2026-03-08 12:16:00+00:00,uniswap_v2,sushiswap_v2,-81.35735463331694,59.476836824595836,0.00045589938944,-142.14915879637886,False,False,train
2026-03-08 12:17:00+00:00,uniswap_v2,sushiswap_v2,-81.35735463331694,59.476836824595836,0.00045589938944,-142.14915879637886,False,False,train
2026-03-08 12:18:00+00:00,sushiswap_v2,uniswap_v2,-78.91056920353799,59.62080566454277,0.00046327360376,-139.86137972749088,False,False,train
2026-03-08 12:19:00+00:00,sushiswap_v2,uniswap_v2,-78.91056920353799,59.62080566454277,0.00046327360376,-139.86137972749088,False,False,train
2026-03-08 12:20:00+00:00,sushiswap_v2,uniswap_v2,-78.91056920353799,59.62080566454277,0.00046327360376,-139.86137972749088,False,False,train
2026-03-08 12:21:00+00:00,sushiswap_v2,uniswap_v2,-78.9105708789766,59.62080565953485,0.00046065924058,-139.85387586403095,False,False,train
2026-03-08 12:22:00+00:00,sushiswap_v2,uniswap_v2,-78.9105708789766,59.62080565953485,0.00046065924058,-139.85387586403095,False,False,train
2026-03-08 12:23:00+00:00,sushiswap_v2,uniswap_v2,-78.9105708789766,59.62080565953485,0.00046065924058,-139.85387586403095,False,False,train
2026-03-08 12:24:00+00:00,sushiswap_v2,uniswap_v2,-78.9105708789766,59.62080565953485,0.00046065924058,-139.85387586403095,False,False,train
2026-03-08 12:25:00+00:00,sushiswap_v2,uniswap_v2,-78.9105708789766,59.62080565953485,0.00046065924058,-139.85387586403095,False,False,train
2026-03-08 12:26:00+00:00,sushiswap_v2,uniswap_v2,-78.9105708789766,59.62080565953485,0.00046065924058,-139.85387586403095,False,True,train
2026-03-08 12:27:00+00:00,sushiswap_v2,uniswap_v2,-78.9105708789766,59.62080565953485,0.00046065924058,-139.85387586403095,False,True,train
2026-03-08 12:28:00+00:00,sushiswap_v2,uniswap_v2,-78.9105708789766,59.62080565953485,0.00046065924058,-139.85387586403095,False,True,train
2026-03-08 12:29:00+00:00,sushiswap_v2,uniswap_v2,-78.9105708789766,59.62080565953485,0.00046065924058,-139.85387586403095,False,True,train
2026-03-08 12:30:00+00:00,sushiswap_v2,uniswap_v2,-78.9105708789766,59.62080565953485,0.00046065924058,-139.85387586403095,False,True,train
2026-03-08 12:31:00+00:00,sushiswap_v2,uniswap_v2,-78.9105708789766,59.62080565953485,0.00046065924058,-139.85387586403095,False,True,train
2026-03-08 12:32:00+00:00,sushiswap_v2,uniswap_v2,-78.9105708789766,59.62080565953485,0.00046065924058,-139.85387586403095,False,True,train
2026-03-08 12:33:00+00:00,sushiswap_v2,uniswap_v2,-78.9105708789766,59.62080565953485,0.00046065924058,-139.85387586403095,False,True,train
2026-03-08 12:34:00+00:00,sushiswap_v2,uniswap_v2,-78.9105708789766,59.62080565953485,0.00046065924058,-139.85387586403095,False,True,train
2026-03-08 12:35:00+00:00,sushiswap_v2,uniswap_v2,-78.9105708789766,59.62080565953485,0.00046065924058,-139.85387586403095,False,True,train
2026-03-08 12:36:00+00:00,sushiswap_v2,uniswap_v2,-78.9105708789766,59.62080565953485,0.00046065924058,-139.85387586403095,False,True,train
2026-03-08 12:37:00+00:00,sushiswap_v2,uniswap_v2,-78.9105708789766,59.62080565953485,0.00046065924058,-139.85387586403095,False,True,train
2026-03-08 12:38:00+00:00,sushiswap_v2,uniswap_v2,-78.9105708789766,59.62080565953485,0.00046065924058,-139.85387586403095,False,True,train
2026-03-08 12:39:00+00:00,sushiswap_v2,uniswap_v2,-78.9105708789766,59.62080565953485,0.00046065924058,-139.85387586403095,False,True,train
2026-03-08 12:40:00+00:00,sushiswap_v2,uniswap_v2,-78.9105708789766,59.62080565953485,0.00046065924058,-139.85387586403095,False,True,train
2026-03-08 12:41:00+00:00,sushiswap_v2,uniswap_v2,-78.9105708789766,59.62080565953485,0.00046065924058,-139.85387586403095,False,True,train
2026-03-08 12:42:00+00:00,sushiswap_v2,uniswap_v2,-78.9105708789766,59.62080565953485,0.00046065924058,-139.85387586403095,False,True,train
2026-03-08 12:43:00+00:00,sushiswap_v2,uniswap_v2,-78.9105708789766,59.62080565953485,0.00046065924058,-139.85387586403095,False,True,train
2026-03-08 12:44:00+00:00,sushiswap_v2,uniswap_v2,-78.9105708789766,59.62080565953485,0.00046065924058,-139.85387586403095,False,True,train
2026-03-08 12:45:00+00:00,sushiswap_v2,uniswap_v2,-78.9105708789766,59.62080565953485,0.00046065924058,-139.85387586403095,False,True,train
2026-03-08 12:46:00+00:00,sushiswap_v2,uniswap_v2,-78.9105708789766,59.62080565953485,0.00046065924058,-139.85387586403095,False,True,train
2026-03-08 12:47:00+00:00,sushiswap_v2,uniswap_v2,-78.9105708789766,59.62080565953485,0.00046065924058,-139.85387586403095,False,True,train
2026-03-08 12:48:00+00:00,sushiswap_v2,uniswap_v2,-78.9105708789766,59.62080565953485,0.00046065924058,-139.85387586403095,False,True,train
2026-03-08 12:49:00+00:00,sushiswap_v2,uniswap_v2,-78.9105708789766,59.62080565953485,0.00046065924058,-139.85387586403095,False,True,train
2026-03-08 12:50:00+00:00,sushiswap_v2,uniswap_v2,-78.9105708789766,59.62080565953485,0.00046065924058,-139.85387586403095,False,True,train
2026-03-08 12:51:00+00:00,sushiswap_v2,uniswap_v2,-78.9105708789766,59.62080565953485,0.00046065924058,-139.85387586403095,False,True,train
2026-03-08 12:52:00+00:00,sushiswap_v2,uniswap_v2,-78.9105708789766,59.62080565953485,0.00046065924058,-139.85387586403095,False,True,train
2026-03-08 12:53:00+00:00,sushiswap_v2,uniswap_v2,-78.9105708789766,59.62080565953485,0.00046065924058,-139.85387586403095,False,True,train
2026-03-08 12:54:00+00:00,sushiswap_v2,uniswap_v2,-78.9105708789766,59.62080565953485,0.00046065924058,-139.85387586403095,False,True,train
2026-03-08 12:55:00+00:00,sushiswap_v2,uniswap_v2,-78.9105708789766,59.62080565953485,0.00046065924058,-139.85387586403095,False,True,train
2026-03-08 12:56:00+00:00,sushiswap_v2,uniswap_v2,-78.9105708789766,59.62080565953485,0.00046065924058,-139.85387586403095,False,True,train
2026-03-08 12:57:00+00:00,sushiswap_v2,uniswap_v2,-78.9105708789766,59.62080565953485,0.00046065924058,-139.85387586403095,False,True,train
2026-03-08 12:58:00+00:00,sushiswap_v2,uniswap_v2,-78.9105708789766,59.62080565953485,0.00046065924058,-139.85387586403095,False,True,train
2026-03-08 12:59:00+00:00,sushiswap_v2,uniswap_v2,-78.9105708789766,59.62080565953485,0.00046065924058,-139.85387586403095,False,True,train
2026-03-08 13:00:00+00:00,sushiswap_v2,uniswap_v2,-78.9105708789766,59.62080565953485,0.00046065924058,-139.85387586403095,False,True,train
2026-03-08 13:01:00+00:00,sushiswap_v2,uniswap_v2,-78.9105708789766,59.62080565953485,0.00046065924058,-139.85387586403095,False,True,train
2026-03-08 13:02:00+00:00,sushiswap_v2,uniswap_v2,-78.9105708789766,59.62080565953485,0.00046065924058,-139.85387586403095,False,True,train
2026-03-08 13:03:00+00:00,sushiswap_v2,uniswap_v2,-78.9105708789766,59.62080565953485,0.00046065924058,-139.85387586403095,False,True,train
2026-03-08 13:04:00+00:00,sushiswap_v2,uniswap_v2,-78.9105708789766,59.62080565953485,0.00046065924058,-139.85387586403095,False,True,train
2026-03-08 13:05:00+00:00,sushiswap_v2,uniswap_v2,-78.9105708789766,59.62080565953485,0.00046065924058,-139.85387586403095,False,True,train
2026-03-08 13:06:00+00:00,sushiswap_v2,uniswap_v2,-78.9105708789766,59.62080565953485,0.00046065924058,-139.85387586403095,False,True,train
2026-03-08 13:07:00+00:00,sushiswap_v2,uniswap_v2,-78.9105708789766,59.62080565953485,0.00046065924058,-139.85387586403095,False,True,train
2026-03-08 13:08:00+00:00,sushiswap_v2,uniswap_v2,-78.9105708789766,59.62080565953485,0.00046065924058,-139.85387586403095,False,True,train
2026-03-08 13:09:00+00:00,sushiswap_v2,uniswap_v2,-78.9105708789766,59.62080565953485,0.00046065924058,-139.85387586403095,False,True,train
2026-03-08 13:10:00+00:00,sushiswap_v2,uniswap_v2,-78.9105708789766,59.62080565953485,0.00046065924058,-139.85387586403095,False,True,train
2026-03-08 13:11:00+00:00,sushiswap_v2,uniswap_v2,-78.9105708789766,59.62080565953485,0.00046065924058,-139.85387586403095,False,True,train
2026-03-08 13:12:00+00:00,sushiswap_v2,uniswap_v2,-78.89262148304557,59.620859365034995,0.00045418247644,-139.81738613390183,False,True,train
2026-03-08 13:13:00+00:00,sushiswap_v2,uniswap_v2,-78.89262148304557,59.620859365034995,0.00045418247644,-139.81738613390183,False,True,train
2026-03-08 13:14:00+00:00,sushiswap_v2,uniswap_v2,-78.89262148304557,59.620859365034995,0.00045418247644,-139.81738613390183,False,True,train
2026-03-08 13:15:00+00:00,sushiswap_v2,uniswap_v2,-78.89262148304557,59.620859365034995,0.00045418247644,-139.81738613390183,False,True,train
2026-03-08 13:16:00+00:00,sushiswap_v2,uniswap_v2,-78.89262148304557,59.620859365034995,0.00045418247644,-139.81738613390183,False,True,train
2026-03-08 13:17:00+00:00,sushiswap_v2,uniswap_v2,-78.89262148304557,59.620859365034995,0.00045418247644,-139.81738613390183,False,True,train
2026-03-08 13:18:00+00:00,sushiswap_v2,uniswap_v2,-78.89262148304557,59.620859365034995,0.00045418247644,-139.81738613390183,False,True,train
2026-03-08 13:19:00+00:00,sushiswap_v2,uniswap_v2,-78.89262148304557,59.620859365034995,0.00045418247644,-139.81738613390183,False,True,train
2026-03-08 13:20:00+00:00,sushiswap_v2,uniswap_v2,-78.89262148304557,59.620859365034995,0.00045418247644,-139.81738613390183,False,True,train
2026-03-08 13:21:00+00:00,sushiswap_v2,uniswap_v2,-78.89262148304557,59.620859365034995,0.00045418247644,-139.81738613390183,False,True,train
2026-03-08 13:22:00+00:00,sushiswap_v2,uniswap_v2,-78.89262148304557,59.620859365034995,0.00045418247644,-139.81738613390183,False,True,train
2026-03-08 13:23:00+00:00,sushiswap_v2,uniswap_v2,-78.89262148304557,59.620859365034995,0.00045418247644,-139.81738613390183,False,True,train
2026-03-08 13:24:00+00:00,sushiswap_v2,uniswap_v2,-78.89262148304557,59.620859365034995,0.00045418247644,-139.81738613390183,False,True,train
2026-03-08 13:25:00+00:00,sushiswap_v2,uniswap_v2,-78.89262148304557,59.620859365034995,0.00045418247644,-139.81738613390183,False,True,train
2026-03-08 13:26:00+00:00,sushiswap_v2,uniswap_v2,-78.89262148304557,59.620859365034995,0.00045418247644,-139.81738613390183,False,True,train
2026-03-08 13:27:00+00:00,sushiswap_v2,uniswap_v2,-78.89262148304557,59.620859365034995,0.00045418247644,-139.81738613390183,False,True,train
2026-03-08 13:28:00+00:00,sushiswap_v2,uniswap_v2,-78.89262148304557,59.620859365034995,0.00045418247644,-139.81738613390183,False,True,train
2026-03-08 13:29:00+00:00,sushiswap_v2,uniswap_v2,-78.89262148304557,59.620859365034995,0.00045418247644,-139.81738613390183,False,True,train
2026-03-08 13:30:00+00:00,sushiswap_v2,uniswap_v2,-78.89262148304557,59.620859365034995,0.00045418247644,-139.81738613390183,False,True,train
2026-03-08 13:31:00+00:00,sushiswap_v2,uniswap_v2,-78.89262148304557,59.620859365034995,0.00045418247644,-139.81738613390183,False,True,train
2026-03-08 13:32:00+00:00,sushiswap_v2,uniswap_v2,-78.8926238980416,59.62085935780254,0.00044836017072,-139.80067337597646,False,True,train
2026-03-08 13:33:00+00:00,sushiswap_v2,uniswap_v2,-78.8926238980416,59.62085935780254,0.00044836017072,-139.80067337597646,False,True,train
2026-03-08 13:34:00+00:00,sushiswap_v2,uniswap_v2,-78.89262686829866,59.620859348907295,0.00044897459266,-139.80244027117732,False,True,train
2026-03-08 13:35:00+00:00,sushiswap_v2,uniswap_v2,-78.89262686829866,59.620859348907295,0.00044897459266,-139.80244027117732,False,True,train
2026-03-08 13:36:00+00:00,sushiswap_v2,uniswap_v2,-78.89262686829866,59.620859348907295,0.00044897459266,-139.80244027117732,False,True,train
2026-03-08 13:37:00+00:00,sushiswap_v2,uniswap_v2,-78.89262686829866,59.620859348907295,0.00044897459266,-139.80244027117732,False,True,train
2026-03-08 13:38:00+00:00,sushiswap_v2,uniswap_v2,-78.89262686829866,59.620859348907295,0.00044897459266,-139.80244027117732,False,True,train
2026-03-08 13:39:00+00:00,sushiswap_v2,uniswap_v2,-78.89262686829866,59.620859348907295,0.00044897459266,-139.80244027117732,False,True,train
2026-03-08 13:40:00+00:00,sushiswap_v2,uniswap_v2,-78.89262686829866,59.620859348907295,0.00044897459266,-139.80244027117732,False,True,train
2026-03-08 13:41:00+00:00,sushiswap_v2,uniswap_v2,-78.89262686829866,59.620859348907295,0.00044897459266,-139.80244027117732,False,True,train
2026-03-08 13:42:00+00:00,sushiswap_v2,uniswap_v2,-78.89262686829866,59.620859348907295,0.00044897459266,-139.80244027117732,False,True,train
2026-03-08 13:43:00+00:00,sushiswap_v2,uniswap_v2,-78.89262686829866,59.620859348907295,0.00044897459266,-139.80244027117732,False,True,train
2026-03-08 13:44:00+00:00,sushiswap_v2,uniswap_v2,-78.89262686829866,59.620859348907295,0.00044897459266,-139.80244027117732,False,True,train
2026-03-08 13:45:00+00:00,sushiswap_v2,uniswap_v2,-78.89262686829866,59.620859348907295,0.00044897459266,-139.80244027117732,False,True,train
2026-03-08 13:46:00+00:00,sushiswap_v2,uniswap_v2,-78.89262686829866,59.620859348907295,0.00044897459266,-139.80244027117732,False,True,train
2026-03-08 13:47:00+00:00,sushiswap_v2,uniswap_v2,-78.89262686829866,59.620859348907295,0.00044897459266,-139.80244027117732,False,True,train
2026-03-08 13:48:00+00:00,sushiswap_v2,uniswap_v2,-78.89262686829866,59.620859348907295,0.00044897459266,-139.80244027117732,False,True,train
2026-03-08 13:49:00+00:00,sushiswap_v2,uniswap_v2,-78.89262686829866,59.620859348907295,0.00044897459266,-139.80244027117732,False,True,train
2026-03-08 13:50:00+00:00,sushiswap_v2,uniswap_v2,-78.89262686829866,59.620859348907295,0.00044897459266,-139.80244027117732,False,True,train
2026-03-08 13:51:00+00:00,sushiswap_v2,uniswap_v2,-78.89262686829866,59.620859348907295,0.00044897459266,-139.80244027117732,False,True,train
2026-03-08 13:52:00+00:00,sushiswap_v2,uniswap_v2,-78.89262686829866,59.620859348907295,0.00044897459266,-139.80244027117732,False,True,train
2026-03-08 13:53:00+00:00,sushiswap_v2,uniswap_v2,-78.89262686829866,59.620859348907295,0.00044897459266,-139.80244027117732,False,True,train
2026-03-08 13:54:00+00:00,sushiswap_v2,uniswap_v2,-78.89262686829866,59.620859348907295,0.00044897459266,-139.80244027117732,False,True,train
2026-03-08 13:55:00+00:00,sushiswap_v2,uniswap_v2,-78.89262686829866,59.620859348907295,0.00044897459266,-139.80244027117732,False,True,train
2026-03-08 13:56:00+00:00,sushiswap_v2,uniswap_v2,-78.89262686829866,59.620859348907295,0.00044897459266,-139.80244027117732,False,True,train
2026-03-08 13:57:00+00:00,sushiswap_v2,uniswap_v2,-78.89262686829866,59.620859348907295,0.00044897459266,-139.80244027117732,False,True,train
2026-03-08 13:58:00+00:00,sushiswap_v2,uniswap_v2,-78.89262686829866,59.620859348907295,0.00044897459266,-139.80244027117732,False,True,train
2026-03-08 13:59:00+00:00,sushiswap_v2,uniswap_v2,-78.89262686829866,59.620859348907295,0.00044897459266,-139.80244027117732,False,True,train
2026-03-08 14:00:00+00:00,sushiswap_v2,uniswap_v2,-78.89262686829866,59.620859348907295,0.00044897459266,-139.80244027117732,False,True,train
2026-03-08 14:01:00+00:00,sushiswap_v2,uniswap_v2,-78.89309314873697,59.620857953774504,0.00044707099536,-139.79744014911475,False,True,train
2026-03-08 14:02:00+00:00,sushiswap_v2,uniswap_v2,-78.89309314873697,59.620857953774504,0.00044707099536,-139.79744014911475,False,True,train
2026-03-08 14:03:00+00:00,sushiswap_v2,uniswap_v2,-78.89309314873697,59.620857953774504,0.00044707099536,-139.79744014911475,False,True,train
2026-03-08 14:04:00+00:00,sushiswap_v2,uniswap_v2,-78.89309314873697,59.620857953774504,0.00044707099536,-139.79744014911475,False,True,train
2026-03-08 14:05:00+00:00,sushiswap_v2,uniswap_v2,-78.89309314873697,59.620857953774504,0.00044707099536,-139.79744014911475,False,True,train
2026-03-08 14:06:00+00:00,sushiswap_v2,uniswap_v2,-78.89309314873697,59.620857953774504,0.00044707099536,-139.79744014911475,False,True,train
2026-03-08 14:07:00+00:00,sushiswap_v2,uniswap_v2,-78.89309314873697,59.620857953774504,0.00044707099536,-139.79744014911475,False,True,train
2026-03-08 14:08:00+00:00,sushiswap_v2,uniswap_v2,-78.89309314873697,59.620857953774504,0.00044707099536,-139.79744014911475,False,True,train
2026-03-08 14:09:00+00:00,sushiswap_v2,uniswap_v2,-78.89309314873697,59.620857953774504,0.00044707099536,-139.79744014911475,False,True,train
2026-03-08 14:10:00+00:00,sushiswap_v2,uniswap_v2,-78.89309314873697,59.620857953774504,0.00044707099536,-139.79744014911475,False,True,train
2026-03-08 14:11:00+00:00,sushiswap_v2,uniswap_v2,-78.89309314873697,59.620857953774504,0.00044707099536,-139.79744014911475,False,True,train
2026-03-08 14:12:00+00:00,sushiswap_v2,uniswap_v2,-78.89309314873697,59.620857953774504,0.00044707099536,-139.79744014911475,False,True,train
2026-03-08 14:13:00+00:00,sushiswap_v2,uniswap_v2,-78.89309314873697,59.620857953774504,0.00044707099536,-139.79744014911475,False,True,train
2026-03-08 14:14:00+00:00,sushiswap_v2,uniswap_v2,-78.89309314873697,59.620857953774504,0.00044707099536,-139.79744014911475,False,True,train
2026-03-08 14:15:00+00:00,sushiswap_v2,uniswap_v2,-78.89309314873697,59.620857953774504,0.00044707099536,-139.79744014911475,False,True,train
2026-03-08 14:16:00+00:00,sushiswap_v2,uniswap_v2,-78.89309314873697,59.620857953774504,0.00044707099536,-139.79744014911475,False,True,train
2026-03-08 14:17:00+00:00,sushiswap_v2,uniswap_v2,-78.89309314873697,59.620857953774504,0.00044707099536,-139.79744014911475,False,True,train
2026-03-08 14:18:00+00:00,sushiswap_v2,uniswap_v2,-78.89309314873697,59.620857953774504,0.00044707099536,-139.79744014911475,False,True,train
2026-03-08 14:19:00+00:00,sushiswap_v2,uniswap_v2,-78.89309314873697,59.620857953774504,0.00044707099536,-139.79744014911475,False,True,train
2026-03-08 14:20:00+00:00,sushiswap_v2,uniswap_v2,-78.89309314873697,59.620857953774504,0.00044707099536,-139.79744014911475,False,True,train
2026-03-08 14:21:00+00:00,sushiswap_v2,uniswap_v2,-78.89309314873697,59.620857953774504,0.00044707099536,-139.79744014911475,False,True,train
2026-03-08 14:22:00+00:00,sushiswap_v2,uniswap_v2,-78.89309314873697,59.620857953774504,0.00044707099536,-139.79744014911475,False,True,train
2026-03-08 14:23:00+00:00,sushiswap_v2,uniswap_v2,-78.89309314873697,59.620857953774504,0.00044707099536,-139.79744014911475,False,True,train
2026-03-08 14:24:00+00:00,sushiswap_v2,uniswap_v2,-78.89309314873697,59.620857953774504,0.00044707099536,-139.79744014911475,False,True,train
2026-03-08 14:25:00+00:00,sushiswap_v2,uniswap_v2,-78.89309314873697,59.620857953774504,0.00044707099536,-139.79744014911475,False,True,train
2026-03-08 14:26:00+00:00,sushiswap_v2,uniswap_v2,-78.89309314873697,59.620857953774504,0.00044707099536,-139.79744014911475,False,True,train
2026-03-08 14:27:00+00:00,sushiswap_v2,uniswap_v2,-78.89309314873697,59.620857953774504,0.00044707099536,-139.79744014911475,False,True,train
2026-03-08 14:28:00+00:00,sushiswap_v2,uniswap_v2,-78.89353488806661,59.62085663207251,0.00044691049326,-139.79741978380312,False,True,train
2026-03-08 14:29:00+00:00,sushiswap_v2,uniswap_v2,-78.89353488806661,59.62085663207251,0.00044691049326,-139.79741978380312,False,True,train
2026-03-08 14:30:00+00:00,sushiswap_v2,uniswap_v2,-78.89353488806661,59.62085663207251,0.00044691049326,-139.79741978380312,False,True,train
2026-03-08 14:31:00+00:00,sushiswap_v2,uniswap_v2,-78.89353488806661,59.62085663207251,0.00044691049326,-139.79741978380312,False,True,train
2026-03-08 14:32:00+00:00,sushiswap_v2,uniswap_v2,-78.89353488806661,59.62085663207251,0.00044691049326,-139.79741978380312,False,True,train
2026-03-08 14:33:00+00:00,sushiswap_v2,uniswap_v2,-78.89353488806661,59.62085663207251,0.00044691049326,-139.79741978380312,False,True,train
2026-03-08 14:34:00+00:00,sushiswap_v2,uniswap_v2,-78.89353488806661,59.62085663207251,0.00044691049326,-139.79741978380312,False,True,train
2026-03-08 14:35:00+00:00,sushiswap_v2,uniswap_v2,-78.89353488806661,59.62085663207251,0.00044691049326,-139.79741978380312,False,True,train
2026-03-08 14:36:00+00:00,sushiswap_v2,uniswap_v2,-78.89353488806661,59.62085663207251,0.00044691049326,-139.79741978380312,False,True,train
2026-03-08 14:37:00+00:00,sushiswap_v2,uniswap_v2,-78.89353488806661,59.62085663207251,0.00044691049326,-139.79741978380312,False,True,train
2026-03-08 14:38:00+00:00,sushiswap_v2,uniswap_v2,-78.89353488806661,59.62085663207251,0.00044691049326,-139.79741978380312,False,True,train
2026-03-08 14:39:00+00:00,sushiswap_v2,uniswap_v2,-78.89353488806661,59.62085663207251,0.00044691049326,-139.79741978380312,False,True,train
2026-03-08 14:40:00+00:00,sushiswap_v2,uniswap_v2,-78.89353488806661,59.62085663207251,0.00044691049326,-139.79741978380312,False,True,train
2026-03-08 14:41:00+00:00,sushiswap_v2,uniswap_v2,-78.89353488806661,59.62085663207251,0.00044691049326,-139.79741978380312,False,True,train
2026-03-08 14:42:00+00:00,sushiswap_v2,uniswap_v2,-78.89353488806661,59.62085663207251,0.00044691049326,-139.79741978380312,False,True,train
2026-03-08 14:43:00+00:00,sushiswap_v2,uniswap_v2,-78.89353488806661,59.62085663207251,0.00044691049326,-139.79741978380312,False,True,train
2026-03-08 14:44:00+00:00,sushiswap_v2,uniswap_v2,-78.89353488806661,59.62085663207251,0.00044691049326,-139.79741978380312,False,True,train
2026-03-08 14:45:00+00:00,sushiswap_v2,uniswap_v2,-78.89353488806661,59.62085663207251,0.00044691049326,-139.79741978380312,False,True,train
2026-03-08 14:46:00+00:00,sushiswap_v2,uniswap_v2,-78.89353488806661,59.62085663207251,0.00044691049326,-139.79741978380312,False,True,train
2026-03-08 14:47:00+00:00,sushiswap_v2,uniswap_v2,-78.89353488806661,59.62085663207251,0.00044691049326,-139.79741978380312,False,True,train
2026-03-08 14:48:00+00:00,sushiswap_v2,uniswap_v2,-78.89353488806661,59.62085663207251,0.00044691049326,-139.79741978380312,False,True,train
2026-03-08 14:49:00+00:00,sushiswap_v2,uniswap_v2,-78.89353488806661,59.62085663207251,0.00044691049326,-139.79741978380312,False,True,train
2026-03-08 14:50:00+00:00,sushiswap_v2,uniswap_v2,-78.89353488806661,59.62085663207251,0.00044691049326,-139.79741978380312,False,True,train
2026-03-08 14:51:00+00:00,sushiswap_v2,uniswap_v2,-78.89353488806661,59.62085663207251,0.00044691049326,-139.79741978380312,False,True,train
2026-03-08 14:52:00+00:00,sushiswap_v2,uniswap_v2,-78.89353488806661,59.62085663207251,0.00044691049326,-139.79741978380312,False,True,train
2026-03-08 14:53:00+00:00,sushiswap_v2,uniswap_v2,-78.89353488806661,59.62085663207251,0.00044691049326,-139.79741978380312,False,True,train
2026-03-08 14:54:00+00:00,sushiswap_v2,uniswap_v2,-78.89353488806661,59.62085663207251,0.00044691049326,-139.79741978380312,False,True,train
2026-03-08 14:55:00+00:00,sushiswap_v2,uniswap_v2,-78.89353488806661,59.62085663207251,0.00044691049326,-139.79741978380312,False,True,train
2026-03-08 14:56:00+00:00,sushiswap_v2,uniswap_v2,-78.893536556998,59.62085662708372,0.00044837736636,-139.80163267051827,False,True,train
2026-03-08 14:57:00+00:00,sushiswap_v2,uniswap_v2,-78.893536556998,59.62085662708372,0.00044837736636,-139.80163267051827,False,True,train
2026-03-08 14:58:00+00:00,sushiswap_v2,uniswap_v2,-78.893536556998,59.62085662708372,0.00044837736636,-139.80163267051827,False,True,train
2026-03-08 14:59:00+00:00,sushiswap_v2,uniswap_v2,-78.893536556998,59.62085662708372,0.00044837736636,-139.80163267051827,False,True,train
2026-03-08 15:00:00+00:00,sushiswap_v2,uniswap_v2,-78.893536556998,59.62085662708372,0.00044837736636,-139.80163267051827,False,True,train
2026-03-08 15:01:00+00:00,sushiswap_v2,uniswap_v2,-78.893536556998,59.62085662708372,0.00044837736636,-139.80163267051827,False,True,train
2026-03-08 15:02:00+00:00,sushiswap_v2,uniswap_v2,-78.893536556998,59.62085662708372,0.00044837736636,-139.80163267051827,False,True,train
2026-03-08 15:03:00+00:00,sushiswap_v2,uniswap_v2,-78.893536556998,59.62085662708372,0.00044837736636,-139.80163267051827,False,True,train
2026-03-08 15:04:00+00:00,sushiswap_v2,uniswap_v2,-78.893536556998,59.62085662708372,0.00044837736636,-139.80163267051827,False,True,train
2026-03-08 15:05:00+00:00,sushiswap_v2,uniswap_v2,-78.893536556998,59.62085662708372,0.00044837736636,-139.80163267051827,False,True,train
2026-03-08 15:06:00+00:00,sushiswap_v2,uniswap_v2,-78.893536556998,59.62085662708372,0.00044837736636,-139.80163267051827,False,True,train
2026-03-08 15:07:00+00:00,sushiswap_v2,uniswap_v2,-78.893536556998,59.62085662708372,0.00044837736636,-139.80163267051827,False,True,train
2026-03-08 15:08:00+00:00,sushiswap_v2,uniswap_v2,-78.89405893124628,59.62085506411805,0.00044696006894,-139.79808458506363,False,True,train
2026-03-08 15:09:00+00:00,sushiswap_v2,uniswap_v2,-78.89405893124628,59.62085506411805,0.00044696006894,-139.79808458506363,False,True,train
2026-03-08 15:10:00+00:00,sushiswap_v2,uniswap_v2,-78.89405893124628,59.62085506411805,0.00044696006894,-139.79808458506363,False,True,train
2026-03-08 15:11:00+00:00,sushiswap_v2,uniswap_v2,-78.89405893124628,59.62085506411805,0.00044696006894,-139.79808458506363,False,True,train
2026-03-08 15:12:00+00:00,sushiswap_v2,uniswap_v2,-78.89405893124628,59.62085506411805,0.00044696006894,-139.79808458506363,False,True,train
2026-03-08 15:13:00+00:00,sushiswap_v2,uniswap_v2,-78.89405893124628,59.62085506411805,0.00044696006894,-139.79808458506363,False,True,train
2026-03-08 15:14:00+00:00,sushiswap_v2,uniswap_v2,-78.89405893124628,59.62085506411805,0.00044696006894,-139.79808458506363,False,True,train
2026-03-08 15:15:00+00:00,sushiswap_v2,uniswap_v2,-78.89405893124628,59.62085506411805,0.00044696006894,-139.79808458506363,False,True,train
2026-03-08 15:16:00+00:00,sushiswap_v2,uniswap_v2,-78.89405893124628,59.62085506411805,0.00044696006894,-139.79808458506363,False,True,train
2026-03-08 15:17:00+00:00,sushiswap_v2,uniswap_v2,-78.89405893124628,59.62085506411805,0.00044696006894,-139.79808458506363,False,True,train
2026-03-08 15:18:00+00:00,sushiswap_v2,uniswap_v2,-78.89405893124628,59.62085506411805,0.00044696006894,-139.79808458506363,False,True,train
2026-03-08 15:19:00+00:00,sushiswap_v2,uniswap_v2,-78.89405893124628,59.62085506411805,0.00044696006894,-139.79808458506363,False,True,train
2026-03-08 15:20:00+00:00,sushiswap_v2,uniswap_v2,-78.89405893124628,59.62085506411805,0.00044696006894,-139.79808458506363,False,True,train
2026-03-08 15:21:00+00:00,sushiswap_v2,uniswap_v2,-78.89405893124628,59.62085506411805,0.00044696006894,-139.79808458506363,False,True,train
2026-03-08 15:22:00+00:00,sushiswap_v2,uniswap_v2,-78.89405893124628,59.62085506411805,0.00044696006894,-139.79808458506363,False,True,train
2026-03-08 15:23:00+00:00,sushiswap_v2,uniswap_v2,-78.89405893124628,59.62085506411805,0.00044696006894,-139.79808458506363,False,True,train
2026-03-08 15:24:00+00:00,sushiswap_v2,uniswap_v2,-78.89405893124628,59.62085506411805,0.00044696006894,-139.79808458506363,False,True,train
2026-03-08 15:25:00+00:00,sushiswap_v2,uniswap_v2,-78.89405893124628,59.62085506411805,0.00044696006894,-139.79808458506363,False,True,train
2026-03-08 15:26:00+00:00,sushiswap_v2,uniswap_v2,-78.89405893124628,59.62085506411805,0.00044696006894,-139.79808458506363,False,True,train
2026-03-08 15:27:00+00:00,sushiswap_v2,uniswap_v2,-78.89405893124628,59.62085506411805,0.00044696006894,-139.79808458506363,False,True,train
2026-03-08 15:28:00+00:00,sushiswap_v2,uniswap_v2,-78.89405893124628,59.62085506411805,0.00044696006894,-139.79808458506363,False,True,train
2026-03-08 15:29:00+00:00,sushiswap_v2,uniswap_v2,-78.89405893124628,59.62085506411805,0.00044696006894,-139.79808458506363,False,True,train
2026-03-08 15:30:00+00:00,sushiswap_v2,uniswap_v2,-78.89405893124628,59.62085506411805,0.00044696006894,-139.79808458506363,False,True,train
2026-03-08 15:31:00+00:00,sushiswap_v2,uniswap_v2,-78.89405893124628,59.62085506411805,0.00044696006894,-139.79808458506363,False,True,train
2026-03-08 15:32:00+00:00,sushiswap_v2,uniswap_v2,-78.89405893124628,59.62085506411805,0.00044696006894,-139.79808458506363,False,True,train
2026-03-08 15:33:00+00:00,sushiswap_v2,uniswap_v2,-78.89405893124628,59.62085506411805,0.00044696006894,-139.79808458506363,False,True,train
2026-03-08 15:34:00+00:00,sushiswap_v2,uniswap_v2,-78.89405893124628,59.62085506411805,0.00044696006894,-139.79808458506363,False,True,train
2026-03-08 15:35:00+00:00,sushiswap_v2,uniswap_v2,-78.89405893124628,59.62085506411805,0.00044696006894,-139.79808458506363,False,True,train
2026-03-08 15:36:00+00:00,sushiswap_v2,uniswap_v2,-78.89405893124628,59.62085506411805,0.00044696006894,-139.79808458506363,False,True,train
2026-03-08 15:37:00+00:00,sushiswap_v2,uniswap_v2,-78.89405893124628,59.62085506411805,0.00044696006894,-139.79808458506363,False,True,train
2026-03-08 15:38:00+00:00,sushiswap_v2,uniswap_v2,-78.89405893124628,59.62085506411805,0.00044696006894,-139.79808458506363,False,True,train
2026-03-08 15:39:00+00:00,sushiswap_v2,uniswap_v2,-78.89405893124628,59.62085506411805,0.00044696006894,-139.79808458506363,False,True,train
2026-03-08 15:40:00+00:00,sushiswap_v2,uniswap_v2,-78.89405893124628,59.62085506411805,0.00044696006894,-139.79808458506363,False,True,train
2026-03-08 15:41:00+00:00,sushiswap_v2,uniswap_v2,-78.89405893124628,59.62085506411805,0.00044696006894,-139.79808458506363,False,True,train
2026-03-08 15:42:00+00:00,sushiswap_v2,uniswap_v2,-78.89405893124628,59.62085506411805,0.00044696006894,-139.79808458506363,False,True,train
2026-03-08 15:43:00+00:00,sushiswap_v2,uniswap_v2,-78.89405893124628,59.62085506411805,0.00044696006894,-139.79808458506363,False,True,train
2026-03-08 15:44:00+00:00,sushiswap_v2,uniswap_v2,-78.89405893124628,59.62085506411805,0.00044696006894,-139.79808458506363,False,True,train
2026-03-08 15:45:00+00:00,sushiswap_v2,uniswap_v2,-78.89405893124628,59.62085506411805,0.00044696006894,-139.79808458506363,False,True,train
2026-03-08 15:46:00+00:00,sushiswap_v2,uniswap_v2,-78.89405893124628,59.62085506411805,0.00044696006894,-139.79808458506363,False,True,train
2026-03-08 15:47:00+00:00,sushiswap_v2,uniswap_v2,-78.89405893124628,59.62085506411805,0.00044696006894,-139.79808458506363,False,True,train
2026-03-08 15:48:00+00:00,sushiswap_v2,uniswap_v2,-78.89405893124628,59.62085506411805,0.00044696006894,-139.79808458506363,False,True,train
2026-03-08 15:49:00+00:00,sushiswap_v2,uniswap_v2,-78.89405893124628,59.62085506411805,0.00044696006894,-139.79808458506363,False,True,train
2026-03-08 15:50:00+00:00,sushiswap_v2,uniswap_v2,-78.89405893124628,59.62085506411805,0.00044696006894,-139.79808458506363,False,True,train
2026-03-08 15:51:00+00:00,sushiswap_v2,uniswap_v2,-78.89405893124628,59.62085506411805,0.00044696006894,-139.79808458506363,False,True,train
2026-03-08 15:52:00+00:00,sushiswap_v2,uniswap_v2,-78.89405893124628,59.62085506411805,0.00044696006894,-139.79808458506363,False,True,train
2026-03-08 15:53:00+00:00,sushiswap_v2,uniswap_v2,-78.89405893124628,59.62085506411805,0.00044696006894,-139.79808458506363,False,True,train
2026-03-08 15:54:00+00:00,sushiswap_v2,uniswap_v2,-78.89405893124628,59.62085506411805,0.00044696006894,-139.79808458506363,False,True,train
2026-03-08 15:55:00+00:00,sushiswap_v2,uniswap_v2,-78.89405893124628,59.62085506411805,0.00044696006894,-139.79808458506363,False,True,train
2026-03-08 15:56:00+00:00,sushiswap_v2,uniswap_v2,-78.89405893124628,59.62085506411805,0.00044696006894,-139.79808458506363,False,True,train
2026-03-08 15:57:00+00:00,sushiswap_v2,uniswap_v2,-78.89405893124628,59.62085506411805,0.00044696006894,-139.79808458506363,False,True,train
2026-03-08 15:58:00+00:00,sushiswap_v2,uniswap_v2,-78.89405893124628,59.62085506411805,0.00044696006894,-139.79808458506363,False,True,train
2026-03-08 15:59:00+00:00,sushiswap_v2,uniswap_v2,-78.89405893124628,59.62085506411805,0.00044696006894,-139.79808458506363,False,True,train
2026-03-08 16:00:00+00:00,sushiswap_v2,uniswap_v2,-78.89405893124628,59.62085506411805,0.00044696006894,-139.79808458506363,False,True,train
2026-03-08 16:01:00+00:00,sushiswap_v2,uniswap_v2,-78.89405893124628,59.62085506411805,0.00044696006894,-139.79808458506363,False,True,train
2026-03-08 16:02:00+00:00,sushiswap_v2,uniswap_v2,-78.89405893124628,59.62085506411805,0.00044696006894,-139.79808458506363,False,True,train
2026-03-08 16:03:00+00:00,sushiswap_v2,uniswap_v2,-78.89405893124628,59.62085506411805,0.00044696006894,-139.79808458506363,False,True,train
2026-03-08 16:04:00+00:00,sushiswap_v2,uniswap_v2,-78.89405893124628,59.62085506411805,0.00044696006894,-139.79808458506363,False,True,train
2026-03-08 16:05:00+00:00,sushiswap_v2,uniswap_v2,-78.89405893124628,59.62085506411805,0.00044696006894,-139.79808458506363,False,True,train
2026-03-08 16:06:00+00:00,sushiswap_v2,uniswap_v2,-78.89405893124628,59.62085506411805,0.00044696006894,-139.79808458506363,False,True,train
2026-03-08 16:07:00+00:00,sushiswap_v2,uniswap_v2,-78.89405893124628,59.62085506411805,0.00044696006894,-139.79808458506363,False,True,train
2026-03-08 16:08:00+00:00,sushiswap_v2,uniswap_v2,-78.89405893124628,59.62085506411805,0.00044696006894,-139.79808458506363,False,True,train
2026-03-08 16:09:00+00:00,sushiswap_v2,uniswap_v2,-78.89405893124628,59.62085506411805,0.00044696006894,-139.79808458506363,False,True,train
2026-03-08 16:10:00+00:00,sushiswap_v2,uniswap_v2,-78.89405893124628,59.62085506411805,0.00044696006894,-139.79808458506363,False,True,train
2026-03-08 16:11:00+00:00,sushiswap_v2,uniswap_v2,-78.89405893124628,59.62085506411805,0.00044696006894,-139.79808458506363,False,True,train
2026-03-08 16:12:00+00:00,sushiswap_v2,uniswap_v2,-78.89405893124628,59.62085506411805,0.00044696006894,-139.79808458506363,False,True,train
2026-03-08 16:13:00+00:00,sushiswap_v2,uniswap_v2,-78.89405893124628,59.62085506411805,0.00044696006894,-139.79808458506363,False,True,train
2026-03-08 16:14:00+00:00,sushiswap_v2,uniswap_v2,-78.89405893124628,59.62085506411805,0.00044696006894,-139.79808458506363,False,True,train
2026-03-08 16:15:00+00:00,sushiswap_v2,uniswap_v2,-78.89405893124628,59.62085506411805,0.00044696006894,-139.79808458506363,False,True,train
2026-03-08 16:16:00+00:00,sushiswap_v2,uniswap_v2,-78.89405893124628,59.62085506411805,0.00044696006894,-139.79808458506363,False,True,train
2026-03-08 16:17:00+00:00,sushiswap_v2,uniswap_v2,-78.89405893124628,59.62085506411805,0.00044696006894,-139.79808458506363,False,True,train
2026-03-08 16:18:00+00:00,sushiswap_v2,uniswap_v2,-78.89405893124628,59.62085506411805,0.00044696006894,-139.79808458506363,False,True,train
2026-03-08 16:19:00+00:00,sushiswap_v2,uniswap_v2,-78.89405893124628,59.62085506411805,0.00044696006894,-139.79808458506363,False,True,train
2026-03-08 16:20:00+00:00,sushiswap_v2,uniswap_v2,-78.89405893124628,59.62085506411805,0.00044696006894,-139.79808458506363,False,True,train
2026-03-08 16:21:00+00:00,sushiswap_v2,uniswap_v2,-78.89405893124628,59.62085506411805,0.00044696006894,-139.79808458506363,False,True,train
2026-03-08 16:22:00+00:00,sushiswap_v2,uniswap_v2,-78.89405893124628,59.62085506411805,0.00044696006894,-139.79808458506363,False,True,train
2026-03-08 16:23:00+00:00,sushiswap_v2,uniswap_v2,-78.89405893124628,59.62085506411805,0.00044696006894,-139.79808458506363,False,True,train
2026-03-08 16:24:00+00:00,sushiswap_v2,uniswap_v2,-78.89405893124628,59.62085506411805,0.00044696006894,-139.79808458506363,False,True,train
2026-03-08 16:25:00+00:00,sushiswap_v2,uniswap_v2,-78.89405893124628,59.62085506411805,0.00044696006894,-139.79808458506363,False,True,train
2026-03-08 16:26:00+00:00,sushiswap_v2,uniswap_v2,-78.89405893124628,59.62085506411805,0.00044696006894,-139.79808458506363,False,True,train
2026-03-08 16:27:00+00:00,sushiswap_v2,uniswap_v2,-78.89405893124628,59.62085506411805,0.00044696006894,-139.79808458506363,False,True,train
2026-03-08 16:28:00+00:00,sushiswap_v2,uniswap_v2,-78.89405893124628,59.62085506411805,0.00044696006894,-139.79808458506363,False,True,train
2026-03-08 16:29:00+00:00,sushiswap_v2,uniswap_v2,-78.89405893124628,59.62085506411805,0.00044696006894,-139.79808458506363,False,True,train
2026-03-08 16:30:00+00:00,sushiswap_v2,uniswap_v2,-78.89405893124628,59.62085506411805,0.00044696006894,-139.79808458506363,False,True,train
2026-03-08 16:31:00+00:00,sushiswap_v2,uniswap_v2,-78.89405893124628,59.62085506411805,0.00044696006894,-139.79808458506363,False,True,train
2026-03-08 16:32:00+00:00,sushiswap_v2,uniswap_v2,-78.89405893124628,59.62085506411805,0.00044696006894,-139.79808458506363,False,True,train
2026-03-08 16:33:00+00:00,sushiswap_v2,uniswap_v2,-78.89405893124628,59.62085506411805,0.00044696006894,-139.79808458506363,False,True,train
2026-03-08 16:34:00+00:00,sushiswap_v2,uniswap_v2,-78.89405893124628,59.62085506411805,0.00044696006894,-139.79808458506363,False,True,train
2026-03-08 16:35:00+00:00,sushiswap_v2,uniswap_v2,-78.89405893124628,59.62085506411805,0.00044696006894,-139.79808458506363,False,True,train
2026-03-08 16:36:00+00:00,sushiswap_v2,uniswap_v2,-78.89405893124628,59.62085506411805,0.00044696006894,-139.79808458506363,False,True,train
2026-03-08 16:37:00+00:00,sushiswap_v2,uniswap_v2,-78.89405893124628,59.62085506411805,0.00044696006894,-139.79808458506363,False,True,train
2026-03-08 16:38:00+00:00,sushiswap_v2,uniswap_v2,-78.89405893124628,59.62085506411805,0.00044696006894,-139.79808458506363,False,True,train
2026-03-08 16:39:00+00:00,sushiswap_v2,uniswap_v2,-78.89405893124628,59.62085506411805,0.00044696006894,-139.79808458506363,False,True,train
2026-03-08 16:40:00+00:00,sushiswap_v2,uniswap_v2,-78.89405893124628,59.62085506411805,0.00044696006894,-139.79808458506363,False,True,train
2026-03-08 16:41:00+00:00,sushiswap_v2,uniswap_v2,-78.89405893124628,59.62085506411805,0.00044696006894,-139.79808458506363,False,True,train
2026-03-08 16:42:00+00:00,sushiswap_v2,uniswap_v2,-78.89405893124628,59.62085506411805,0.00044696006894,-139.79808458506363,False,True,train
2026-03-08 16:43:00+00:00,sushiswap_v2,uniswap_v2,-78.89405893124628,59.62085506411805,0.00044696006894,-139.79808458506363,False,True,train
2026-03-08 16:44:00+00:00,sushiswap_v2,uniswap_v2,-78.89405893124628,59.62085506411805,0.00044696006894,-139.79808458506363,False,True,train
2026-03-08 16:45:00+00:00,sushiswap_v2,uniswap_v2,-78.89405893124628,59.62085506411805,0.00044696006894,-139.79808458506363,False,True,train
2026-03-08 16:46:00+00:00,sushiswap_v2,uniswap_v2,-78.89405893124628,59.62085506411805,0.00044696006894,-139.79808458506363,False,True,train
2026-03-08 16:47:00+00:00,sushiswap_v2,uniswap_v2,-78.89405893124628,59.62085506411805,0.00044696006894,-139.79808458506363,False,True,train
2026-03-08 16:48:00+00:00,sushiswap_v2,uniswap_v2,-78.89405893124628,59.62085506411805,0.00044696006894,-139.79808458506363,False,True,train
2026-03-08 16:49:00+00:00,sushiswap_v2,uniswap_v2,-78.89405893124628,59.62085506411805,0.00044696006894,-139.79808458506363,False,True,train
2026-03-08 16:50:00+00:00,sushiswap_v2,uniswap_v2,-78.89405893124628,59.62085506411805,0.00044696006894,-139.79808458506363,False,True,train
2026-03-08 16:51:00+00:00,sushiswap_v2,uniswap_v2,-78.89405893124628,59.62085506411805,0.00044696006894,-139.79808458506363,False,True,train
2026-03-08 16:52:00+00:00,sushiswap_v2,uniswap_v2,-78.89405893124628,59.62085506411805,0.00044696006894,-139.79808458506363,False,True,train
2026-03-08 16:53:00+00:00,sushiswap_v2,uniswap_v2,-78.89405893124628,59.62085506411805,0.00044696006894,-139.79808458506363,False,True,train
2026-03-08 16:54:00+00:00,sushiswap_v2,uniswap_v2,-78.89405893124628,59.62085506411805,0.00044696006894,-139.79808458506363,False,True,train
2026-03-08 16:55:00+00:00,sushiswap_v2,uniswap_v2,-78.89405893124628,59.62085506411805,0.00044696006894,-139.79808458506363,False,True,train
2026-03-08 16:56:00+00:00,sushiswap_v2,uniswap_v2,-78.89405893124628,59.62085506411805,0.00044696006894,-139.79808458506363,False,True,train
2026-03-08 16:57:00+00:00,sushiswap_v2,uniswap_v2,-78.89405893124628,59.62085506411805,0.00044696006894,-139.79808458506363,False,True,train
2026-03-08 16:58:00+00:00,sushiswap_v2,uniswap_v2,-78.89405893124628,59.62085506411805,0.00044696006894,-139.79808458506363,False,True,train
2026-03-08 16:59:00+00:00,sushiswap_v2,uniswap_v2,-78.89405893124628,59.62085506411805,0.00044696006894,-139.79808458506363,False,True,train
2026-03-08 17:00:00+00:00,sushiswap_v2,uniswap_v2,-78.89405893124628,59.62085506411805,0.00044696006894,-139.79808458506363,False,True,train
2026-03-08 17:01:00+00:00,sushiswap_v2,uniswap_v2,-78.89405893124628,59.62085506411805,0.00044696006894,-139.79808458506363,False,True,train
2026-03-08 17:02:00+00:00,sushiswap_v2,uniswap_v2,-78.89405893124628,59.62085506411805,0.00044696006894,-139.79808458506363,False,True,train
2026-03-08 17:03:00+00:00,sushiswap_v2,uniswap_v2,-78.89405893124628,59.62085506411805,0.00044696006894,-139.79808458506363,False,True,train
2026-03-08 17:04:00+00:00,uniswap_v2,sushiswap_v2,-81.52227537334717,59.476345215999096,0.00044800845474,-142.2908062634257,False,True,train
2026-03-08 17:05:00+00:00,uniswap_v2,sushiswap_v2,-80.48977715218166,59.47942296718199,0.00044684572064,-141.25816670520445,False,True,train
2026-03-08 17:06:00+00:00,uniswap_v2,sushiswap_v2,-80.48977715218166,59.47942296718199,0.00044684572064,-141.25816670520445,False,True,train
2026-03-08 17:07:00+00:00,uniswap_v2,sushiswap_v2,-80.48977715218166,59.47942296718199,0.00044684572064,-141.25816670520445,False,True,train
2026-03-08 17:08:00+00:00,uniswap_v2,sushiswap_v2,-80.48977715218166,59.47942296718199,0.00044684572064,-141.25816670520445,False,True,train
2026-03-08 17:09:00+00:00,uniswap_v2,sushiswap_v2,-80.48977715218166,59.47942296718199,0.00044684572064,-141.25816670520445,False,True,train
2026-03-08 17:10:00+00:00,uniswap_v2,sushiswap_v2,-80.48977715218166,59.47942296718199,0.00044684572064,-141.25816670520445,False,True,train
2026-03-08 17:11:00+00:00,uniswap_v2,sushiswap_v2,-80.48977715218166,59.47942296718199,0.00044684572064,-141.25816670520445,False,True,train
2026-03-08 17:12:00+00:00,uniswap_v2,sushiswap_v2,-80.48977715218166,59.47942296718199,0.00044684572064,-141.25816670520445,False,True,train
2026-03-08 17:13:00+00:00,uniswap_v2,sushiswap_v2,-80.48977715218166,59.47942296718199,0.00044684572064,-141.25816670520445,False,True,train
2026-03-08 17:14:00+00:00,uniswap_v2,sushiswap_v2,-80.48977715218166,59.47942296718199,0.00044684572064,-141.25816670520445,False,True,train
2026-03-08 17:15:00+00:00,uniswap_v2,sushiswap_v2,-80.48977715218166,59.47942296718199,0.00044684572064,-141.25816670520445,False,True,train
2026-03-08 17:16:00+00:00,uniswap_v2,sushiswap_v2,-80.48977715218166,59.47942296718199,0.00044684572064,-141.25816670520445,False,True,train
2026-03-08 17:17:00+00:00,uniswap_v2,sushiswap_v2,-80.48977715218166,59.47942296718199,0.00044684572064,-141.25816670520445,False,True,train
2026-03-08 17:18:00+00:00,uniswap_v2,sushiswap_v2,-80.48977715218166,59.47942296718199,0.00044684572064,-141.25816670520445,False,True,train
2026-03-08 17:19:00+00:00,uniswap_v2,sushiswap_v2,-80.48977715218166,59.47942296718199,0.00044684572064,-141.25816670520445,False,True,train
2026-03-08 17:20:00+00:00,uniswap_v2,sushiswap_v2,-80.48977715218166,59.47942296718199,0.00044684572064,-141.25816670520445,False,True,train
2026-03-08 17:21:00+00:00,uniswap_v2,sushiswap_v2,-80.48977715218166,59.47942296718199,0.00044684572064,-141.25816670520445,False,True,train
2026-03-08 17:22:00+00:00,uniswap_v2,sushiswap_v2,-80.48977715218166,59.47942296718199,0.00044684572064,-141.25816670520445,False,True,train
2026-03-08 17:23:00+00:00,uniswap_v2,sushiswap_v2,-80.48977715218166,59.47942296718199,0.00044684572064,-141.25816670520445,False,True,train
2026-03-08 17:24:00+00:00,uniswap_v2,sushiswap_v2,-80.48977715218166,59.47942296718199,0.00044684572064,-141.25816670520445,False,True,train
2026-03-08 17:25:00+00:00,uniswap_v2,sushiswap_v2,-80.48977715218166,59.47942296718199,0.00044684572064,-141.25816670520445,False,True,train
2026-03-08 17:26:00+00:00,uniswap_v2,sushiswap_v2,-80.48977715218166,59.47942296718199,0.00044684572064,-141.25816670520445,False,True,train
2026-03-08 17:27:00+00:00,uniswap_v2,sushiswap_v2,-80.48977715218166,59.47942296718199,0.00044684572064,-141.25816670520445,False,True,train
2026-03-08 17:28:00+00:00,uniswap_v2,sushiswap_v2,-80.48977715218166,59.47942296718199,0.00044684572064,-141.25816670520445,False,True,train
2026-03-08 17:29:00+00:00,uniswap_v2,sushiswap_v2,-80.48977715218166,59.47942296718199,0.00044684572064,-141.25816670520445,False,True,train
2026-03-08 17:30:00+00:00,uniswap_v2,sushiswap_v2,-80.48977715218166,59.47942296718199,0.00044684572064,-141.25816670520445,False,True,train
2026-03-08 17:31:00+00:00,uniswap_v2,sushiswap_v2,-80.48977715218166,59.47942296718199,0.00044684572064,-141.25816670520445,False,True,train
2026-03-08 17:32:00+00:00,uniswap_v2,sushiswap_v2,-80.48977556909428,59.47942297190078,0.00044734479746,-141.25960475892214,False,True,train
2026-03-08 17:33:00+00:00,uniswap_v2,sushiswap_v2,-80.48977556909428,59.47942297190078,0.00044734479746,-141.25960475892214,False,True,train
2026-03-08 17:34:00+00:00,uniswap_v2,sushiswap_v2,-80.48977556909428,59.47942297190078,0.00044734479746,-141.25960475892214,False,True,train
2026-03-08 17:35:00+00:00,uniswap_v2,sushiswap_v2,-80.53366682844691,59.47929213741322,0.00044712256138,-141.3027183996804,False,True,train
2026-03-08 17:36:00+00:00,uniswap_v2,sushiswap_v2,-80.53366682844691,59.47929213741322,0.00044712256138,-141.3027183996804,False,True,train
2026-03-08 17:37:00+00:00,uniswap_v2,sushiswap_v2,-80.53366682844691,59.47929213741322,0.00044712256138,-141.3027183996804,False,True,train
2026-03-08 17:38:00+00:00,uniswap_v2,sushiswap_v2,-80.53366682844691,59.47929213741322,0.00044712256138,-141.3027183996804,False,True,train
2026-03-08 17:39:00+00:00,uniswap_v2,sushiswap_v2,-80.53366682844691,59.47929213741322,0.00044712256138,-141.3027183996804,False,True,train
2026-03-08 17:40:00+00:00,uniswap_v2,sushiswap_v2,-80.53366682844691,59.47929213741322,0.00044712256138,-141.3027183996804,False,True,train
2026-03-08 17:41:00+00:00,uniswap_v2,sushiswap_v2,-80.53366682844691,59.47929213741322,0.00044712256138,-141.3027183996804,False,True,train
2026-03-08 17:42:00+00:00,uniswap_v2,sushiswap_v2,-80.53366682844691,59.47929213741322,0.00044712256138,-141.3027183996804,False,True,train
2026-03-08 17:43:00+00:00,uniswap_v2,sushiswap_v2,-80.53366682844691,59.47929213741322,0.00044712256138,-141.3027183996804,False,True,train
2026-03-08 17:44:00+00:00,uniswap_v2,sushiswap_v2,-80.53366682844691,59.47929213741322,0.00044712256138,-141.3027183996804,False,True,train
2026-03-08 17:45:00+00:00,uniswap_v2,sushiswap_v2,-80.53366682844691,59.47929213741322,0.00044712256138,-141.3027183996804,False,True,train
2026-03-08 17:46:00+00:00,uniswap_v2,sushiswap_v2,-80.53366682844691,59.47929213741322,0.00044712256138,-141.3027183996804,False,True,train
2026-03-08 17:47:00+00:00,uniswap_v2,sushiswap_v2,-80.53366682844691,59.47929213741322,0.00044712256138,-141.3027183996804,False,True,train
2026-03-08 17:48:00+00:00,uniswap_v2,sushiswap_v2,-80.53366682844691,59.47929213741322,0.00044712256138,-141.3027183996804,False,True,train
2026-03-08 17:49:00+00:00,uniswap_v2,sushiswap_v2,-80.53366682844691,59.47929213741322,0.00044712256138,-141.3027183996804,False,True,train
2026-03-08 17:50:00+00:00,uniswap_v2,sushiswap_v2,-80.53366682844691,59.47929213741322,0.00044712256138,-141.3027183996804,False,True,train
2026-03-08 17:51:00+00:00,uniswap_v2,sushiswap_v2,-80.53366682844691,59.47929213741322,0.00044712256138,-141.3027183996804,False,True,train
2026-03-08 17:52:00+00:00,uniswap_v2,sushiswap_v2,-80.53366682844691,59.47929213741322,0.00044712256138,-141.3027183996804,False,True,train
2026-03-08 17:53:00+00:00,uniswap_v2,sushiswap_v2,-80.53366682844691,59.47929213741322,0.00044712256138,-141.3027183996804,False,True,train
2026-03-08 17:54:00+00:00,uniswap_v2,sushiswap_v2,-80.53366682844691,59.47929213741322,0.00044712256138,-141.3027183996804,False,True,train
2026-03-08 17:55:00+00:00,uniswap_v2,sushiswap_v2,-80.53366682844691,59.47929213741322,0.00044712256138,-141.3027183996804,False,True,train
2026-03-08 17:56:00+00:00,uniswap_v2,sushiswap_v2,-80.53366682844691,59.47929213741322,0.00044712256138,-141.3027183996804,False,True,train
2026-03-08 17:57:00+00:00,uniswap_v2,sushiswap_v2,-80.53366682844691,59.47929213741322,0.00044712256138,-141.3027183996804,False,True,train
2026-03-08 17:58:00+00:00,uniswap_v2,sushiswap_v2,-80.53366682844691,59.47929213741322,0.00044712256138,-141.3027183996804,False,True,train
2026-03-08 17:59:00+00:00,uniswap_v2,sushiswap_v2,-80.53366682844691,59.47929213741322,0.00044712256138,-141.3027183996804,False,True,train
2026-03-08 18:00:00+00:00,uniswap_v2,sushiswap_v2,-80.53366682844691,59.47929213741322,0.00044712256138,-141.3027183996804,False,True,train
2026-03-08 18:01:00+00:00,uniswap_v2,sushiswap_v2,-80.53366682844691,59.47929213741322,0.00044712256138,-141.3027183996804,False,True,train
2026-03-08 18:02:00+00:00,uniswap_v2,sushiswap_v2,-80.53366682844691,59.47929213741322,0.00044712256138,-141.3027183996804,False,True,train
2026-03-08 18:03:00+00:00,uniswap_v2,sushiswap_v2,-80.53366682844691,59.47929213741322,0.00044712256138,-141.3027183996804,False,True,train
2026-03-08 18:04:00+00:00,uniswap_v2,sushiswap_v2,-80.53366682844691,59.47929213741322,0.00044712256138,-141.3027183996804,False,True,train
2026-03-08 18:05:00+00:00,uniswap_v2,sushiswap_v2,-80.53366682844691,59.47929213741322,0.00044712256138,-141.3027183996804,False,True,train
2026-03-08 18:06:00+00:00,uniswap_v2,sushiswap_v2,-80.53366682844691,59.47929213741322,0.00044712256138,-141.3027183996804,False,True,train
2026-03-08 18:07:00+00:00,uniswap_v2,sushiswap_v2,-80.53366682844691,59.47929213741322,0.00044712256138,-141.3027183996804,False,True,train
2026-03-08 18:08:00+00:00,uniswap_v2,sushiswap_v2,-80.53366682844691,59.47929213741322,0.00044712256138,-141.3027183996804,False,True,train
2026-03-08 18:09:00+00:00,uniswap_v2,sushiswap_v2,-80.53366682844691,59.47929213741322,0.00044712256138,-141.3027183996804,False,True,train
2026-03-08 18:10:00+00:00,uniswap_v2,sushiswap_v2,-80.53366682844691,59.47929213741322,0.00044712256138,-141.3027183996804,False,True,train
2026-03-08 18:11:00+00:00,uniswap_v2,sushiswap_v2,-80.53366682844691,59.47929213741322,0.00044712256138,-141.3027183996804,False,True,train
2026-03-08 18:12:00+00:00,uniswap_v2,sushiswap_v2,-80.53366682844691,59.47929213741322,0.00044712256138,-141.3027183996804,False,True,train
2026-03-08 18:13:00+00:00,uniswap_v2,sushiswap_v2,-80.53366682844691,59.47929213741322,0.00044712256138,-141.3027183996804,False,True,train
2026-03-08 18:14:00+00:00,uniswap_v2,sushiswap_v2,-80.53366682844691,59.47929213741322,0.00044712256138,-141.3027183996804,False,True,train
2026-03-08 18:15:00+00:00,uniswap_v2,sushiswap_v2,-80.53366682844691,59.47929213741322,0.00044712256138,-141.3027183996804,False,True,train
2026-03-08 18:16:00+00:00,uniswap_v2,sushiswap_v2,-80.53366682844691,59.47929213741322,0.00044712256138,-141.3027183996804,False,True,train
2026-03-08 18:17:00+00:00,uniswap_v2,sushiswap_v2,-80.53366682844691,59.47929213741322,0.00044712256138,-141.3027183996804,False,True,train
2026-03-08 18:18:00+00:00,uniswap_v2,sushiswap_v2,-80.53366682844691,59.47929213741322,0.00044712256138,-141.3027183996804,False,True,train
2026-03-08 18:19:00+00:00,uniswap_v2,sushiswap_v2,-80.53366682844691,59.47929213741322,0.00044712256138,-141.3027183996804,False,True,train
2026-03-08 18:20:00+00:00,uniswap_v2,sushiswap_v2,-80.53366682844691,59.47929213741322,0.00044712256138,-141.3027183996804,False,True,train
2026-03-08 18:21:00+00:00,uniswap_v2,sushiswap_v2,-80.53366682844691,59.47929213741322,0.00044712256138,-141.3027183996804,False,True,train
2026-03-08 18:22:00+00:00,uniswap_v2,sushiswap_v2,-80.53366682844691,59.47929213741322,0.00044712256138,-141.3027183996804,False,True,train
2026-03-08 18:23:00+00:00,uniswap_v2,sushiswap_v2,-80.53366682844691,59.47929213741322,0.00044712256138,-141.3027183996804,False,True,train
2026-03-08 18:24:00+00:00,uniswap_v2,sushiswap_v2,-80.53366682844691,59.47929213741322,0.00044712256138,-141.3027183996804,False,True,train
2026-03-08 18:25:00+00:00,uniswap_v2,sushiswap_v2,-80.53366682844691,59.47929213741322,0.00044712256138,-141.3027183996804,False,True,train
2026-03-08 18:26:00+00:00,uniswap_v2,sushiswap_v2,-80.53366682844691,59.47929213741322,0.00044712256138,-141.3027183996804,False,True,train
2026-03-08 18:27:00+00:00,uniswap_v2,sushiswap_v2,-80.53366682844691,59.47929213741322,0.00044712256138,-141.3027183996804,False,True,train
2026-03-08 18:28:00+00:00,uniswap_v2,sushiswap_v2,-80.53366682844691,59.47929213741322,0.00044712256138,-141.3027183996804,False,True,train
2026-03-08 18:29:00+00:00,uniswap_v2,sushiswap_v2,-80.53366682844691,59.47929213741322,0.00044712256138,-141.3027183996804,False,True,train
2026-03-08 18:30:00+00:00,uniswap_v2,sushiswap_v2,-80.53366682844691,59.47929213741322,0.00044712256138,-141.3027183996804,False,True,train
2026-03-08 18:31:00+00:00,uniswap_v2,sushiswap_v2,-80.53366682844691,59.47929213741322,0.00044712256138,-141.3027183996804,False,True,train
2026-03-08 18:32:00+00:00,uniswap_v2,sushiswap_v2,-80.53366682844691,59.47929213741322,0.00044712256138,-141.3027183996804,False,True,train
2026-03-08 18:33:00+00:00,uniswap_v2,sushiswap_v2,-80.53366682844691,59.47929213741322,0.00044712256138,-141.3027183996804,False,True,train
2026-03-08 18:34:00+00:00,uniswap_v2,sushiswap_v2,-80.53366682844691,59.47929213741322,0.00044712256138,-141.3027183996804,False,True,train
2026-03-08 18:35:00+00:00,uniswap_v2,sushiswap_v2,-80.53366682844691,59.47929213741322,0.00044712256138,-141.3027183996804,False,True,train
2026-03-08 18:36:00+00:00,uniswap_v2,sushiswap_v2,-80.53366682844691,59.47929213741322,0.00044712256138,-141.3027183996804,False,True,train
2026-03-08 18:37:00+00:00,uniswap_v2,sushiswap_v2,-80.53366682844691,59.47929213741322,0.00044712256138,-141.3027183996804,False,True,train
2026-03-08 18:38:00+00:00,uniswap_v2,sushiswap_v2,-80.53366682844691,59.47929213741322,0.00044712256138,-141.3027183996804,False,True,train
2026-03-08 18:39:00+00:00,uniswap_v2,sushiswap_v2,-80.53366682844691,59.47929213741322,0.00044712256138,-141.3027183996804,False,True,train
2026-03-08 18:40:00+00:00,uniswap_v2,sushiswap_v2,-80.53366682844691,59.47929213741322,0.00044712256138,-141.3027183996804,False,True,train
2026-03-08 18:41:00+00:00,uniswap_v2,sushiswap_v2,-80.53366682844691,59.47929213741322,0.00044712256138,-141.3027183996804,False,True,train
2026-03-08 18:42:00+00:00,uniswap_v2,sushiswap_v2,-80.53366682844691,59.47929213741322,0.00044712256138,-141.3027183996804,False,True,train
2026-03-08 18:43:00+00:00,uniswap_v2,sushiswap_v2,-80.53366682844691,59.47929213741322,0.00044712256138,-141.3027183996804,False,True,train
2026-03-08 18:44:00+00:00,uniswap_v2,sushiswap_v2,-80.53366682844691,59.47929213741322,0.00044712256138,-141.3027183996804,False,True,train
2026-03-08 18:45:00+00:00,uniswap_v2,sushiswap_v2,-80.53366682844691,59.47929213741322,0.00044712256138,-141.3027183996804,False,True,train
2026-03-08 18:46:00+00:00,uniswap_v2,sushiswap_v2,-80.53366682844691,59.47929213741322,0.00044712256138,-141.3027183996804,False,True,train
2026-03-08 18:47:00+00:00,uniswap_v2,sushiswap_v2,-80.53366682844691,59.47929213741322,0.00044712256138,-141.3027183996804,False,True,train
2026-03-08 18:48:00+00:00,uniswap_v2,sushiswap_v2,-80.53366682844691,59.47929213741322,0.00044712256138,-141.3027183996804,False,True,train
2026-03-08 18:49:00+00:00,uniswap_v2,sushiswap_v2,-80.53366682844691,59.47929213741322,0.00044712256138,-141.3027183996804,False,True,train
2026-03-08 18:50:00+00:00,uniswap_v2,sushiswap_v2,-80.53366682844691,59.47929213741322,0.00044712256138,-141.3027183996804,False,True,train
2026-03-08 18:51:00+00:00,uniswap_v2,sushiswap_v2,-80.53366682844691,59.47929213741322,0.00044712256138,-141.3027183996804,False,True,train
2026-03-08 18:52:00+00:00,uniswap_v2,sushiswap_v2,-80.53366682844691,59.47929213741322,0.00044712256138,-141.3027183996804,False,True,train
2026-03-08 18:53:00+00:00,uniswap_v2,sushiswap_v2,-80.53366682844691,59.47929213741322,0.00044712256138,-141.3027183996804,False,True,train
2026-03-08 18:54:00+00:00,uniswap_v2,sushiswap_v2,-80.53366682844691,59.47929213741322,0.00044712256138,-141.3027183996804,False,True,train
2026-03-08 18:55:00+00:00,uniswap_v2,sushiswap_v2,-80.53366682844691,59.47929213741322,0.00044712256138,-141.3027183996804,False,True,train
2026-03-08 18:56:00+00:00,uniswap_v2,sushiswap_v2,-80.53366682844691,59.47929213741322,0.00044712256138,-141.3027183996804,False,True,train
2026-03-08 18:57:00+00:00,uniswap_v2,sushiswap_v2,-80.53366682844691,59.47929213741322,0.00044712256138,-141.3027183996804,False,True,train
2026-03-08 18:58:00+00:00,uniswap_v2,sushiswap_v2,-80.53366682844691,59.47929213741322,0.00044712256138,-141.3027183996804,False,True,train
2026-03-08 18:59:00+00:00,uniswap_v2,sushiswap_v2,-80.53366682844691,59.47929213741322,0.00044712256138,-141.3027183996804,False,True,train
2026-03-08 19:00:00+00:00,uniswap_v2,sushiswap_v2,-80.53366682844691,59.47929213741322,0.00044712256138,-141.3027183996804,False,True,train
2026-03-08 19:01:00+00:00,uniswap_v2,sushiswap_v2,-80.53366682844691,59.47929213741322,0.00044712256138,-141.3027183996804,False,True,train
2026-03-08 19:02:00+00:00,uniswap_v2,sushiswap_v2,-80.53366682844691,59.47929213741322,0.00044712256138,-141.3027183996804,False,True,train
2026-03-08 19:03:00+00:00,uniswap_v2,sushiswap_v2,-80.53366682844691,59.47929213741322,0.00044712256138,-141.3027183996804,False,True,train
2026-03-08 19:04:00+00:00,uniswap_v2,sushiswap_v2,-80.53366682844691,59.47929213741322,0.00044712256138,-141.3027183996804,False,True,train
2026-03-08 19:05:00+00:00,uniswap_v2,sushiswap_v2,-80.53366682844691,59.47929213741322,0.00044712256138,-141.3027183996804,False,True,train
2026-03-08 19:06:00+00:00,uniswap_v2,sushiswap_v2,-80.53366682844691,59.47929213741322,0.00044712256138,-141.3027183996804,False,True,train
2026-03-08 19:07:00+00:00,uniswap_v2,sushiswap_v2,-80.53366682844691,59.47929213741322,0.00044712256138,-141.3027183996804,False,True,train
2026-03-08 19:08:00+00:00,uniswap_v2,sushiswap_v2,-80.53366682844691,59.47929213741322,0.00044712256138,-141.3027183996804,False,True,train
2026-03-08 19:09:00+00:00,uniswap_v2,sushiswap_v2,-80.53366682844691,59.47929213741322,0.00044712256138,-141.3027183996804,False,True,train
2026-03-08 19:10:00+00:00,uniswap_v2,sushiswap_v2,-81.31125761256172,59.47704670330077,0.00044686602158,-142.07821257536938,False,False,train
2026-03-08 19:11:00+00:00,uniswap_v2,sushiswap_v2,-81.31125761256172,59.47704670330077,0.00044686602158,-142.07821257536938,False,False,train
2026-03-08 19:12:00+00:00,uniswap_v2,sushiswap_v2,-81.31125761256172,59.47704670330077,0.00044686602158,-142.07821257536938,False,False,train
2026-03-08 19:13:00+00:00,uniswap_v2,sushiswap_v2,-73.64549662390029,59.49989745738624,0.00044735317374,-134.43770957107725,False,False,train
2026-03-08 19:14:00+00:00,uniswap_v2,sushiswap_v2,-80.30051134030836,59.480215652840506,0.00044703971268,-141.07340515992985,False,False,train
2026-03-08 19:15:00+00:00,uniswap_v2,sushiswap_v2,-80.30051134030836,59.480215652840506,0.00044703971268,-141.07340515992985,False,False,train
2026-03-08 19:16:00+00:00,uniswap_v2,sushiswap_v2,-80.30051134030836,59.480215652840506,0.00044703971268,-141.07340515992985,False,False,train
2026-03-08 19:17:00+00:00,uniswap_v2,sushiswap_v2,-80.30051134030836,59.480215652840506,0.00044703971268,-141.07340515992985,False,False,train
2026-03-08 19:18:00+00:00,uniswap_v2,sushiswap_v2,-81.18629731391543,59.47769484436401,0.00044752538754,-141.95960239321766,False,False,train
2026-03-08 19:19:00+00:00,uniswap_v2,sushiswap_v2,-81.18629731391543,59.47769484436401,0.00044752538754,-141.95960239321766,False,False,train
2026-03-08 19:20:00+00:00,uniswap_v2,sushiswap_v2,-81.18629731391543,59.47769484436401,0.00044752538754,-141.95960239321766,False,False,train
2026-03-08 19:21:00+00:00,uniswap_v2,sushiswap_v2,-81.18629731391543,59.47769484436401,0.00044752538754,-141.95960239321766,False,False,train
2026-03-08 19:22:00+00:00,uniswap_v2,sushiswap_v2,-81.18629731391543,59.47769484436401,0.00044752538754,-141.95960239321766,False,False,train
2026-03-08 19:23:00+00:00,uniswap_v2,sushiswap_v2,-81.0086384089572,59.478466663797434,0.00044764495996,-141.7864231997748,False,False,train
2026-03-08 19:24:00+00:00,uniswap_v2,sushiswap_v2,-81.0086384089572,59.478466663797434,0.00044764495996,-141.7864231997748,False,False,train
2026-03-08 19:25:00+00:00,uniswap_v2,sushiswap_v2,-81.0086384089572,59.478466663797434,0.00044764495996,-141.7864231997748,False,False,train
2026-03-08 19:26:00+00:00,uniswap_v2,sushiswap_v2,-81.0086384089572,59.478466663797434,0.00044764495996,-141.7864231997748,False,False,train
2026-03-08 19:27:00+00:00,uniswap_v2,sushiswap_v2,-81.0086384089572,59.478466663797434,0.00044764495996,-141.7864231997748,False,False,train
2026-03-08 19:28:00+00:00,uniswap_v2,sushiswap_v2,-81.0086384089572,59.478466663797434,0.00044764495996,-141.7864231997748,False,False,train
2026-03-08 19:29:00+00:00,uniswap_v2,sushiswap_v2,-81.0086384089572,59.478466663797434,0.00044764495996,-141.7864231997748,False,False,train
2026-03-08 19:30:00+00:00,uniswap_v2,sushiswap_v2,-81.0086384089572,59.478466663797434,0.00044764495996,-141.7864231997748,False,False,train
2026-03-08 19:31:00+00:00,uniswap_v2,sushiswap_v2,-81.0086384089572,59.478466663797434,0.00044764495996,-141.7864231997748,False,False,train
2026-03-08 19:32:00+00:00,uniswap_v2,sushiswap_v2,-81.0086384089572,59.478466663797434,0.00044764495996,-141.7864231997748,False,False,train
2026-03-08 19:33:00+00:00,sushiswap_v2,uniswap_v2,-80.55276616736487,59.616088566925825,0.000448613737,-141.46646781385132,False,False,train
2026-03-08 19:34:00+00:00,uniswap_v2,sushiswap_v2,-79.23723760061658,59.48387698331074,0.0004487233454,-140.02559578040035,False,False,train
2026-03-08 19:35:00+00:00,uniswap_v2,sushiswap_v2,-81.01609534397208,59.478600894642824,0.0004496135138,-141.80189990616108,False,False,train
2026-03-08 19:36:00+00:00,uniswap_v2,sushiswap_v2,-81.01609534397208,59.478600894642824,0.0004496135138,-141.80189990616108,False,False,train
2026-03-08 19:37:00+00:00,uniswap_v2,sushiswap_v2,-81.01609534397208,59.478600894642824,0.0004496135138,-141.80189990616108,False,False,train
2026-03-08 19:38:00+00:00,uniswap_v2,sushiswap_v2,-81.01609534397208,59.478600894642824,0.0004496135138,-141.80189990616108,False,False,train
2026-03-08 19:39:00+00:00,uniswap_v2,sushiswap_v2,-81.01609534397208,59.478600894642824,0.0004496135138,-141.80189990616108,False,False,train
2026-03-08 19:40:00+00:00,uniswap_v2,sushiswap_v2,-81.01609534397208,59.478600894642824,0.0004496135138,-141.80189990616108,False,False,train
2026-03-08 19:41:00+00:00,uniswap_v2,sushiswap_v2,-81.01609534397208,59.478600894642824,0.0004496135138,-141.80189990616108,False,False,train
2026-03-08 19:42:00+00:00,uniswap_v2,sushiswap_v2,-81.01609534397208,59.478600894642824,0.0004496135138,-141.80189990616108,False,False,train
2026-03-08 19:43:00+00:00,uniswap_v2,sushiswap_v2,-81.01609534397208,59.478600894642824,0.0004496135138,-141.80189990616108,False,False,train
2026-03-08 19:44:00+00:00,uniswap_v2,sushiswap_v2,-81.01609534397208,59.478600894642824,0.0004496135138,-141.80189990616108,False,False,train
2026-03-08 19:45:00+00:00,uniswap_v2,sushiswap_v2,-81.01609534397208,59.478600894642824,0.0004496135138,-141.80189990616108,False,False,train
2026-03-08 19:46:00+00:00,uniswap_v2,sushiswap_v2,-81.01609534397208,59.478600894642824,0.0004496135138,-141.80189990616108,False,False,train
2026-03-08 19:47:00+00:00,uniswap_v2,sushiswap_v2,-81.01609534397208,59.478600894642824,0.0004496135138,-141.80189990616108,False,False,train
2026-03-08 19:48:00+00:00,uniswap_v2,sushiswap_v2,-81.01609534397208,59.478600894642824,0.0004496135138,-141.80189990616108,False,False,train
2026-03-08 19:49:00+00:00,uniswap_v2,sushiswap_v2,-81.01609534397208,59.478600894642824,0.0004496135138,-141.80189990616108,False,False,train
2026-03-08 19:50:00+00:00,uniswap_v2,sushiswap_v2,-81.01609534397208,59.478600894642824,0.0004496135138,-141.80189990616108,False,False,train
2026-03-08 19:51:00+00:00,uniswap_v2,sushiswap_v2,-81.01609534397208,59.478600894642824,0.0004496135138,-141.80189990616108,False,True,train
2026-03-08 19:52:00+00:00,uniswap_v2,sushiswap_v2,-81.01609534397208,59.478600894642824,0.0004496135138,-141.80189990616108,False,True,train
2026-03-08 19:53:00+00:00,uniswap_v2,sushiswap_v2,-81.01609534397208,59.478600894642824,0.0004496135138,-141.80189990616108,False,True,train
2026-03-08 19:54:00+00:00,uniswap_v2,sushiswap_v2,-81.01609534397208,59.478600894642824,0.0004496135138,-141.80189990616108,False,True,train
2026-03-08 19:55:00+00:00,uniswap_v2,sushiswap_v2,-81.01609534397208,59.478600894642824,0.0004496135138,-141.80189990616108,False,True,train
2026-03-08 19:56:00+00:00,uniswap_v2,sushiswap_v2,-81.01609534397208,59.478600894642824,0.0004496135138,-141.80189990616108,False,True,train
2026-03-08 19:57:00+00:00,uniswap_v2,sushiswap_v2,-81.01609534397208,59.478600894642824,0.0004496135138,-141.80189990616108,False,True,train
2026-03-08 19:58:00+00:00,uniswap_v2,sushiswap_v2,-81.01609534397208,59.478600894642824,0.0004496135138,-141.80189990616108,False,True,train
2026-03-08 19:59:00+00:00,uniswap_v2,sushiswap_v2,-81.01609534397208,59.478600894642824,0.0004496135138,-141.80189990616108,False,True,train
2026-03-08 20:00:00+00:00,uniswap_v2,sushiswap_v2,-81.01609534397208,59.478600894642824,0.0004496135138,-141.80189990616108,False,True,train
2026-03-08 20:01:00+00:00,uniswap_v2,sushiswap_v2,-81.01609534397208,59.478600894642824,0.0004496135138,-141.80189990616108,False,True,train
2026-03-08 20:02:00+00:00,uniswap_v2,sushiswap_v2,-81.01609534397208,59.478600894642824,0.0004496135138,-141.80189990616108,False,True,train
2026-03-08 20:03:00+00:00,uniswap_v2,sushiswap_v2,-81.01609534397208,59.478600894642824,0.0004496135138,-141.80189990616108,False,True,train
2026-03-08 20:04:00+00:00,uniswap_v2,sushiswap_v2,-81.01609534397208,59.478600894642824,0.0004496135138,-141.80189990616108,False,True,train
2026-03-08 20:05:00+00:00,uniswap_v2,sushiswap_v2,-81.01609534397208,59.478600894642824,0.0004496135138,-141.80189990616108,False,True,train
2026-03-08 20:06:00+00:00,uniswap_v2,sushiswap_v2,-81.01609534397208,59.478600894642824,0.0004496135138,-141.80189990616108,False,True,train
2026-03-08 20:07:00+00:00,uniswap_v2,sushiswap_v2,-81.0160919330977,59.47860090481077,0.00044630405886,-141.79227461620724,False,True,train
2026-03-08 20:08:00+00:00,uniswap_v2,sushiswap_v2,-81.0160919330977,59.47860090481077,0.00044630405886,-141.79227461620724,False,True,train
2026-03-08 20:09:00+00:00,uniswap_v2,sushiswap_v2,-81.0160919330977,59.47860090481077,0.00044630405886,-141.79227461620724,False,True,train
2026-03-08 20:10:00+00:00,uniswap_v2,sushiswap_v2,-81.0160919330977,59.47860090481077,0.00044630405886,-141.79227461620724,False,True,train
2026-03-08 20:11:00+00:00,uniswap_v2,sushiswap_v2,-81.0160919330977,59.47860090481077,0.00044630405886,-141.79227461620724,False,True,train
2026-03-08 20:12:00+00:00,uniswap_v2,sushiswap_v2,-81.0160919330977,59.47860090481077,0.00044630405886,-141.79227461620724,False,True,train
2026-03-08 20:13:00+00:00,uniswap_v2,sushiswap_v2,-81.0160919330977,59.47860090481077,0.00044630405886,-141.79227461620724,False,True,train
2026-03-08 20:14:00+00:00,uniswap_v2,sushiswap_v2,-81.0160919330977,59.47860090481077,0.00044630405886,-141.79227461620724,False,True,train
2026-03-08 20:15:00+00:00,uniswap_v2,sushiswap_v2,-81.0160919330977,59.47860090481077,0.00044630405886,-141.79227461620724,False,True,train
2026-03-08 20:16:00+00:00,uniswap_v2,sushiswap_v2,-81.0160919330977,59.47860090481077,0.00044630405886,-141.79227461620724,False,True,train
2026-03-08 20:17:00+00:00,uniswap_v2,sushiswap_v2,-81.0160919330977,59.47860090481077,0.00044630405886,-141.79227461620724,False,True,train
2026-03-08 20:18:00+00:00,uniswap_v2,sushiswap_v2,-81.0160919330977,59.47860090481077,0.00044630405886,-141.79227461620724,False,True,train
2026-03-08 20:19:00+00:00,uniswap_v2,sushiswap_v2,-81.0160919330977,59.47860090481077,0.00044630405886,-141.79227461620724,False,True,train
2026-03-08 20:20:00+00:00,uniswap_v2,sushiswap_v2,-81.0160919330977,59.47860090481077,0.00044630405886,-141.79227461620724,False,True,train
2026-03-08 20:21:00+00:00,uniswap_v2,sushiswap_v2,-81.0160919330977,59.47860090481077,0.00044630405886,-141.79227461620724,False,True,train
2026-03-08 20:22:00+00:00,uniswap_v2,sushiswap_v2,-81.0160919330977,59.47860090481077,0.00044630405886,-141.79227461620724,False,True,train
2026-03-08 20:23:00+00:00,uniswap_v2,sushiswap_v2,-81.0160919330977,59.47860090481077,0.00044630405886,-141.79227461620724,False,True,train
2026-03-08 20:24:00+00:00,uniswap_v2,sushiswap_v2,-81.0160919330977,59.47860090481077,0.00044630405886,-141.79227461620724,False,True,train
2026-03-08 20:25:00+00:00,uniswap_v2,sushiswap_v2,-81.0160919330977,59.47860090481077,0.00044630405886,-141.79227461620724,False,True,train
2026-03-08 20:26:00+00:00,uniswap_v2,sushiswap_v2,-81.0160919330977,59.47860090481077,0.00044630405886,-141.79227461620724,False,True,train
2026-03-08 20:27:00+00:00,uniswap_v2,sushiswap_v2,-81.0160919330977,59.47860090481077,0.00044630405886,-141.79227461620724,False,True,train
2026-03-08 20:28:00+00:00,uniswap_v2,sushiswap_v2,-81.0160919330977,59.47860090481077,0.00044630405886,-141.79227461620724,False,True,train
2026-03-08 20:29:00+00:00,uniswap_v2,sushiswap_v2,-81.0160919330977,59.47860090481077,0.00044630405886,-141.79227461620724,False,True,train
2026-03-08 20:30:00+00:00,uniswap_v2,sushiswap_v2,-81.0160919330977,59.47860090481077,0.00044630405886,-141.79227461620724,False,True,train
2026-03-08 20:31:00+00:00,uniswap_v2,sushiswap_v2,-81.0160919330977,59.47860090481077,0.00044630405886,-141.79227461620724,False,True,train
2026-03-08 20:32:00+00:00,uniswap_v2,sushiswap_v2,-81.0160919330977,59.47860090481077,0.00044630405886,-141.79227461620724,False,True,train
2026-03-08 20:33:00+00:00,uniswap_v2,sushiswap_v2,-81.0160919330977,59.47860090481077,0.00044630405886,-141.79227461620724,False,True,train
2026-03-08 20:34:00+00:00,uniswap_v2,sushiswap_v2,-81.0160919330977,59.47860090481077,0.00044630405886,-141.79227461620724,False,True,train
2026-03-08 20:35:00+00:00,uniswap_v2,sushiswap_v2,-81.0160919330977,59.47860090481077,0.00044630405886,-141.79227461620724,False,True,train
2026-03-08 20:36:00+00:00,uniswap_v2,sushiswap_v2,-81.0160919330977,59.47860090481077,0.00044630405886,-141.79227461620724,False,True,train
2026-03-08 20:37:00+00:00,uniswap_v2,sushiswap_v2,-81.0160919330977,59.47860090481077,0.00044630405886,-141.79227461620724,False,True,train
2026-03-08 20:38:00+00:00,uniswap_v2,sushiswap_v2,-81.0160919330977,59.47860090481077,0.00044630405886,-141.79227461620724,False,True,train
2026-03-08 20:39:00+00:00,uniswap_v2,sushiswap_v2,-81.0160919330977,59.47860090481077,0.00044630405886,-141.79227461620724,False,True,train
2026-03-08 20:40:00+00:00,uniswap_v2,sushiswap_v2,-81.0160919330977,59.47860090481077,0.00044630405886,-141.79227461620724,False,True,train
2026-03-08 20:41:00+00:00,uniswap_v2,sushiswap_v2,-81.0160919330977,59.47860090481077,0.00044630405886,-141.79227461620724,False,True,train
2026-03-08 20:42:00+00:00,uniswap_v2,sushiswap_v2,-81.0160919330977,59.47860090481077,0.00044630405886,-141.79227461620724,False,True,train
2026-03-08 20:43:00+00:00,uniswap_v2,sushiswap_v2,-81.0160919330977,59.47860090481077,0.00044630405886,-141.79227461620724,False,True,train
2026-03-08 20:44:00+00:00,uniswap_v2,sushiswap_v2,-81.0160919330977,59.47860090481077,0.00044630405886,-141.79227461620724,False,True,train
2026-03-08 20:45:00+00:00,uniswap_v2,sushiswap_v2,-81.0160919330977,59.47860090481077,0.00044630405886,-141.79227461620724,False,True,train
2026-03-08 20:46:00+00:00,uniswap_v2,sushiswap_v2,-81.0160919330977,59.47860090481077,0.00044630405886,-141.79227461620724,False,True,train
2026-03-08 20:47:00+00:00,uniswap_v2,sushiswap_v2,-81.0160919330977,59.47860090481077,0.00044630405886,-141.79227461620724,False,True,train
2026-03-08 20:48:00+00:00,uniswap_v2,sushiswap_v2,-81.0160919330977,59.47860090481077,0.00044630405886,-141.79227461620724,False,True,train
2026-03-08 20:49:00+00:00,uniswap_v2,sushiswap_v2,-81.0160919330977,59.47860090481077,0.00044630405886,-141.79227461620724,False,True,train
2026-03-08 20:50:00+00:00,uniswap_v2,sushiswap_v2,-81.0160919330977,59.47860090481077,0.00044630405886,-141.79227461620724,False,True,train
2026-03-08 20:51:00+00:00,uniswap_v2,sushiswap_v2,-81.0160919330977,59.47860090481077,0.00044630405886,-141.79227461620724,False,True,train
2026-03-08 20:52:00+00:00,uniswap_v2,sushiswap_v2,-81.0160919330977,59.47860090481077,0.00044630405886,-141.79227461620724,False,True,train
2026-03-08 20:53:00+00:00,uniswap_v2,sushiswap_v2,-81.0160919330977,59.47860090481077,0.00044630405886,-141.79227461620724,False,True,train
2026-03-08 20:54:00+00:00,uniswap_v2,sushiswap_v2,-81.0160919330977,59.47860090481077,0.00044630405886,-141.79227461620724,False,True,train
2026-03-08 20:55:00+00:00,uniswap_v2,sushiswap_v2,-81.0160919330977,59.47860090481077,0.00044630405886,-141.79227461620724,False,True,train
2026-03-08 20:56:00+00:00,uniswap_v2,sushiswap_v2,-81.0160919330977,59.47860090481077,0.00044630405886,-141.79227461620724,False,True,train
2026-03-08 20:57:00+00:00,uniswap_v2,sushiswap_v2,-81.0160919330977,59.47860090481077,0.00044630405886,-141.79227461620724,False,True,train
2026-03-08 20:58:00+00:00,uniswap_v2,sushiswap_v2,-81.0160919330977,59.47860090481077,0.00044630405886,-141.79227461620724,False,True,train
2026-03-08 20:59:00+00:00,uniswap_v2,sushiswap_v2,-81.0160919330977,59.47860090481077,0.00044630405886,-141.79227461620724,False,True,train
2026-03-08 21:00:00+00:00,uniswap_v2,sushiswap_v2,-81.0160919330977,59.47860090481077,0.00044630405886,-141.79227461620724,False,True,train
2026-03-08 21:01:00+00:00,uniswap_v2,sushiswap_v2,-81.0160919330977,59.47860090481077,0.00044630405886,-141.79227461620724,False,True,train
2026-03-08 21:02:00+00:00,uniswap_v2,sushiswap_v2,-81.0160919330977,59.47860090481077,0.00044630405886,-141.79227461620724,False,True,train
2026-03-08 21:03:00+00:00,uniswap_v2,sushiswap_v2,-81.0160919330977,59.47860090481077,0.00044630405886,-141.79227461620724,False,True,train
2026-03-08 21:04:00+00:00,uniswap_v2,sushiswap_v2,-81.0160919330977,59.47860090481077,0.00044630405886,-141.79227461620724,False,True,train
2026-03-08 21:05:00+00:00,uniswap_v2,sushiswap_v2,-81.0160919330977,59.47860090481077,0.00044630405886,-141.79227461620724,False,True,train
2026-03-08 21:06:00+00:00,uniswap_v2,sushiswap_v2,-81.0160919330977,59.47860090481077,0.00044630405886,-141.79227461620724,False,True,train
2026-03-08 21:07:00+00:00,uniswap_v2,sushiswap_v2,-81.0160919330977,59.47860090481077,0.00044630405886,-141.79227461620724,False,True,train
2026-03-08 21:08:00+00:00,uniswap_v2,sushiswap_v2,-81.0160919330977,59.47860090481077,0.00044630405886,-141.79227461620724,False,True,train
2026-03-08 21:09:00+00:00,uniswap_v2,sushiswap_v2,-81.0160919330977,59.47860090481077,0.00044630405886,-141.79227461620724,False,True,train
2026-03-08 21:10:00+00:00,uniswap_v2,sushiswap_v2,-81.0160919330977,59.47860090481077,0.00044630405886,-141.79227461620724,False,True,train
2026-03-08 21:11:00+00:00,uniswap_v2,sushiswap_v2,-81.0160919330977,59.47860090481077,0.00044630405886,-141.79227461620724,False,True,train
2026-03-08 21:12:00+00:00,uniswap_v2,sushiswap_v2,-81.0160919330977,59.47860090481077,0.00044630405886,-141.79227461620724,False,True,train
2026-03-08 21:13:00+00:00,uniswap_v2,sushiswap_v2,-81.0160919330977,59.47860090481077,0.00044630405886,-141.79227461620724,False,True,train
2026-03-08 21:14:00+00:00,uniswap_v2,sushiswap_v2,-81.0160919330977,59.47860090481077,0.00044630405886,-141.79227461620724,False,True,train
2026-03-08 21:15:00+00:00,uniswap_v2,sushiswap_v2,-81.0160919330977,59.47860090481077,0.00044630405886,-141.79227461620724,False,True,train
2026-03-08 21:16:00+00:00,uniswap_v2,sushiswap_v2,-81.0160919330977,59.47860090481077,0.00044630405886,-141.79227461620724,False,True,train
2026-03-08 21:17:00+00:00,uniswap_v2,sushiswap_v2,-81.0160919330977,59.47860090481077,0.00044630405886,-141.79227461620724,False,True,train
2026-03-08 21:18:00+00:00,uniswap_v2,sushiswap_v2,-81.0160919330977,59.47860090481077,0.00044630405886,-141.79227461620724,False,True,train
2026-03-08 21:19:00+00:00,uniswap_v2,sushiswap_v2,-81.0160919330977,59.47860090481077,0.00044630405886,-141.79227461620724,False,True,train
2026-03-08 21:20:00+00:00,uniswap_v2,sushiswap_v2,-81.0160919330977,59.47860090481077,0.00044630405886,-141.79227461620724,False,True,train
2026-03-08 21:21:00+00:00,uniswap_v2,sushiswap_v2,-81.0160919330977,59.47860090481077,0.00044630405886,-141.79227461620724,False,True,train
2026-03-08 21:22:00+00:00,uniswap_v2,sushiswap_v2,-81.0160919330977,59.47860090481077,0.00044630405886,-141.79227461620724,False,True,train
2026-03-08 21:23:00+00:00,uniswap_v2,sushiswap_v2,-81.0160919330977,59.47860090481077,0.00044630405886,-141.79227461620724,False,True,train
2026-03-08 21:24:00+00:00,uniswap_v2,sushiswap_v2,-81.0160919330977,59.47860090481077,0.00044630405886,-141.79227461620724,False,True,train
2026-03-08 21:25:00+00:00,uniswap_v2,sushiswap_v2,-81.0160919330977,59.47860090481077,0.00044630405886,-141.79227461620724,False,True,train
2026-03-08 21:26:00+00:00,uniswap_v2,sushiswap_v2,-81.0160919330977,59.47860090481077,0.00044630405886,-141.79227461620724,False,True,train
2026-03-08 21:27:00+00:00,uniswap_v2,sushiswap_v2,-81.0160919330977,59.47860090481077,0.00044630405886,-141.79227461620724,False,True,train
2026-03-08 21:28:00+00:00,uniswap_v2,sushiswap_v2,-81.0160919330977,59.47860090481077,0.00044630405886,-141.79227461620724,False,True,train
2026-03-08 21:29:00+00:00,uniswap_v2,sushiswap_v2,-81.0160919330977,59.47860090481077,0.00044630405886,-141.79227461620724,False,True,train
2026-03-08 21:30:00+00:00,uniswap_v2,sushiswap_v2,-81.0160919330977,59.47860090481077,0.00044630405886,-141.79227461620724,False,True,train
2026-03-08 21:31:00+00:00,uniswap_v2,sushiswap_v2,-81.0160919330977,59.47860090481077,0.00044630405886,-141.79227461620724,False,True,train
2026-03-08 21:32:00+00:00,uniswap_v2,sushiswap_v2,-81.0160919330977,59.47860090481077,0.00044630405886,-141.79227461620724,False,True,train
2026-03-08 21:33:00+00:00,uniswap_v2,sushiswap_v2,-81.0160919330977,59.47860090481077,0.00044630405886,-141.79227461620724,False,True,train
2026-03-08 21:34:00+00:00,uniswap_v2,sushiswap_v2,-81.0160919330977,59.47860090481077,0.00044630405886,-141.79227461620724,False,True,train
2026-03-08 21:35:00+00:00,uniswap_v2,sushiswap_v2,-81.0160919330977,59.47860090481077,0.00044630405886,-141.79227461620724,False,True,train
2026-03-08 21:36:00+00:00,uniswap_v2,sushiswap_v2,-81.0160919330977,59.47860090481077,0.00044630405886,-141.79227461620724,False,True,train
2026-03-08 21:37:00+00:00,uniswap_v2,sushiswap_v2,-81.0160919330977,59.47860090481077,0.00044630405886,-141.79227461620724,False,True,train
2026-03-08 21:38:00+00:00,uniswap_v2,sushiswap_v2,-81.0160919330977,59.47860090481077,0.00044630405886,-141.79227461620724,False,True,train
2026-03-08 21:39:00+00:00,uniswap_v2,sushiswap_v2,-81.0160919330977,59.47860090481077,0.00044630405886,-141.79227461620724,False,True,train
2026-03-08 21:40:00+00:00,uniswap_v2,sushiswap_v2,-81.0160919330977,59.47860090481077,0.00044630405886,-141.79227461620724,False,True,train
2026-03-08 21:41:00+00:00,uniswap_v2,sushiswap_v2,-81.0160919330977,59.47860090481077,0.00044630405886,-141.79227461620724,False,True,train
2026-03-08 21:42:00+00:00,uniswap_v2,sushiswap_v2,-81.0160919330977,59.47860090481077,0.00044630405886,-141.79227461620724,False,True,train
2026-03-08 21:43:00+00:00,uniswap_v2,sushiswap_v2,-81.0160919330977,59.47860090481077,0.00044630405886,-141.79227461620724,False,True,train
2026-03-08 21:44:00+00:00,uniswap_v2,sushiswap_v2,-81.0160919330977,59.47860090481077,0.00044630405886,-141.79227461620724,False,True,train
2026-03-08 21:45:00+00:00,uniswap_v2,sushiswap_v2,-81.0160919330977,59.47860090481077,0.00044630405886,-141.79227461620724,False,True,train
2026-03-08 21:46:00+00:00,uniswap_v2,sushiswap_v2,-81.0160919330977,59.47860090481077,0.00044630405886,-141.79227461620724,False,True,train
2026-03-08 21:47:00+00:00,uniswap_v2,sushiswap_v2,-81.0160919330977,59.47860090481077,0.00044630405886,-141.79227461620724,False,True,train
2026-03-08 21:48:00+00:00,uniswap_v2,sushiswap_v2,-81.0160919330977,59.47860090481077,0.00044630405886,-141.79227461620724,False,True,train
2026-03-08 21:49:00+00:00,uniswap_v2,sushiswap_v2,-81.0160919330977,59.47860090481077,0.00044630405886,-141.79227461620724,False,True,train
2026-03-08 21:50:00+00:00,uniswap_v2,sushiswap_v2,-81.0160919330977,59.47860090481077,0.00044630405886,-141.79227461620724,False,True,train
2026-03-08 21:51:00+00:00,uniswap_v2,sushiswap_v2,-81.0160919330977,59.47860090481077,0.00044630405886,-141.79227461620724,False,True,train
2026-03-08 21:52:00+00:00,uniswap_v2,sushiswap_v2,-81.0160919330977,59.47860090481077,0.00044630405886,-141.79227461620724,False,True,train
2026-03-08 21:53:00+00:00,uniswap_v2,sushiswap_v2,-81.0160919330977,59.47860090481077,0.00044630405886,-141.79227461620724,False,True,train
2026-03-08 21:54:00+00:00,uniswap_v2,sushiswap_v2,-81.0160919330977,59.47860090481077,0.00044630405886,-141.79227461620724,False,True,train
2026-03-08 21:55:00+00:00,uniswap_v2,sushiswap_v2,-81.0160919330977,59.47860090481077,0.00044630405886,-141.79227461620724,False,True,train
2026-03-08 21:56:00+00:00,uniswap_v2,sushiswap_v2,-81.0160919330977,59.47860090481077,0.00044630405886,-141.79227461620724,False,True,train
2026-03-08 21:57:00+00:00,uniswap_v2,sushiswap_v2,-81.0160919330977,59.47860090481077,0.00044630405886,-141.79227461620724,False,True,train
2026-03-08 21:58:00+00:00,uniswap_v2,sushiswap_v2,-81.0160919330977,59.47860090481077,0.00044630405886,-141.79227461620724,False,True,train
2026-03-08 21:59:00+00:00,uniswap_v2,sushiswap_v2,-81.0160919330977,59.47860090481077,0.00044630405886,-141.79227461620724,False,True,train
2026-03-08 22:00:00+00:00,uniswap_v2,sushiswap_v2,-81.0160919330977,59.47860090481077,0.00044630405886,-141.79227461620724,False,True,train
2026-03-08 22:01:00+00:00,uniswap_v2,sushiswap_v2,-81.0160919330977,59.47860090481077,0.00044630405886,-141.79227461620724,False,True,train
2026-03-08 22:02:00+00:00,uniswap_v2,sushiswap_v2,-81.0160919330977,59.47860090481077,0.00044630405886,-141.79227461620724,False,True,train
2026-03-08 22:03:00+00:00,uniswap_v2,sushiswap_v2,-81.0160919330977,59.47860090481077,0.00044630405886,-141.79227461620724,False,True,train
2026-03-08 22:04:00+00:00,uniswap_v2,sushiswap_v2,-80.73357152490081,59.47916161349508,0.00044704872212,-141.5086226865219,False,False,train
2026-03-08 22:05:00+00:00,uniswap_v2,sushiswap_v2,-80.73357152490081,59.47916161349508,0.00044704872212,-141.5086226865219,False,False,train
2026-03-08 22:06:00+00:00,uniswap_v2,sushiswap_v2,-80.73357152490081,59.47916161349508,0.00044704872212,-141.5086226865219,False,False,train
2026-03-08 22:07:00+00:00,uniswap_v2,sushiswap_v2,-80.73357152490081,59.47916161349508,0.00044704872212,-141.5086226865219,False,False,train
2026-03-08 22:08:00+00:00,uniswap_v2,sushiswap_v2,-75.83198678162026,59.49384586506207,0.00045831496546,-136.65606939883074,False,False,train
2026-03-08 22:09:00+00:00,uniswap_v2,sushiswap_v2,-81.55582856343581,59.47683793463437,0.00046080133022,-142.3701198022238,False,False,train
2026-03-08 22:10:00+00:00,uniswap_v2,sushiswap_v2,-79.69077249546828,59.48245779186786,0.00045925991276,-140.50731496784607,False,False,train
2026-03-08 22:11:00+00:00,uniswap_v2,sushiswap_v2,-77.30128638366499,59.48966563225371,0.00045871558414,-138.1249809912319,False,False,train
2026-03-08 22:12:00+00:00,uniswap_v2,sushiswap_v2,-77.30128638366499,59.48966563225371,0.00045871558414,-138.1249809912319,False,False,train
2026-03-08 22:13:00+00:00,uniswap_v2,sushiswap_v2,-77.30128638366499,59.48966563225371,0.00045871558414,-138.1249809912319,False,False,train
2026-03-08 22:14:00+00:00,uniswap_v2,sushiswap_v2,-77.30128638366499,59.48966563225371,0.00045871558414,-138.1249809912319,False,False,train
2026-03-08 22:15:00+00:00,uniswap_v2,sushiswap_v2,-77.30128638366499,59.48966563225371,0.00045871558414,-138.1249809912319,False,False,train
2026-03-08 22:16:00+00:00,uniswap_v2,sushiswap_v2,-77.30128638366499,59.48966563225371,0.00045871558414,-138.1249809912319,False,False,train
2026-03-08 22:17:00+00:00,uniswap_v2,sushiswap_v2,-77.30128638366499,59.48966563225371,0.00045871558414,-138.1249809912319,False,False,train
2026-03-08 22:18:00+00:00,uniswap_v2,sushiswap_v2,-77.30128638366499,59.48966563225371,0.00045871558414,-138.1249809912319,False,False,train
2026-03-08 22:19:00+00:00,uniswap_v2,sushiswap_v2,-77.30128638366499,59.48966563225371,0.00045871558414,-138.1249809912319,False,False,train
2026-03-08 22:20:00+00:00,uniswap_v2,sushiswap_v2,-77.30128638366499,59.48966563225371,0.00045871558414,-138.1249809912319,False,False,train
2026-03-08 22:21:00+00:00,sushiswap_v2,uniswap_v2,-79.07873817056753,59.62052634256061,0.00045594644238,-140.01945708235718,False,False,train
2026-03-08 22:22:00+00:00,sushiswap_v2,uniswap_v2,-79.07873817056753,59.62052634256061,0.00045594644238,-140.01945708235718,False,False,train
2026-03-08 22:23:00+00:00,sushiswap_v2,uniswap_v2,-79.07873817056753,59.62052634256061,0.00045594644238,-140.01945708235718,False,False,train
2026-03-08 22:24:00+00:00,sushiswap_v2,uniswap_v2,-79.07873817056753,59.62052634256061,0.00045594644238,-140.01945708235718,False,False,train
2026-03-08 22:25:00+00:00,sushiswap_v2,uniswap_v2,-79.07873817056753,59.62052634256061,0.00045594644238,-140.01945708235718,False,False,train
2026-03-08 22:26:00+00:00,uniswap_v2,sushiswap_v2,-80.86558671394235,59.47910262587227,0.00046030594456,-141.6837439545162,False,False,train
2026-03-08 22:27:00+00:00,uniswap_v2,sushiswap_v2,-81.05790188560321,59.47853344409612,0.00046489233604,-141.88886472262794,False,False,train
2026-03-08 22:28:00+00:00,uniswap_v2,sushiswap_v2,-81.05790188560321,59.47853344409612,0.00046489233604,-141.88886472262794,False,False,train
2026-03-08 22:29:00+00:00,uniswap_v2,sushiswap_v2,-79.3833280103349,59.48352528058449,0.00045856933694,-140.2011141990667,False,False,train
2026-03-08 22:30:00+00:00,uniswap_v2,sushiswap_v2,-79.3833280103349,59.48352528058449,0.00045856933694,-140.2011141990667,False,False,train
2026-03-08 22:31:00+00:00,sushiswap_v2,uniswap_v2,-79.41909890971422,59.61953307412049,0.00045946514768,-140.37029250358194,False,False,train
2026-03-08 22:32:00+00:00,uniswap_v2,sushiswap_v2,-78.4982746623138,59.486249229909696,0.00045781771596,-139.31793145943365,False,False,train
2026-03-08 22:33:00+00:00,uniswap_v2,sushiswap_v2,-77.99847093744148,59.48776396139534,0.0004582375204,-138.8212853537637,False,False,train
2026-03-08 22:34:00+00:00,uniswap_v2,sushiswap_v2,-77.99847093744148,59.48776396139534,0.0004582375204,-138.8212853537637,False,False,train
2026-03-08 22:35:00+00:00,uniswap_v2,sushiswap_v2,-77.64901699909245,59.4888056732488,0.00045780009858,-138.47164584043932,False,False,train
2026-03-08 22:36:00+00:00,uniswap_v2,sushiswap_v2,-76.6794474559796,59.49172346104136,0.00045680268502,-137.50260852623506,False,False,train
2026-03-08 22:37:00+00:00,uniswap_v2,sushiswap_v2,-77.59902538657818,59.48913534788213,0.00045464599532,-138.4153512487992,False,False,train
2026-03-08 22:38:00+00:00,uniswap_v2,sushiswap_v2,-77.59902538657818,59.48913534788213,0.00045464599532,-138.4153512487992,False,False,train
2026-03-08 22:39:00+00:00,uniswap_v2,sushiswap_v2,-77.59902374115671,59.48913535278733,0.0004525888829,-138.40934454056224,False,False,train
2026-03-08 22:40:00+00:00,uniswap_v2,sushiswap_v2,-77.59902374115671,59.48913535278733,0.0004525888829,-138.40934454056224,False,False,train
2026-03-08 22:41:00+00:00,uniswap_v2,sushiswap_v2,-77.59902374115671,59.48913535278733,0.0004525888829,-138.40934454056224,False,False,train
2026-03-08 22:42:00+00:00,uniswap_v2,sushiswap_v2,-78.36759596969445,59.48685154085559,0.0004535482919,-139.17843363844003,False,False,train
2026-03-08 22:43:00+00:00,uniswap_v2,sushiswap_v2,-78.36759596969445,59.48685154085559,0.0004535482919,-139.17843363844003,False,False,train
2026-03-08 22:44:00+00:00,uniswap_v2,sushiswap_v2,-78.36759596969445,59.48685154085559,0.0004535482919,-139.17843363844003,False,False,train
2026-03-08 22:45:00+00:00,uniswap_v2,sushiswap_v2,-78.36759596969445,59.48685154085559,0.0004535482919,-139.17843363844003,False,False,train
2026-03-08 22:46:00+00:00,sushiswap_v2,uniswap_v2,-80.2046375084947,59.61725147259198,0.00045182782656,-141.13487040329088,False,False,train
2026-03-08 22:47:00+00:00,uniswap_v2,sushiswap_v2,-76.63859405428428,59.4920388575354,0.00045114889534,-137.44831064262002,False,False,train
2026-03-08 22:48:00+00:00,uniswap_v2,sushiswap_v2,-76.89324652945525,59.49132194371211,0.00045091299198,-137.702115632802,False,False,train
2026-03-08 22:49:00+00:00,uniswap_v2,sushiswap_v2,-76.89324652945525,59.49132194371211,0.00045091299198,-137.702115632802,False,False,train
2026-03-08 22:50:00+00:00,uniswap_v2,sushiswap_v2,-76.89324652945525,59.49132194371211,0.00045091299198,-137.702115632802,False,False,train
2026-03-08 22:51:00+00:00,uniswap_v2,sushiswap_v2,-76.91491716317451,59.49125754917608,0.00045097411106,-137.72390045914435,False,False,train
2026-03-08 22:52:00+00:00,uniswap_v2,sushiswap_v2,-76.91491716317451,59.49125754917608,0.00045097411106,-137.72390045914435,False,False,train
2026-03-08 22:53:00+00:00,uniswap_v2,sushiswap_v2,-76.91491716317451,59.49125754917608,0.00045097411106,-137.72390045914435,False,False,train
2026-03-08 22:54:00+00:00,uniswap_v2,sushiswap_v2,-76.91491716317451,59.49125754917608,0.00045097411106,-137.72390045914435,False,False,train
2026-03-08 22:55:00+00:00,uniswap_v2,sushiswap_v2,-76.91491716317451,59.49125754917608,0.00045097411106,-137.72390045914435,False,False,train
2026-03-08 22:56:00+00:00,uniswap_v2,sushiswap_v2,-76.91491716317451,59.49125754917608,0.00045097411106,-137.72390045914435,False,False,train
2026-03-08 22:57:00+00:00,uniswap_v2,sushiswap_v2,-76.91491716317451,59.49125754917608,0.00045097411106,-137.72390045914435,False,False,train
2026-03-08 22:58:00+00:00,uniswap_v2,sushiswap_v2,-76.91491716317451,59.49125754917608,0.00045097411106,-137.72390045914435,False,False,train
2026-03-08 22:59:00+00:00,uniswap_v2,sushiswap_v2,-76.91491716317451,59.49125754917608,0.00045097411106,-137.72390045914435,False,False,train
2026-03-08 23:00:00+00:00,uniswap_v2,sushiswap_v2,-76.91491716317451,59.49125754917608,0.00045097411106,-137.72390045914435,False,False,train
2026-03-08 23:01:00+00:00,uniswap_v2,sushiswap_v2,-76.91491716317451,59.49125754917608,0.00045097411106,-137.72390045914435,False,False,train
2026-03-08 23:02:00+00:00,uniswap_v2,sushiswap_v2,-76.91491716317451,59.49125754917608,0.00045097411106,-137.72390045914435,False,False,train
2026-03-08 23:03:00+00:00,uniswap_v2,sushiswap_v2,-76.91491716317451,59.49125754917608,0.00045097411106,-137.72390045914435,False,False,train
2026-03-08 23:04:00+00:00,uniswap_v2,sushiswap_v2,-76.91491716317451,59.49125754917608,0.00045097411106,-137.72390045914435,False,True,train
2026-03-08 23:05:00+00:00,uniswap_v2,sushiswap_v2,-79.16287428683744,59.48457771529437,0.00044885674768,-139.9589909098749,False,True,train
2026-03-08 23:06:00+00:00,uniswap_v2,sushiswap_v2,-76.43397513896038,59.492712561514665,0.00045063073704,-137.24377341007607,False,False,train
2026-03-08 23:07:00+00:00,uniswap_v2,sushiswap_v2,-80.8138131499207,59.47969779495225,0.00045200344596,-141.61460875385686,False,False,train
2026-03-08 23:08:00+00:00,uniswap_v2,sushiswap_v2,-80.8138131499207,59.47969779495225,0.00045200344596,-141.61460875385686,False,False,train
2026-03-08 23:09:00+00:00,uniswap_v2,sushiswap_v2,-80.8138131499207,59.47969779495225,0.00045200344596,-141.61460875385686,False,False,train
2026-03-08 23:10:00+00:00,uniswap_v2,sushiswap_v2,-80.8138131499207,59.47969779495225,0.00045200344596,-141.61460875385686,False,False,train
2026-03-08 23:11:00+00:00,uniswap_v2,sushiswap_v2,-80.8138131499207,59.47969779495225,0.00045200344596,-141.61460875385686,False,False,train
2026-03-08 23:12:00+00:00,uniswap_v2,sushiswap_v2,-80.8138131499207,59.47969779495225,0.00045200344596,-141.61460875385686,False,False,train
2026-03-08 23:13:00+00:00,uniswap_v2,sushiswap_v2,-80.81514596819171,59.47969382181624,0.0004485049327,-141.60571210602112,False,False,train
2026-03-08 23:14:00+00:00,uniswap_v2,sushiswap_v2,-80.81514596819171,59.47969382181624,0.0004485049327,-141.60571210602112,False,False,train
2026-03-08 23:15:00+00:00,uniswap_v2,sushiswap_v2,-80.81514596819171,59.47969382181624,0.0004485049327,-141.60571210602112,False,False,train
2026-03-08 23:16:00+00:00,uniswap_v2,sushiswap_v2,-80.81514596819171,59.47969382181624,0.0004485049327,-141.60571210602112,False,False,train
2026-03-08 23:17:00+00:00,uniswap_v2,sushiswap_v2,-80.81514596819171,59.47969382181624,0.0004485049327,-141.60571210602112,False,False,train
2026-03-08 23:18:00+00:00,uniswap_v2,sushiswap_v2,-80.81514596819171,59.47969382181624,0.0004485049327,-141.60571210602112,False,False,train
2026-03-08 23:19:00+00:00,uniswap_v2,sushiswap_v2,-80.81514596819171,59.47969382181624,0.0004485049327,-141.60571210602112,False,False,train
2026-03-08 23:20:00+00:00,uniswap_v2,sushiswap_v2,-80.81514596819171,59.47969382181624,0.0004485049327,-141.60571210602112,False,False,train
2026-03-08 23:21:00+00:00,uniswap_v2,sushiswap_v2,-80.81514596819171,59.47969382181624,0.0004485049327,-141.60571210602112,False,False,train
2026-03-08 23:22:00+00:00,uniswap_v2,sushiswap_v2,-80.81514596819171,59.47969382181624,0.0004485049327,-141.60571210602112,False,False,train
2026-03-08 23:23:00+00:00,uniswap_v2,sushiswap_v2,-80.81514596819171,59.47969382181624,0.0004485049327,-141.60571210602112,False,True,train
2026-03-08 23:24:00+00:00,uniswap_v2,sushiswap_v2,-80.81514596819171,59.47969382181624,0.0004485049327,-141.60571210602112,False,True,train
2026-03-08 23:25:00+00:00,uniswap_v2,sushiswap_v2,-80.81514596819171,59.47969382181624,0.0004485049327,-141.60571210602112,False,True,train
2026-03-08 23:26:00+00:00,uniswap_v2,sushiswap_v2,-80.81514596819171,59.47969382181624,0.0004485049327,-141.60571210602112,False,True,train
2026-03-08 23:27:00+00:00,uniswap_v2,sushiswap_v2,-80.81514596819171,59.47969382181624,0.0004485049327,-141.60571210602112,False,True,train
2026-03-08 23:28:00+00:00,uniswap_v2,sushiswap_v2,-80.81514596819171,59.47969382181624,0.0004485049327,-141.60571210602112,False,True,train
2026-03-08 23:29:00+00:00,uniswap_v2,sushiswap_v2,-80.81514596819171,59.47969382181624,0.0004485049327,-141.60571210602112,False,True,train
2026-03-08 23:30:00+00:00,uniswap_v2,sushiswap_v2,-80.81514596819171,59.47969382181624,0.0004485049327,-141.60571210602112,False,True,train
2026-03-08 23:31:00+00:00,uniswap_v2,sushiswap_v2,-80.81514596819171,59.47969382181624,0.0004485049327,-141.60571210602112,False,True,train
2026-03-08 23:32:00+00:00,uniswap_v2,sushiswap_v2,-80.81514596819171,59.47969382181624,0.0004485049327,-141.60571210602112,False,True,train
2026-03-08 23:33:00+00:00,uniswap_v2,sushiswap_v2,-80.81514596819171,59.47969382181624,0.0004485049327,-141.60571210602112,False,True,train
2026-03-08 23:34:00+00:00,uniswap_v2,sushiswap_v2,-80.81514596819171,59.47969382181624,0.0004485049327,-141.60571210602112,False,True,train
2026-03-08 23:35:00+00:00,uniswap_v2,sushiswap_v2,-80.81514596819171,59.47969382181624,0.0004485049327,-141.60571210602112,False,True,train
2026-03-08 23:36:00+00:00,uniswap_v2,sushiswap_v2,-80.81514596819171,59.47969382181624,0.0004485049327,-141.60571210602112,False,True,train
2026-03-08 23:37:00+00:00,uniswap_v2,sushiswap_v2,-80.81514596819171,59.47969382181624,0.0004485049327,-141.60571210602112,False,True,train
2026-03-08 23:38:00+00:00,uniswap_v2,sushiswap_v2,-80.81514596819171,59.47969382181624,0.0004485049327,-141.60571210602112,False,True,train
2026-03-08 23:39:00+00:00,uniswap_v2,sushiswap_v2,-80.81514596819171,59.47969382181624,0.0004485049327,-141.60571210602112,False,True,train
2026-03-08 23:40:00+00:00,uniswap_v2,sushiswap_v2,-80.81514596819171,59.47969382181624,0.0004485049327,-141.60571210602112,False,True,train
2026-03-08 23:41:00+00:00,uniswap_v2,sushiswap_v2,-80.81514596819171,59.47969382181624,0.0004485049327,-141.60571210602112,False,True,train
2026-03-08 23:42:00+00:00,uniswap_v2,sushiswap_v2,-80.81514596819171,59.47969382181624,0.0004485049327,-141.60571210602112,False,True,train
2026-03-08 23:43:00+00:00,uniswap_v2,sushiswap_v2,-80.81514596819171,59.47969382181624,0.0004485049327,-141.60571210602112,False,True,train
2026-03-08 23:44:00+00:00,uniswap_v2,sushiswap_v2,-80.81514596819171,59.47969382181624,0.0004485049327,-141.60571210602112,False,True,train
2026-03-08 23:45:00+00:00,uniswap_v2,sushiswap_v2,-80.81514596819171,59.47969382181624,0.0004485049327,-141.60571210602112,False,True,train
2026-03-08 23:46:00+00:00,uniswap_v2,sushiswap_v2,-80.81514596819171,59.47969382181624,0.0004485049327,-141.60571210602112,False,True,train
2026-03-08 23:47:00+00:00,uniswap_v2,sushiswap_v2,-80.81514596819171,59.47969382181624,0.0004485049327,-141.60571210602112,False,True,train
2026-03-08 23:48:00+00:00,uniswap_v2,sushiswap_v2,-80.81514596819171,59.47969382181624,0.0004485049327,-141.60571210602112,False,True,train
2026-03-08 23:49:00+00:00,uniswap_v2,sushiswap_v2,-80.81514596819171,59.47969382181624,0.0004485049327,-141.60571210602112,False,True,train
2026-03-08 23:50:00+00:00,uniswap_v2,sushiswap_v2,-80.81514596819171,59.47969382181624,0.0004485049327,-141.60571210602112,False,True,train
2026-03-08 23:51:00+00:00,uniswap_v2,sushiswap_v2,-80.81514596819171,59.47969382181624,0.0004485049327,-141.60571210602112,False,True,train
2026-03-08 23:52:00+00:00,uniswap_v2,sushiswap_v2,-80.81514596819171,59.47969382181624,0.0004485049327,-141.60571210602112,False,True,train
2026-03-08 23:53:00+00:00,uniswap_v2,sushiswap_v2,-80.81514596819171,59.47969382181624,0.0004485049327,-141.60571210602112,False,True,train
2026-03-08 23:54:00+00:00,uniswap_v2,sushiswap_v2,-80.81514596819171,59.47969382181624,0.0004485049327,-141.60571210602112,False,True,train
2026-03-08 23:55:00+00:00,uniswap_v2,sushiswap_v2,-80.81514596819171,59.47969382181624,0.0004485049327,-141.60571210602112,False,True,train
2026-03-08 23:56:00+00:00,uniswap_v2,sushiswap_v2,-80.81514596819171,59.47969382181624,0.0004485049327,-141.60571210602112,False,True,train
2026-03-08 23:57:00+00:00,uniswap_v2,sushiswap_v2,-80.81514596819171,59.47969382181624,0.0004485049327,-141.60571210602112,False,True,train
2026-03-08 23:58:00+00:00,uniswap_v2,sushiswap_v2,-80.81514596819171,59.47969382181624,0.0004485049327,-141.60571210602112,False,True,train
2026-03-08 23:59:00+00:00,uniswap_v2,sushiswap_v2,-80.81514596819171,59.47969382181624,0.0004485049327,-141.60571210602112,False,True,train
2026-03-09 00:00:00+00:00,uniswap_v2,sushiswap_v2,-80.81514596819171,59.47969382181624,0.0004485049327,-141.60571210602112,False,True,train
2026-03-09 00:01:00+00:00,uniswap_v2,sushiswap_v2,-80.81514596819171,59.47969382181624,0.0004485049327,-141.60571210602112,False,True,train
2026-03-09 00:02:00+00:00,uniswap_v2,sushiswap_v2,-80.81514596819171,59.47969382181624,0.0004485049327,-141.60571210602112,False,True,train
2026-03-09 00:03:00+00:00,uniswap_v2,sushiswap_v2,-80.81514596819171,59.47969382181624,0.0004485049327,-141.60571210602112,False,True,train
2026-03-09 00:04:00+00:00,uniswap_v2,sushiswap_v2,-80.81514596819171,59.47969382181624,0.0004485049327,-141.60571210602112,False,True,train
2026-03-09 00:05:00+00:00,uniswap_v2,sushiswap_v2,-80.81514596819171,59.47969382181624,0.0004485049327,-141.60571210602112,False,True,train
2026-03-09 00:06:00+00:00,uniswap_v2,sushiswap_v2,-80.81514596819171,59.47969382181624,0.0004485049327,-141.60571210602112,False,True,train
2026-03-09 00:07:00+00:00,uniswap_v2,sushiswap_v2,-80.81514596819171,59.47969382181624,0.0004485049327,-141.60571210602112,False,True,train
2026-03-09 00:08:00+00:00,uniswap_v2,sushiswap_v2,-78.10390679144555,59.487776035061344,0.00045231816234,-138.91406274493153,False,True,train
2026-03-09 00:09:00+00:00,uniswap_v2,sushiswap_v2,-78.10390679144555,59.487776035061344,0.00045231816234,-138.91406274493153,False,True,train
2026-03-09 00:10:00+00:00,uniswap_v2,sushiswap_v2,-78.10390679144555,59.487776035061344,0.00045231816234,-138.91406274493153,False,True,train
2026-03-09 00:11:00+00:00,uniswap_v2,sushiswap_v2,-78.10390679144555,59.487776035061344,0.00045231816234,-138.91406274493153,False,True,train
2026-03-09 00:12:00+00:00,uniswap_v2,sushiswap_v2,-79.21177048631164,59.484483994022405,0.0004562618753,-140.03016408572802,False,False,train
2026-03-09 00:13:00+00:00,uniswap_v2,sushiswap_v2,-79.21177048631164,59.484483994022405,0.0004562618753,-140.03016408572802,False,False,train
2026-03-09 00:14:00+00:00,uniswap_v2,sushiswap_v2,-79.21177048631164,59.484483994022405,0.0004562618753,-140.03016408572802,False,False,train
2026-03-09 00:15:00+00:00,uniswap_v2,sushiswap_v2,-79.21177048631164,59.484483994022405,0.0004562618753,-140.03016408572802,False,False,train
2026-03-09 00:16:00+00:00,uniswap_v2,sushiswap_v2,-79.21177048631164,59.484483994022405,0.0004562618753,-140.03016408572802,False,False,train
2026-03-09 00:17:00+00:00,uniswap_v2,sushiswap_v2,-79.21177048631164,59.484483994022405,0.0004562618753,-140.03016408572802,False,False,train
2026-03-09 00:18:00+00:00,uniswap_v2,sushiswap_v2,-79.21177048631164,59.484483994022405,0.0004562618753,-140.03016408572802,False,False,train
2026-03-09 00:19:00+00:00,uniswap_v2,sushiswap_v2,-79.21177048631164,59.484483994022405,0.0004562618753,-140.03016408572802,False,False,train
2026-03-09 00:20:00+00:00,uniswap_v2,sushiswap_v2,-79.21177048631164,59.484483994022405,0.0004562618753,-140.03016408572802,False,False,train
2026-03-09 00:21:00+00:00,uniswap_v2,sushiswap_v2,-79.21177048631164,59.484483994022405,0.0004562618753,-140.03016408572802,False,False,train
2026-03-09 00:22:00+00:00,uniswap_v2,sushiswap_v2,-79.21177048631164,59.484483994022405,0.0004562618753,-140.03016408572802,False,False,train
2026-03-09 00:23:00+00:00,uniswap_v2,sushiswap_v2,-79.21177048631164,59.484483994022405,0.0004562618753,-140.03016408572802,False,False,train
2026-03-09 00:24:00+00:00,uniswap_v2,sushiswap_v2,-79.21177048631164,59.484483994022405,0.0004562618753,-140.03016408572802,False,True,train
2026-03-09 00:25:00+00:00,uniswap_v2,sushiswap_v2,-79.21177048631164,59.484483994022405,0.0004562618753,-140.03016408572802,False,True,train
2026-03-09 00:26:00+00:00,uniswap_v2,sushiswap_v2,-79.21177048631164,59.484483994022405,0.0004562618753,-140.03016408572802,False,True,train
2026-03-09 00:27:00+00:00,uniswap_v2,sushiswap_v2,-79.21177048631164,59.484483994022405,0.0004562618753,-140.03016408572802,False,True,train
2026-03-09 00:28:00+00:00,uniswap_v2,sushiswap_v2,-79.21177048631164,59.484483994022405,0.0004562618753,-140.03016408572802,False,True,train
2026-03-09 00:29:00+00:00,uniswap_v2,sushiswap_v2,-79.21177048631164,59.484483994022405,0.0004562618753,-140.03016408572802,False,True,train
2026-03-09 00:30:00+00:00,uniswap_v2,sushiswap_v2,-79.21177048631164,59.484483994022405,0.0004562618753,-140.03016408572802,False,True,train
2026-03-09 00:31:00+00:00,uniswap_v2,sushiswap_v2,-79.21177048631164,59.484483994022405,0.0004562618753,-140.03016408572802,False,True,train
2026-03-09 00:32:00+00:00,uniswap_v2,sushiswap_v2,-79.21177048631164,59.484483994022405,0.0004562618753,-140.03016408572802,False,True,train
2026-03-09 00:33:00+00:00,uniswap_v2,sushiswap_v2,-79.21177048631164,59.484483994022405,0.0004562618753,-140.03016408572802,False,True,train
2026-03-09 00:34:00+00:00,uniswap_v2,sushiswap_v2,-79.21177048631164,59.484483994022405,0.0004562618753,-140.03016408572802,False,True,train
2026-03-09 00:35:00+00:00,uniswap_v2,sushiswap_v2,-76.50060034519653,59.492566004350756,0.00045483850698,-137.3232791484052,False,True,train
2026-03-09 00:36:00+00:00,uniswap_v2,sushiswap_v2,-80.84616120846864,59.47972402042942,0.0004524394534,-141.64998439794604,False,False,train
2026-03-09 00:37:00+00:00,uniswap_v2,sushiswap_v2,-76.02495691376625,59.49409610669473,0.0004506602056,-136.8385880748835,False,False,train
2026-03-09 00:38:00+00:00,uniswap_v2,sushiswap_v2,-76.02495691376625,59.49409610669473,0.0004506602056,-136.8385880748835,False,False,train
2026-03-09 00:39:00+00:00,uniswap_v2,sushiswap_v2,-76.02495691376625,59.49409610669473,0.0004506602056,-136.8385880748835,False,False,train
2026-03-09 00:40:00+00:00,uniswap_v2,sushiswap_v2,-76.02495691376625,59.49409610669473,0.0004506602056,-136.8385880748835,False,False,train
2026-03-09 00:41:00+00:00,uniswap_v2,sushiswap_v2,-76.02495691376625,59.49409610669473,0.0004506602056,-136.8385880748835,False,False,train
2026-03-09 00:42:00+00:00,uniswap_v2,sushiswap_v2,-76.02495691376625,59.49409610669473,0.0004506602056,-136.8385880748835,False,False,train
2026-03-09 00:43:00+00:00,uniswap_v2,sushiswap_v2,-76.02495691376625,59.49409610669473,0.0004506602056,-136.8385880748835,False,False,train
2026-03-09 00:44:00+00:00,uniswap_v2,sushiswap_v2,-76.02495691376625,59.49409610669473,0.0004506602056,-136.8385880748835,False,False,train
2026-03-09 00:45:00+00:00,uniswap_v2,sushiswap_v2,-77.91488510008404,59.48848010786255,0.00045091939156,-138.72365915999438,False,False,train
2026-03-09 00:46:00+00:00,uniswap_v2,sushiswap_v2,-77.91488510008404,59.48848010786255,0.00045091939156,-138.72365915999438,False,False,train
2026-03-09 00:47:00+00:00,uniswap_v2,sushiswap_v2,-77.91488510008404,59.48848010786255,0.00045091939156,-138.72365915999438,False,False,train
2026-03-09 00:48:00+00:00,uniswap_v2,sushiswap_v2,-77.91488510008404,59.48848010786255,0.00045091939156,-138.72365915999438,False,False,train
2026-03-09 00:49:00+00:00,uniswap_v2,sushiswap_v2,-77.91488510008404,59.48848010786255,0.00045091939156,-138.72365915999438,False,False,train
2026-03-09 00:50:00+00:00,uniswap_v2,sushiswap_v2,-77.91488510008404,59.48848010786255,0.00045091939156,-138.72365915999438,False,False,train
2026-03-09 00:51:00+00:00,uniswap_v2,sushiswap_v2,-77.91488510008404,59.48848010786255,0.00045091939156,-138.72365915999438,False,False,train
2026-03-09 00:52:00+00:00,uniswap_v2,sushiswap_v2,-77.91488510008404,59.48848010786255,0.00045091939156,-138.72365915999438,False,False,train
2026-03-09 00:53:00+00:00,uniswap_v2,sushiswap_v2,-77.91488510008404,59.48848010786255,0.00045091939156,-138.72365915999438,False,True,train
2026-03-09 00:54:00+00:00,uniswap_v2,sushiswap_v2,-77.91488510008404,59.48848010786255,0.00045091939156,-138.72365915999438,False,True,train
2026-03-09 00:55:00+00:00,uniswap_v2,sushiswap_v2,-77.91488510008404,59.48848010786255,0.00045091939156,-138.72365915999438,False,True,train
2026-03-09 00:56:00+00:00,uniswap_v2,sushiswap_v2,-77.91488510008404,59.48848010786255,0.00045091939156,-138.72365915999438,False,True,train
2026-03-09 00:57:00+00:00,uniswap_v2,sushiswap_v2,-77.91488510008404,59.48848010786255,0.00045091939156,-138.72365915999438,False,True,train
2026-03-09 00:58:00+00:00,uniswap_v2,sushiswap_v2,-77.91488510008404,59.48848010786255,0.00045091939156,-138.72365915999438,False,True,train
2026-03-09 00:59:00+00:00,uniswap_v2,sushiswap_v2,-77.91488510008404,59.48848010786255,0.00045091939156,-138.72365915999438,False,True,train
2026-03-09 01:00:00+00:00,uniswap_v2,sushiswap_v2,-77.91488510008404,59.48848010786255,0.00045091939156,-138.72365915999438,False,True,train
2026-03-09 01:01:00+00:00,uniswap_v2,sushiswap_v2,-77.91488510008404,59.48848010786255,0.00045091939156,-138.72365915999438,False,True,train
2026-03-09 01:02:00+00:00,uniswap_v2,sushiswap_v2,-77.91488510008404,59.48848010786255,0.00045091939156,-138.72365915999438,False,True,train
2026-03-09 01:03:00+00:00,uniswap_v2,sushiswap_v2,-77.91488510008404,59.48848010786255,0.00045091939156,-138.72365915999438,False,True,train
2026-03-09 01:04:00+00:00,uniswap_v2,sushiswap_v2,-77.91488510008404,59.48848010786255,0.00045091939156,-138.72365915999438,False,True,train
2026-03-09 01:05:00+00:00,uniswap_v2,sushiswap_v2,-77.91488510008404,59.48848010786255,0.00045091939156,-138.72365915999438,False,True,train
2026-03-09 01:06:00+00:00,uniswap_v2,sushiswap_v2,-77.91488510008404,59.48848010786255,0.00045091939156,-138.72365915999438,False,True,train
2026-03-09 01:07:00+00:00,uniswap_v2,sushiswap_v2,-77.91488510008404,59.48848010786255,0.00045091939156,-138.72365915999438,False,True,train
2026-03-09 01:08:00+00:00,uniswap_v2,sushiswap_v2,-77.91488510008404,59.48848010786255,0.00045091939156,-138.72365915999438,False,True,train
2026-03-09 01:09:00+00:00,uniswap_v2,sushiswap_v2,-77.91488510008404,59.48848010786255,0.00045091939156,-138.72365915999438,False,True,train
2026-03-09 01:10:00+00:00,uniswap_v2,sushiswap_v2,-77.91488510008404,59.48848010786255,0.00045091939156,-138.72365915999438,False,True,train
2026-03-09 01:11:00+00:00,uniswap_v2,sushiswap_v2,-77.91488510008404,59.48848010786255,0.00045091939156,-138.72365915999438,False,True,train
2026-03-09 01:12:00+00:00,uniswap_v2,sushiswap_v2,-77.91488358190921,59.488480112388125,0.00045700235504,-138.74146859024353,False,True,train
2026-03-09 01:13:00+00:00,uniswap_v2,sushiswap_v2,-77.91488358190921,59.488480112388125,0.00045700235504,-138.74146859024353,False,True,train
2026-03-09 01:14:00+00:00,uniswap_v2,sushiswap_v2,-77.91488358190921,59.488480112388125,0.00045700235504,-138.74146859024353,False,True,train
2026-03-09 01:15:00+00:00,uniswap_v2,sushiswap_v2,-77.91488358190921,59.488480112388125,0.00045700235504,-138.74146859024353,False,True,train
2026-03-09 01:16:00+00:00,uniswap_v2,sushiswap_v2,-77.91488358190921,59.488480112388125,0.00045700235504,-138.74146859024353,False,True,train
2026-03-09 01:17:00+00:00,uniswap_v2,sushiswap_v2,-77.91488358190921,59.488480112388125,0.00045700235504,-138.74146859024353,False,True,train
2026-03-09 01:18:00+00:00,uniswap_v2,sushiswap_v2,-77.91488358190921,59.488480112388125,0.00045700235504,-138.74146859024353,False,True,train
2026-03-09 01:19:00+00:00,uniswap_v2,sushiswap_v2,-77.91488358190921,59.488480112388125,0.00045700235504,-138.74146859024353,False,True,train
2026-03-09 01:20:00+00:00,uniswap_v2,sushiswap_v2,-77.91488358190921,59.488480112388125,0.00045700235504,-138.74146859024353,False,True,train
2026-03-09 01:21:00+00:00,uniswap_v2,sushiswap_v2,-77.91488358190921,59.488480112388125,0.00045700235504,-138.74146859024353,False,True,train
2026-03-09 01:22:00+00:00,uniswap_v2,sushiswap_v2,-77.91488358190921,59.488480112388125,0.00045700235504,-138.74146859024353,False,True,train
2026-03-09 01:23:00+00:00,uniswap_v2,sushiswap_v2,-77.91488358190921,59.488480112388125,0.00045700235504,-138.74146859024353,False,True,train
2026-03-09 01:24:00+00:00,uniswap_v2,sushiswap_v2,-77.91488358190921,59.488480112388125,0.00045700235504,-138.74146859024353,False,True,train
2026-03-09 01:25:00+00:00,uniswap_v2,sushiswap_v2,-77.91488358190921,59.488480112388125,0.00045700235504,-138.74146859024353,False,True,train
2026-03-09 01:26:00+00:00,uniswap_v2,sushiswap_v2,-77.91488358190921,59.488480112388125,0.00045700235504,-138.74146859024353,False,True,train
2026-03-09 01:27:00+00:00,uniswap_v2,sushiswap_v2,-77.91488358190921,59.488480112388125,0.00045700235504,-138.74146859024353,False,True,train
2026-03-09 01:28:00+00:00,uniswap_v2,sushiswap_v2,-77.91488358190921,59.488480112388125,0.00045700235504,-138.74146859024353,False,True,train
2026-03-09 01:29:00+00:00,uniswap_v2,sushiswap_v2,-77.91488358190921,59.488480112388125,0.00045700235504,-138.74146859024353,False,True,train
2026-03-09 01:30:00+00:00,uniswap_v2,sushiswap_v2,-77.91488358190921,59.488480112388125,0.00045700235504,-138.74146859024353,False,True,train
2026-03-09 01:31:00+00:00,uniswap_v2,sushiswap_v2,-77.91488358190921,59.488480112388125,0.00045700235504,-138.74146859024353,False,True,train
2026-03-09 01:32:00+00:00,uniswap_v2,sushiswap_v2,-77.91488358190921,59.488480112388125,0.00045700235504,-138.74146859024353,False,True,train
2026-03-09 01:33:00+00:00,uniswap_v2,sushiswap_v2,-77.91488358190921,59.488480112388125,0.00045700235504,-138.74146859024353,False,True,train
2026-03-09 01:34:00+00:00,uniswap_v2,sushiswap_v2,-77.91488358190921,59.488480112388125,0.00045700235504,-138.74146859024353,False,True,train
2026-03-09 01:35:00+00:00,uniswap_v2,sushiswap_v2,-77.91488358190921,59.488480112388125,0.00045700235504,-138.74146859024353,False,True,train
2026-03-09 01:36:00+00:00,uniswap_v2,sushiswap_v2,-77.91488358190921,59.488480112388125,0.00045700235504,-138.74146859024353,False,True,train
2026-03-09 01:37:00+00:00,uniswap_v2,sushiswap_v2,-77.91488358190921,59.488480112388125,0.00045700235504,-138.74146859024353,False,True,train
2026-03-09 01:38:00+00:00,uniswap_v2,sushiswap_v2,-77.91488358190921,59.488480112388125,0.00045700235504,-138.74146859024353,False,True,train
2026-03-09 01:39:00+00:00,uniswap_v2,sushiswap_v2,-77.91488358190921,59.488480112388125,0.00045700235504,-138.74146859024353,False,True,train
2026-03-09 01:40:00+00:00,uniswap_v2,sushiswap_v2,-77.91488358190921,59.488480112388125,0.00045700235504,-138.74146859024353,False,True,train
2026-03-09 01:41:00+00:00,uniswap_v2,sushiswap_v2,-77.91488358190921,59.488480112388125,0.00045700235504,-138.74146859024353,False,True,train
2026-03-09 01:42:00+00:00,uniswap_v2,sushiswap_v2,-77.91488358190921,59.488480112388125,0.00045700235504,-138.74146859024353,False,True,train
2026-03-09 01:43:00+00:00,uniswap_v2,sushiswap_v2,-77.91488358190921,59.488480112388125,0.00045700235504,-138.74146859024353,False,True,train
2026-03-09 01:44:00+00:00,uniswap_v2,sushiswap_v2,-77.91488358190921,59.488480112388125,0.00045700235504,-138.74146859024353,False,True,train
2026-03-09 01:45:00+00:00,uniswap_v2,sushiswap_v2,-77.91488358190921,59.488480112388125,0.00045700235504,-138.74146859024353,False,True,train
2026-03-09 01:46:00+00:00,uniswap_v2,sushiswap_v2,-77.91488358190921,59.488480112388125,0.00045700235504,-138.74146859024353,False,True,train
2026-03-09 01:47:00+00:00,uniswap_v2,sushiswap_v2,-77.91488358190921,59.488480112388125,0.00045700235504,-138.74146859024353,False,True,train
2026-03-09 01:48:00+00:00,uniswap_v2,sushiswap_v2,-77.91488358190921,59.488480112388125,0.00045700235504,-138.74146859024353,False,True,train
2026-03-09 01:49:00+00:00,uniswap_v2,sushiswap_v2,-77.91488358190921,59.488480112388125,0.00045700235504,-138.74146859024353,False,True,train
2026-03-09 01:50:00+00:00,uniswap_v2,sushiswap_v2,-77.91488358190921,59.488480112388125,0.00045700235504,-138.74146859024353,False,True,train
2026-03-09 01:51:00+00:00,uniswap_v2,sushiswap_v2,-77.91488358190921,59.488480112388125,0.00045700235504,-138.74146859024353,False,True,train
2026-03-09 01:52:00+00:00,uniswap_v2,sushiswap_v2,-77.91488358190921,59.488480112388125,0.00045700235504,-138.74146859024353,False,True,train
2026-03-09 01:53:00+00:00,uniswap_v2,sushiswap_v2,-77.91488358190921,59.488480112388125,0.00045700235504,-138.74146859024353,False,True,train
2026-03-09 01:54:00+00:00,uniswap_v2,sushiswap_v2,-77.91488358190921,59.488480112388125,0.00045700235504,-138.74146859024353,False,True,train
2026-03-09 01:55:00+00:00,uniswap_v2,sushiswap_v2,-77.91488358190921,59.488480112388125,0.00045700235504,-138.74146859024353,False,True,train
2026-03-09 01:56:00+00:00,uniswap_v2,sushiswap_v2,-77.91488358190921,59.488480112388125,0.00045700235504,-138.74146859024353,False,True,train
2026-03-09 01:57:00+00:00,uniswap_v2,sushiswap_v2,-77.91488358190921,59.488480112388125,0.00045700235504,-138.74146859024353,False,True,train
2026-03-09 01:58:00+00:00,uniswap_v2,sushiswap_v2,-77.91488358190921,59.488480112388125,0.00045700235504,-138.74146859024353,False,True,train
2026-03-09 01:59:00+00:00,uniswap_v2,sushiswap_v2,-77.91488358190921,59.488480112388125,0.00045700235504,-138.74146859024353,False,True,train
2026-03-09 02:00:00+00:00,uniswap_v2,sushiswap_v2,-77.91488358190921,59.488480112388125,0.00045700235504,-138.74146859024353,False,True,train
2026-03-09 02:01:00+00:00,uniswap_v2,sushiswap_v2,-77.91488358190921,59.488480112388125,0.00045700235504,-138.74146859024353,False,True,train
2026-03-09 02:02:00+00:00,uniswap_v2,sushiswap_v2,-77.91488358190921,59.488480112388125,0.00045700235504,-138.74146859024353,False,True,train
2026-03-09 02:03:00+00:00,uniswap_v2,sushiswap_v2,-77.91488358190921,59.488480112388125,0.00045700235504,-138.74146859024353,False,True,train
2026-03-09 02:04:00+00:00,uniswap_v2,sushiswap_v2,-77.91488358190921,59.488480112388125,0.00045700235504,-138.74146859024353,False,True,train
2026-03-09 02:05:00+00:00,uniswap_v2,sushiswap_v2,-77.91488358190921,59.488480112388125,0.00045700235504,-138.74146859024353,False,True,train
2026-03-09 02:06:00+00:00,uniswap_v2,sushiswap_v2,-77.91488358190921,59.488480112388125,0.00045700235504,-138.74146859024353,False,True,train
2026-03-09 02:07:00+00:00,uniswap_v2,sushiswap_v2,-77.91488358190921,59.488480112388125,0.00045700235504,-138.74146859024353,False,True,train
2026-03-09 02:08:00+00:00,uniswap_v2,sushiswap_v2,-77.91488358190921,59.488480112388125,0.00045700235504,-138.74146859024353,False,True,train
2026-03-09 02:09:00+00:00,uniswap_v2,sushiswap_v2,-77.91488358190921,59.488480112388125,0.00045700235504,-138.74146859024353,False,True,train
2026-03-09 02:10:00+00:00,uniswap_v2,sushiswap_v2,-77.91488358190921,59.488480112388125,0.00045700235504,-138.74146859024353,False,True,train
2026-03-09 02:11:00+00:00,uniswap_v2,sushiswap_v2,-77.91488358190921,59.488480112388125,0.00045700235504,-138.74146859024353,False,True,train
2026-03-09 02:12:00+00:00,uniswap_v2,sushiswap_v2,-77.91488358190921,59.488480112388125,0.00045700235504,-138.74146859024353,False,True,train
2026-03-09 02:13:00+00:00,uniswap_v2,sushiswap_v2,-77.91488358190921,59.488480112388125,0.00045700235504,-138.74146859024353,False,True,train
2026-03-09 02:14:00+00:00,uniswap_v2,sushiswap_v2,-77.91488358190921,59.488480112388125,0.00045700235504,-138.74146859024353,False,True,train
2026-03-09 02:15:00+00:00,uniswap_v2,sushiswap_v2,-77.91418297275072,59.488482200916586,0.00044721510988,-138.71211306568625,False,True,train
2026-03-09 02:16:00+00:00,uniswap_v2,sushiswap_v2,-77.91418297275072,59.488482200916586,0.00044721510988,-138.71211306568625,False,True,train
2026-03-09 02:17:00+00:00,uniswap_v2,sushiswap_v2,-77.91418297275072,59.488482200916586,0.00044721510988,-138.71211306568625,False,True,train
2026-03-09 02:18:00+00:00,uniswap_v2,sushiswap_v2,-77.91418297275072,59.488482200916586,0.00044721510988,-138.71211306568625,False,True,train
2026-03-09 02:19:00+00:00,uniswap_v2,sushiswap_v2,-77.91418297275072,59.488482200916586,0.00044721510988,-138.71211306568625,False,True,train
2026-03-09 02:20:00+00:00,uniswap_v2,sushiswap_v2,-77.91418297275072,59.488482200916586,0.00044721510988,-138.71211306568625,False,True,train
2026-03-09 02:21:00+00:00,uniswap_v2,sushiswap_v2,-77.91418297275072,59.488482200916586,0.00044721510988,-138.71211306568625,False,True,train
2026-03-09 02:22:00+00:00,uniswap_v2,sushiswap_v2,-77.91418297275072,59.488482200916586,0.00044721510988,-138.71211306568625,False,True,train
2026-03-09 02:23:00+00:00,uniswap_v2,sushiswap_v2,-77.91418297275072,59.488482200916586,0.00044721510988,-138.71211306568625,False,True,train
2026-03-09 02:24:00+00:00,uniswap_v2,sushiswap_v2,-77.91418297275072,59.488482200916586,0.00044721510988,-138.71211306568625,False,True,train
2026-03-09 02:25:00+00:00,uniswap_v2,sushiswap_v2,-77.91418297275072,59.488482200916586,0.00044721510988,-138.71211306568625,False,True,train
2026-03-09 02:26:00+00:00,uniswap_v2,sushiswap_v2,-77.91418297275072,59.488482200916586,0.00044721510988,-138.71211306568625,False,True,train
2026-03-09 02:27:00+00:00,uniswap_v2,sushiswap_v2,-77.91418297275072,59.488482200916586,0.00044721510988,-138.71211306568625,False,True,train
2026-03-09 02:28:00+00:00,uniswap_v2,sushiswap_v2,-77.91418297275072,59.488482200916586,0.00044721510988,-138.71211306568625,False,True,train
2026-03-09 02:29:00+00:00,uniswap_v2,sushiswap_v2,-77.91418297275072,59.488482200916586,0.00044721510988,-138.71211306568625,False,True,train
2026-03-09 02:30:00+00:00,uniswap_v2,sushiswap_v2,-77.91418297275072,59.488482200916586,0.00044721510988,-138.71211306568625,False,True,train
2026-03-09 02:31:00+00:00,uniswap_v2,sushiswap_v2,-77.91418297275072,59.488482200916586,0.00044721510988,-138.71211306568625,False,True,train
2026-03-09 02:32:00+00:00,uniswap_v2,sushiswap_v2,-77.91418297275072,59.488482200916586,0.00044721510988,-138.71211306568625,False,True,train
2026-03-09 02:33:00+00:00,uniswap_v2,sushiswap_v2,-77.91418297275072,59.488482200916586,0.00044721510988,-138.71211306568625,False,True,train
2026-03-09 02:34:00+00:00,uniswap_v2,sushiswap_v2,-77.91418297275072,59.488482200916586,0.00044721510988,-138.71211306568625,False,True,train
2026-03-09 02:35:00+00:00,uniswap_v2,sushiswap_v2,-77.91418297275072,59.488482200916586,0.00044721510988,-138.71211306568625,False,True,train
2026-03-09 02:36:00+00:00,uniswap_v2,sushiswap_v2,-77.91418297275072,59.488482200916586,0.00044721510988,-138.71211306568625,False,True,train
2026-03-09 02:37:00+00:00,uniswap_v2,sushiswap_v2,-80.0971374285143,59.48199545617329,0.00044573925352,-140.88425946251826,False,True,train
2026-03-09 02:38:00+00:00,uniswap_v2,sushiswap_v2,-80.0971374285143,59.48199545617329,0.00044573925352,-140.88425946251826,False,True,train
2026-03-09 02:39:00+00:00,uniswap_v2,sushiswap_v2,-80.0971374285143,59.48199545617329,0.00044573925352,-140.88425946251826,False,True,train
2026-03-09 02:40:00+00:00,uniswap_v2,sushiswap_v2,-80.0971374285143,59.48199545617329,0.00044573925352,-140.88425946251826,False,True,train
2026-03-09 02:41:00+00:00,uniswap_v2,sushiswap_v2,-80.0971374285143,59.48199545617329,0.00044573925352,-140.88425946251826,False,True,train
2026-03-09 02:42:00+00:00,uniswap_v2,sushiswap_v2,-80.0971374285143,59.48199545617329,0.00044573925352,-140.88425946251826,False,True,train
2026-03-09 02:43:00+00:00,uniswap_v2,sushiswap_v2,-80.0971374285143,59.48199545617329,0.00044573925352,-140.88425946251826,False,True,train
2026-03-09 02:44:00+00:00,uniswap_v2,sushiswap_v2,-80.0971374285143,59.48199545617329,0.00044573925352,-140.88425946251826,False,True,train
2026-03-09 02:45:00+00:00,uniswap_v2,sushiswap_v2,-80.0971374285143,59.48199545617329,0.00044573925352,-140.88425946251826,False,True,train
2026-03-09 02:46:00+00:00,uniswap_v2,sushiswap_v2,-80.0971374285143,59.48199545617329,0.00044573925352,-140.88425946251826,False,True,train
2026-03-09 02:47:00+00:00,uniswap_v2,sushiswap_v2,-80.0971374285143,59.48199545617329,0.00044573925352,-140.88425946251826,False,True,train
2026-03-09 02:48:00+00:00,uniswap_v2,sushiswap_v2,-80.0971374285143,59.48199545617329,0.00044573925352,-140.88425946251826,False,True,train
2026-03-09 02:49:00+00:00,uniswap_v2,sushiswap_v2,-80.0971374285143,59.48199545617329,0.00044573925352,-140.88425946251826,False,True,train
2026-03-09 02:50:00+00:00,uniswap_v2,sushiswap_v2,-80.0971374285143,59.48199545617329,0.00044573925352,-140.88425946251826,False,True,train
2026-03-09 02:51:00+00:00,uniswap_v2,sushiswap_v2,-80.0971374285143,59.48199545617329,0.00044573925352,-140.88425946251826,False,True,train
2026-03-09 02:52:00+00:00,uniswap_v2,sushiswap_v2,-80.0971374285143,59.48199545617329,0.00044573925352,-140.88425946251826,False,True,train
2026-03-09 02:53:00+00:00,uniswap_v2,sushiswap_v2,-80.0971374285143,59.48199545617329,0.00044573925352,-140.88425946251826,False,True,train
2026-03-09 02:54:00+00:00,uniswap_v2,sushiswap_v2,-80.0971374285143,59.48199545617329,0.00044573925352,-140.88425946251826,False,True,train
2026-03-09 02:55:00+00:00,uniswap_v2,sushiswap_v2,-81.09502738116218,59.479041939714286,0.00044780466654,-141.88540803128666,False,False,train
2026-03-09 02:56:00+00:00,uniswap_v2,sushiswap_v2,-81.09502738116218,59.479041939714286,0.00044780466654,-141.88540803128666,False,False,train
2026-03-09 02:57:00+00:00,uniswap_v2,sushiswap_v2,-77.84711171949411,59.48872404731606,0.00044730949758,-138.64615465855945,False,False,train
2026-03-09 02:58:00+00:00,uniswap_v2,sushiswap_v2,-77.84711171949411,59.48872404731606,0.00044730949758,-138.64615465855945,False,False,train
2026-03-09 02:59:00+00:00,uniswap_v2,sushiswap_v2,-77.84711171949411,59.48872404731606,0.00044730949758,-138.64615465855945,False,False,train
2026-03-09 03:00:00+00:00,uniswap_v2,sushiswap_v2,-76.43159476274361,59.492967218119226,0.00045386376376,-137.2546039904985,False,False,train
2026-03-09 03:01:00+00:00,uniswap_v2,sushiswap_v2,-76.43159476274361,59.492967218119226,0.00045386376376,-137.2546039904985,False,False,train
2026-03-09 03:02:00+00:00,uniswap_v2,sushiswap_v2,-75.62942806888489,59.49537609707795,0.00045300065074,-136.45267382649564,False,False,train
2026-03-09 03:03:00+00:00,uniswap_v2,sushiswap_v2,-75.62942806888489,59.49537609707795,0.00045300065074,-136.45267382649564,False,False,train
2026-03-09 03:04:00+00:00,uniswap_v2,sushiswap_v2,-75.1025499123005,59.496977513071116,0.00045587760658,-135.93634039408005,False,False,train
2026-03-09 03:05:00+00:00,uniswap_v2,sushiswap_v2,-75.1025499123005,59.496977513071116,0.00045587760658,-135.93634039408005,False,False,train
2026-03-09 03:06:00+00:00,uniswap_v2,sushiswap_v2,-76.22067191728489,59.49365494617775,0.0004581136318,-137.0576967401422,False,False,train
2026-03-09 03:07:00+00:00,uniswap_v2,sushiswap_v2,-76.94104789215723,59.49151430462389,0.0004565685949,-137.77140141581216,False,False,train
2026-03-09 03:08:00+00:00,uniswap_v2,sushiswap_v2,-76.94104789215723,59.49151430462389,0.0004565685949,-137.77140141581216,False,False,train
2026-03-09 03:09:00+00:00,uniswap_v2,sushiswap_v2,-76.051830819158,59.494266351023875,0.0004518668319,-136.87270160056613,False,False,train
2026-03-09 03:10:00+00:00,uniswap_v2,sushiswap_v2,-71.82166632505478,59.506931784180836,0.00045271619338,-132.65904740102295,False,False,train
2026-03-09 03:11:00+00:00,uniswap_v2,sushiswap_v2,-80.3092519710996,59.48178937894109,0.00045477439106,-141.1286723002181,False,False,train
2026-03-09 03:12:00+00:00,uniswap_v2,sushiswap_v2,-80.3092519710996,59.48178937894109,0.00045477439106,-141.1286723002181,False,False,train
2026-03-09 03:13:00+00:00,uniswap_v2,sushiswap_v2,-77.53880370498604,59.490048259258366,0.00046441585982,-138.39522409222732,False,False,train
2026-03-09 03:14:00+00:00,uniswap_v2,sushiswap_v2,-76.3126332571488,59.49376119884048,0.00046722760282,-137.18205731499876,False,False,train
2026-03-09 03:15:00+00:00,uniswap_v2,sushiswap_v2,-80.5868995490526,59.481059696466,0.00046527733406,-141.43787990890004,False,False,train
2026-03-09 03:16:00+00:00,uniswap_v2,sushiswap_v2,-80.1728004115526,59.482294156111195,0.00046762865886,-141.03199591248452,False,False,train
2026-03-09 03:17:00+00:00,uniswap_v2,sushiswap_v2,-80.1728004115526,59.482294156111195,0.00046762865886,-141.03199591248452,False,False,train
2026-03-09 03:18:00+00:00,uniswap_v2,sushiswap_v2,-80.1728004115526,59.482294156111195,0.00046762865886,-141.03199591248452,False,False,train
2026-03-09 03:19:00+00:00,sushiswap_v2,uniswap_v2,-79.98890170632384,59.618130212435936,0.00046039783064,-140.9569608267371,False,False,train
2026-03-09 03:20:00+00:00,sushiswap_v2,uniswap_v2,-79.98890170632384,59.618130212435936,0.00046039783064,-140.9569608267371,False,False,train
2026-03-09 03:21:00+00:00,sushiswap_v2,uniswap_v2,-79.98890170632384,59.618130212435936,0.00046039783064,-140.9569608267371,False,False,train
2026-03-09 03:22:00+00:00,sushiswap_v2,uniswap_v2,-79.98890170632384,59.618130212435936,0.00046039783064,-140.9569608267371,False,False,train
2026-03-09 03:23:00+00:00,sushiswap_v2,uniswap_v2,-79.98890170632384,59.618130212435936,0.00046039783064,-140.9569608267371,False,False,train
2026-03-09 03:24:00+00:00,sushiswap_v2,uniswap_v2,-79.98890170632384,59.618130212435936,0.00046039783064,-140.9569608267371,False,False,train
2026-03-09 03:25:00+00:00,sushiswap_v2,uniswap_v2,-79.98890170632384,59.618130212435936,0.00046039783064,-140.9569608267371,False,False,train
2026-03-09 03:26:00+00:00,sushiswap_v2,uniswap_v2,-79.98890170632384,59.618130212435936,0.00046039783064,-140.9569608267371,False,False,train
2026-03-09 03:27:00+00:00,sushiswap_v2,uniswap_v2,-79.98890170632384,59.618130212435936,0.00046039783064,-140.9569608267371,False,False,train
2026-03-09 03:28:00+00:00,sushiswap_v2,uniswap_v2,-79.98890170632384,59.618130212435936,0.00046039783064,-140.9569608267371,False,False,train
2026-03-09 03:29:00+00:00,sushiswap_v2,uniswap_v2,-79.98890170632384,59.618130212435936,0.00046039783064,-140.9569608267371,False,False,train
2026-03-09 03:30:00+00:00,sushiswap_v2,uniswap_v2,-79.98890170632384,59.618130212435936,0.00046039783064,-140.9569608267371,False,False,train
2026-03-09 03:31:00+00:00,sushiswap_v2,uniswap_v2,-79.98890170632384,59.618130212435936,0.00046039783064,-140.9569608267371,False,False,train
2026-03-09 03:32:00+00:00,sushiswap_v2,uniswap_v2,-79.98890170632384,59.618130212435936,0.00046039783064,-140.9569608267371,False,False,train
2026-03-09 03:33:00+00:00,sushiswap_v2,uniswap_v2,-79.98890170632384,59.618130212435936,0.00046039783064,-140.9569608267371,False,False,train
2026-03-09 03:34:00+00:00,sushiswap_v2,uniswap_v2,-79.98890170632384,59.618130212435936,0.00046039783064,-140.9569608267371,False,False,train
2026-03-09 03:35:00+00:00,sushiswap_v2,uniswap_v2,-79.98890170632384,59.618130212435936,0.00046039783064,-140.9569608267371,False,True,train
2026-03-09 03:36:00+00:00,sushiswap_v2,uniswap_v2,-79.98890170632384,59.618130212435936,0.00046039783064,-140.9569608267371,False,True,train
2026-03-09 03:37:00+00:00,sushiswap_v2,uniswap_v2,-79.98890170632384,59.618130212435936,0.00046039783064,-140.9569608267371,False,True,train
2026-03-09 03:38:00+00:00,sushiswap_v2,uniswap_v2,-79.98890170632384,59.618130212435936,0.00046039783064,-140.9569608267371,False,True,train
2026-03-09 03:39:00+00:00,sushiswap_v2,uniswap_v2,-79.98890170632384,59.618130212435936,0.00046039783064,-140.9569608267371,False,True,train
2026-03-09 03:40:00+00:00,sushiswap_v2,uniswap_v2,-79.98890170632384,59.618130212435936,0.00046039783064,-140.9569608267371,False,True,train
2026-03-09 03:41:00+00:00,sushiswap_v2,uniswap_v2,-79.98890170632384,59.618130212435936,0.00046039783064,-140.9569608267371,False,True,train
2026-03-09 03:42:00+00:00,sushiswap_v2,uniswap_v2,-79.98890170632384,59.618130212435936,0.00046039783064,-140.9569608267371,False,True,train
2026-03-09 03:43:00+00:00,sushiswap_v2,uniswap_v2,-79.98890170632384,59.618130212435936,0.00046039783064,-140.9569608267371,False,True,train
2026-03-09 03:44:00+00:00,sushiswap_v2,uniswap_v2,-79.98890170632384,59.618130212435936,0.00046039783064,-140.9569608267371,False,True,train
2026-03-09 03:45:00+00:00,sushiswap_v2,uniswap_v2,-80.01077140306379,59.61806471812697,0.000457702784,-140.97085993641164,False,False,train
2026-03-09 03:46:00+00:00,sushiswap_v2,uniswap_v2,-80.01077140306379,59.61806471812697,0.000457702784,-140.97085993641164,False,False,train
2026-03-09 03:47:00+00:00,sushiswap_v2,uniswap_v2,-80.01077140306379,59.61806471812697,0.000457702784,-140.97085993641164,False,False,train
2026-03-09 03:48:00+00:00,sushiswap_v2,uniswap_v2,-80.01077140306379,59.61806471812697,0.000457702784,-140.97085993641164,False,False,train
2026-03-09 03:49:00+00:00,sushiswap_v2,uniswap_v2,-80.01077140306379,59.61806471812697,0.000457702784,-140.97085993641164,False,False,train
2026-03-09 03:50:00+00:00,sushiswap_v2,uniswap_v2,-80.01077140306379,59.61806471812697,0.000457702784,-140.97085993641164,False,False,train
2026-03-09 03:51:00+00:00,sushiswap_v2,uniswap_v2,-78.66869005458028,59.622080405256064,0.00045351433754,-139.62051339083587,False,False,train
2026-03-09 03:52:00+00:00,uniswap_v2,sushiswap_v2,-79.5186474964834,59.48425719918134,0.00045513708746,-140.3432987594999,False,False,train
2026-03-09 03:53:00+00:00,uniswap_v2,sushiswap_v2,-80.41948857704722,59.4815337541334,0.00045404117308,-141.23752223447173,False,False,train
2026-03-09 03:54:00+00:00,uniswap_v2,sushiswap_v2,-80.41948857704722,59.4815337541334,0.00045404117308,-141.23752223447173,False,False,train
2026-03-09 03:55:00+00:00,uniswap_v2,sushiswap_v2,-80.41948857704722,59.4815337541334,0.00045404117308,-141.23752223447173,False,False,train
2026-03-09 03:56:00+00:00,sushiswap_v2,uniswap_v2,-71.15609958113127,59.64451412632465,0.00045725219496,-132.13899514923236,False,False,train
2026-03-09 03:57:00+00:00,sushiswap_v2,uniswap_v2,-71.15609958113127,59.64451412632465,0.00045725219496,-132.13899514923236,False,False,train
2026-03-09 03:58:00+00:00,sushiswap_v2,uniswap_v2,-71.15609958113127,59.64451412632465,0.00045725219496,-132.13899514923236,False,False,train
2026-03-09 03:59:00+00:00,sushiswap_v2,uniswap_v2,-71.15609958113127,59.64451412632465,0.00045725219496,-132.13899514923236,False,False,train
2026-03-09 04:00:00+00:00,sushiswap_v2,uniswap_v2,-71.27627589575083,59.644154228896426,0.00045049745576,-132.2390243732414,False,False,train
2026-03-09 04:01:00+00:00,sushiswap_v2,uniswap_v2,-71.27627589575083,59.644154228896426,0.00045049745576,-132.2390243732414,False,False,train
2026-03-09 04:02:00+00:00,sushiswap_v2,uniswap_v2,-71.27627589575083,59.644154228896426,0.00045049745576,-132.2390243732414,False,False,train
2026-03-09 04:03:00+00:00,sushiswap_v2,uniswap_v2,-71.27627589575083,59.644154228896426,0.00045049745576,-132.2390243732414,False,False,train
2026-03-09 04:04:00+00:00,sushiswap_v2,uniswap_v2,-71.27627589575083,59.644154228896426,0.00045049745576,-132.2390243732414,False,False,train
2026-03-09 04:05:00+00:00,sushiswap_v2,uniswap_v2,-71.27627589575083,59.644154228896426,0.00045049745576,-132.2390243732414,False,False,train
2026-03-09 04:06:00+00:00,sushiswap_v2,uniswap_v2,-71.27627589575083,59.644154228896426,0.00045049745576,-132.2390243732414,False,False,train
2026-03-09 04:07:00+00:00,sushiswap_v2,uniswap_v2,-71.27627589575083,59.644154228896426,0.00045049745576,-132.2390243732414,False,False,train
2026-03-09 04:08:00+00:00,sushiswap_v2,uniswap_v2,-71.27627589575083,59.644154228896426,0.00045049745576,-132.2390243732414,False,False,train
2026-03-09 04:09:00+00:00,sushiswap_v2,uniswap_v2,-71.27627589575083,59.644154228896426,0.00045049745576,-132.2390243732414,False,False,train
2026-03-09 04:10:00+00:00,sushiswap_v2,uniswap_v2,-71.27627589575083,59.644154228896426,0.00045049745576,-132.2390243732414,False,False,train
2026-03-09 04:11:00+00:00,sushiswap_v2,uniswap_v2,-71.27627589575083,59.644154228896426,0.00045049745576,-132.2390243732414,False,False,train
2026-03-09 04:12:00+00:00,sushiswap_v2,uniswap_v2,-71.27627589575083,59.644154228896426,0.00045049745576,-132.2390243732414,False,True,train
2026-03-09 04:13:00+00:00,sushiswap_v2,uniswap_v2,-71.27627589575083,59.644154228896426,0.00045049745576,-132.2390243732414,False,True,train
2026-03-09 04:14:00+00:00,sushiswap_v2,uniswap_v2,-71.27627589575083,59.644154228896426,0.00045049745576,-132.2390243732414,False,True,train
2026-03-09 04:15:00+00:00,sushiswap_v2,uniswap_v2,-71.27627589575083,59.644154228896426,0.00045049745576,-132.2390243732414,False,True,train
2026-03-09 04:16:00+00:00,sushiswap_v2,uniswap_v2,-71.27627589575083,59.644154228896426,0.00045049745576,-132.2390243732414,False,True,train
2026-03-09 04:17:00+00:00,sushiswap_v2,uniswap_v2,-71.27627589575083,59.644154228896426,0.00045049745576,-132.2390243732414,False,True,train
2026-03-09 04:18:00+00:00,sushiswap_v2,uniswap_v2,-71.27627589575083,59.644154228896426,0.00045049745576,-132.2390243732414,False,True,train
2026-03-09 04:19:00+00:00,sushiswap_v2,uniswap_v2,-71.27627589575083,59.644154228896426,0.00045049745576,-132.2390243732414,False,True,train
2026-03-09 04:20:00+00:00,sushiswap_v2,uniswap_v2,-71.27627589575083,59.644154228896426,0.00045049745576,-132.2390243732414,False,True,train
2026-03-09 04:21:00+00:00,sushiswap_v2,uniswap_v2,-71.27627589575083,59.644154228896426,0.00045049745576,-132.2390243732414,False,True,train
2026-03-09 04:22:00+00:00,sushiswap_v2,uniswap_v2,-71.27627589575083,59.644154228896426,0.00045049745576,-132.2390243732414,False,True,train
2026-03-09 04:23:00+00:00,sushiswap_v2,uniswap_v2,-71.27627589575083,59.644154228896426,0.00045049745576,-132.2390243732414,False,True,train
2026-03-09 04:24:00+00:00,sushiswap_v2,uniswap_v2,-71.27627589575083,59.644154228896426,0.00045049745576,-132.2390243732414,False,True,train
2026-03-09 04:25:00+00:00,sushiswap_v2,uniswap_v2,-71.27627589575083,59.644154228896426,0.00045049745576,-132.2390243732414,False,True,train
2026-03-09 04:26:00+00:00,sushiswap_v2,uniswap_v2,-71.27627589575083,59.644154228896426,0.00045049745576,-132.2390243732414,False,True,train
2026-03-09 04:27:00+00:00,sushiswap_v2,uniswap_v2,-71.27627589575083,59.644154228896426,0.00045049745576,-132.2390243732414,False,True,train
2026-03-09 04:28:00+00:00,sushiswap_v2,uniswap_v2,-71.27627589575083,59.644154228896426,0.00045049745576,-132.2390243732414,False,True,train
2026-03-09 04:29:00+00:00,sushiswap_v2,uniswap_v2,-71.27627589575083,59.644154228896426,0.00045049745576,-132.2390243732414,False,True,train
2026-03-09 04:30:00+00:00,sushiswap_v2,uniswap_v2,-71.27627589575083,59.644154228896426,0.00045049745576,-132.2390243732414,False,True,train
2026-03-09 04:31:00+00:00,sushiswap_v2,uniswap_v2,-71.27627589575083,59.644154228896426,0.00045049745576,-132.2390243732414,False,True,train
2026-03-09 04:32:00+00:00,sushiswap_v2,uniswap_v2,-71.27627589575083,59.644154228896426,0.00045049745576,-132.2390243732414,False,True,train
2026-03-09 04:33:00+00:00,sushiswap_v2,uniswap_v2,-71.27627589575083,59.644154228896426,0.00045049745576,-132.2390243732414,False,True,train
2026-03-09 04:34:00+00:00,sushiswap_v2,uniswap_v2,-71.27627589575083,59.644154228896426,0.00045049745576,-132.2390243732414,False,True,train
2026-03-09 04:35:00+00:00,sushiswap_v2,uniswap_v2,-71.27627589575083,59.644154228896426,0.00045049745576,-132.2390243732414,False,True,train
2026-03-09 04:36:00+00:00,sushiswap_v2,uniswap_v2,-71.27627589575083,59.644154228896426,0.00045049745576,-132.2390243732414,False,True,train
2026-03-09 04:37:00+00:00,sushiswap_v2,uniswap_v2,-71.27627589575083,59.644154228896426,0.00045049745576,-132.2390243732414,False,True,train
2026-03-09 04:38:00+00:00,sushiswap_v2,uniswap_v2,-71.27627589575083,59.644154228896426,0.00045049745576,-132.2390243732414,False,True,train
2026-03-09 04:39:00+00:00,sushiswap_v2,uniswap_v2,-71.27627589575083,59.644154228896426,0.00045049745576,-132.2390243732414,False,True,train
2026-03-09 04:40:00+00:00,sushiswap_v2,uniswap_v2,-71.27627589575083,59.644154228896426,0.00045049745576,-132.2390243732414,False,True,train
2026-03-09 04:41:00+00:00,sushiswap_v2,uniswap_v2,-71.27627589575083,59.644154228896426,0.00045049745576,-132.2390243732414,False,True,train
2026-03-09 04:42:00+00:00,sushiswap_v2,uniswap_v2,-71.27627589575083,59.644154228896426,0.00045049745576,-132.2390243732414,False,True,train
2026-03-09 04:43:00+00:00,sushiswap_v2,uniswap_v2,-71.27627589575083,59.644154228896426,0.00045049745576,-132.2390243732414,False,True,train
2026-03-09 04:44:00+00:00,sushiswap_v2,uniswap_v2,-71.27627589575083,59.644154228896426,0.00045049745576,-132.2390243732414,False,True,train
2026-03-09 04:45:00+00:00,sushiswap_v2,uniswap_v2,-71.27627589575083,59.644154228896426,0.00045049745576,-132.2390243732414,False,True,train
2026-03-09 04:46:00+00:00,sushiswap_v2,uniswap_v2,-71.27627589575083,59.644154228896426,0.00045049745576,-132.2390243732414,False,True,train
2026-03-09 04:47:00+00:00,sushiswap_v2,uniswap_v2,-71.27627589575083,59.644154228896426,0.00045049745576,-132.2390243732414,False,True,train
2026-03-09 04:48:00+00:00,sushiswap_v2,uniswap_v2,-71.27627589575083,59.644154228896426,0.00045049745576,-132.2390243732414,False,True,train
2026-03-09 04:49:00+00:00,sushiswap_v2,uniswap_v2,-71.27627589575083,59.644154228896426,0.00045049745576,-132.2390243732414,False,True,train
2026-03-09 04:50:00+00:00,sushiswap_v2,uniswap_v2,-71.27627589575083,59.644154228896426,0.00045049745576,-132.2390243732414,False,True,train
2026-03-09 04:51:00+00:00,sushiswap_v2,uniswap_v2,-71.27627589575083,59.644154228896426,0.00045049745576,-132.2390243732414,False,True,train
2026-03-09 04:52:00+00:00,sushiswap_v2,uniswap_v2,-71.27627589575083,59.644154228896426,0.00045049745576,-132.2390243732414,False,True,train
2026-03-09 04:53:00+00:00,sushiswap_v2,uniswap_v2,-71.27627589575083,59.644154228896426,0.00045049745576,-132.2390243732414,False,True,train
2026-03-09 04:54:00+00:00,sushiswap_v2,uniswap_v2,-71.27627589575083,59.644154228896426,0.00045049745576,-132.2390243732414,False,True,train
2026-03-09 04:55:00+00:00,sushiswap_v2,uniswap_v2,-71.27627589575083,59.644154228896426,0.00045049745576,-132.2390243732414,False,True,train
2026-03-09 04:56:00+00:00,sushiswap_v2,uniswap_v2,-71.27627589575083,59.644154228896426,0.00045049745576,-132.2390243732414,False,True,train
2026-03-09 04:57:00+00:00,sushiswap_v2,uniswap_v2,-71.27627589575083,59.644154228896426,0.00045049745576,-132.2390243732414,False,True,train
2026-03-09 04:58:00+00:00,sushiswap_v2,uniswap_v2,-71.27627589575083,59.644154228896426,0.00045049745576,-132.2390243732414,False,True,train
2026-03-09 04:59:00+00:00,sushiswap_v2,uniswap_v2,-71.27627589575083,59.644154228896426,0.00045049745576,-132.2390243732414,False,True,train
2026-03-09 05:00:00+00:00,sushiswap_v2,uniswap_v2,-71.27627589575083,59.644154228896426,0.00045049745576,-132.2390243732414,False,True,train
2026-03-09 05:01:00+00:00,sushiswap_v2,uniswap_v2,-71.30318044390309,59.64407372736676,0.0004575069752,-132.28636509959395,False,True,train
2026-03-09 05:02:00+00:00,sushiswap_v2,uniswap_v2,-71.30318044390309,59.64407372736676,0.0004575069752,-132.28636509959395,False,True,train
2026-03-09 05:03:00+00:00,sushiswap_v2,uniswap_v2,-71.30318044390309,59.64407372736676,0.0004575069752,-132.28636509959395,False,True,train
2026-03-09 05:04:00+00:00,sushiswap_v2,uniswap_v2,-71.42335497532503,59.64371383527862,0.00045629356762,-132.4026119124588,False,False,train
2026-03-09 05:05:00+00:00,sushiswap_v2,uniswap_v2,-71.42335497532503,59.64371383527862,0.00045629356762,-132.4026119124588,False,False,train
2026-03-09 05:06:00+00:00,sushiswap_v2,uniswap_v2,-71.42335497532503,59.64371383527862,0.00045629356762,-132.4026119124588,False,False,train
2026-03-09 05:07:00+00:00,sushiswap_v2,uniswap_v2,-71.42335497532503,59.64371383527862,0.00045629356762,-132.4026119124588,False,False,train
2026-03-09 05:08:00+00:00,sushiswap_v2,uniswap_v2,-71.42335497532503,59.64371383527862,0.00045629356762,-132.4026119124588,False,False,train
2026-03-09 05:09:00+00:00,sushiswap_v2,uniswap_v2,-71.42335497532503,59.64371383527862,0.00045629356762,-132.4026119124588,False,False,train
2026-03-09 05:10:00+00:00,sushiswap_v2,uniswap_v2,-71.42335497532503,59.64371383527862,0.00045629356762,-132.4026119124588,False,False,train
2026-03-09 05:11:00+00:00,sushiswap_v2,uniswap_v2,-71.42335497532503,59.64371383527862,0.00045629356762,-132.4026119124588,False,False,train
2026-03-09 05:12:00+00:00,sushiswap_v2,uniswap_v2,-71.42335497532503,59.64371383527862,0.00045629356762,-132.4026119124588,False,False,train
2026-03-09 05:13:00+00:00,sushiswap_v2,uniswap_v2,-71.42335497532503,59.64371383527862,0.00045629356762,-132.4026119124588,False,False,train
2026-03-09 05:14:00+00:00,sushiswap_v2,uniswap_v2,-71.42335497532503,59.64371383527862,0.00045629356762,-132.4026119124588,False,False,train
2026-03-09 05:15:00+00:00,sushiswap_v2,uniswap_v2,-71.42335497532503,59.64371383527862,0.00045629356762,-132.4026119124588,False,False,train
2026-03-09 05:16:00+00:00,sushiswap_v2,uniswap_v2,-71.42335497532503,59.64371383527862,0.00045629356762,-132.4026119124588,False,False,train
2026-03-09 05:17:00+00:00,sushiswap_v2,uniswap_v2,-71.42335497532503,59.64371383527862,0.00045629356762,-132.4026119124588,False,True,train
2026-03-09 05:18:00+00:00,sushiswap_v2,uniswap_v2,-71.42335497532503,59.64371383527862,0.00045629356762,-132.4026119124588,False,True,train
2026-03-09 05:19:00+00:00,sushiswap_v2,uniswap_v2,-71.42335497532503,59.64371383527862,0.00045629356762,-132.4026119124588,False,True,train
2026-03-09 05:20:00+00:00,sushiswap_v2,uniswap_v2,-71.42335497532503,59.64371383527862,0.00045629356762,-132.4026119124588,False,True,train
2026-03-09 05:21:00+00:00,sushiswap_v2,uniswap_v2,-71.42335497532503,59.64371383527862,0.00045629356762,-132.4026119124588,False,True,train
2026-03-09 05:22:00+00:00,sushiswap_v2,uniswap_v2,-71.42335497532503,59.64371383527862,0.00045629356762,-132.4026119124588,False,True,train
2026-03-09 05:23:00+00:00,sushiswap_v2,uniswap_v2,-71.42335497532503,59.64371383527862,0.00045629356762,-132.4026119124588,False,True,train
2026-03-09 05:24:00+00:00,sushiswap_v2,uniswap_v2,-71.42335497532503,59.64371383527862,0.00045629356762,-132.4026119124588,False,True,train
2026-03-09 05:25:00+00:00,sushiswap_v2,uniswap_v2,-71.42335497532503,59.64371383527862,0.00045629356762,-132.4026119124588,False,True,train
2026-03-09 05:26:00+00:00,sushiswap_v2,uniswap_v2,-71.42335497532503,59.64371383527862,0.00045629356762,-132.4026119124588,False,True,train
2026-03-09 05:27:00+00:00,sushiswap_v2,uniswap_v2,-71.42335497532503,59.64371383527862,0.00045629356762,-132.4026119124588,False,True,train
2026-03-09 05:28:00+00:00,sushiswap_v2,uniswap_v2,-71.42335497532503,59.64371383527862,0.00045629356762,-132.4026119124588,False,True,train
2026-03-09 05:29:00+00:00,sushiswap_v2,uniswap_v2,-71.42335497532503,59.64371383527862,0.00045629356762,-132.4026119124588,False,True,train
2026-03-09 05:30:00+00:00,sushiswap_v2,uniswap_v2,-71.42335497532503,59.64371383527862,0.00045629356762,-132.4026119124588,False,True,train
2026-03-09 05:31:00+00:00,sushiswap_v2,uniswap_v2,-71.42335497532503,59.64371383527862,0.00045629356762,-132.4026119124588,False,True,train
2026-03-09 05:32:00+00:00,sushiswap_v2,uniswap_v2,-71.42335497532503,59.64371383527862,0.00045629356762,-132.4026119124588,False,True,train
2026-03-09 05:33:00+00:00,sushiswap_v2,uniswap_v2,-71.42335497532503,59.64371383527862,0.00045629356762,-132.4026119124588,False,True,train
2026-03-09 05:34:00+00:00,sushiswap_v2,uniswap_v2,-71.42335497532503,59.64371383527862,0.00045629356762,-132.4026119124588,False,True,train
2026-03-09 05:35:00+00:00,sushiswap_v2,uniswap_v2,-71.42335497532503,59.64371383527862,0.00045629356762,-132.4026119124588,False,True,train
2026-03-09 05:36:00+00:00,sushiswap_v2,uniswap_v2,-71.42335497532503,59.64371383527862,0.00045629356762,-132.4026119124588,False,True,train
2026-03-09 05:37:00+00:00,sushiswap_v2,uniswap_v2,-71.42335497532503,59.64371383527862,0.00045629356762,-132.4026119124588,False,True,train
2026-03-09 05:38:00+00:00,sushiswap_v2,uniswap_v2,-71.42335497532503,59.64371383527862,0.00045629356762,-132.4026119124588,False,True,train
2026-03-09 05:39:00+00:00,sushiswap_v2,uniswap_v2,-71.42335497532503,59.64371383527862,0.00045629356762,-132.4026119124588,False,True,train
2026-03-09 05:40:00+00:00,sushiswap_v2,uniswap_v2,-71.42335497532503,59.64371383527862,0.00045629356762,-132.4026119124588,False,True,train
2026-03-09 05:41:00+00:00,sushiswap_v2,uniswap_v2,-71.42335497532503,59.64371383527862,0.00045629356762,-132.4026119124588,False,True,train
2026-03-09 05:42:00+00:00,sushiswap_v2,uniswap_v2,-71.54629613862322,59.64334598105552,0.00045481969302,-132.5208712815735,False,True,train
2026-03-09 05:43:00+00:00,sushiswap_v2,uniswap_v2,-71.61318999016191,59.64314582688668,0.00045540491414,-132.58927788503132,False,True,train
2026-03-09 05:44:00+00:00,sushiswap_v2,uniswap_v2,-71.63456668196473,59.643081865347554,0.00045608413862,-132.61257866341413,False,True,train
2026-03-09 05:45:00+00:00,sushiswap_v2,uniswap_v2,-71.63456668196473,59.643081865347554,0.00045608413862,-132.61257866341413,False,True,train
2026-03-09 05:46:00+00:00,sushiswap_v2,uniswap_v2,-71.63456668196473,59.643081865347554,0.00045608413862,-132.61257866341413,False,True,train
2026-03-09 05:47:00+00:00,sushiswap_v2,uniswap_v2,-71.63456668196473,59.643081865347554,0.00045608413862,-132.61257866341413,False,True,train
2026-03-09 05:48:00+00:00,sushiswap_v2,uniswap_v2,-71.63456668196473,59.643081865347554,0.00045608413862,-132.61257866341413,False,True,train
2026-03-09 05:49:00+00:00,sushiswap_v2,uniswap_v2,-71.63456668196473,59.643081865347554,0.00045608413862,-132.61257866341413,False,True,train
2026-03-09 05:50:00+00:00,uniswap_v2,sushiswap_v2,-80.2223355408972,59.482066124886856,0.00045404757728,-141.04015160818656,False,False,train
2026-03-09 05:51:00+00:00,uniswap_v2,sushiswap_v2,-75.12516561066755,59.49726111773941,0.00045804748286,-135.97063838922872,False,False,train
2026-03-09 05:52:00+00:00,uniswap_v2,sushiswap_v2,-75.12516561066755,59.49726111773941,0.00045804748286,-135.97063838922872,False,False,train
2026-03-09 05:53:00+00:00,uniswap_v2,sushiswap_v2,-80.46809106465207,59.48143037254924,0.00045696077988,-141.29520228547662,False,False,train
2026-03-09 05:54:00+00:00,uniswap_v2,sushiswap_v2,-80.42011034209422,59.48160611289742,0.00045664739956,-141.24695185101743,False,False,train
2026-03-09 05:55:00+00:00,uniswap_v2,sushiswap_v2,-80.42011034209422,59.48160611289742,0.00045664739956,-141.24695185101743,False,False,train
2026-03-09 05:56:00+00:00,uniswap_v2,sushiswap_v2,-80.42011034209422,59.48160611289742,0.00045664739956,-141.24695185101743,False,False,train
2026-03-09 05:57:00+00:00,uniswap_v2,sushiswap_v2,-80.42011034209422,59.48160611289742,0.00045664739956,-141.24695185101743,False,False,train
2026-03-09 05:58:00+00:00,uniswap_v2,sushiswap_v2,-80.42011034209422,59.48160611289742,0.00045664739956,-141.24695185101743,False,False,train
2026-03-09 05:59:00+00:00,uniswap_v2,sushiswap_v2,-80.42011034209422,59.48160611289742,0.00045664739956,-141.24695185101743,False,False,train
2026-03-09 06:00:00+00:00,uniswap_v2,sushiswap_v2,-80.42011034209422,59.48160611289742,0.00045664739956,-141.24695185101743,False,False,train
2026-03-09 06:01:00+00:00,uniswap_v2,sushiswap_v2,-80.42011034209422,59.48160611289742,0.00045664739956,-141.24695185101743,False,False,train
2026-03-09 06:02:00+00:00,uniswap_v2,sushiswap_v2,-80.42011034209422,59.48160611289742,0.00045664739956,-141.24695185101743,False,False,train
2026-03-09 06:03:00+00:00,uniswap_v2,sushiswap_v2,-80.42011034209422,59.48160611289742,0.00045664739956,-141.24695185101743,False,False,train
2026-03-09 06:04:00+00:00,uniswap_v2,sushiswap_v2,-80.42011034209422,59.48160611289742,0.00045664739956,-141.24695185101743,False,False,train
2026-03-09 06:05:00+00:00,uniswap_v2,sushiswap_v2,-80.42011034209422,59.48160611289742,0.00045664739956,-141.24695185101743,False,False,train
2026-03-09 06:06:00+00:00,uniswap_v2,sushiswap_v2,-79.0142489310684,59.48582001876087,0.00045709331602,-139.84713989847697,False,False,train
2026-03-09 06:07:00+00:00,uniswap_v2,sushiswap_v2,-79.0142489310684,59.48582001876087,0.00045709331602,-139.84713989847697,False,False,train
2026-03-09 06:08:00+00:00,uniswap_v2,sushiswap_v2,-76.33911289955243,59.49379481333981,0.00045810249386,-137.1833178819618,False,False,train
2026-03-09 06:09:00+00:00,uniswap_v2,sushiswap_v2,-76.33911289955243,59.49379481333981,0.00045810249386,-137.1833178819618,False,False,train
2026-03-09 06:10:00+00:00,uniswap_v2,sushiswap_v2,-77.20879985290843,59.491272282382425,0.0004574680209,-138.04950535664548,False,False,train
2026-03-09 06:11:00+00:00,uniswap_v2,sushiswap_v2,-79.28614685246512,59.48513576098943,0.00045898724168,-140.12572842682675,False,False,train
2026-03-09 06:12:00+00:00,uniswap_v2,sushiswap_v2,-79.28614685246512,59.48513576098943,0.00045898724168,-140.12572842682675,False,False,train
2026-03-09 06:13:00+00:00,uniswap_v2,sushiswap_v2,-79.28614685246512,59.48513576098943,0.00045898724168,-140.12572842682675,False,False,train
2026-03-09 06:14:00+00:00,uniswap_v2,sushiswap_v2,-79.28614685246512,59.48513576098943,0.00045898724168,-140.12572842682675,False,False,train
2026-03-09 06:15:00+00:00,uniswap_v2,sushiswap_v2,-79.86044726779977,59.483435879622405,0.00045645533934,-140.69095474723295,False,False,train
2026-03-09 06:16:00+00:00,uniswap_v2,sushiswap_v2,-78.41696529529095,59.48773903509959,0.0004585858442,-139.25826091056348,False,False,train
2026-03-09 06:17:00+00:00,uniswap_v2,sushiswap_v2,-80.89050188485034,59.48039747801129,0.0004575073624,-141.72140221431806,False,False,train
2026-03-09 06:18:00+00:00,uniswap_v2,sushiswap_v2,-80.89050188485034,59.48039747801129,0.0004575073624,-141.72140221431806,False,False,train
2026-03-09 06:19:00+00:00,uniswap_v2,sushiswap_v2,-80.89050188485034,59.48039747801129,0.0004575073624,-141.72140221431806,False,False,train
2026-03-09 06:20:00+00:00,uniswap_v2,sushiswap_v2,-80.89050188485034,59.48039747801129,0.0004575073624,-141.72140221431806,False,False,train
2026-03-09 06:21:00+00:00,uniswap_v2,sushiswap_v2,-80.89050188485034,59.48039747801129,0.0004575073624,-141.72140221431806,False,False,train
2026-03-09 06:22:00+00:00,uniswap_v2,sushiswap_v2,-80.89050188485034,59.48039747801129,0.0004575073624,-141.72140221431806,False,False,train
2026-03-09 06:23:00+00:00,uniswap_v2,sushiswap_v2,-80.89050188485034,59.48039747801129,0.0004575073624,-141.72140221431806,False,False,train
2026-03-09 06:24:00+00:00,uniswap_v2,sushiswap_v2,-80.89050188485034,59.48039747801129,0.0004575073624,-141.72140221431806,False,False,train
2026-03-09 06:25:00+00:00,uniswap_v2,sushiswap_v2,-80.89050188485034,59.48039747801129,0.0004575073624,-141.72140221431806,False,False,train
2026-03-09 06:26:00+00:00,uniswap_v2,sushiswap_v2,-80.89050188485034,59.48039747801129,0.0004575073624,-141.72140221431806,False,False,train
2026-03-09 06:27:00+00:00,uniswap_v2,sushiswap_v2,-80.89050188485034,59.48039747801129,0.0004575073624,-141.72140221431806,False,False,train
2026-03-09 06:28:00+00:00,uniswap_v2,sushiswap_v2,-80.89050188485034,59.48039747801129,0.0004575073624,-141.72140221431806,False,False,train
2026-03-09 06:29:00+00:00,uniswap_v2,sushiswap_v2,-80.89050188485034,59.48039747801129,0.0004575073624,-141.72140221431806,False,False,train
2026-03-09 06:30:00+00:00,uniswap_v2,sushiswap_v2,-80.89050188485034,59.48039747801129,0.0004575073624,-141.72140221431806,False,False,train
2026-03-09 06:31:00+00:00,uniswap_v2,sushiswap_v2,-80.89050188485034,59.48039747801129,0.0004575073624,-141.72140221431806,False,False,train
2026-03-09 06:32:00+00:00,uniswap_v2,sushiswap_v2,-80.89050188485034,59.48039747801129,0.0004575073624,-141.72140221431806,False,False,train
2026-03-09 06:33:00+00:00,uniswap_v2,sushiswap_v2,-80.89050188485034,59.48039747801129,0.0004575073624,-141.72140221431806,False,True,train
2026-03-09 06:34:00+00:00,uniswap_v2,sushiswap_v2,-80.89050188485034,59.48039747801129,0.0004575073624,-141.72140221431806,False,True,train
2026-03-09 06:35:00+00:00,uniswap_v2,sushiswap_v2,-80.89050188485034,59.48039747801129,0.0004575073624,-141.72140221431806,False,True,train
2026-03-09 06:36:00+00:00,uniswap_v2,sushiswap_v2,-80.89050188485034,59.48039747801129,0.0004575073624,-141.72140221431806,False,True,train
2026-03-09 06:37:00+00:00,uniswap_v2,sushiswap_v2,-80.89050188485034,59.48039747801129,0.0004575073624,-141.72140221431806,False,True,train
2026-03-09 06:38:00+00:00,uniswap_v2,sushiswap_v2,-80.89050188485034,59.48039747801129,0.0004575073624,-141.72140221431806,False,True,train
2026-03-09 06:39:00+00:00,uniswap_v2,sushiswap_v2,-80.89050188485034,59.48039747801129,0.0004575073624,-141.72140221431806,False,True,train
2026-03-09 06:40:00+00:00,uniswap_v2,sushiswap_v2,-80.89050188485034,59.48039747801129,0.0004575073624,-141.72140221431806,False,True,train
2026-03-09 06:41:00+00:00,uniswap_v2,sushiswap_v2,-80.89050188485034,59.48039747801129,0.0004575073624,-141.72140221431806,False,True,train
2026-03-09 06:42:00+00:00,uniswap_v2,sushiswap_v2,-80.89050188485034,59.48039747801129,0.0004575073624,-141.72140221431806,False,True,train
2026-03-09 06:43:00+00:00,uniswap_v2,sushiswap_v2,-80.89050188485034,59.48039747801129,0.0004575073624,-141.72140221431806,False,True,train
2026-03-09 06:44:00+00:00,uniswap_v2,sushiswap_v2,-80.89050188485034,59.48039747801129,0.0004575073624,-141.72140221431806,False,True,train
2026-03-09 06:45:00+00:00,uniswap_v2,sushiswap_v2,-80.89050188485034,59.48039747801129,0.0004575073624,-141.72140221431806,False,True,train
2026-03-09 06:46:00+00:00,uniswap_v2,sushiswap_v2,-80.89050188485034,59.48039747801129,0.0004575073624,-141.72140221431806,False,True,train
2026-03-09 06:47:00+00:00,uniswap_v2,sushiswap_v2,-80.89050188485034,59.48039747801129,0.0004575073624,-141.72140221431806,False,True,train
2026-03-09 06:48:00+00:00,uniswap_v2,sushiswap_v2,-80.89050188485034,59.48039747801129,0.0004575073624,-141.72140221431806,False,True,train
2026-03-09 06:49:00+00:00,uniswap_v2,sushiswap_v2,-80.89050188485034,59.48039747801129,0.0004575073624,-141.72140221431806,False,True,train
2026-03-09 06:50:00+00:00,uniswap_v2,sushiswap_v2,-80.89050188485034,59.48039747801129,0.0004575073624,-141.72140221431806,False,True,train
2026-03-09 06:51:00+00:00,uniswap_v2,sushiswap_v2,-80.89050188485034,59.48039747801129,0.0004575073624,-141.72140221431806,False,True,train
2026-03-09 06:52:00+00:00,uniswap_v2,sushiswap_v2,-80.89050188485034,59.48039747801129,0.0004575073624,-141.72140221431806,False,True,train
2026-03-09 06:53:00+00:00,uniswap_v2,sushiswap_v2,-80.89050188485034,59.48039747801129,0.0004575073624,-141.72140221431806,False,True,train
2026-03-09 06:54:00+00:00,uniswap_v2,sushiswap_v2,-80.89050188485034,59.48039747801129,0.0004575073624,-141.72140221431806,False,True,train
2026-03-09 06:55:00+00:00,uniswap_v2,sushiswap_v2,-80.89050188485034,59.48039747801129,0.0004575073624,-141.72140221431806,False,True,train
2026-03-09 06:56:00+00:00,uniswap_v2,sushiswap_v2,-80.89050188485034,59.48039747801129,0.0004575073624,-141.72140221431806,False,True,train
2026-03-09 06:57:00+00:00,uniswap_v2,sushiswap_v2,-80.89050188485034,59.48039747801129,0.0004575073624,-141.72140221431806,False,True,train
2026-03-09 06:58:00+00:00,uniswap_v2,sushiswap_v2,-80.89050188485034,59.48039747801129,0.0004575073624,-141.72140221431806,False,True,train
2026-03-09 06:59:00+00:00,uniswap_v2,sushiswap_v2,-80.89050188485034,59.48039747801129,0.0004575073624,-141.72140221431806,False,True,train
2026-03-09 07:00:00+00:00,uniswap_v2,sushiswap_v2,-80.89050188485034,59.48039747801129,0.0004575073624,-141.72140221431806,False,True,train
2026-03-09 07:01:00+00:00,uniswap_v2,sushiswap_v2,-80.89050188485034,59.48039747801129,0.0004575073624,-141.72140221431806,False,True,train
2026-03-09 07:02:00+00:00,uniswap_v2,sushiswap_v2,-80.89050188485034,59.48039747801129,0.0004575073624,-141.72140221431806,False,True,train
2026-03-09 07:03:00+00:00,uniswap_v2,sushiswap_v2,-79.25536994712252,59.48521173097198,0.00045959292258,-140.0965871844283,False,False,train
2026-03-09 07:04:00+00:00,sushiswap_v2,uniswap_v2,-79.20524851418872,59.62050546731647,0.00046254587478,-140.1835583170688,False,False,train
2026-03-09 07:05:00+00:00,uniswap_v2,sushiswap_v2,-80.70804633418399,59.480769145766885,0.00046198904664,-141.5500513326924,False,False,train
2026-03-09 07:06:00+00:00,uniswap_v2,sushiswap_v2,-80.51067871996933,59.48129261817072,0.00046014030128,-141.3468425877678,False,False,train
2026-03-09 07:07:00+00:00,uniswap_v2,sushiswap_v2,-80.51374824835224,59.481254875131405,0.00046236455628,-141.35600542495692,False,False,train
2026-03-09 07:08:00+00:00,sushiswap_v2,uniswap_v2,-79.33944793322028,59.620055114661675,0.00046098096506,-140.31016478047044,False,False,train
2026-03-09 07:09:00+00:00,uniswap_v2,sushiswap_v2,-80.79110923328395,59.48040374092063,0.00045754293112,-141.6179334772668,False,False,train
2026-03-09 07:10:00+00:00,sushiswap_v2,uniswap_v2,-79.48776622506932,59.61959700491929,0.00045946794938,-140.45284777903848,False,False,train
2026-03-09 07:11:00+00:00,uniswap_v2,sushiswap_v2,-80.55164965186248,59.48104528225926,0.00045669766912,-141.37561832562363,False,False,train
2026-03-09 07:12:00+00:00,uniswap_v2,sushiswap_v2,-80.49262478041693,59.48116881853431,0.00045747884644,-141.31826588451966,False,False,train
2026-03-09 07:13:00+00:00,uniswap_v2,sushiswap_v2,-80.63502476068292,59.480713109735674,0.0004563633019,-141.45646362738364,False,False,train
2026-03-09 07:14:00+00:00,uniswap_v2,sushiswap_v2,-80.63502476068292,59.480713109735674,0.0004563633019,-141.45646362738364,False,False,train
2026-03-09 07:15:00+00:00,uniswap_v2,sushiswap_v2,-80.63502476068292,59.480713109735674,0.0004563633019,-141.45646362738364,False,False,train
2026-03-09 07:16:00+00:00,uniswap_v2,sushiswap_v2,-80.63502476068292,59.480713109735674,0.0004563633019,-141.45646362738364,False,False,train
2026-03-09 07:17:00+00:00,uniswap_v2,sushiswap_v2,-80.63502476068292,59.480713109735674,0.0004563633019,-141.45646362738364,False,False,train
2026-03-09 07:18:00+00:00,sushiswap_v2,uniswap_v2,-79.57771932339979,59.61929174928802,0.00045184056632,-140.51831796982012,False,False,train
2026-03-09 07:19:00+00:00,sushiswap_v2,uniswap_v2,-79.57771932339979,59.61929174928802,0.00045184056632,-140.51831796982012,False,False,train
2026-03-09 07:20:00+00:00,uniswap_v2,sushiswap_v2,-80.59657055971479,59.48079924715342,0.00045494757682,-141.41353324268997,False,False,train
2026-03-09 07:21:00+00:00,uniswap_v2,sushiswap_v2,-80.59657055971479,59.48079924715342,0.00045494757682,-141.41353324268997,False,False,train
2026-03-09 07:22:00+00:00,uniswap_v2,sushiswap_v2,-80.59657055971479,59.48079924715342,0.00045494757682,-141.41353324268997,False,False,train
2026-03-09 07:23:00+00:00,uniswap_v2,sushiswap_v2,-80.59657055971479,59.48079924715342,0.00045494757682,-141.41353324268997,False,False,train
2026-03-09 07:24:00+00:00,uniswap_v2,sushiswap_v2,-80.59657055971479,59.48079924715342,0.00045494757682,-141.41353324268997,False,False,train
2026-03-09 07:25:00+00:00,uniswap_v2,sushiswap_v2,-80.59657055971479,59.48079924715342,0.00045494757682,-141.41353324268997,False,False,train
2026-03-09 07:26:00+00:00,uniswap_v2,sushiswap_v2,-80.59657055971479,59.48079924715342,0.00045494757682,-141.41353324268997,False,False,train
2026-03-09 07:27:00+00:00,uniswap_v2,sushiswap_v2,-80.59657055971479,59.48079924715342,0.00045494757682,-141.41353324268997,False,False,train
2026-03-09 07:28:00+00:00,uniswap_v2,sushiswap_v2,-80.59657055971479,59.48079924715342,0.00045494757682,-141.41353324268997,False,False,train
2026-03-09 07:29:00+00:00,uniswap_v2,sushiswap_v2,-80.59657055971479,59.48079924715342,0.00045494757682,-141.41353324268997,False,False,train
2026-03-09 07:30:00+00:00,uniswap_v2,sushiswap_v2,-80.59657055971479,59.48079924715342,0.00045494757682,-141.41353324268997,False,False,train
2026-03-09 07:31:00+00:00,uniswap_v2,sushiswap_v2,-80.59657055971479,59.48079924715342,0.00045494757682,-141.41353324268997,False,False,train
2026-03-09 07:32:00+00:00,uniswap_v2,sushiswap_v2,-80.59657055971479,59.48079924715342,0.00045494757682,-141.41353324268997,False,False,train
2026-03-09 07:33:00+00:00,uniswap_v2,sushiswap_v2,-80.59657055971479,59.48079924715342,0.00045494757682,-141.41353324268997,False,False,train
2026-03-09 07:34:00+00:00,uniswap_v2,sushiswap_v2,-80.59657055971479,59.48079924715342,0.00045494757682,-141.41353324268997,False,False,train
2026-03-09 07:35:00+00:00,uniswap_v2,sushiswap_v2,-80.59657055971479,59.48079924715342,0.00045494757682,-141.41353324268997,False,False,train
2026-03-09 07:36:00+00:00,uniswap_v2,sushiswap_v2,-80.59657055971479,59.48079924715342,0.00045494757682,-141.41353324268997,False,True,train
2026-03-09 07:37:00+00:00,uniswap_v2,sushiswap_v2,-80.59657055971479,59.48079924715342,0.00045494757682,-141.41353324268997,False,True,train
2026-03-09 07:38:00+00:00,uniswap_v2,sushiswap_v2,-80.59657055971479,59.48079924715342,0.00045494757682,-141.41353324268997,False,True,train
2026-03-09 07:39:00+00:00,uniswap_v2,sushiswap_v2,-80.59657055971479,59.48079924715342,0.00045494757682,-141.41353324268997,False,True,train
2026-03-09 07:40:00+00:00,uniswap_v2,sushiswap_v2,-80.59657055971479,59.48079924715342,0.00045494757682,-141.41353324268997,False,True,train
2026-03-09 07:41:00+00:00,uniswap_v2,sushiswap_v2,-80.59657055971479,59.48079924715342,0.00045494757682,-141.41353324268997,False,True,train
2026-03-09 07:42:00+00:00,uniswap_v2,sushiswap_v2,-80.59657055971479,59.48079924715342,0.00045494757682,-141.41353324268997,False,True,train
2026-03-09 07:43:00+00:00,uniswap_v2,sushiswap_v2,-80.59657055971479,59.48079924715342,0.00045494757682,-141.41353324268997,False,True,train
2026-03-09 07:44:00+00:00,uniswap_v2,sushiswap_v2,-80.59657055971479,59.48079924715342,0.00045494757682,-141.41353324268997,False,True,train
2026-03-09 07:45:00+00:00,uniswap_v2,sushiswap_v2,-80.59657055971479,59.48079924715342,0.00045494757682,-141.41353324268997,False,True,train
2026-03-09 07:46:00+00:00,uniswap_v2,sushiswap_v2,-80.59657055971479,59.48079924715342,0.00045494757682,-141.41353324268997,False,True,train
2026-03-09 07:47:00+00:00,uniswap_v2,sushiswap_v2,-80.59657055971479,59.48079924715342,0.00045494757682,-141.41353324268997,False,True,train
2026-03-09 07:48:00+00:00,uniswap_v2,sushiswap_v2,-80.59657055971479,59.48079924715342,0.00045494757682,-141.41353324268997,False,True,train
2026-03-09 07:49:00+00:00,uniswap_v2,sushiswap_v2,-80.59657055971479,59.48079924715342,0.00045494757682,-141.41353324268997,False,True,train
2026-03-09 07:50:00+00:00,uniswap_v2,sushiswap_v2,-80.59657055971479,59.48079924715342,0.00045494757682,-141.41353324268997,False,True,train
2026-03-09 07:51:00+00:00,uniswap_v2,sushiswap_v2,-80.59657055971479,59.48079924715342,0.00045494757682,-141.41353324268997,False,True,train
2026-03-09 07:52:00+00:00,uniswap_v2,sushiswap_v2,-80.59657055971479,59.48079924715342,0.00045494757682,-141.41353324268997,False,True,train
2026-03-09 07:53:00+00:00,uniswap_v2,sushiswap_v2,-80.59657055971479,59.48079924715342,0.00045494757682,-141.41353324268997,False,True,train
2026-03-09 07:54:00+00:00,uniswap_v2,sushiswap_v2,-80.59657055971479,59.48079924715342,0.00045494757682,-141.41353324268997,False,True,train
2026-03-09 07:55:00+00:00,uniswap_v2,sushiswap_v2,-80.59657055971479,59.48079924715342,0.00045494757682,-141.41353324268997,False,True,train
2026-03-09 07:56:00+00:00,uniswap_v2,sushiswap_v2,-80.59657055971479,59.48079924715342,0.00045494757682,-141.41353324268997,False,True,train
2026-03-09 07:57:00+00:00,uniswap_v2,sushiswap_v2,-80.59657055971479,59.48079924715342,0.00045494757682,-141.41353324268997,False,True,train
2026-03-09 07:58:00+00:00,uniswap_v2,sushiswap_v2,-80.59657055971479,59.48079924715342,0.00045494757682,-141.41353324268997,False,True,train
2026-03-09 07:59:00+00:00,uniswap_v2,sushiswap_v2,-80.59657055971479,59.48079924715342,0.00045494757682,-141.41353324268997,False,True,train
2026-03-09 08:00:00+00:00,uniswap_v2,sushiswap_v2,-80.59657055971479,59.48079924715342,0.00045494757682,-141.41353324268997,False,True,train
2026-03-09 08:01:00+00:00,uniswap_v2,sushiswap_v2,-80.59657055971479,59.48079924715342,0.00045494757682,-141.41353324268997,False,True,train
2026-03-09 08:02:00+00:00,uniswap_v2,sushiswap_v2,-80.59657055971479,59.48079924715342,0.00045494757682,-141.41353324268997,False,True,train
2026-03-09 08:03:00+00:00,uniswap_v2,sushiswap_v2,-80.59657055971479,59.48079924715342,0.00045494757682,-141.41353324268997,False,True,train
2026-03-09 08:04:00+00:00,uniswap_v2,sushiswap_v2,-80.65338159778138,59.48062989064731,0.00044854084264,-141.4513510260936,False,True,train
2026-03-09 08:05:00+00:00,uniswap_v2,sushiswap_v2,-80.70451017918947,59.48044896724204,0.000448918239,-141.50299737993748,False,False,train
2026-03-09 08:06:00+00:00,uniswap_v2,sushiswap_v2,-80.70451017918947,59.48044896724204,0.000448918239,-141.50299737993748,False,False,train
2026-03-09 08:07:00+00:00,uniswap_v2,sushiswap_v2,-80.70451017918947,59.48044896724204,0.000448918239,-141.50299737993748,False,False,train
2026-03-09 08:08:00+00:00,uniswap_v2,sushiswap_v2,-80.70451017918947,59.48044896724204,0.000448918239,-141.50299737993748,False,False,train
2026-03-09 08:09:00+00:00,uniswap_v2,sushiswap_v2,-80.70451017918947,59.48044896724204,0.000448918239,-141.50299737993748,False,False,train
2026-03-09 08:10:00+00:00,uniswap_v2,sushiswap_v2,-80.70451017918947,59.48044896724204,0.000448918239,-141.50299737993748,False,False,train
2026-03-09 08:11:00+00:00,uniswap_v2,sushiswap_v2,-80.70451017918947,59.48044896724204,0.000448918239,-141.50299737993748,False,False,train
2026-03-09 08:12:00+00:00,uniswap_v2,sushiswap_v2,-80.70451017918947,59.48044896724204,0.000448918239,-141.50299737993748,False,False,train
2026-03-09 08:13:00+00:00,uniswap_v2,sushiswap_v2,-80.70451017918947,59.48044896724204,0.000448918239,-141.50299737993748,False,False,train
2026-03-09 08:14:00+00:00,uniswap_v2,sushiswap_v2,-80.70451017918947,59.48044896724204,0.000448918239,-141.50299737993748,False,False,train
2026-03-09 08:15:00+00:00,uniswap_v2,sushiswap_v2,-80.70451017918947,59.48044896724204,0.000448918239,-141.50299737993748,False,False,train
2026-03-09 08:16:00+00:00,uniswap_v2,sushiswap_v2,-80.70451017918947,59.48044896724204,0.000448918239,-141.50299737993748,False,False,train
2026-03-09 08:17:00+00:00,uniswap_v2,sushiswap_v2,-80.70451017918947,59.48044896724204,0.000448918239,-141.50299737993748,False,False,train
2026-03-09 08:18:00+00:00,uniswap_v2,sushiswap_v2,-80.70451017918947,59.48044896724204,0.000448918239,-141.50299737993748,False,False,train
2026-03-09 08:19:00+00:00,uniswap_v2,sushiswap_v2,-80.70451017918947,59.48044896724204,0.000448918239,-141.50299737993748,False,False,train
2026-03-09 08:20:00+00:00,uniswap_v2,sushiswap_v2,-80.70451017918947,59.48044896724204,0.000448918239,-141.50299737993748,False,False,train
2026-03-09 08:21:00+00:00,uniswap_v2,sushiswap_v2,-80.70451017918947,59.48044896724204,0.000448918239,-141.50299737993748,False,True,train
2026-03-09 08:22:00+00:00,uniswap_v2,sushiswap_v2,-80.70451017918947,59.48044896724204,0.000448918239,-141.50299737993748,False,True,train
2026-03-09 08:23:00+00:00,uniswap_v2,sushiswap_v2,-80.70451017918947,59.48044896724204,0.000448918239,-141.50299737993748,False,True,train
2026-03-09 08:24:00+00:00,uniswap_v2,sushiswap_v2,-80.70451017918947,59.48044896724204,0.000448918239,-141.50299737993748,False,True,train
2026-03-09 08:25:00+00:00,uniswap_v2,sushiswap_v2,-80.70451017918947,59.48044896724204,0.000448918239,-141.50299737993748,False,True,train
2026-03-09 08:26:00+00:00,uniswap_v2,sushiswap_v2,-80.70451017918947,59.48044896724204,0.000448918239,-141.50299737993748,False,True,train
2026-03-09 08:27:00+00:00,uniswap_v2,sushiswap_v2,-80.70451017918947,59.48044896724204,0.000448918239,-141.50299737993748,False,True,train
2026-03-09 08:28:00+00:00,uniswap_v2,sushiswap_v2,-80.70451017918947,59.48044896724204,0.000448918239,-141.50299737993748,False,True,train
2026-03-09 08:29:00+00:00,uniswap_v2,sushiswap_v2,-80.70451017918947,59.48044896724204,0.000448918239,-141.50299737993748,False,True,train
2026-03-09 08:30:00+00:00,uniswap_v2,sushiswap_v2,-80.70451017918947,59.48044896724204,0.000448918239,-141.50299737993748,False,True,train
2026-03-09 08:31:00+00:00,uniswap_v2,sushiswap_v2,-80.70451017918947,59.48044896724204,0.000448918239,-141.50299737993748,False,True,train
2026-03-09 08:32:00+00:00,uniswap_v2,sushiswap_v2,-80.70451017918947,59.48044896724204,0.000448918239,-141.50299737993748,False,True,train
2026-03-09 08:33:00+00:00,uniswap_v2,sushiswap_v2,-80.70451017918947,59.48044896724204,0.000448918239,-141.50299737993748,False,True,train
2026-03-09 08:34:00+00:00,uniswap_v2,sushiswap_v2,-80.70451017918947,59.48044896724204,0.000448918239,-141.50299737993748,False,True,train
2026-03-09 08:35:00+00:00,uniswap_v2,sushiswap_v2,-80.70451017918947,59.48044896724204,0.000448918239,-141.50299737993748,False,True,train
2026-03-09 08:36:00+00:00,uniswap_v2,sushiswap_v2,-80.70451017918947,59.48044896724204,0.000448918239,-141.50299737993748,False,True,train
2026-03-09 08:37:00+00:00,uniswap_v2,sushiswap_v2,-80.70451017918947,59.48044896724204,0.000448918239,-141.50299737993748,False,True,train
2026-03-09 08:38:00+00:00,uniswap_v2,sushiswap_v2,-80.70451017918947,59.48044896724204,0.000448918239,-141.50299737993748,False,True,train
2026-03-09 08:39:00+00:00,uniswap_v2,sushiswap_v2,-80.70451017918947,59.48044896724204,0.000448918239,-141.50299737993748,False,True,train
2026-03-09 08:40:00+00:00,uniswap_v2,sushiswap_v2,-80.70451017918947,59.48044896724204,0.000448918239,-141.50299737993748,False,True,train
2026-03-09 08:41:00+00:00,uniswap_v2,sushiswap_v2,-80.70451017918947,59.48044896724204,0.000448918239,-141.50299737993748,False,True,train
2026-03-09 08:42:00+00:00,uniswap_v2,sushiswap_v2,-80.70451017918947,59.48044896724204,0.000448918239,-141.50299737993748,False,True,train
2026-03-09 08:43:00+00:00,uniswap_v2,sushiswap_v2,-80.70451017918947,59.48044896724204,0.000448918239,-141.50299737993748,False,True,train
2026-03-09 08:44:00+00:00,uniswap_v2,sushiswap_v2,-80.70451017918947,59.48044896724204,0.000448918239,-141.50299737993748,False,True,train
2026-03-09 08:45:00+00:00,uniswap_v2,sushiswap_v2,-80.70451017918947,59.48044896724204,0.000448918239,-141.50299737993748,False,True,train
2026-03-09 08:46:00+00:00,uniswap_v2,sushiswap_v2,-80.70451017918947,59.48044896724204,0.000448918239,-141.50299737993748,False,True,train
2026-03-09 08:47:00+00:00,uniswap_v2,sushiswap_v2,-80.70451017918947,59.48044896724204,0.000448918239,-141.50299737993748,False,True,train
2026-03-09 08:48:00+00:00,uniswap_v2,sushiswap_v2,-80.70450856156931,59.480448972065,0.00044773932676,-141.49953444350774,False,True,train
2026-03-09 08:49:00+00:00,uniswap_v2,sushiswap_v2,-80.70450856156931,59.480448972065,0.00044773932676,-141.49953444350774,False,True,train
2026-03-09 08:50:00+00:00,uniswap_v2,sushiswap_v2,-80.70450856156931,59.480448972065,0.00044773932676,-141.49953444350774,False,True,train
2026-03-09 08:51:00+00:00,uniswap_v2,sushiswap_v2,-80.70450856156931,59.480448972065,0.00044773932676,-141.49953444350774,False,True,train
2026-03-09 08:52:00+00:00,uniswap_v2,sushiswap_v2,-80.70450856156931,59.480448972065,0.00044773932676,-141.49953444350774,False,True,train
2026-03-09 08:53:00+00:00,uniswap_v2,sushiswap_v2,-80.70450856156931,59.480448972065,0.00044773932676,-141.49953444350774,False,True,train
2026-03-09 08:54:00+00:00,uniswap_v2,sushiswap_v2,-80.70450856156931,59.480448972065,0.00044773932676,-141.49953444350774,False,True,train
2026-03-09 08:55:00+00:00,uniswap_v2,sushiswap_v2,-80.70450856156931,59.480448972065,0.00044773932676,-141.49953444350774,False,True,train
2026-03-09 08:56:00+00:00,uniswap_v2,sushiswap_v2,-80.70450856156931,59.480448972065,0.00044773932676,-141.49953444350774,False,True,train
2026-03-09 08:57:00+00:00,uniswap_v2,sushiswap_v2,-80.70450856156931,59.480448972065,0.00044773932676,-141.49953444350774,False,True,train
2026-03-09 08:58:00+00:00,uniswap_v2,sushiswap_v2,-80.70450856156931,59.480448972065,0.00044773932676,-141.49953444350774,False,True,train
2026-03-09 08:59:00+00:00,uniswap_v2,sushiswap_v2,-80.70450856156931,59.480448972065,0.00044773932676,-141.49953444350774,False,True,train
2026-03-09 09:00:00+00:00,uniswap_v2,sushiswap_v2,-80.70450856156931,59.480448972065,0.00044773932676,-141.49953444350774,False,True,train
2026-03-09 09:01:00+00:00,uniswap_v2,sushiswap_v2,-80.70450856156931,59.480448972065,0.00044773932676,-141.49953444350774,False,True,train
2026-03-09 09:02:00+00:00,uniswap_v2,sushiswap_v2,-80.70450856156931,59.480448972065,0.00044773932676,-141.49953444350774,False,True,train
2026-03-09 09:03:00+00:00,uniswap_v2,sushiswap_v2,-80.70450856156931,59.480448972065,0.00044773932676,-141.49953444350774,False,True,train
2026-03-09 09:04:00+00:00,uniswap_v2,sushiswap_v2,-80.70450856156931,59.480448972065,0.00044773932676,-141.49953444350774,False,True,train
2026-03-09 09:05:00+00:00,uniswap_v2,sushiswap_v2,-80.70450856156931,59.480448972065,0.00044773932676,-141.49953444350774,False,True,train
2026-03-09 09:06:00+00:00,uniswap_v2,sushiswap_v2,-80.70450856156931,59.480448972065,0.00044773932676,-141.49953444350774,False,True,train
2026-03-09 09:07:00+00:00,uniswap_v2,sushiswap_v2,-80.70450856156931,59.480448972065,0.00044773932676,-141.49953444350774,False,True,train
2026-03-09 09:08:00+00:00,uniswap_v2,sushiswap_v2,-80.70450856156931,59.480448972065,0.00044773932676,-141.49953444350774,False,True,train
2026-03-09 09:09:00+00:00,uniswap_v2,sushiswap_v2,-80.24464517320187,59.481819846174865,0.00044863561666,-141.04373471659298,False,True,train
2026-03-09 09:10:00+00:00,uniswap_v2,sushiswap_v2,-80.24464517320187,59.481819846174865,0.00044863561666,-141.04373471659298,False,True,train
2026-03-09 09:11:00+00:00,uniswap_v2,sushiswap_v2,-80.24464517320187,59.481819846174865,0.00044863561666,-141.04373471659298,False,True,train
2026-03-09 09:12:00+00:00,uniswap_v2,sushiswap_v2,-80.23999254701992,59.481833715869556,0.00044848157948,-141.03864430050896,False,True,train
2026-03-09 09:13:00+00:00,uniswap_v2,sushiswap_v2,-80.23999254701992,59.481833715869556,0.00044848157948,-141.03864430050896,False,True,train
2026-03-09 09:14:00+00:00,uniswap_v2,sushiswap_v2,-80.23999254701992,59.481833715869556,0.00044848157948,-141.03864430050896,False,True,train
2026-03-09 09:15:00+00:00,uniswap_v2,sushiswap_v2,-80.23999254701992,59.481833715869556,0.00044848157948,-141.03864430050896,False,True,train
2026-03-09 09:16:00+00:00,uniswap_v2,sushiswap_v2,-80.23999254701992,59.481833715869556,0.00044848157948,-141.03864430050896,False,True,train
2026-03-09 09:17:00+00:00,uniswap_v2,sushiswap_v2,-80.23999254701992,59.481833715869556,0.00044848157948,-141.03864430050896,False,True,train
2026-03-09 09:18:00+00:00,uniswap_v2,sushiswap_v2,-80.23999254701992,59.481833715869556,0.00044848157948,-141.03864430050896,False,True,train
2026-03-09 09:19:00+00:00,uniswap_v2,sushiswap_v2,-80.23999254701992,59.481833715869556,0.00044848157948,-141.03864430050896,False,True,train
2026-03-09 09:20:00+00:00,uniswap_v2,sushiswap_v2,-80.23999254701992,59.481833715869556,0.00044848157948,-141.03864430050896,False,True,train
2026-03-09 09:21:00+00:00,uniswap_v2,sushiswap_v2,-80.23999254701992,59.481833715869556,0.00044848157948,-141.03864430050896,False,True,train
2026-03-09 09:22:00+00:00,uniswap_v2,sushiswap_v2,-80.23999254701992,59.481833715869556,0.00044848157948,-141.03864430050896,False,True,train
2026-03-09 09:23:00+00:00,uniswap_v2,sushiswap_v2,-80.23999254701992,59.481833715869556,0.00044848157948,-141.03864430050896,False,True,train
2026-03-09 09:24:00+00:00,uniswap_v2,sushiswap_v2,-80.23999254701992,59.481833715869556,0.00044848157948,-141.03864430050896,False,True,train
2026-03-09 09:25:00+00:00,uniswap_v2,sushiswap_v2,-80.23999254701992,59.481833715869556,0.00044848157948,-141.03864430050896,False,True,train
2026-03-09 09:26:00+00:00,uniswap_v2,sushiswap_v2,-80.23999254701992,59.481833715869556,0.00044848157948,-141.03864430050896,False,True,train
2026-03-09 09:27:00+00:00,uniswap_v2,sushiswap_v2,-80.23999254701992,59.481833715869556,0.00044848157948,-141.03864430050896,False,True,train
2026-03-09 09:28:00+00:00,uniswap_v2,sushiswap_v2,-80.23999254701992,59.481833715869556,0.00044848157948,-141.03864430050896,False,True,train
2026-03-09 09:29:00+00:00,uniswap_v2,sushiswap_v2,-80.23999254701992,59.481833715869556,0.00044848157948,-141.03864430050896,False,True,train
2026-03-09 09:30:00+00:00,uniswap_v2,sushiswap_v2,-80.23999254701992,59.481833715869556,0.00044848157948,-141.03864430050896,False,True,train
2026-03-09 09:31:00+00:00,uniswap_v2,sushiswap_v2,-80.23999254701992,59.481833715869556,0.00044848157948,-141.03864430050896,False,True,train
2026-03-09 09:32:00+00:00,uniswap_v2,sushiswap_v2,-80.23999254701992,59.481833715869556,0.00044848157948,-141.03864430050896,False,True,train
2026-03-09 09:33:00+00:00,uniswap_v2,sushiswap_v2,-80.23747657893117,59.48184121608737,0.00045705584848,-141.06131168312783,False,True,train
2026-03-09 09:34:00+00:00,uniswap_v2,sushiswap_v2,-80.23747657893117,59.48184121608737,0.00045705584848,-141.06131168312783,False,True,train
2026-03-09 09:35:00+00:00,uniswap_v2,sushiswap_v2,-78.52982077032914,59.48703346060529,0.00046514572434,-139.38432202259582,False,False,train
2026-03-09 09:36:00+00:00,uniswap_v2,sushiswap_v2,-78.52982077032914,59.48703346060529,0.00046514572434,-139.38432202259582,False,False,train
2026-03-09 09:37:00+00:00,uniswap_v2,sushiswap_v2,-78.52982077032914,59.48703346060529,0.00046514572434,-139.38432202259582,False,False,train
2026-03-09 09:38:00+00:00,uniswap_v2,sushiswap_v2,-78.52982077032914,59.48703346060529,0.00046514572434,-139.38432202259582,False,False,train
2026-03-09 09:39:00+00:00,uniswap_v2,sushiswap_v2,-78.52982077032914,59.48703346060529,0.00046514572434,-139.38432202259582,False,False,train
2026-03-09 09:40:00+00:00,uniswap_v2,sushiswap_v2,-78.52982077032914,59.48703346060529,0.00046514572434,-139.38432202259582,False,False,train
2026-03-09 09:41:00+00:00,uniswap_v2,sushiswap_v2,-78.52982077032914,59.48703346060529,0.00046514572434,-139.38432202259582,False,False,train
2026-03-09 09:42:00+00:00,uniswap_v2,sushiswap_v2,-78.48728101851333,59.487160274017384,0.00046156618002,-139.33139152627527,False,False,train
2026-03-09 09:43:00+00:00,uniswap_v2,sushiswap_v2,-78.48728101851333,59.487160274017384,0.00046156618002,-139.33139152627527,False,False,train
2026-03-09 09:44:00+00:00,uniswap_v2,sushiswap_v2,-78.48728101851333,59.487160274017384,0.00046156618002,-139.33139152627527,False,False,train
2026-03-09 09:45:00+00:00,uniswap_v2,sushiswap_v2,-78.48728101851333,59.487160274017384,0.00046156618002,-139.33139152627527,False,False,train
2026-03-09 09:46:00+00:00,uniswap_v2,sushiswap_v2,-78.48728101851333,59.487160274017384,0.00046156618002,-139.33139152627527,False,False,train
2026-03-09 09:47:00+00:00,uniswap_v2,sushiswap_v2,-78.48728101851333,59.487160274017384,0.00046156618002,-139.33139152627527,False,False,train
2026-03-09 09:48:00+00:00,uniswap_v2,sushiswap_v2,-78.48728101851333,59.487160274017384,0.00046156618002,-139.33139152627527,False,False,train
2026-03-09 09:49:00+00:00,uniswap_v2,sushiswap_v2,-78.48728101851333,59.487160274017384,0.00046156618002,-139.33139152627527,False,False,train
2026-03-09 09:50:00+00:00,uniswap_v2,sushiswap_v2,-78.4777295620938,59.48718874744964,0.00045985359992,-139.3168350648372,False,False,train
2026-03-09 09:51:00+00:00,uniswap_v2,sushiswap_v2,-78.4777295620938,59.48718874744964,0.00045985359992,-139.3168350648372,False,True,train
2026-03-09 09:52:00+00:00,uniswap_v2,sushiswap_v2,-78.4777295620938,59.48718874744964,0.00045985359992,-139.3168350648372,False,True,train
2026-03-09 09:53:00+00:00,uniswap_v2,sushiswap_v2,-78.4777295620938,59.48718874744964,0.00045985359992,-139.3168350648372,False,True,train
2026-03-09 09:54:00+00:00,uniswap_v2,sushiswap_v2,-78.4777295620938,59.48718874744964,0.00045985359992,-139.3168350648372,False,True,train
2026-03-09 09:55:00+00:00,uniswap_v2,sushiswap_v2,-78.4777295620938,59.48718874744964,0.00045985359992,-139.3168350648372,False,True,train
2026-03-09 09:56:00+00:00,uniswap_v2,sushiswap_v2,-78.4777295620938,59.48718874744964,0.00045985359992,-139.3168350648372,False,True,train
2026-03-09 09:57:00+00:00,uniswap_v2,sushiswap_v2,-78.4777295620938,59.48718874744964,0.00045985359992,-139.3168350648372,False,True,train
2026-03-09 09:58:00+00:00,uniswap_v2,sushiswap_v2,-78.4777295620938,59.48718874744964,0.00045985359992,-139.3168350648372,False,True,train
2026-03-09 09:59:00+00:00,uniswap_v2,sushiswap_v2,-78.4777295620938,59.48718874744964,0.00045985359992,-139.3168350648372,False,True,train
2026-03-09 10:00:00+00:00,uniswap_v2,sushiswap_v2,-78.4777295620938,59.48718874744964,0.00045985359992,-139.3168350648372,False,True,train
2026-03-09 10:01:00+00:00,uniswap_v2,sushiswap_v2,-78.4777295620938,59.48718874744964,0.00045985359992,-139.3168350648372,False,True,train
2026-03-09 10:02:00+00:00,uniswap_v2,sushiswap_v2,-78.4777295620938,59.48718874744964,0.00045985359992,-139.3168350648372,False,True,train
2026-03-09 10:03:00+00:00,uniswap_v2,sushiswap_v2,-78.4777295620938,59.48718874744964,0.00045985359992,-139.3168350648372,False,True,train
2026-03-09 10:04:00+00:00,uniswap_v2,sushiswap_v2,-78.4777295620938,59.48718874744964,0.00045985359992,-139.3168350648372,False,True,train
2026-03-09 10:05:00+00:00,uniswap_v2,sushiswap_v2,-78.4777295620938,59.48718874744964,0.00045985359992,-139.3168350648372,False,True,train
2026-03-09 10:06:00+00:00,uniswap_v2,sushiswap_v2,-78.4777295620938,59.48718874744964,0.00045985359992,-139.3168350648372,False,True,train
2026-03-09 10:07:00+00:00,uniswap_v2,sushiswap_v2,-78.4777295620938,59.48718874744964,0.00045985359992,-139.3168350648372,False,True,train
2026-03-09 10:08:00+00:00,uniswap_v2,sushiswap_v2,-78.4777295620938,59.48718874744964,0.00045985359992,-139.3168350648372,False,True,train
2026-03-09 10:09:00+00:00,uniswap_v2,sushiswap_v2,-78.4777295620938,59.48718874744964,0.00045985359992,-139.3168350648372,False,True,train
2026-03-09 10:10:00+00:00,uniswap_v2,sushiswap_v2,-78.4777295620938,59.48718874744964,0.00045985359992,-139.3168350648372,False,True,train
2026-03-09 10:11:00+00:00,uniswap_v2,sushiswap_v2,-78.4777295620938,59.48718874744964,0.00045985359992,-139.3168350648372,False,True,train
2026-03-09 10:12:00+00:00,uniswap_v2,sushiswap_v2,-78.4777295620938,59.48718874744964,0.00045985359992,-139.3168350648372,False,True,train
2026-03-09 10:13:00+00:00,uniswap_v2,sushiswap_v2,-78.4777295620938,59.48718874744964,0.00045985359992,-139.3168350648372,False,True,train
2026-03-09 10:14:00+00:00,uniswap_v2,sushiswap_v2,-78.4777295620938,59.48718874744964,0.00045985359992,-139.3168350648372,False,True,train
2026-03-09 10:15:00+00:00,uniswap_v2,sushiswap_v2,-78.4777295620938,59.48718874744964,0.00045985359992,-139.3168350648372,False,True,train
2026-03-09 10:16:00+00:00,uniswap_v2,sushiswap_v2,-78.4777295620938,59.48718874744964,0.00045985359992,-139.3168350648372,False,True,train
2026-03-09 10:17:00+00:00,uniswap_v2,sushiswap_v2,-78.4777295620938,59.48718874744964,0.00045985359992,-139.3168350648372,False,True,train
2026-03-09 10:18:00+00:00,uniswap_v2,sushiswap_v2,-78.4777295620938,59.48718874744964,0.00045985359992,-139.3168350648372,False,True,train
2026-03-09 10:19:00+00:00,uniswap_v2,sushiswap_v2,-78.47772503516352,59.48718876094502,0.00045132965218,-139.2917711248941,False,True,train
2026-03-09 10:20:00+00:00,uniswap_v2,sushiswap_v2,-78.47772503516352,59.48718876094502,0.00045132965218,-139.2917711248941,False,True,train
2026-03-09 10:21:00+00:00,uniswap_v2,sushiswap_v2,-78.47772503516352,59.48718876094502,0.00045132965218,-139.2917711248941,False,True,train
2026-03-09 10:22:00+00:00,uniswap_v2,sushiswap_v2,-78.47772503516352,59.48718876094502,0.00045132965218,-139.2917711248941,False,True,train
2026-03-09 10:23:00+00:00,uniswap_v2,sushiswap_v2,-78.47772503516352,59.48718876094502,0.00045132965218,-139.2917711248941,False,True,train
2026-03-09 10:24:00+00:00,uniswap_v2,sushiswap_v2,-78.47772503516352,59.48718876094502,0.00045132965218,-139.2917711248941,False,True,train
2026-03-09 10:25:00+00:00,uniswap_v2,sushiswap_v2,-78.47772503516352,59.48718876094502,0.00045132965218,-139.2917711248941,False,True,train
2026-03-09 10:26:00+00:00,uniswap_v2,sushiswap_v2,-78.47772503516352,59.48718876094502,0.00045132965218,-139.2917711248941,False,True,train
2026-03-09 10:27:00+00:00,uniswap_v2,sushiswap_v2,-78.47772503516352,59.48718876094502,0.00045132965218,-139.2917711248941,False,True,train
2026-03-09 10:28:00+00:00,uniswap_v2,sushiswap_v2,-78.47772503516352,59.48718876094502,0.00045132965218,-139.2917711248941,False,True,train
2026-03-09 10:29:00+00:00,uniswap_v2,sushiswap_v2,-78.47772503516352,59.48718876094502,0.00045132965218,-139.2917711248941,False,True,train
2026-03-09 10:30:00+00:00,uniswap_v2,sushiswap_v2,-78.47772503516352,59.48718876094502,0.00045132965218,-139.2917711248941,False,True,train
2026-03-09 10:31:00+00:00,uniswap_v2,sushiswap_v2,-78.47772503516352,59.48718876094502,0.00045132965218,-139.2917711248941,False,True,train
2026-03-09 10:32:00+00:00,uniswap_v2,sushiswap_v2,-78.47772503516352,59.48718876094502,0.00045132965218,-139.2917711248941,False,True,train
2026-03-09 10:33:00+00:00,uniswap_v2,sushiswap_v2,-78.47772503516352,59.48718876094502,0.00045132965218,-139.2917711248941,False,True,train
2026-03-09 10:34:00+00:00,uniswap_v2,sushiswap_v2,-78.47772503516352,59.48718876094502,0.00045132965218,-139.2917711248941,False,True,train
2026-03-09 10:35:00+00:00,uniswap_v2,sushiswap_v2,-78.47772503516352,59.48718876094502,0.00045132965218,-139.2917711248941,False,True,train
2026-03-09 10:36:00+00:00,uniswap_v2,sushiswap_v2,-78.47772503516352,59.48718876094502,0.00045132965218,-139.2917711248941,False,True,train
2026-03-09 10:37:00+00:00,uniswap_v2,sushiswap_v2,-78.47772503516352,59.48718876094502,0.00045132965218,-139.2917711248941,False,True,train
2026-03-09 10:38:00+00:00,uniswap_v2,sushiswap_v2,-78.47772503516352,59.48718876094502,0.00045132965218,-139.2917711248941,False,True,train
2026-03-09 10:39:00+00:00,uniswap_v2,sushiswap_v2,-78.47772503516352,59.48718876094502,0.00045132965218,-139.2917711248941,False,True,train
2026-03-09 10:40:00+00:00,uniswap_v2,sushiswap_v2,-78.47772503516352,59.48718876094502,0.00045132965218,-139.2917711248941,False,True,train
2026-03-09 10:41:00+00:00,uniswap_v2,sushiswap_v2,-78.47772503516352,59.48718876094502,0.00045132965218,-139.2917711248941,False,True,train
2026-03-09 10:42:00+00:00,uniswap_v2,sushiswap_v2,-78.47772503516352,59.48718876094502,0.00045132965218,-139.2917711248941,False,True,train
2026-03-09 10:43:00+00:00,uniswap_v2,sushiswap_v2,-78.47772503516352,59.48718876094502,0.00045132965218,-139.2917711248941,False,True,train
2026-03-09 10:44:00+00:00,uniswap_v2,sushiswap_v2,-78.47772503516352,59.48718876094502,0.00045132965218,-139.2917711248941,False,True,train
2026-03-09 10:45:00+00:00,uniswap_v2,sushiswap_v2,-78.47772503516352,59.48718876094502,0.00045132965218,-139.2917711248941,False,True,train
2026-03-09 10:46:00+00:00,uniswap_v2,sushiswap_v2,-78.47772503516352,59.48718876094502,0.00045132965218,-139.2917711248941,False,True,train
2026-03-09 10:47:00+00:00,uniswap_v2,sushiswap_v2,-78.47772503516352,59.48718876094502,0.00045132965218,-139.2917711248941,False,True,train
2026-03-09 10:48:00+00:00,uniswap_v2,sushiswap_v2,-78.47772503516352,59.48718876094502,0.00045132965218,-139.2917711248941,False,True,train
2026-03-09 10:49:00+00:00,uniswap_v2,sushiswap_v2,-78.47772503516352,59.48718876094502,0.00045132965218,-139.2917711248941,False,True,train
2026-03-09 10:50:00+00:00,uniswap_v2,sushiswap_v2,-78.47772503516352,59.48718876094502,0.00045132965218,-139.2917711248941,False,True,train
2026-03-09 10:51:00+00:00,uniswap_v2,sushiswap_v2,-78.47772503516352,59.48718876094502,0.00045132965218,-139.2917711248941,False,True,train
2026-03-09 10:52:00+00:00,uniswap_v2,sushiswap_v2,-78.47772503516352,59.48718876094502,0.00045132965218,-139.2917711248941,False,True,train
2026-03-09 10:53:00+00:00,uniswap_v2,sushiswap_v2,-78.47772503516352,59.48718876094502,0.00045132965218,-139.2917711248941,False,True,train
2026-03-09 10:54:00+00:00,uniswap_v2,sushiswap_v2,-78.47772503516352,59.48718876094502,0.00045132965218,-139.2917711248941,False,True,train
2026-03-09 10:55:00+00:00,uniswap_v2,sushiswap_v2,-78.47772503516352,59.48718876094502,0.00045132965218,-139.2917711248941,False,True,train
2026-03-09 10:56:00+00:00,uniswap_v2,sushiswap_v2,-78.47772503516352,59.48718876094502,0.00045132965218,-139.2917711248941,False,True,train
2026-03-09 10:57:00+00:00,uniswap_v2,sushiswap_v2,-78.47772503516352,59.48718876094502,0.00045132965218,-139.2917711248941,False,True,train
2026-03-09 10:58:00+00:00,uniswap_v2,sushiswap_v2,-78.47772503516352,59.48718876094502,0.00045132965218,-139.2917711248941,False,True,train
2026-03-09 10:59:00+00:00,uniswap_v2,sushiswap_v2,-78.47772503516352,59.48718876094502,0.00045132965218,-139.2917711248941,False,True,train
2026-03-09 11:00:00+00:00,uniswap_v2,sushiswap_v2,-78.47772503516352,59.48718876094502,0.00045132965218,-139.2917711248941,False,True,train
2026-03-09 11:01:00+00:00,uniswap_v2,sushiswap_v2,-78.47772503516352,59.48718876094502,0.00045132965218,-139.2917711248941,False,True,train
2026-03-09 11:02:00+00:00,uniswap_v2,sushiswap_v2,-78.47772503516352,59.48718876094502,0.00045132965218,-139.2917711248941,False,True,train
2026-03-09 11:03:00+00:00,uniswap_v2,sushiswap_v2,-78.47772503516352,59.48718876094502,0.00045132965218,-139.2917711248941,False,True,train
2026-03-09 11:04:00+00:00,uniswap_v2,sushiswap_v2,-78.47772503516352,59.48718876094502,0.00045132965218,-139.2917711248941,False,True,train
2026-03-09 11:05:00+00:00,uniswap_v2,sushiswap_v2,-78.47772503516352,59.48718876094502,0.00045132965218,-139.2917711248941,False,True,train
2026-03-09 11:06:00+00:00,uniswap_v2,sushiswap_v2,-78.47772503516352,59.48718876094502,0.00045132965218,-139.2917711248941,False,True,train
2026-03-09 11:07:00+00:00,uniswap_v2,sushiswap_v2,-78.47772503516352,59.48718876094502,0.00045132965218,-139.2917711248941,False,True,train
2026-03-09 11:08:00+00:00,uniswap_v2,sushiswap_v2,-78.47772503516352,59.48718876094502,0.00045132965218,-139.2917711248941,False,True,train
2026-03-09 11:09:00+00:00,uniswap_v2,sushiswap_v2,-78.47772503516352,59.48718876094502,0.00045132965218,-139.2917711248941,False,True,train
2026-03-09 11:10:00+00:00,uniswap_v2,sushiswap_v2,-78.47772503516352,59.48718876094502,0.00045132965218,-139.2917711248941,False,True,train
2026-03-09 11:11:00+00:00,uniswap_v2,sushiswap_v2,-78.47772503516352,59.48718876094502,0.00045132965218,-139.2917711248941,False,True,train
2026-03-09 11:12:00+00:00,uniswap_v2,sushiswap_v2,-78.47772503516352,59.48718876094502,0.00045132965218,-139.2917711248941,False,True,train
2026-03-09 11:13:00+00:00,uniswap_v2,sushiswap_v2,-78.47772503516352,59.48718876094502,0.00045132965218,-139.2917711248941,False,True,train
2026-03-09 11:14:00+00:00,uniswap_v2,sushiswap_v2,-78.47772503516352,59.48718876094502,0.00045132965218,-139.2917711248941,False,True,train
2026-03-09 11:15:00+00:00,uniswap_v2,sushiswap_v2,-78.47772503516352,59.48718876094502,0.00045132965218,-139.2917711248941,False,True,train
2026-03-09 11:16:00+00:00,uniswap_v2,sushiswap_v2,-78.47772503516352,59.48718876094502,0.00045132965218,-139.2917711248941,False,True,train
2026-03-09 11:17:00+00:00,uniswap_v2,sushiswap_v2,-78.47772503516352,59.48718876094502,0.00045132965218,-139.2917711248941,False,True,train
2026-03-09 11:18:00+00:00,uniswap_v2,sushiswap_v2,-78.47772503516352,59.48718876094502,0.00045132965218,-139.2917711248941,False,True,train
2026-03-09 11:19:00+00:00,uniswap_v2,sushiswap_v2,-78.47772503516352,59.48718876094502,0.00045132965218,-139.2917711248941,False,True,train
2026-03-09 11:20:00+00:00,uniswap_v2,sushiswap_v2,-78.47772503516352,59.48718876094502,0.00045132965218,-139.2917711248941,False,True,train
2026-03-09 11:21:00+00:00,uniswap_v2,sushiswap_v2,-78.47772503516352,59.48718876094502,0.00045132965218,-139.2917711248941,False,True,train
2026-03-09 11:22:00+00:00,uniswap_v2,sushiswap_v2,-78.48258140700196,59.48717428382559,0.00045081364856,-139.29509537755555,False,True,train
2026-03-09 11:23:00+00:00,uniswap_v2,sushiswap_v2,-78.48258140700196,59.48717428382559,0.00045081364856,-139.29509537755555,False,True,train
2026-03-09 11:24:00+00:00,uniswap_v2,sushiswap_v2,-78.48257976642488,59.48717428871642,0.00045010727476,-139.29301708528436,False,True,train
2026-03-09 11:25:00+00:00,uniswap_v2,sushiswap_v2,-78.48257976642488,59.48717428871642,0.00045010727476,-139.29301708528436,False,True,train
2026-03-09 11:26:00+00:00,uniswap_v2,sushiswap_v2,-78.48257976642488,59.48717428871642,0.00045010727476,-139.29301708528436,False,True,train
2026-03-09 11:27:00+00:00,uniswap_v2,sushiswap_v2,-78.48257976642488,59.48717428871642,0.00045010727476,-139.29301708528436,False,True,train
2026-03-09 11:28:00+00:00,uniswap_v2,sushiswap_v2,-78.48257976642488,59.48717428871642,0.00045010727476,-139.29301708528436,False,True,train
2026-03-09 11:29:00+00:00,uniswap_v2,sushiswap_v2,-78.48257976642488,59.48717428871642,0.00045010727476,-139.29301708528436,False,True,train
2026-03-09 11:30:00+00:00,uniswap_v2,sushiswap_v2,-78.48257976642488,59.48717428871642,0.00045010727476,-139.29301708528436,False,True,train
2026-03-09 11:31:00+00:00,uniswap_v2,sushiswap_v2,-78.48257976642488,59.48717428871642,0.00045010727476,-139.29301708528436,False,True,train
2026-03-09 11:32:00+00:00,uniswap_v2,sushiswap_v2,-78.48241976392096,59.48717476569205,0.000449549045,-139.29121645057464,False,True,train
2026-03-09 11:33:00+00:00,uniswap_v2,sushiswap_v2,-78.48241976392096,59.48717476569205,0.000449549045,-139.29121645057464,False,True,train
2026-03-09 11:34:00+00:00,uniswap_v2,sushiswap_v2,-78.48241976392096,59.48717476569205,0.000449549045,-139.29121645057464,False,True,train
2026-03-09 11:35:00+00:00,uniswap_v2,sushiswap_v2,-78.48241976392096,59.48717476569205,0.000449549045,-139.29121645057464,False,True,train
2026-03-09 11:36:00+00:00,uniswap_v2,sushiswap_v2,-78.48241976392096,59.48717476569205,0.000449549045,-139.29121645057464,False,True,train
2026-03-09 11:37:00+00:00,uniswap_v2,sushiswap_v2,-78.48241976392096,59.48717476569205,0.000449549045,-139.29121645057464,False,True,train
2026-03-09 11:38:00+00:00,uniswap_v2,sushiswap_v2,-78.48241976392096,59.48717476569205,0.000449549045,-139.29121645057464,False,True,train
2026-03-09 11:39:00+00:00,uniswap_v2,sushiswap_v2,-78.48241976392096,59.48717476569205,0.000449549045,-139.29121645057464,False,True,train
2026-03-09 11:40:00+00:00,uniswap_v2,sushiswap_v2,-78.48241976392096,59.48717476569205,0.000449549045,-139.29121645057464,False,True,train
2026-03-09 11:41:00+00:00,uniswap_v2,sushiswap_v2,-78.48241976392096,59.48717476569205,0.000449549045,-139.29121645057464,False,True,train
2026-03-09 11:42:00+00:00,uniswap_v2,sushiswap_v2,-78.48241976392096,59.48717476569205,0.000449549045,-139.29121645057464,False,True,train
2026-03-09 11:43:00+00:00,uniswap_v2,sushiswap_v2,-78.48241976392096,59.48717476569205,0.000449549045,-139.29121645057464,False,True,train
2026-03-09 11:44:00+00:00,uniswap_v2,sushiswap_v2,-78.48241976392096,59.48717476569205,0.000449549045,-139.29121645057464,False,True,train
2026-03-09 11:45:00+00:00,uniswap_v2,sushiswap_v2,-78.48241976392096,59.48717476569205,0.000449549045,-139.29121645057464,False,True,train
2026-03-09 11:46:00+00:00,uniswap_v2,sushiswap_v2,-78.48241976392096,59.48717476569205,0.000449549045,-139.29121645057464,False,True,train
2026-03-09 11:47:00+00:00,uniswap_v2,sushiswap_v2,-78.48241976392096,59.48717476569205,0.000449549045,-139.29121645057464,False,True,train
2026-03-09 11:48:00+00:00,uniswap_v2,sushiswap_v2,-78.48241976392096,59.48717476569205,0.000449549045,-139.29121645057464,False,True,train
2026-03-09 11:49:00+00:00,uniswap_v2,sushiswap_v2,-78.48241976392096,59.48717476569205,0.000449549045,-139.29121645057464,False,True,train
2026-03-09 11:50:00+00:00,uniswap_v2,sushiswap_v2,-78.48241976392096,59.48717476569205,0.000449549045,-139.29121645057464,False,True,train
2026-03-09 11:51:00+00:00,uniswap_v2,sushiswap_v2,-78.48241976392096,59.48717476569205,0.000449549045,-139.29121645057464,False,True,train
2026-03-09 11:52:00+00:00,uniswap_v2,sushiswap_v2,-78.48241976392096,59.48717476569205,0.000449549045,-139.29121645057464,False,True,train
2026-03-09 11:53:00+00:00,uniswap_v2,sushiswap_v2,-78.48241976392096,59.48717476569205,0.000449549045,-139.29121645057464,False,True,train
2026-03-09 11:54:00+00:00,uniswap_v2,sushiswap_v2,-78.48241976392096,59.48717476569205,0.000449549045,-139.29121645057464,False,True,train
2026-03-09 11:55:00+00:00,uniswap_v2,sushiswap_v2,-78.48241976392096,59.48717476569205,0.000449549045,-139.29121645057464,False,True,train
2026-03-09 11:56:00+00:00,uniswap_v2,sushiswap_v2,-78.48241976392096,59.48717476569205,0.000449549045,-139.29121645057464,False,True,train
2026-03-09 11:57:00+00:00,uniswap_v2,sushiswap_v2,-78.48241976392096,59.48717476569205,0.000449549045,-139.29121645057464,False,True,train
2026-03-09 11:58:00+00:00,uniswap_v2,sushiswap_v2,-78.48241976392096,59.48717476569205,0.000449549045,-139.29121645057464,False,True,train
2026-03-09 11:59:00+00:00,uniswap_v2,sushiswap_v2,-78.48241976392096,59.48717476569205,0.000449549045,-139.29121645057464,False,True,train
2026-03-09 12:00:00+00:00,uniswap_v2,sushiswap_v2,-78.48241976392096,59.48717476569205,0.000449549045,-139.29121645057464,False,True,train
2026-03-09 12:01:00+00:00,uniswap_v2,sushiswap_v2,-78.48241976392096,59.48717476569205,0.000449549045,-139.29121645057464,False,True,train
2026-03-09 12:02:00+00:00,uniswap_v2,sushiswap_v2,-78.48241976392096,59.48717476569205,0.000449549045,-139.29121645057464,False,True,train
2026-03-09 12:03:00+00:00,uniswap_v2,sushiswap_v2,-78.48241976392096,59.48717476569205,0.000449549045,-139.29121645057464,False,True,train
2026-03-09 12:04:00+00:00,uniswap_v2,sushiswap_v2,-78.48241976392096,59.48717476569205,0.000449549045,-139.29121645057464,False,True,train
2026-03-09 12:05:00+00:00,uniswap_v2,sushiswap_v2,-78.48241976392096,59.48717476569205,0.000449549045,-139.29121645057464,False,True,train
2026-03-09 12:06:00+00:00,uniswap_v2,sushiswap_v2,-78.48241976392096,59.48717476569205,0.000449549045,-139.29121645057464,False,True,train
2026-03-09 12:07:00+00:00,uniswap_v2,sushiswap_v2,-78.48241976392096,59.48717476569205,0.000449549045,-139.29121645057464,False,True,train
2026-03-09 12:08:00+00:00,uniswap_v2,sushiswap_v2,-78.48241976392096,59.48717476569205,0.000449549045,-139.29121645057464,False,True,train
2026-03-09 12:09:00+00:00,uniswap_v2,sushiswap_v2,-78.48241976392096,59.48717476569205,0.000449549045,-139.29121645057464,False,True,train
2026-03-09 12:10:00+00:00,uniswap_v2,sushiswap_v2,-78.48241976392096,59.48717476569205,0.000449549045,-139.29121645057464,False,True,train
2026-03-09 12:11:00+00:00,uniswap_v2,sushiswap_v2,-78.48241976392096,59.48717476569205,0.000449549045,-139.29121645057464,False,True,train
2026-03-09 12:12:00+00:00,uniswap_v2,sushiswap_v2,-78.48241976392096,59.48717476569205,0.000449549045,-139.29121645057464,False,True,train
2026-03-09 12:13:00+00:00,uniswap_v2,sushiswap_v2,-78.48241976392096,59.48717476569205,0.000449549045,-139.29121645057464,False,True,train
2026-03-09 12:14:00+00:00,uniswap_v2,sushiswap_v2,-78.48241976392096,59.48717476569205,0.000449549045,-139.29121645057464,False,True,train
2026-03-09 12:15:00+00:00,uniswap_v2,sushiswap_v2,-78.48241976392096,59.48717476569205,0.000449549045,-139.29121645057464,False,True,train
2026-03-09 12:16:00+00:00,uniswap_v2,sushiswap_v2,-78.48241976392096,59.48717476569205,0.000449549045,-139.29121645057464,False,True,train
2026-03-09 12:17:00+00:00,uniswap_v2,sushiswap_v2,-78.48241976392096,59.48717476569205,0.000449549045,-139.29121645057464,False,True,train
2026-03-09 12:18:00+00:00,uniswap_v2,sushiswap_v2,-78.48241976392096,59.48717476569205,0.000449549045,-139.29121645057464,False,True,train
2026-03-09 12:19:00+00:00,uniswap_v2,sushiswap_v2,-78.48241976392096,59.48717476569205,0.000449549045,-139.29121645057464,False,True,train
2026-03-09 12:20:00+00:00,uniswap_v2,sushiswap_v2,-78.48241976392096,59.48717476569205,0.000449549045,-139.29121645057464,False,True,train
2026-03-09 12:21:00+00:00,uniswap_v2,sushiswap_v2,-78.48241976392096,59.48717476569205,0.000449549045,-139.29121645057464,False,True,train
2026-03-09 12:22:00+00:00,uniswap_v2,sushiswap_v2,-78.48241976392096,59.48717476569205,0.000449549045,-139.29121645057464,False,True,train
2026-03-09 12:23:00+00:00,uniswap_v2,sushiswap_v2,-78.48241976392096,59.48717476569205,0.000449549045,-139.29121645057464,False,True,train
2026-03-09 12:24:00+00:00,uniswap_v2,sushiswap_v2,-78.48241976392096,59.48717476569205,0.000449549045,-139.29121645057464,False,True,train
2026-03-09 12:25:00+00:00,uniswap_v2,sushiswap_v2,-78.48241976392096,59.48717476569205,0.000449549045,-139.29121645057464,False,True,train
2026-03-09 12:26:00+00:00,uniswap_v2,sushiswap_v2,-78.48241976392096,59.48717476569205,0.000449549045,-139.29121645057464,False,True,train
2026-03-09 12:27:00+00:00,uniswap_v2,sushiswap_v2,-78.48241976392096,59.48717476569205,0.000449549045,-139.29121645057464,False,True,train
2026-03-09 12:28:00+00:00,uniswap_v2,sushiswap_v2,-78.48241976392096,59.48717476569205,0.000449549045,-139.29121645057464,False,True,train
2026-03-09 12:29:00+00:00,uniswap_v2,sushiswap_v2,-78.48241976392096,59.48717476569205,0.000449549045,-139.29121645057464,False,True,train
2026-03-09 12:30:00+00:00,uniswap_v2,sushiswap_v2,-78.48241976392096,59.48717476569205,0.000449549045,-139.29121645057464,False,True,train
2026-03-09 12:31:00+00:00,uniswap_v2,sushiswap_v2,-78.48241976392096,59.48717476569205,0.000449549045,-139.29121645057464,False,True,train
2026-03-09 12:32:00+00:00,uniswap_v2,sushiswap_v2,-78.48241976392096,59.48717476569205,0.000449549045,-139.29121645057464,False,True,train
2026-03-09 12:33:00+00:00,uniswap_v2,sushiswap_v2,-78.48241976392096,59.48717476569205,0.000449549045,-139.29121645057464,False,True,train
2026-03-09 12:34:00+00:00,uniswap_v2,sushiswap_v2,-78.48241976392096,59.48717476569205,0.000449549045,-139.29121645057464,False,True,train
2026-03-09 12:35:00+00:00,uniswap_v2,sushiswap_v2,-78.48241976392096,59.48717476569205,0.000449549045,-139.29121645057464,False,True,train
2026-03-09 12:36:00+00:00,uniswap_v2,sushiswap_v2,-78.48241976392096,59.48717476569205,0.000449549045,-139.29121645057464,False,True,train
2026-03-09 12:37:00+00:00,uniswap_v2,sushiswap_v2,-78.48241976392096,59.48717476569205,0.000449549045,-139.29121645057464,False,True,train
2026-03-09 12:38:00+00:00,uniswap_v2,sushiswap_v2,-78.48241976392096,59.48717476569205,0.000449549045,-139.29121645057464,False,True,train
2026-03-09 12:39:00+00:00,uniswap_v2,sushiswap_v2,-78.48241976392096,59.48717476569205,0.000449549045,-139.29121645057464,False,True,train
2026-03-09 12:40:00+00:00,uniswap_v2,sushiswap_v2,-78.48241976392096,59.48717476569205,0.000449549045,-139.29121645057464,False,True,train
2026-03-09 12:41:00+00:00,uniswap_v2,sushiswap_v2,-78.48241976392096,59.48717476569205,0.000449549045,-139.29121645057464,False,True,train
2026-03-09 12:42:00+00:00,uniswap_v2,sushiswap_v2,-78.48241976392096,59.48717476569205,0.000449549045,-139.29121645057464,False,True,train
2026-03-09 12:43:00+00:00,uniswap_v2,sushiswap_v2,-78.48241976392096,59.48717476569205,0.000449549045,-139.29121645057464,False,True,train
2026-03-09 12:44:00+00:00,uniswap_v2,sushiswap_v2,-78.48241976392096,59.48717476569205,0.000449549045,-139.29121645057464,False,True,train
2026-03-09 12:45:00+00:00,uniswap_v2,sushiswap_v2,-78.48241976392096,59.48717476569205,0.000449549045,-139.29121645057464,False,True,train
2026-03-09 12:46:00+00:00,uniswap_v2,sushiswap_v2,-78.48241976392096,59.48717476569205,0.000449549045,-139.29121645057464,False,True,train
2026-03-09 12:47:00+00:00,uniswap_v2,sushiswap_v2,-78.48241976392096,59.48717476569205,0.000449549045,-139.29121645057464,False,True,train
2026-03-09 12:48:00+00:00,uniswap_v2,sushiswap_v2,-78.48241976392096,59.48717476569205,0.000449549045,-139.29121645057464,False,True,train
2026-03-09 12:49:00+00:00,uniswap_v2,sushiswap_v2,-78.48241976392096,59.48717476569205,0.000449549045,-139.29121645057464,False,True,train
2026-03-09 12:50:00+00:00,uniswap_v2,sushiswap_v2,-80.11826683960237,59.48229821280537,0.00045547269768,-140.93938037521258,False,True,train
2026-03-09 12:51:00+00:00,uniswap_v2,sushiswap_v2,-80.11826683960237,59.48229821280537,0.00045547269768,-140.93938037521258,False,True,train
2026-03-09 12:52:00+00:00,uniswap_v2,sushiswap_v2,-80.11826683960237,59.48229821280537,0.00045547269768,-140.93938037521258,False,True,train
2026-03-09 12:53:00+00:00,uniswap_v2,sushiswap_v2,-80.11826683960237,59.48229821280537,0.00045547269768,-140.93938037521258,False,True,train
2026-03-09 12:54:00+00:00,uniswap_v2,sushiswap_v2,-80.11826683960237,59.48229821280537,0.00045547269768,-140.93938037521258,False,True,train
2026-03-09 12:55:00+00:00,uniswap_v2,sushiswap_v2,-80.11826683960237,59.48229821280537,0.00045547269768,-140.93938037521258,False,True,train
2026-03-09 12:56:00+00:00,uniswap_v2,sushiswap_v2,-80.11826683960237,59.48229821280537,0.00045547269768,-140.93938037521258,False,True,train
2026-03-09 12:57:00+00:00,sushiswap_v2,uniswap_v2,-79.51781184147873,59.61948351432496,0.00045425641118,-140.46630235445318,False,True,train
2026-03-09 12:58:00+00:00,sushiswap_v2,uniswap_v2,-79.51781184147873,59.61948351432496,0.00045425641118,-140.46630235445318,False,True,train
2026-03-09 12:59:00+00:00,sushiswap_v2,uniswap_v2,-79.51781184147873,59.61948351432496,0.00045425641118,-140.46630235445318,False,True,train
2026-03-09 13:00:00+00:00,sushiswap_v2,uniswap_v2,-79.51781184147873,59.61948351432496,0.00045425641118,-140.46630235445318,False,True,train
2026-03-09 13:01:00+00:00,uniswap_v2,sushiswap_v2,-80.5839929099728,59.48088194376121,0.00045458611462,-141.40062128878307,False,False,train
2026-03-09 13:02:00+00:00,sushiswap_v2,uniswap_v2,-79.24960070144081,59.620278225609475,0.00045543290188,-140.20192657256194,False,False,train
2026-03-09 13:03:00+00:00,sushiswap_v2,uniswap_v2,-80.25271806700873,59.61726880350236,0.00045647571662,-141.20467411086645,False,False,train
2026-03-09 13:04:00+00:00,sushiswap_v2,uniswap_v2,-80.25271806700873,59.61726880350236,0.00045647571662,-141.20467411086645,False,False,train
2026-03-09 13:05:00+00:00,sushiswap_v2,uniswap_v2,-80.25271806700873,59.61726880350236,0.00045647571662,-141.20467411086645,False,False,train
2026-03-09 13:06:00+00:00,uniswap_v2,sushiswap_v2,-80.60828473607599,59.4807557210092,0.00045456683492,-141.42395653711708,False,False,train
2026-03-09 13:07:00+00:00,uniswap_v2,sushiswap_v2,-80.62055823468188,59.48069331336367,0.0004538007848,-141.43354750004644,False,False,train
2026-03-09 13:08:00+00:00,uniswap_v2,sushiswap_v2,-80.62055823468188,59.48069331336367,0.0004538007848,-141.43354750004644,False,False,train
2026-03-09 13:09:00+00:00,uniswap_v2,sushiswap_v2,-80.62055823468188,59.48069331336367,0.0004538007848,-141.43354750004644,False,False,train
2026-03-09 13:10:00+00:00,uniswap_v2,sushiswap_v2,-80.62055823468188,59.48069331336367,0.0004538007848,-141.43354750004644,False,False,train
2026-03-09 13:11:00+00:00,uniswap_v2,sushiswap_v2,-80.56330615133899,59.48086398444737,0.00045390421934,-141.37677747195394,False,False,train
2026-03-09 13:12:00+00:00,uniswap_v2,sushiswap_v2,-79.46762987407952,59.48408850307502,0.0004568005849,-140.29237777049903,False,False,train
2026-03-09 13:13:00+00:00,uniswap_v2,sushiswap_v2,-79.46762987407952,59.48408850307502,0.0004568005849,-140.29237777049903,False,False,train
2026-03-09 13:14:00+00:00,uniswap_v2,sushiswap_v2,-79.46762987407952,59.48408850307502,0.0004568005849,-140.29237777049903,False,False,train
2026-03-09 13:15:00+00:00,uniswap_v2,sushiswap_v2,-79.46762987407952,59.48408850307502,0.0004568005849,-140.29237777049903,False,False,train
2026-03-09 13:16:00+00:00,uniswap_v2,sushiswap_v2,-79.46762987407952,59.48408850307502,0.0004568005849,-140.29237777049903,False,False,train
2026-03-09 13:17:00+00:00,uniswap_v2,sushiswap_v2,-79.46762987407952,59.48408850307502,0.0004568005849,-140.29237777049903,False,False,train
2026-03-09 13:18:00+00:00,uniswap_v2,sushiswap_v2,-79.46762987407952,59.48408850307502,0.0004568005849,-140.29237777049903,False,False,train
2026-03-09 13:19:00+00:00,uniswap_v2,sushiswap_v2,-79.46762987407952,59.48408850307502,0.0004568005849,-140.29237777049903,False,False,train
2026-03-09 13:20:00+00:00,uniswap_v2,sushiswap_v2,-79.46762987407952,59.48408850307502,0.0004568005849,-140.29237777049903,False,False,train
2026-03-09 13:21:00+00:00,uniswap_v2,sushiswap_v2,-79.46762987407952,59.48408850307502,0.0004568005849,-140.29237777049903,False,False,train
2026-03-09 13:22:00+00:00,uniswap_v2,sushiswap_v2,-79.46762987407952,59.48408850307502,0.0004568005849,-140.29237777049903,False,False,train
2026-03-09 13:23:00+00:00,uniswap_v2,sushiswap_v2,-79.46762987407952,59.48408850307502,0.0004568005849,-140.29237777049903,False,False,train
2026-03-09 13:24:00+00:00,uniswap_v2,sushiswap_v2,-79.46762987407952,59.48408850307502,0.0004568005849,-140.29237777049903,False,False,train
2026-03-09 13:25:00+00:00,uniswap_v2,sushiswap_v2,-80.4067309287892,59.48123861556195,0.00045933989618,-141.23522589166157,False,False,train
2026-03-09 13:26:00+00:00,uniswap_v2,sushiswap_v2,-80.4067309287892,59.48123861556195,0.00045933989618,-141.23522589166157,False,False,train
2026-03-09 13:27:00+00:00,uniswap_v2,sushiswap_v2,-80.4067309287892,59.48123861556195,0.00045933989618,-141.23522589166157,False,False,train
2026-03-09 13:28:00+00:00,uniswap_v2,sushiswap_v2,-80.40485081334924,59.48124422025395,0.00046144728498,-141.23953266660212,False,False,train
2026-03-09 13:29:00+00:00,uniswap_v2,sushiswap_v2,-80.40485081334924,59.48124422025395,0.00046144728498,-141.23953266660212,False,False,train
2026-03-09 13:30:00+00:00,uniswap_v2,sushiswap_v2,-80.3861401732937,59.4812999973547,0.00046048074138,-141.2180454598462,False,False,train
2026-03-09 13:31:00+00:00,uniswap_v2,sushiswap_v2,-80.3861401732937,59.4812999973547,0.00046048074138,-141.2180454598462,False,False,train
2026-03-09 13:32:00+00:00,uniswap_v2,sushiswap_v2,-80.3861401732937,59.4812999973547,0.00046048074138,-141.2180454598462,False,False,train
2026-03-09 13:33:00+00:00,uniswap_v2,sushiswap_v2,-80.3861401732937,59.4812999973547,0.00046048074138,-141.2180454598462,False,False,train
2026-03-09 13:34:00+00:00,uniswap_v2,sushiswap_v2,-80.3861401732937,59.4812999973547,0.00046048074138,-141.2180454598462,False,False,train
2026-03-09 13:35:00+00:00,uniswap_v2,sushiswap_v2,-80.3861401732937,59.4812999973547,0.00046048074138,-141.2180454598462,False,False,train
2026-03-09 13:36:00+00:00,uniswap_v2,sushiswap_v2,-80.8851158723082,59.47973156024303,0.00046916122726,-141.73965040183262,False,False,train
2026-03-09 13:37:00+00:00,uniswap_v2,sushiswap_v2,-79.3016743485295,59.48441285158497,0.00047446697342,-140.1760799875791,False,False,train
2026-03-09 13:38:00+00:00,uniswap_v2,sushiswap_v2,-80.7266919618088,59.48007784602203,0.00046965739392,-141.58119368631557,False,False,train
2026-03-09 13:39:00+00:00,uniswap_v2,sushiswap_v2,-80.7266919618088,59.48007784602203,0.00046965739392,-141.58119368631557,False,False,train
2026-03-09 13:40:00+00:00,uniswap_v2,sushiswap_v2,-80.7424207325537,59.479994459308294,0.0004752791824,-141.61274550285796,False,False,train
2026-03-09 13:41:00+00:00,uniswap_v2,sushiswap_v2,-81.23042251438909,59.4784897937743,0.00048475932714,-142.1261475310979,False,False,train
2026-03-09 13:42:00+00:00,uniswap_v2,sushiswap_v2,-81.23042251438909,59.4784897937743,0.00048475932714,-142.1261475310979,False,False,train
2026-03-09 13:43:00+00:00,uniswap_v2,sushiswap_v2,-81.23042251438909,59.4784897937743,0.00048475932714,-142.1261475310979,False,False,train
2026-03-09 13:44:00+00:00,uniswap_v2,sushiswap_v2,-81.2125132034569,59.478543181553675,0.0004929340251,-142.13219364440084,False,False,train
2026-03-09 13:45:00+00:00,uniswap_v2,sushiswap_v2,-81.1472012683807,59.47873787687918,0.00049404225508,-142.07032595495076,False,False,train
2026-03-09 13:46:00+00:00,uniswap_v2,sushiswap_v2,-81.1472012683807,59.47873787687918,0.00049404225508,-142.07032595495076,False,False,train
2026-03-09 13:47:00+00:00,uniswap_v2,sushiswap_v2,-81.10789195770865,59.47885505820287,0.00050493620496,-142.0629893531259,False,False,train
2026-03-09 13:48:00+00:00,uniswap_v2,sushiswap_v2,-81.10789195770865,59.47885505820287,0.00050493620496,-142.0629893531259,False,False,train
2026-03-09 13:49:00+00:00,uniswap_v2,sushiswap_v2,-81.10789195770865,59.47885505820287,0.00050493620496,-142.0629893531259,False,False,train
2026-03-09 13:50:00+00:00,uniswap_v2,sushiswap_v2,-81.10789195770865,59.47885505820287,0.00050493620496,-142.0629893531259,False,False,train
2026-03-09 13:51:00+00:00,uniswap_v2,sushiswap_v2,-81.10789195770865,59.47885505820287,0.00050493620496,-142.0629893531259,False,False,train
2026-03-09 13:52:00+00:00,uniswap_v2,sushiswap_v2,-81.10789195770865,59.47885505820287,0.00050493620496,-142.0629893531259,False,False,train
2026-03-09 13:53:00+00:00,uniswap_v2,sushiswap_v2,-81.10789195770865,59.47885505820287,0.00050493620496,-142.0629893531259,False,False,train
2026-03-09 13:54:00+00:00,uniswap_v2,sushiswap_v2,-81.10789195770865,59.47885505820287,0.00050493620496,-142.0629893531259,False,False,train
2026-03-09 13:55:00+00:00,uniswap_v2,sushiswap_v2,-81.10789195770865,59.47885505820287,0.00050493620496,-142.0629893531259,False,False,train
2026-03-09 13:56:00+00:00,uniswap_v2,sushiswap_v2,-81.10789195770865,59.47885505820287,0.00050493620496,-142.0629893531259,False,False,train
2026-03-09 13:57:00+00:00,uniswap_v2,sushiswap_v2,-81.10789195770865,59.47885505820287,0.00050493620496,-142.0629893531259,False,True,train
2026-03-09 13:58:00+00:00,uniswap_v2,sushiswap_v2,-81.10789195770865,59.47885505820287,0.00050493620496,-142.0629893531259,False,True,train
2026-03-09 13:59:00+00:00,uniswap_v2,sushiswap_v2,-81.10789195770865,59.47885505820287,0.00050493620496,-142.0629893531259,False,True,train
2026-03-09 14:00:00+00:00,uniswap_v2,sushiswap_v2,-81.10789195770865,59.47885505820287,0.00050493620496,-142.0629893531259,False,True,train
2026-03-09 14:01:00+00:00,uniswap_v2,sushiswap_v2,-81.10789195770865,59.47885505820287,0.00050493620496,-142.0629893531259,False,True,train
2026-03-09 14:02:00+00:00,uniswap_v2,sushiswap_v2,-81.10789195770865,59.47885505820287,0.00050493620496,-142.0629893531259,False,True,train
2026-03-09 14:03:00+00:00,uniswap_v2,sushiswap_v2,-81.10789195770865,59.47885505820287,0.00050493620496,-142.0629893531259,False,True,train
2026-03-09 14:04:00+00:00,uniswap_v2,sushiswap_v2,-81.10789195770865,59.47885505820287,0.00050493620496,-142.0629893531259,False,True,train
2026-03-09 14:05:00+00:00,uniswap_v2,sushiswap_v2,-81.10789195770865,59.47885505820287,0.00050493620496,-142.0629893531259,False,True,train
2026-03-09 14:06:00+00:00,uniswap_v2,sushiswap_v2,-81.10789195770865,59.47885505820287,0.00050493620496,-142.0629893531259,False,True,train
2026-03-09 14:07:00+00:00,uniswap_v2,sushiswap_v2,-81.10789195770865,59.47885505820287,0.00050493620496,-142.0629893531259,False,True,train
2026-03-09 14:08:00+00:00,uniswap_v2,sushiswap_v2,-81.10789195770865,59.47885505820287,0.00050493620496,-142.0629893531259,False,True,train
2026-03-09 14:09:00+00:00,uniswap_v2,sushiswap_v2,-81.10789195770865,59.47885505820287,0.00050493620496,-142.0629893531259,False,True,train
2026-03-09 14:10:00+00:00,uniswap_v2,sushiswap_v2,-81.10789195770865,59.47885505820287,0.00050493620496,-142.0629893531259,False,True,train
2026-03-09 14:11:00+00:00,uniswap_v2,sushiswap_v2,-81.10789195770865,59.47885505820287,0.00050493620496,-142.0629893531259,False,True,train
2026-03-09 14:12:00+00:00,uniswap_v2,sushiswap_v2,-81.10789195770865,59.47885505820287,0.00050493620496,-142.0629893531259,False,True,train
2026-03-09 14:13:00+00:00,uniswap_v2,sushiswap_v2,-81.10789195770865,59.47885505820287,0.00050493620496,-142.0629893531259,False,True,train
2026-03-09 14:14:00+00:00,uniswap_v2,sushiswap_v2,-81.10789195770865,59.47885505820287,0.00050493620496,-142.0629893531259,False,True,train
2026-03-09 14:15:00+00:00,uniswap_v2,sushiswap_v2,-81.10789195770865,59.47885505820287,0.00050493620496,-142.0629893531259,False,True,train
2026-03-09 14:16:00+00:00,uniswap_v2,sushiswap_v2,-81.10789195770865,59.47885505820287,0.00050493620496,-142.0629893531259,False,True,train
2026-03-09 14:17:00+00:00,uniswap_v2,sushiswap_v2,-81.10789195770865,59.47885505820287,0.00050493620496,-142.0629893531259,False,True,train
2026-03-09 14:18:00+00:00,uniswap_v2,sushiswap_v2,-81.10789195770865,59.47885505820287,0.00050493620496,-142.0629893531259,False,True,train
2026-03-09 14:19:00+00:00,uniswap_v2,sushiswap_v2,-81.10789195770865,59.47885505820287,0.00050493620496,-142.0629893531259,False,True,train
2026-03-09 14:20:00+00:00,uniswap_v2,sushiswap_v2,-81.10789195770865,59.47885505820287,0.00050493620496,-142.0629893531259,False,True,train
2026-03-09 14:21:00+00:00,uniswap_v2,sushiswap_v2,-81.10789195770865,59.47885505820287,0.00050493620496,-142.0629893531259,False,True,train
2026-03-09 14:22:00+00:00,uniswap_v2,sushiswap_v2,-81.10789195770865,59.47885505820287,0.00050493620496,-142.0629893531259,False,True,train
2026-03-09 14:23:00+00:00,uniswap_v2,sushiswap_v2,-81.10789195770865,59.47885505820287,0.00050493620496,-142.0629893531259,False,True,train
2026-03-09 14:24:00+00:00,uniswap_v2,sushiswap_v2,-81.10789195770865,59.47885505820287,0.00050493620496,-142.0629893531259,False,True,train
2026-03-09 14:25:00+00:00,uniswap_v2,sushiswap_v2,-81.10789195770865,59.47885505820287,0.00050493620496,-142.0629893531259,False,True,train
2026-03-09 14:26:00+00:00,uniswap_v2,sushiswap_v2,-81.10789195770865,59.47885505820287,0.00050493620496,-142.0629893531259,False,True,train
2026-03-09 14:27:00+00:00,uniswap_v2,sushiswap_v2,-81.10789195770865,59.47885505820287,0.00050493620496,-142.0629893531259,False,True,train
2026-03-09 14:28:00+00:00,sushiswap_v2,uniswap_v2,-77.40285379704503,59.62567373782091,0.0005093355762,-138.5107788008512,False,True,train
2026-03-09 14:29:00+00:00,sushiswap_v2,uniswap_v2,-77.40285379704503,59.62567373782091,0.0005093355762,-138.5107788008512,False,True,train
2026-03-09 14:30:00+00:00,sushiswap_v2,uniswap_v2,-77.40285379704503,59.62567373782091,0.0005093355762,-138.5107788008512,False,True,train
2026-03-09 14:31:00+00:00,sushiswap_v2,uniswap_v2,-77.40285379704503,59.62567373782091,0.0005093355762,-138.5107788008512,False,True,train
2026-03-09 14:32:00+00:00,sushiswap_v2,uniswap_v2,-77.40285379704503,59.62567373782091,0.0005093355762,-138.5107788008512,False,True,train
2026-03-09 14:33:00+00:00,sushiswap_v2,uniswap_v2,-77.40285379704503,59.62567373782091,0.0005093355762,-138.5107788008512,False,True,train
2026-03-09 14:34:00+00:00,uniswap_v2,sushiswap_v2,-80.81554930347401,59.47964239255829,0.00051074798984,-141.7871263736064,False,False,train
2026-03-09 14:35:00+00:00,uniswap_v2,sushiswap_v2,-80.81554930347401,59.47964239255829,0.00051074798984,-141.7871263736064,False,False,train
2026-03-09 14:36:00+00:00,uniswap_v2,sushiswap_v2,-80.78781797280648,59.479725059608924,0.000497873475,-141.7218743271512,False,False,train
2026-03-09 14:37:00+00:00,uniswap_v2,sushiswap_v2,-80.77039757278106,59.479776989792356,0.00049511694386,-141.69645634017294,False,False,train
2026-03-09 14:38:00+00:00,uniswap_v2,sushiswap_v2,-80.75863380093499,59.47981205757726,0.00049461962198,-141.68327663221655,False,False,train
2026-03-09 14:39:00+00:00,uniswap_v2,sushiswap_v2,-80.75863380093499,59.47981205757726,0.00049461962198,-141.68327663221655,False,False,train
2026-03-09 14:40:00+00:00,uniswap_v2,sushiswap_v2,-80.75863380093499,59.47981205757726,0.00049461962198,-141.68327663221655,False,False,train
2026-03-09 14:41:00+00:00,uniswap_v2,sushiswap_v2,-80.75863380093499,59.47981205757726,0.00049461962198,-141.68327663221655,False,False,train
2026-03-09 14:42:00+00:00,uniswap_v2,sushiswap_v2,-80.75863380093499,59.47981205757726,0.00049461962198,-141.68327663221655,False,False,train
2026-03-09 14:43:00+00:00,uniswap_v2,sushiswap_v2,-80.75863380093499,59.47981205757726,0.00049461962198,-141.68327663221655,False,False,train
2026-03-09 14:44:00+00:00,uniswap_v2,sushiswap_v2,-80.75863380093499,59.47981205757726,0.00049461962198,-141.68327663221655,False,False,train
2026-03-09 14:45:00+00:00,uniswap_v2,sushiswap_v2,-80.75863380093499,59.47981205757726,0.00049461962198,-141.68327663221655,False,False,train
2026-03-09 14:46:00+00:00,uniswap_v2,sushiswap_v2,-80.75863380093499,59.47981205757726,0.00049461962198,-141.68327663221655,False,False,train
2026-03-09 14:47:00+00:00,uniswap_v2,sushiswap_v2,-80.75863380093499,59.47981205757726,0.00049461962198,-141.68327663221655,False,False,train
2026-03-09 14:48:00+00:00,uniswap_v2,sushiswap_v2,-80.75863380093499,59.47981205757726,0.00049461962198,-141.68327663221655,False,False,train
2026-03-09 14:49:00+00:00,uniswap_v2,sushiswap_v2,-80.75863380093499,59.47981205757726,0.00049461962198,-141.68327663221655,False,False,train
2026-03-09 14:50:00+00:00,uniswap_v2,sushiswap_v2,-80.75863380093499,59.47981205757726,0.00049461962198,-141.68327663221655,False,True,train
2026-03-09 14:51:00+00:00,uniswap_v2,sushiswap_v2,-80.75863380093499,59.47981205757726,0.00049461962198,-141.68327663221655,False,True,train
2026-03-09 14:52:00+00:00,uniswap_v2,sushiswap_v2,-80.75863380093499,59.47981205757726,0.00049461962198,-141.68327663221655,False,True,train
2026-03-09 14:53:00+00:00,uniswap_v2,sushiswap_v2,-80.75863380093499,59.47981205757726,0.00049461962198,-141.68327663221655,False,True,train
2026-03-09 14:54:00+00:00,uniswap_v2,sushiswap_v2,-80.75863380093499,59.47981205757726,0.00049461962198,-141.68327663221655,False,True,train
2026-03-09 14:55:00+00:00,uniswap_v2,sushiswap_v2,-80.75863380093499,59.47981205757726,0.00049461962198,-141.68327663221655,False,True,train
2026-03-09 14:56:00+00:00,uniswap_v2,sushiswap_v2,-80.75863380093499,59.47981205757726,0.00049461962198,-141.68327663221655,False,True,train
2026-03-09 14:57:00+00:00,uniswap_v2,sushiswap_v2,-80.75863380093499,59.47981205757726,0.00049461962198,-141.68327663221655,False,True,train
2026-03-09 14:58:00+00:00,uniswap_v2,sushiswap_v2,-80.75863380093499,59.47981205757726,0.00049461962198,-141.68327663221655,False,True,train
2026-03-09 14:59:00+00:00,uniswap_v2,sushiswap_v2,-80.75863380093499,59.47981205757726,0.00049461962198,-141.68327663221655,False,True,train
2026-03-09 15:00:00+00:00,uniswap_v2,sushiswap_v2,-80.75863380093499,59.47981205757726,0.00049461962198,-141.68327663221655,False,True,train
2026-03-09 15:01:00+00:00,uniswap_v2,sushiswap_v2,-80.75863380093499,59.47981205757726,0.00049461962198,-141.68327663221655,False,True,train
2026-03-09 15:02:00+00:00,uniswap_v2,sushiswap_v2,-80.75863380093499,59.47981205757726,0.00049461962198,-141.68327663221655,False,True,train
2026-03-09 15:03:00+00:00,uniswap_v2,sushiswap_v2,-80.75863380093499,59.47981205757726,0.00049461962198,-141.68327663221655,False,True,train
2026-03-09 15:04:00+00:00,uniswap_v2,sushiswap_v2,-80.75863380093499,59.47981205757726,0.00049461962198,-141.68327663221655,False,True,train
2026-03-09 15:05:00+00:00,uniswap_v2,sushiswap_v2,-80.75863380093499,59.47981205757726,0.00049461962198,-141.68327663221655,False,True,train
2026-03-09 15:06:00+00:00,uniswap_v2,sushiswap_v2,-80.75863380093499,59.47981205757726,0.00049461962198,-141.68327663221655,False,True,train
2026-03-09 15:07:00+00:00,uniswap_v2,sushiswap_v2,-80.75863380093499,59.47981205757726,0.00049461962198,-141.68327663221655,False,True,train
2026-03-09 15:08:00+00:00,uniswap_v2,sushiswap_v2,-80.75863380093499,59.47981205757726,0.00049461962198,-141.68327663221655,False,True,train
2026-03-09 15:09:00+00:00,uniswap_v2,sushiswap_v2,-80.75863380093499,59.47981205757726,0.00049461962198,-141.68327663221655,False,True,train
2026-03-09 15:10:00+00:00,uniswap_v2,sushiswap_v2,-80.75863380093499,59.47981205757726,0.00049461962198,-141.68327663221655,False,True,train
2026-03-09 15:11:00+00:00,uniswap_v2,sushiswap_v2,-80.75863380093499,59.47981205757726,0.00049461962198,-141.68327663221655,False,True,train
2026-03-09 15:12:00+00:00,uniswap_v2,sushiswap_v2,-80.75863380093499,59.47981205757726,0.00049461962198,-141.68327663221655,False,True,train
2026-03-09 15:13:00+00:00,uniswap_v2,sushiswap_v2,-80.75863380093499,59.47981205757726,0.00049461962198,-141.68327663221655,False,True,train
2026-03-09 15:14:00+00:00,uniswap_v2,sushiswap_v2,-80.75863380093499,59.47981205757726,0.00049461962198,-141.68327663221655,False,True,train
2026-03-09 15:15:00+00:00,uniswap_v2,sushiswap_v2,-80.75863380093499,59.47981205757726,0.00049461962198,-141.68327663221655,False,True,train
2026-03-09 15:16:00+00:00,uniswap_v2,sushiswap_v2,-80.75863380093499,59.47981205757726,0.00049461962198,-141.68327663221655,False,True,train
2026-03-09 15:17:00+00:00,uniswap_v2,sushiswap_v2,-80.75863380093499,59.47981205757726,0.00049461962198,-141.68327663221655,False,True,train
2026-03-09 15:18:00+00:00,uniswap_v2,sushiswap_v2,-80.75863380093499,59.47981205757726,0.00049461962198,-141.68327663221655,False,True,train
2026-03-09 15:19:00+00:00,uniswap_v2,sushiswap_v2,-80.75863380093499,59.47981205757726,0.00049461962198,-141.68327663221655,False,True,train
2026-03-09 15:20:00+00:00,uniswap_v2,sushiswap_v2,-80.75863380093499,59.47981205757726,0.00049461962198,-141.68327663221655,False,True,train
2026-03-09 15:21:00+00:00,uniswap_v2,sushiswap_v2,-80.75863380093499,59.47981205757726,0.00049461962198,-141.68327663221655,False,True,train
2026-03-09 15:22:00+00:00,uniswap_v2,sushiswap_v2,-80.75863380093499,59.47981205757726,0.00049461962198,-141.68327663221655,False,True,train
2026-03-09 15:23:00+00:00,uniswap_v2,sushiswap_v2,-80.75863380093499,59.47981205757726,0.00049461962198,-141.68327663221655,False,True,train
2026-03-09 15:24:00+00:00,uniswap_v2,sushiswap_v2,-80.75863380093499,59.47981205757726,0.00049461962198,-141.68327663221655,False,True,train
2026-03-09 15:25:00+00:00,uniswap_v2,sushiswap_v2,-80.75863380093499,59.47981205757726,0.00049461962198,-141.68327663221655,False,True,train
2026-03-09 15:26:00+00:00,uniswap_v2,sushiswap_v2,-80.75863380093499,59.47981205757726,0.00049461962198,-141.68327663221655,False,True,train
2026-03-09 15:27:00+00:00,uniswap_v2,sushiswap_v2,-80.75863380093499,59.47981205757726,0.00049461962198,-141.68327663221655,False,True,train
2026-03-09 15:28:00+00:00,uniswap_v2,sushiswap_v2,-80.75863380093499,59.47981205757726,0.00049461962198,-141.68327663221655,False,True,train
2026-03-09 15:29:00+00:00,uniswap_v2,sushiswap_v2,-80.75863380093499,59.47981205757726,0.00049461962198,-141.68327663221655,False,True,train
2026-03-09 15:30:00+00:00,uniswap_v2,sushiswap_v2,-80.75863380093499,59.47981205757726,0.00049461962198,-141.68327663221655,False,True,train
2026-03-09 15:31:00+00:00,uniswap_v2,sushiswap_v2,-80.75863380093499,59.47981205757726,0.00049461962198,-141.68327663221655,False,True,train
2026-03-09 15:32:00+00:00,uniswap_v2,sushiswap_v2,-80.75863380093499,59.47981205757726,0.00049461962198,-141.68327663221655,False,True,train
2026-03-09 15:33:00+00:00,uniswap_v2,sushiswap_v2,-80.75863380093499,59.47981205757726,0.00049461962198,-141.68327663221655,False,True,train
2026-03-09 15:34:00+00:00,uniswap_v2,sushiswap_v2,-80.75863380093499,59.47981205757726,0.00049461962198,-141.68327663221655,False,True,train
2026-03-09 15:35:00+00:00,uniswap_v2,sushiswap_v2,-80.75863380093499,59.47981205757726,0.00049461962198,-141.68327663221655,False,True,train
2026-03-09 15:36:00+00:00,uniswap_v2,sushiswap_v2,-80.75863380093499,59.47981205757726,0.00049461962198,-141.68327663221655,False,True,train
2026-03-09 15:37:00+00:00,uniswap_v2,sushiswap_v2,-80.75863380093499,59.47981205757726,0.00049461962198,-141.68327663221655,False,True,train
2026-03-09 15:38:00+00:00,uniswap_v2,sushiswap_v2,-80.75863380093499,59.47981205757726,0.00049461962198,-141.68327663221655,False,True,train
2026-03-09 15:39:00+00:00,uniswap_v2,sushiswap_v2,-80.75863380093499,59.47981205757726,0.00049461962198,-141.68327663221655,False,True,train
2026-03-09 15:40:00+00:00,uniswap_v2,sushiswap_v2,-80.75863380093499,59.47981205757726,0.00049461962198,-141.68327663221655,False,True,train
2026-03-09 15:41:00+00:00,uniswap_v2,sushiswap_v2,-80.75863380093499,59.47981205757726,0.00049461962198,-141.68327663221655,False,True,train
2026-03-09 15:42:00+00:00,uniswap_v2,sushiswap_v2,-80.80267296243315,59.47972722653358,0.00048706569626,-141.70586371007136,False,False,train
2026-03-09 15:43:00+00:00,uniswap_v2,sushiswap_v2,-77.3258591842679,59.49009161895211,0.0004858174739,-138.23626553295267,False,False,train
2026-03-09 15:44:00+00:00,uniswap_v2,sushiswap_v2,-77.3258591842679,59.49009161895211,0.0004858174739,-138.23626553295267,False,False,train
2026-03-09 15:45:00+00:00,uniswap_v2,sushiswap_v2,-77.3258591842679,59.49009161895211,0.0004858174739,-138.23626553295267,False,False,train
2026-03-09 15:46:00+00:00,uniswap_v2,sushiswap_v2,-77.3258591842679,59.49009161895211,0.0004858174739,-138.23626553295267,False,False,train
2026-03-09 15:47:00+00:00,uniswap_v2,sushiswap_v2,-77.3258591842679,59.49009161895211,0.0004858174739,-138.23626553295267,False,False,train
2026-03-09 15:48:00+00:00,uniswap_v2,sushiswap_v2,-77.3258591842679,59.49009161895211,0.0004858174739,-138.23626553295267,False,False,train
2026-03-09 15:49:00+00:00,uniswap_v2,sushiswap_v2,-77.3258591842679,59.49009161895211,0.0004858174739,-138.23626553295267,False,False,train
2026-03-09 15:50:00+00:00,uniswap_v2,sushiswap_v2,-77.3258591842679,59.49009161895211,0.0004858174739,-138.23626553295267,False,False,train
2026-03-09 15:51:00+00:00,uniswap_v2,sushiswap_v2,-77.3258591842679,59.49009161895211,0.0004858174739,-138.23626553295267,False,False,train
2026-03-09 15:52:00+00:00,uniswap_v2,sushiswap_v2,-77.3258591842679,59.49009161895211,0.0004858174739,-138.23626553295267,False,False,train
2026-03-09 15:53:00+00:00,uniswap_v2,sushiswap_v2,-77.3258591842679,59.49009161895211,0.0004858174739,-138.23626553295267,False,False,train
2026-03-09 15:54:00+00:00,uniswap_v2,sushiswap_v2,-77.3258591842679,59.49009161895211,0.0004858174739,-138.23626553295267,False,False,train
2026-03-09 15:55:00+00:00,uniswap_v2,sushiswap_v2,-77.92165547176,59.48832119789642,0.0004778005606,-138.8068535021155,False,False,train
2026-03-09 15:56:00+00:00,uniswap_v2,sushiswap_v2,-77.92165547176,59.48832119789642,0.0004778005606,-138.8068535021155,False,False,train
2026-03-09 15:57:00+00:00,uniswap_v2,sushiswap_v2,-77.92165547176,59.48832119789642,0.0004778005606,-138.8068535021155,False,False,train
2026-03-09 15:58:00+00:00,uniswap_v2,sushiswap_v2,-77.92165547176,59.48832119789642,0.0004778005606,-138.8068535021155,False,False,train
2026-03-09 15:59:00+00:00,uniswap_v2,sushiswap_v2,-77.92165547176,59.48832119789642,0.0004778005606,-138.8068535021155,False,True,train
2026-03-09 16:00:00+00:00,uniswap_v2,sushiswap_v2,-77.92165547176,59.48832119789642,0.0004778005606,-138.8068535021155,False,True,train
2026-03-09 16:01:00+00:00,uniswap_v2,sushiswap_v2,-77.92165547176,59.48832119789642,0.0004778005606,-138.8068535021155,False,True,train
2026-03-09 16:02:00+00:00,uniswap_v2,sushiswap_v2,-77.92165547176,59.48832119789642,0.0004778005606,-138.8068535021155,False,True,train
2026-03-09 16:03:00+00:00,sushiswap_v2,uniswap_v2,-80.50887458843442,59.616396154249344,0.0004756806934,-141.51042503887402,False,False,train
2026-03-09 16:04:00+00:00,sushiswap_v2,uniswap_v2,-80.50887458843442,59.616396154249344,0.0004756806934,-141.51042503887402,False,False,train
2026-03-09 16:05:00+00:00,sushiswap_v2,uniswap_v2,-80.50887458843442,59.616396154249344,0.0004756806934,-141.51042503887402,False,False,train
2026-03-09 16:06:00+00:00,uniswap_v2,sushiswap_v2,-78.57325770471462,59.48646788045202,0.0004727022201,-139.44291991753977,False,False,train
2026-03-09 16:07:00+00:00,sushiswap_v2,uniswap_v2,-79.38042914789862,59.619782952756246,0.00047163752922,-140.37414003095213,False,False,train
2026-03-09 16:08:00+00:00,uniswap_v2,sushiswap_v2,-77.28950679475469,59.490331859367444,0.00047410108614,-138.16785549398793,False,False,train
2026-03-09 16:09:00+00:00,uniswap_v2,sushiswap_v2,-77.28950679475469,59.490331859367444,0.00047410108614,-138.16785549398793,False,False,train
2026-03-09 16:10:00+00:00,sushiswap_v2,uniswap_v2,-80.42381616595524,59.61667194966176,0.0004743899204,-141.4230133143794,False,False,train
2026-03-09 16:11:00+00:00,sushiswap_v2,uniswap_v2,-80.42381616595524,59.61667194966176,0.0004743899204,-141.4230133143794,False,False,train
2026-03-09 16:12:00+00:00,sushiswap_v2,uniswap_v2,-80.42381616595524,59.61667194966176,0.0004743899204,-141.4230133143794,False,False,train
2026-03-09 16:13:00+00:00,sushiswap_v2,uniswap_v2,-80.42381616595524,59.61667194966176,0.0004743899204,-141.4230133143794,False,False,train
2026-03-09 16:14:00+00:00,sushiswap_v2,uniswap_v2,-80.42381616595524,59.61667194966176,0.0004743899204,-141.4230133143794,False,False,train
2026-03-09 16:15:00+00:00,sushiswap_v2,uniswap_v2,-80.42381616595524,59.61667194966176,0.0004743899204,-141.4230133143794,False,False,train
2026-03-09 16:16:00+00:00,sushiswap_v2,uniswap_v2,-80.42381616595524,59.61667194966176,0.0004743899204,-141.4230133143794,False,False,train
2026-03-09 16:17:00+00:00,sushiswap_v2,uniswap_v2,-80.42381616595524,59.61667194966176,0.0004743899204,-141.4230133143794,False,False,train
2026-03-09 16:18:00+00:00,sushiswap_v2,uniswap_v2,-80.42381616595524,59.61667194966176,0.0004743899204,-141.4230133143794,False,False,train
2026-03-09 16:19:00+00:00,sushiswap_v2,uniswap_v2,-80.42381616595524,59.61667194966176,0.0004743899204,-141.4230133143794,False,False,train
2026-03-09 16:20:00+00:00,sushiswap_v2,uniswap_v2,-80.42381616595524,59.61667194966176,0.0004743899204,-141.4230133143794,False,False,train
2026-03-09 16:21:00+00:00,sushiswap_v2,uniswap_v2,-80.42381616595524,59.61667194966176,0.0004743899204,-141.4230133143794,False,False,train
2026-03-09 16:22:00+00:00,sushiswap_v2,uniswap_v2,-80.42381616595524,59.61667194966176,0.0004743899204,-141.4230133143794,False,False,train
2026-03-09 16:23:00+00:00,sushiswap_v2,uniswap_v2,-80.42381616595524,59.61667194966176,0.0004743899204,-141.4230133143794,False,False,train
2026-03-09 16:24:00+00:00,sushiswap_v2,uniswap_v2,-80.42381616595524,59.61667194966176,0.0004743899204,-141.4230133143794,False,True,train
2026-03-09 16:25:00+00:00,sushiswap_v2,uniswap_v2,-80.42381616595524,59.61667194966176,0.0004743899204,-141.4230133143794,False,True,train
2026-03-09 16:26:00+00:00,sushiswap_v2,uniswap_v2,-80.42381616595524,59.61667194966176,0.0004743899204,-141.4230133143794,False,True,train
2026-03-09 16:27:00+00:00,sushiswap_v2,uniswap_v2,-80.42381616595524,59.61667194966176,0.0004743899204,-141.4230133143794,False,True,train
2026-03-09 16:28:00+00:00,uniswap_v2,sushiswap_v2,-78.54634260960742,59.48662423831086,0.0004670539104,-139.4007475248705,False,True,train
2026-03-09 16:29:00+00:00,uniswap_v2,sushiswap_v2,-78.54634260960742,59.48662423831086,0.0004670539104,-139.4007475248705,False,True,train
2026-03-09 16:30:00+00:00,uniswap_v2,sushiswap_v2,-78.54634260960742,59.48662423831086,0.0004670539104,-139.4007475248705,False,True,train
2026-03-09 16:31:00+00:00,uniswap_v2,sushiswap_v2,-78.54634260960742,59.48662423831086,0.0004670539104,-139.4007475248705,False,True,train
2026-03-09 16:32:00+00:00,uniswap_v2,sushiswap_v2,-78.54634260960742,59.48662423831086,0.0004670539104,-139.4007475248705,False,True,train
2026-03-09 16:33:00+00:00,uniswap_v2,sushiswap_v2,-78.54634260960742,59.48662423831086,0.0004670539104,-139.4007475248705,False,True,train
2026-03-09 16:34:00+00:00,uniswap_v2,sushiswap_v2,-78.54634260960742,59.48662423831086,0.0004670539104,-139.4007475248705,False,True,train
2026-03-09 16:35:00+00:00,uniswap_v2,sushiswap_v2,-78.54634260960742,59.48662423831086,0.0004670539104,-139.4007475248705,False,True,train
2026-03-09 16:36:00+00:00,uniswap_v2,sushiswap_v2,-78.54634260960742,59.48662423831086,0.0004670539104,-139.4007475248705,False,True,train
2026-03-09 16:37:00+00:00,uniswap_v2,sushiswap_v2,-78.54634260960742,59.48662423831086,0.0004670539104,-139.4007475248705,False,True,train
2026-03-09 16:38:00+00:00,uniswap_v2,sushiswap_v2,-78.54634260960742,59.48662423831086,0.0004670539104,-139.4007475248705,False,True,train
2026-03-09 16:39:00+00:00,uniswap_v2,sushiswap_v2,-78.54634260960742,59.48662423831086,0.0004670539104,-139.4007475248705,False,True,train
2026-03-09 16:40:00+00:00,uniswap_v2,sushiswap_v2,-78.54634260960742,59.48662423831086,0.0004670539104,-139.4007475248705,False,True,train
2026-03-09 16:41:00+00:00,uniswap_v2,sushiswap_v2,-78.54634260960742,59.48662423831086,0.0004670539104,-139.4007475248705,False,True,train
2026-03-09 16:42:00+00:00,uniswap_v2,sushiswap_v2,-78.54634260960742,59.48662423831086,0.0004670539104,-139.4007475248705,False,True,train
2026-03-09 16:43:00+00:00,uniswap_v2,sushiswap_v2,-78.54634260960742,59.48662423831086,0.0004670539104,-139.4007475248705,False,True,train
2026-03-09 16:44:00+00:00,uniswap_v2,sushiswap_v2,-78.54634260960742,59.48662423831086,0.0004670539104,-139.4007475248705,False,True,train
2026-03-09 16:45:00+00:00,uniswap_v2,sushiswap_v2,-78.54634260960742,59.48662423831086,0.0004670539104,-139.4007475248705,False,True,train
2026-03-09 16:46:00+00:00,uniswap_v2,sushiswap_v2,-78.54634260960742,59.48662423831086,0.0004670539104,-139.4007475248705,False,True,train
2026-03-09 16:47:00+00:00,uniswap_v2,sushiswap_v2,-78.54634260960742,59.48662423831086,0.0004670539104,-139.4007475248705,False,True,train
2026-03-09 16:48:00+00:00,uniswap_v2,sushiswap_v2,-78.54634260960742,59.48662423831086,0.0004670539104,-139.4007475248705,False,True,train
2026-03-09 16:49:00+00:00,uniswap_v2,sushiswap_v2,-78.54634260960742,59.48662423831086,0.0004670539104,-139.4007475248705,False,True,train
2026-03-09 16:50:00+00:00,uniswap_v2,sushiswap_v2,-78.53818834595924,59.48664854633597,0.00046520686872,-139.38720957819373,False,True,train
2026-03-09 16:51:00+00:00,uniswap_v2,sushiswap_v2,-78.53818834595924,59.48664854633597,0.00046520686872,-139.38720957819373,False,True,train
2026-03-09 16:52:00+00:00,uniswap_v2,sushiswap_v2,-78.53818834595924,59.48664854633597,0.00046520686872,-139.38720957819373,False,True,train
2026-03-09 16:53:00+00:00,uniswap_v2,sushiswap_v2,-78.53818834595924,59.48664854633597,0.00046520686872,-139.38720957819373,False,True,train
2026-03-09 16:54:00+00:00,uniswap_v2,sushiswap_v2,-78.53818834595924,59.48664854633597,0.00046520686872,-139.38720957819373,False,True,train
2026-03-09 16:55:00+00:00,uniswap_v2,sushiswap_v2,-78.53818834595924,59.48664854633597,0.00046520686872,-139.38720957819373,False,True,train
2026-03-09 16:56:00+00:00,uniswap_v2,sushiswap_v2,-78.58335524324595,59.48651433081123,0.00046337534232,-139.426878578315,False,False,train
2026-03-09 16:57:00+00:00,uniswap_v2,sushiswap_v2,-78.58335524324595,59.48651433081123,0.00046337534232,-139.426878578315,False,False,train
2026-03-09 16:58:00+00:00,uniswap_v2,sushiswap_v2,-78.58335524324595,59.48651433081123,0.00046337534232,-139.426878578315,False,False,train
2026-03-09 16:59:00+00:00,uniswap_v2,sushiswap_v2,-78.58335524324595,59.48651433081123,0.00046337534232,-139.426878578315,False,False,train
2026-03-09 17:00:00+00:00,uniswap_v2,sushiswap_v2,-78.58335524324595,59.48651433081123,0.00046337534232,-139.426878578315,False,False,train
2026-03-09 17:01:00+00:00,uniswap_v2,sushiswap_v2,-78.58335524324595,59.48651433081123,0.00046337534232,-139.426878578315,False,False,train
2026-03-09 17:02:00+00:00,uniswap_v2,sushiswap_v2,-78.58335524324595,59.48651433081123,0.00046337534232,-139.426878578315,False,False,train
2026-03-09 17:03:00+00:00,uniswap_v2,sushiswap_v2,-78.58335524324595,59.48651433081123,0.00046337534232,-139.426878578315,False,False,train
2026-03-09 17:04:00+00:00,uniswap_v2,sushiswap_v2,-78.58335524324595,59.48651433081123,0.00046337534232,-139.426878578315,False,False,train
2026-03-09 17:05:00+00:00,uniswap_v2,sushiswap_v2,-78.58335524324595,59.48651433081123,0.00046337534232,-139.426878578315,False,False,train
2026-03-09 17:06:00+00:00,uniswap_v2,sushiswap_v2,-78.58335524324595,59.48651433081123,0.00046337534232,-139.426878578315,False,True,train
2026-03-09 17:07:00+00:00,uniswap_v2,sushiswap_v2,-78.58335524324595,59.48651433081123,0.00046337534232,-139.426878578315,False,True,train
2026-03-09 17:08:00+00:00,uniswap_v2,sushiswap_v2,-78.58335524324595,59.48651433081123,0.00046337534232,-139.426878578315,False,True,train
2026-03-09 17:09:00+00:00,uniswap_v2,sushiswap_v2,-78.58335355793098,59.48651433583555,0.00046567607108,-139.43361465350293,False,False,train
2026-03-09 17:10:00+00:00,uniswap_v2,sushiswap_v2,-78.58335355793098,59.48651433583555,0.00046567607108,-139.43361465350293,False,False,train
2026-03-09 17:11:00+00:00,uniswap_v2,sushiswap_v2,-78.58335355793098,59.48651433583555,0.00046567607108,-139.43361465350293,False,False,train
2026-03-09 17:12:00+00:00,uniswap_v2,sushiswap_v2,-78.58335355793098,59.48651433583555,0.00046567607108,-139.43361465350293,False,True,train
2026-03-09 17:13:00+00:00,uniswap_v2,sushiswap_v2,-78.58335355793098,59.48651433583555,0.00046567607108,-139.43361465350293,False,True,train
2026-03-09 17:14:00+00:00,uniswap_v2,sushiswap_v2,-78.58335355793098,59.48651433583555,0.00046567607108,-139.43361465350293,False,True,train
2026-03-09 17:15:00+00:00,uniswap_v2,sushiswap_v2,-78.58335355793098,59.48651433583555,0.00046567607108,-139.43361465350293,False,True,train
2026-03-09 17:16:00+00:00,uniswap_v2,sushiswap_v2,-78.58335355793098,59.48651433583555,0.00046567607108,-139.43361465350293,False,True,train
2026-03-09 17:17:00+00:00,uniswap_v2,sushiswap_v2,-78.58335355793098,59.48651433583555,0.00046567607108,-139.43361465350293,False,True,train
2026-03-09 17:18:00+00:00,uniswap_v2,sushiswap_v2,-78.58335355793098,59.48651433583555,0.00046567607108,-139.43361465350293,False,True,train
2026-03-09 17:19:00+00:00,uniswap_v2,sushiswap_v2,-78.58335355793098,59.48651433583555,0.00046567607108,-139.43361465350293,False,True,train
2026-03-09 17:20:00+00:00,uniswap_v2,sushiswap_v2,-78.58335355793098,59.48651433583555,0.00046567607108,-139.43361465350293,False,True,train
2026-03-09 17:21:00+00:00,uniswap_v2,sushiswap_v2,-78.58335355793098,59.48651433583555,0.00046567607108,-139.43361465350293,False,True,train
2026-03-09 17:22:00+00:00,uniswap_v2,sushiswap_v2,-78.58335355793098,59.48651433583555,0.00046567607108,-139.43361465350293,False,True,train
2026-03-09 17:23:00+00:00,uniswap_v2,sushiswap_v2,-78.58335355793098,59.48651433583555,0.00046567607108,-139.43361465350293,False,True,train
2026-03-09 17:24:00+00:00,uniswap_v2,sushiswap_v2,-78.58335355793098,59.48651433583555,0.00046567607108,-139.43361465350293,False,True,train
2026-03-09 17:25:00+00:00,uniswap_v2,sushiswap_v2,-79.65927036653308,59.483317198397835,0.00046214704558,-140.49599946447256,False,True,train
2026-03-09 17:26:00+00:00,uniswap_v2,sushiswap_v2,-79.65927036653308,59.483317198397835,0.00046214704558,-140.49599946447256,False,True,train
2026-03-09 17:27:00+00:00,uniswap_v2,sushiswap_v2,-79.65927036653308,59.483317198397835,0.00046214704558,-140.49599946447256,False,True,train
2026-03-09 17:28:00+00:00,uniswap_v2,sushiswap_v2,-79.65927036653308,59.483317198397835,0.00046214704558,-140.49599946447256,False,True,train
2026-03-09 17:29:00+00:00,uniswap_v2,sushiswap_v2,-79.65927036653308,59.483317198397835,0.00046214704558,-140.49599946447256,False,True,train
2026-03-09 17:30:00+00:00,uniswap_v2,sushiswap_v2,-79.65927036653308,59.483317198397835,0.00046214704558,-140.49599946447256,False,True,train
2026-03-09 17:31:00+00:00,uniswap_v2,sushiswap_v2,-79.65927036653308,59.483317198397835,0.00046214704558,-140.49599946447256,False,True,train
2026-03-09 17:32:00+00:00,uniswap_v2,sushiswap_v2,-79.65927036653308,59.483317198397835,0.00046214704558,-140.49599946447256,False,True,train
2026-03-09 17:33:00+00:00,uniswap_v2,sushiswap_v2,-79.65927036653308,59.483317198397835,0.00046214704558,-140.49599946447256,False,True,train
2026-03-09 17:34:00+00:00,uniswap_v2,sushiswap_v2,-79.65927036653308,59.483317198397835,0.00046214704558,-140.49599946447256,False,True,train
2026-03-09 17:35:00+00:00,uniswap_v2,sushiswap_v2,-79.65927036653308,59.483317198397835,0.00046214704558,-140.49599946447256,False,True,train
2026-03-09 17:36:00+00:00,uniswap_v2,sushiswap_v2,-79.65927036653308,59.483317198397835,0.00046214704558,-140.49599946447256,False,True,train
2026-03-09 17:37:00+00:00,uniswap_v2,sushiswap_v2,-79.65927036653308,59.483317198397835,0.00046214704558,-140.49599946447256,False,True,train
2026-03-09 17:38:00+00:00,uniswap_v2,sushiswap_v2,-79.65927036653308,59.483317198397835,0.00046214704558,-140.49599946447256,False,True,train
2026-03-09 17:39:00+00:00,uniswap_v2,sushiswap_v2,-79.65927036653308,59.483317198397835,0.00046214704558,-140.49599946447256,False,True,train
2026-03-09 17:40:00+00:00,uniswap_v2,sushiswap_v2,-79.65927036653308,59.483317198397835,0.00046214704558,-140.49599946447256,False,True,train
2026-03-09 17:41:00+00:00,uniswap_v2,sushiswap_v2,-79.65927036653308,59.483317198397835,0.00046214704558,-140.49599946447256,False,True,train
2026-03-09 17:42:00+00:00,uniswap_v2,sushiswap_v2,-79.65927036653308,59.483317198397835,0.00046214704558,-140.49599946447256,False,True,train
2026-03-09 17:43:00+00:00,uniswap_v2,sushiswap_v2,-79.65927036653308,59.483317198397835,0.00046214704558,-140.49599946447256,False,True,train
2026-03-09 17:44:00+00:00,uniswap_v2,sushiswap_v2,-79.65927036653308,59.483317198397835,0.00046214704558,-140.49599946447256,False,True,train
2026-03-09 17:45:00+00:00,uniswap_v2,sushiswap_v2,-79.65927036653308,59.483317198397835,0.00046214704558,-140.49599946447256,False,True,train
2026-03-09 17:46:00+00:00,uniswap_v2,sushiswap_v2,-79.65927036653308,59.483317198397835,0.00046214704558,-140.49599946447256,False,True,train
2026-03-09 17:47:00+00:00,uniswap_v2,sushiswap_v2,-79.65927036653308,59.483317198397835,0.00046214704558,-140.49599946447256,False,True,train
2026-03-09 17:48:00+00:00,uniswap_v2,sushiswap_v2,-79.65927036653308,59.483317198397835,0.00046214704558,-140.49599946447256,False,True,train
2026-03-09 17:49:00+00:00,uniswap_v2,sushiswap_v2,-79.65927036653308,59.483317198397835,0.00046214704558,-140.49599946447256,False,True,train
2026-03-09 17:50:00+00:00,uniswap_v2,sushiswap_v2,-79.65927036653308,59.483317198397835,0.00046214704558,-140.49599946447256,False,True,train
2026-03-09 17:51:00+00:00,uniswap_v2,sushiswap_v2,-79.65927036653308,59.483317198397835,0.00046214704558,-140.49599946447256,False,True,train
2026-03-09 17:52:00+00:00,uniswap_v2,sushiswap_v2,-79.65927036653308,59.483317198397835,0.00046214704558,-140.49599946447256,False,True,train
2026-03-09 17:53:00+00:00,uniswap_v2,sushiswap_v2,-79.65927036653308,59.483317198397835,0.00046214704558,-140.49599946447256,False,True,train
2026-03-09 17:54:00+00:00,uniswap_v2,sushiswap_v2,-79.65927036653308,59.483317198397835,0.00046214704558,-140.49599946447256,False,True,train
2026-03-09 17:55:00+00:00,uniswap_v2,sushiswap_v2,-79.65927036653308,59.483317198397835,0.00046214704558,-140.49599946447256,False,True,train
2026-03-09 17:56:00+00:00,uniswap_v2,sushiswap_v2,-79.65927036653308,59.483317198397835,0.00046214704558,-140.49599946447256,False,True,train
2026-03-09 17:57:00+00:00,uniswap_v2,sushiswap_v2,-79.65927036653308,59.483317198397835,0.00046214704558,-140.49599946447256,False,True,train
2026-03-09 17:58:00+00:00,uniswap_v2,sushiswap_v2,-79.65927036653308,59.483317198397835,0.00046214704558,-140.49599946447256,False,True,train
2026-03-09 17:59:00+00:00,uniswap_v2,sushiswap_v2,-79.65927036653308,59.483317198397835,0.00046214704558,-140.49599946447256,False,True,train
2026-03-09 18:00:00+00:00,uniswap_v2,sushiswap_v2,-79.65927036653308,59.483317198397835,0.00046214704558,-140.49599946447256,False,True,train
2026-03-09 18:01:00+00:00,uniswap_v2,sushiswap_v2,-79.65927036653308,59.483317198397835,0.00046214704558,-140.49599946447256,False,True,train
2026-03-09 18:02:00+00:00,uniswap_v2,sushiswap_v2,-79.65927036653308,59.483317198397835,0.00046214704558,-140.49599946447256,False,True,train
2026-03-09 18:03:00+00:00,uniswap_v2,sushiswap_v2,-79.65927036653308,59.483317198397835,0.00046214704558,-140.49599946447256,False,True,train
2026-03-09 18:04:00+00:00,uniswap_v2,sushiswap_v2,-79.65927036653308,59.483317198397835,0.00046214704558,-140.49599946447256,False,True,train
2026-03-09 18:05:00+00:00,uniswap_v2,sushiswap_v2,-79.65927036653308,59.483317198397835,0.00046214704558,-140.49599946447256,False,True,train
2026-03-09 18:06:00+00:00,uniswap_v2,sushiswap_v2,-79.65927036653308,59.483317198397835,0.00046214704558,-140.49599946447256,False,True,train
2026-03-09 18:07:00+00:00,uniswap_v2,sushiswap_v2,-79.65927036653308,59.483317198397835,0.00046214704558,-140.49599946447256,False,True,train
2026-03-09 18:08:00+00:00,uniswap_v2,sushiswap_v2,-79.65927036653308,59.483317198397835,0.00046214704558,-140.49599946447256,False,True,train
2026-03-09 18:09:00+00:00,uniswap_v2,sushiswap_v2,-79.65927036653308,59.483317198397835,0.00046214704558,-140.49599946447256,False,True,train
2026-03-09 18:10:00+00:00,uniswap_v2,sushiswap_v2,-79.65927036653308,59.483317198397835,0.00046214704558,-140.49599946447256,False,True,train
2026-03-09 18:11:00+00:00,uniswap_v2,sushiswap_v2,-79.65927036653308,59.483317198397835,0.00046214704558,-140.49599946447256,False,True,train
2026-03-09 18:12:00+00:00,uniswap_v2,sushiswap_v2,-79.65927036653308,59.483317198397835,0.00046214704558,-140.49599946447256,False,True,train
2026-03-09 18:13:00+00:00,uniswap_v2,sushiswap_v2,-79.65927036653308,59.483317198397835,0.00046214704558,-140.49599946447256,False,True,train
2026-03-09 18:14:00+00:00,uniswap_v2,sushiswap_v2,-79.65927036653308,59.483317198397835,0.00046214704558,-140.49599946447256,False,True,train
2026-03-09 18:15:00+00:00,uniswap_v2,sushiswap_v2,-79.65927036653308,59.483317198397835,0.00046214704558,-140.49599946447256,False,True,train
2026-03-09 18:16:00+00:00,uniswap_v2,sushiswap_v2,-79.65927036653308,59.483317198397835,0.00046214704558,-140.49599946447256,False,True,train
2026-03-09 18:17:00+00:00,uniswap_v2,sushiswap_v2,-79.65927036653308,59.483317198397835,0.00046214704558,-140.49599946447256,False,True,train
2026-03-09 18:18:00+00:00,uniswap_v2,sushiswap_v2,-77.77824817059638,59.48896269051225,0.00046409512138,-138.62713943563926,False,False,train
2026-03-09 18:19:00+00:00,sushiswap_v2,uniswap_v2,-80.3251276540433,59.61699055718849,0.0004629572805,-141.29253393686153,False,False,train
2026-03-09 18:20:00+00:00,sushiswap_v2,uniswap_v2,-80.3251276540433,59.61699055718849,0.0004629572805,-141.29253393686153,False,False,train
2026-03-09 18:21:00+00:00,sushiswap_v2,uniswap_v2,-80.3251276540433,59.61699055718849,0.0004629572805,-141.29253393686153,False,False,train
2026-03-09 18:22:00+00:00,sushiswap_v2,uniswap_v2,-80.3251276540433,59.61699055718849,0.0004629572805,-141.29253393686153,False,False,train
2026-03-09 18:23:00+00:00,sushiswap_v2,uniswap_v2,-80.3251276540433,59.61699055718849,0.0004629572805,-141.29253393686153,False,False,train
2026-03-09 18:24:00+00:00,sushiswap_v2,uniswap_v2,-80.3251276540433,59.61699055718849,0.0004629572805,-141.29253393686153,False,False,train
2026-03-09 18:25:00+00:00,sushiswap_v2,uniswap_v2,-80.3251276540433,59.61699055718849,0.0004629572805,-141.29253393686153,False,False,train
2026-03-09 18:26:00+00:00,sushiswap_v2,uniswap_v2,-80.3251276540433,59.61699055718849,0.0004629572805,-141.29253393686153,False,False,train
2026-03-09 18:27:00+00:00,sushiswap_v2,uniswap_v2,-80.3251276540433,59.61699055718849,0.0004629572805,-141.29253393686153,False,False,train
2026-03-09 18:28:00+00:00,sushiswap_v2,uniswap_v2,-80.3251276540433,59.61699055718849,0.0004629572805,-141.29253393686153,False,False,train
2026-03-09 18:29:00+00:00,sushiswap_v2,uniswap_v2,-80.3251276540433,59.61699055718849,0.0004629572805,-141.29253393686153,False,False,train
2026-03-09 18:30:00+00:00,sushiswap_v2,uniswap_v2,-80.3251276540433,59.61699055718849,0.0004629572805,-141.29253393686153,False,False,train
2026-03-09 18:31:00+00:00,sushiswap_v2,uniswap_v2,-80.3251276540433,59.61699055718849,0.0004629572805,-141.29253393686153,False,False,train
2026-03-09 18:32:00+00:00,sushiswap_v2,uniswap_v2,-80.3251276540433,59.61699055718849,0.0004629572805,-141.29253393686153,False,False,train
2026-03-09 18:33:00+00:00,sushiswap_v2,uniswap_v2,-80.3251276540433,59.61699055718849,0.0004629572805,-141.29253393686153,False,False,train
2026-03-09 18:34:00+00:00,sushiswap_v2,uniswap_v2,-80.3251276540433,59.61699055718849,0.0004629572805,-141.29253393686153,False,True,train
2026-03-09 18:35:00+00:00,sushiswap_v2,uniswap_v2,-80.3251276540433,59.61699055718849,0.0004629572805,-141.29253393686153,False,True,train
2026-03-09 18:36:00+00:00,sushiswap_v2,uniswap_v2,-80.3251276540433,59.61699055718849,0.0004629572805,-141.29253393686153,False,True,train
2026-03-09 18:37:00+00:00,sushiswap_v2,uniswap_v2,-80.3251276540433,59.61699055718849,0.0004629572805,-141.29253393686153,False,True,train
2026-03-09 18:38:00+00:00,sushiswap_v2,uniswap_v2,-80.3251276540433,59.61699055718849,0.0004629572805,-141.29253393686153,False,True,train
2026-03-09 18:39:00+00:00,sushiswap_v2,uniswap_v2,-80.3251276540433,59.61699055718849,0.0004629572805,-141.29253393686153,False,True,train
2026-03-09 18:40:00+00:00,sushiswap_v2,uniswap_v2,-80.3251276540433,59.61699055718849,0.0004629572805,-141.29253393686153,False,True,train
2026-03-09 18:41:00+00:00,sushiswap_v2,uniswap_v2,-80.3251276540433,59.61699055718849,0.0004629572805,-141.29253393686153,False,True,train
2026-03-09 18:42:00+00:00,sushiswap_v2,uniswap_v2,-80.3251276540433,59.61699055718849,0.0004629572805,-141.29253393686153,False,True,train
2026-03-09 18:43:00+00:00,sushiswap_v2,uniswap_v2,-80.3251276540433,59.61699055718849,0.0004629572805,-141.29253393686153,False,True,train
2026-03-09 18:44:00+00:00,sushiswap_v2,uniswap_v2,-80.3251276540433,59.61699055718849,0.0004629572805,-141.29253393686153,False,True,train
2026-03-09 18:45:00+00:00,sushiswap_v2,uniswap_v2,-80.3251276540433,59.61699055718849,0.0004629572805,-141.29253393686153,False,True,train
2026-03-09 18:46:00+00:00,sushiswap_v2,uniswap_v2,-80.3251276540433,59.61699055718849,0.0004629572805,-141.29253393686153,False,True,train
2026-03-09 18:47:00+00:00,sushiswap_v2,uniswap_v2,-80.3251276540433,59.61699055718849,0.0004629572805,-141.29253393686153,False,True,train
2026-03-09 18:48:00+00:00,sushiswap_v2,uniswap_v2,-80.3251276540433,59.61699055718849,0.0004629572805,-141.29253393686153,False,True,train
2026-03-09 18:49:00+00:00,sushiswap_v2,uniswap_v2,-80.3251276540433,59.61699055718849,0.0004629572805,-141.29253393686153,False,True,train
2026-03-09 18:50:00+00:00,sushiswap_v2,uniswap_v2,-80.3251276540433,59.61699055718849,0.0004629572805,-141.29253393686153,False,True,train
2026-03-09 18:51:00+00:00,sushiswap_v2,uniswap_v2,-80.3251276540433,59.61699055718849,0.0004629572805,-141.29253393686153,False,True,train
2026-03-09 18:52:00+00:00,sushiswap_v2,uniswap_v2,-80.3251276540433,59.61699055718849,0.0004629572805,-141.29253393686153,False,True,train
2026-03-09 18:53:00+00:00,sushiswap_v2,uniswap_v2,-80.3251276540433,59.61699055718849,0.0004629572805,-141.29253393686153,False,True,train
2026-03-09 18:54:00+00:00,sushiswap_v2,uniswap_v2,-80.3251276540433,59.61699055718849,0.0004629572805,-141.29253393686153,False,True,train
2026-03-09 18:55:00+00:00,sushiswap_v2,uniswap_v2,-80.3251276540433,59.61699055718849,0.0004629572805,-141.29253393686153,False,True,train
2026-03-09 18:56:00+00:00,sushiswap_v2,uniswap_v2,-80.34236060742246,59.6169389943628,0.00046243407496,-141.30818917150668,False,True,train
2026-03-09 18:57:00+00:00,sushiswap_v2,uniswap_v2,-80.34236060742246,59.6169389943628,0.00046243407496,-141.30818917150668,False,True,train
2026-03-09 18:58:00+00:00,sushiswap_v2,uniswap_v2,-80.34236060742246,59.6169389943628,0.00046243407496,-141.30818917150668,False,True,train
2026-03-09 18:59:00+00:00,sushiswap_v2,uniswap_v2,-80.34236060742246,59.6169389943628,0.00046243407496,-141.30818917150668,False,True,train
2026-03-09 19:00:00+00:00,sushiswap_v2,uniswap_v2,-80.34236060742246,59.6169389943628,0.00046243407496,-141.30818917150668,False,True,train
2026-03-09 19:01:00+00:00,sushiswap_v2,uniswap_v2,-80.34236060742246,59.6169389943628,0.00046243407496,-141.30818917150668,False,True,train
2026-03-09 19:02:00+00:00,sushiswap_v2,uniswap_v2,-80.34236060742246,59.6169389943628,0.00046243407496,-141.30818917150668,False,True,train
2026-03-09 19:03:00+00:00,sushiswap_v2,uniswap_v2,-80.34236060742246,59.6169389943628,0.00046243407496,-141.30818917150668,False,True,train
2026-03-09 19:04:00+00:00,sushiswap_v2,uniswap_v2,-80.34236060742246,59.6169389943628,0.00046243407496,-141.30818917150668,False,True,train
2026-03-09 19:05:00+00:00,sushiswap_v2,uniswap_v2,-80.34236060742246,59.6169389943628,0.00046243407496,-141.30818917150668,False,True,train
2026-03-09 19:06:00+00:00,sushiswap_v2,uniswap_v2,-80.34236060742246,59.6169389943628,0.00046243407496,-141.30818917150668,False,True,train
2026-03-09 19:07:00+00:00,sushiswap_v2,uniswap_v2,-80.34236060742246,59.6169389943628,0.00046243407496,-141.30818917150668,False,True,train
2026-03-09 19:08:00+00:00,sushiswap_v2,uniswap_v2,-80.34236060742246,59.6169389943628,0.00046243407496,-141.30818917150668,False,True,train
2026-03-09 19:09:00+00:00,sushiswap_v2,uniswap_v2,-80.34236060742246,59.6169389943628,0.00046243407496,-141.30818917150668,False,True,train
2026-03-09 19:10:00+00:00,sushiswap_v2,uniswap_v2,-80.34236060742246,59.6169389943628,0.00046243407496,-141.30818917150668,False,True,train
2026-03-09 19:11:00+00:00,sushiswap_v2,uniswap_v2,-80.34236060742246,59.6169389943628,0.00046243407496,-141.30818917150668,False,True,train
2026-03-09 19:12:00+00:00,sushiswap_v2,uniswap_v2,-80.34236060742246,59.6169389943628,0.00046243407496,-141.30818917150668,False,True,train
2026-03-09 19:13:00+00:00,sushiswap_v2,uniswap_v2,-80.34236060742246,59.6169389943628,0.00046243407496,-141.30818917150668,False,True,train
2026-03-09 19:14:00+00:00,sushiswap_v2,uniswap_v2,-80.34236060742246,59.6169389943628,0.00046243407496,-141.30818917150668,False,True,train
2026-03-09 19:15:00+00:00,sushiswap_v2,uniswap_v2,-80.34236060742246,59.6169389943628,0.00046243407496,-141.30818917150668,False,True,train
2026-03-09 19:16:00+00:00,sushiswap_v2,uniswap_v2,-80.34236060742246,59.6169389943628,0.00046243407496,-141.30818917150668,False,True,train
2026-03-09 19:17:00+00:00,sushiswap_v2,uniswap_v2,-80.34236060742246,59.6169389943628,0.00046243407496,-141.30818917150668,False,True,train
2026-03-09 19:18:00+00:00,sushiswap_v2,uniswap_v2,-80.34236060742246,59.6169389943628,0.00046243407496,-141.30818917150668,False,True,train
2026-03-09 19:19:00+00:00,sushiswap_v2,uniswap_v2,-80.34236060742246,59.6169389943628,0.00046243407496,-141.30818917150668,False,True,train
2026-03-09 19:20:00+00:00,sushiswap_v2,uniswap_v2,-80.34236060742246,59.6169389943628,0.00046243407496,-141.30818917150668,False,True,train
2026-03-09 19:21:00+00:00,uniswap_v2,sushiswap_v2,-80.31043716564041,59.48144879956443,0.00045390761306,-141.1221135310148,False,True,train
2026-03-09 19:22:00+00:00,uniswap_v2,sushiswap_v2,-77.04052972806484,59.491196487607084,0.00045869087176,-137.876416120421,False,True,train
2026-03-09 19:23:00+00:00,uniswap_v2,sushiswap_v2,-77.04052972806484,59.491196487607084,0.00045869087176,-137.876416120421,False,True,train
2026-03-09 19:24:00+00:00,uniswap_v2,sushiswap_v2,-77.04052972806484,59.491196487607084,0.00045869087176,-137.876416120421,False,True,train
2026-03-09 19:25:00+00:00,sushiswap_v2,uniswap_v2,-80.39090702973402,59.61683431563816,0.00045933414714,-141.3496794721849,False,False,train
2026-03-09 19:26:00+00:00,uniswap_v2,sushiswap_v2,-78.72307295799406,59.48632584905919,0.00045823994876,-139.55462093799449,False,False,train
2026-03-09 19:27:00+00:00,uniswap_v2,sushiswap_v2,-80.60536452136235,59.48078197856536,0.00045731104034,-141.42935237553064,False,False,train
2026-03-09 19:28:00+00:00,uniswap_v2,sushiswap_v2,-80.60536452136235,59.48078197856536,0.00045731104034,-141.42935237553064,False,False,train
2026-03-09 19:29:00+00:00,uniswap_v2,sushiswap_v2,-80.31761769836426,59.481701749680525,0.0004772650179,-141.20210388364583,False,False,train
2026-03-09 19:30:00+00:00,uniswap_v2,sushiswap_v2,-80.30550370684118,59.481737862174185,0.00047348817978,-141.17892677055784,False,False,train
2026-03-09 19:31:00+00:00,uniswap_v2,sushiswap_v2,-80.30550370684118,59.481737862174185,0.00047348817978,-141.17892677055784,False,False,train
2026-03-09 19:32:00+00:00,uniswap_v2,sushiswap_v2,-80.30550370684118,59.481737862174185,0.00047348817978,-141.17892677055784,False,False,train
2026-03-09 19:33:00+00:00,uniswap_v2,sushiswap_v2,-80.30550370684118,59.481737862174185,0.00047348817978,-141.17892677055784,False,False,train
2026-03-09 19:34:00+00:00,uniswap_v2,sushiswap_v2,-80.30550370684118,59.481737862174185,0.00047348817978,-141.17892677055784,False,False,train
2026-03-09 19:35:00+00:00,uniswap_v2,sushiswap_v2,-80.30550370684118,59.481737862174185,0.00047348817978,-141.17892677055784,False,False,train
2026-03-09 19:36:00+00:00,uniswap_v2,sushiswap_v2,-80.30550370684118,59.481737862174185,0.00047348817978,-141.17892677055784,False,False,train
2026-03-09 19:37:00+00:00,uniswap_v2,sushiswap_v2,-80.30550370684118,59.481737862174185,0.00047348817978,-141.17892677055784,False,False,train
2026-03-09 19:38:00+00:00,uniswap_v2,sushiswap_v2,-80.30550370684118,59.481737862174185,0.00047348817978,-141.17892677055784,False,False,train
2026-03-09 19:39:00+00:00,uniswap_v2,sushiswap_v2,-80.30550370684118,59.481737862174185,0.00047348817978,-141.17892677055784,False,False,train
2026-03-09 19:40:00+00:00,uniswap_v2,sushiswap_v2,-80.30550370684118,59.481737862174185,0.00047348817978,-141.17892677055784,False,False,train
2026-03-09 19:41:00+00:00,uniswap_v2,sushiswap_v2,-80.30550370684118,59.481737862174185,0.00047348817978,-141.17892677055784,False,False,train
2026-03-09 19:42:00+00:00,uniswap_v2,sushiswap_v2,-80.30550370684118,59.481737862174185,0.00047348817978,-141.17892677055784,False,False,train
2026-03-09 19:43:00+00:00,uniswap_v2,sushiswap_v2,-80.30550370684118,59.481737862174185,0.00047348817978,-141.17892677055784,False,False,train
2026-03-09 19:44:00+00:00,uniswap_v2,sushiswap_v2,-80.30550370684118,59.481737862174185,0.00047348817978,-141.17892677055784,False,False,train
2026-03-09 19:45:00+00:00,uniswap_v2,sushiswap_v2,-80.30550370684118,59.481737862174185,0.00047348817978,-141.17892677055784,False,True,train
2026-03-09 19:46:00+00:00,uniswap_v2,sushiswap_v2,-80.30550370684118,59.481737862174185,0.00047348817978,-141.17892677055784,False,True,train
2026-03-09 19:47:00+00:00,uniswap_v2,sushiswap_v2,-80.30550370684118,59.481737862174185,0.00047348817978,-141.17892677055784,False,True,train
2026-03-09 19:48:00+00:00,uniswap_v2,sushiswap_v2,-80.30550370684118,59.481737862174185,0.00047348817978,-141.17892677055784,False,True,train
2026-03-09 19:49:00+00:00,uniswap_v2,sushiswap_v2,-80.30550370684118,59.481737862174185,0.00047348817978,-141.17892677055784,False,True,train
2026-03-09 19:50:00+00:00,uniswap_v2,sushiswap_v2,-80.30550370684118,59.481737862174185,0.00047348817978,-141.17892677055784,False,True,train
2026-03-09 19:51:00+00:00,uniswap_v2,sushiswap_v2,-80.30550370684118,59.481737862174185,0.00047348817978,-141.17892677055784,False,True,train
2026-03-09 19:52:00+00:00,uniswap_v2,sushiswap_v2,-80.30550370684118,59.481737862174185,0.00047348817978,-141.17892677055784,False,True,train
2026-03-09 19:53:00+00:00,uniswap_v2,sushiswap_v2,-80.30550370684118,59.481737862174185,0.00047348817978,-141.17892677055784,False,True,train
2026-03-09 19:54:00+00:00,uniswap_v2,sushiswap_v2,-80.30550370684118,59.481737862174185,0.00047348817978,-141.17892677055784,False,True,train
2026-03-09 19:55:00+00:00,uniswap_v2,sushiswap_v2,-80.30550370684118,59.481737862174185,0.00047348817978,-141.17892677055784,False,True,train
2026-03-09 19:56:00+00:00,uniswap_v2,sushiswap_v2,-80.3055019915268,59.48173786728685,0.00047273447254,-141.1767097503592,False,True,train
2026-03-09 19:57:00+00:00,uniswap_v2,sushiswap_v2,-80.3055019915268,59.48173786728685,0.00047273447254,-141.1767097503592,False,True,train
2026-03-09 19:58:00+00:00,uniswap_v2,sushiswap_v2,-80.3055019915268,59.48173786728685,0.00047273447254,-141.1767097503592,False,True,train
2026-03-09 19:59:00+00:00,uniswap_v2,sushiswap_v2,-80.3055019915268,59.48173786728685,0.00047273447254,-141.1767097503592,False,True,train
2026-03-09 20:00:00+00:00,uniswap_v2,sushiswap_v2,-80.3055019915268,59.48173786728685,0.00047273447254,-141.1767097503592,False,True,train
2026-03-09 20:01:00+00:00,uniswap_v2,sushiswap_v2,-80.3055019915268,59.48173786728685,0.00047273447254,-141.1767097503592,False,True,train
2026-03-09 20:02:00+00:00,uniswap_v2,sushiswap_v2,-80.3055019915268,59.48173786728685,0.00047273447254,-141.1767097503592,False,True,train
2026-03-09 20:03:00+00:00,uniswap_v2,sushiswap_v2,-80.3055019915268,59.48173786728685,0.00047273447254,-141.1767097503592,False,True,train
2026-03-09 20:04:00+00:00,uniswap_v2,sushiswap_v2,-80.3055019915268,59.48173786728685,0.00047273447254,-141.1767097503592,False,True,train
2026-03-09 20:05:00+00:00,uniswap_v2,sushiswap_v2,-80.3055019915268,59.48173786728685,0.00047273447254,-141.1767097503592,False,True,train
2026-03-09 20:06:00+00:00,uniswap_v2,sushiswap_v2,-80.3055019915268,59.48173786728685,0.00047273447254,-141.1767097503592,False,True,train
2026-03-09 20:07:00+00:00,uniswap_v2,sushiswap_v2,-80.3055019915268,59.48173786728685,0.00047273447254,-141.1767097503592,False,True,train
2026-03-09 20:08:00+00:00,uniswap_v2,sushiswap_v2,-80.3055019915268,59.48173786728685,0.00047273447254,-141.1767097503592,False,True,train
2026-03-09 20:09:00+00:00,uniswap_v2,sushiswap_v2,-80.3055019915268,59.48173786728685,0.00047273447254,-141.1767097503592,False,True,train
2026-03-09 20:10:00+00:00,uniswap_v2,sushiswap_v2,-80.3055019915268,59.48173786728685,0.00047273447254,-141.1767097503592,False,True,train
2026-03-09 20:11:00+00:00,uniswap_v2,sushiswap_v2,-80.3055019915268,59.48173786728685,0.00047273447254,-141.1767097503592,False,True,train
2026-03-09 20:12:00+00:00,uniswap_v2,sushiswap_v2,-80.3055019915268,59.48173786728685,0.00047273447254,-141.1767097503592,False,True,train
2026-03-09 20:13:00+00:00,uniswap_v2,sushiswap_v2,-80.3055019915268,59.48173786728685,0.00047273447254,-141.1767097503592,False,True,train
2026-03-09 20:14:00+00:00,uniswap_v2,sushiswap_v2,-80.3055019915268,59.48173786728685,0.00047273447254,-141.1767097503592,False,True,train
2026-03-09 20:15:00+00:00,uniswap_v2,sushiswap_v2,-80.3055019915268,59.48173786728685,0.00047273447254,-141.1767097503592,False,True,train
2026-03-09 20:16:00+00:00,uniswap_v2,sushiswap_v2,-80.3055019915268,59.48173786728685,0.00047273447254,-141.1767097503592,False,True,train
2026-03-09 20:17:00+00:00,uniswap_v2,sushiswap_v2,-80.3055019915268,59.48173786728685,0.00047273447254,-141.1767097503592,False,True,train
2026-03-09 20:18:00+00:00,uniswap_v2,sushiswap_v2,-80.3055019915268,59.48173786728685,0.00047273447254,-141.1767097503592,False,True,train
2026-03-09 20:19:00+00:00,uniswap_v2,sushiswap_v2,-80.3055019915268,59.48173786728685,0.00047273447254,-141.1767097503592,False,True,train
2026-03-09 20:20:00+00:00,uniswap_v2,sushiswap_v2,-80.3055019915268,59.48173786728685,0.00047273447254,-141.1767097503592,False,True,train
2026-03-09 20:21:00+00:00,uniswap_v2,sushiswap_v2,-80.3055019915268,59.48173786728685,0.00047273447254,-141.1767097503592,False,True,train
2026-03-09 20:22:00+00:00,uniswap_v2,sushiswap_v2,-80.3055019915268,59.48173786728685,0.00047273447254,-141.1767097503592,False,True,train
2026-03-09 20:23:00+00:00,uniswap_v2,sushiswap_v2,-80.3055019915268,59.48173786728685,0.00047273447254,-141.1767097503592,False,True,train
2026-03-09 20:24:00+00:00,uniswap_v2,sushiswap_v2,-80.3055019915268,59.48173786728685,0.00047273447254,-141.1767097503592,False,True,train
2026-03-09 20:25:00+00:00,uniswap_v2,sushiswap_v2,-80.3055019915268,59.48173786728685,0.00047273447254,-141.1767097503592,False,True,train
2026-03-09 20:26:00+00:00,uniswap_v2,sushiswap_v2,-80.3055019915268,59.48173786728685,0.00047273447254,-141.1767097503592,False,True,train
2026-03-09 20:27:00+00:00,uniswap_v2,sushiswap_v2,-80.3055019915268,59.48173786728685,0.00047273447254,-141.1767097503592,False,True,train
2026-03-09 20:28:00+00:00,uniswap_v2,sushiswap_v2,-80.3055019915268,59.48173786728685,0.00047273447254,-141.1767097503592,False,True,train
2026-03-09 20:29:00+00:00,uniswap_v2,sushiswap_v2,-80.3055019915268,59.48173786728685,0.00047273447254,-141.1767097503592,False,True,train
2026-03-09 20:30:00+00:00,uniswap_v2,sushiswap_v2,-80.3055019915268,59.48173786728685,0.00047273447254,-141.1767097503592,False,True,train
2026-03-09 20:31:00+00:00,uniswap_v2,sushiswap_v2,-80.3055019915268,59.48173786728685,0.00047273447254,-141.1767097503592,False,True,train
2026-03-09 20:32:00+00:00,uniswap_v2,sushiswap_v2,-80.3055019915268,59.48173786728685,0.00047273447254,-141.1767097503592,False,True,train
2026-03-09 20:33:00+00:00,uniswap_v2,sushiswap_v2,-80.3055019915268,59.48173786728685,0.00047273447254,-141.1767097503592,False,True,train
2026-03-09 20:34:00+00:00,uniswap_v2,sushiswap_v2,-80.3055019915268,59.48173786728685,0.00047273447254,-141.1767097503592,False,True,train
2026-03-09 20:35:00+00:00,uniswap_v2,sushiswap_v2,-80.3055019915268,59.48173786728685,0.00047273447254,-141.1767097503592,False,True,train
2026-03-09 20:36:00+00:00,uniswap_v2,sushiswap_v2,-80.3055019915268,59.48173786728685,0.00047273447254,-141.1767097503592,False,True,train
2026-03-09 20:37:00+00:00,uniswap_v2,sushiswap_v2,-80.3055019915268,59.48173786728685,0.00047273447254,-141.1767097503592,False,True,train
2026-03-09 20:38:00+00:00,uniswap_v2,sushiswap_v2,-80.3055019915268,59.48173786728685,0.00047273447254,-141.1767097503592,False,True,train
2026-03-09 20:39:00+00:00,uniswap_v2,sushiswap_v2,-80.3055019915268,59.48173786728685,0.00047273447254,-141.1767097503592,False,True,train
2026-03-09 20:40:00+00:00,uniswap_v2,sushiswap_v2,-80.3055019915268,59.48173786728685,0.00047273447254,-141.1767097503592,False,True,train
2026-03-09 20:41:00+00:00,uniswap_v2,sushiswap_v2,-80.3055019915268,59.48173786728685,0.00047273447254,-141.1767097503592,False,True,train
2026-03-09 20:42:00+00:00,uniswap_v2,sushiswap_v2,-80.3055019915268,59.48173786728685,0.00047273447254,-141.1767097503592,False,True,train
2026-03-09 20:43:00+00:00,uniswap_v2,sushiswap_v2,-80.58789379346581,59.48086767424693,0.00045540025586,-141.406836936434,False,False,train
2026-03-09 20:44:00+00:00,sushiswap_v2,uniswap_v2,-78.83385339624125,59.62152145785229,0.00045778550378,-139.79424040327163,False,False,train
2026-03-09 20:45:00+00:00,sushiswap_v2,uniswap_v2,-78.83385339624125,59.62152145785229,0.00045778550378,-139.79424040327163,False,False,train
2026-03-09 20:46:00+00:00,sushiswap_v2,uniswap_v2,-78.83385339624125,59.62152145785229,0.00045778550378,-139.79424040327163,False,False,train
2026-03-09 20:47:00+00:00,sushiswap_v2,uniswap_v2,-78.83385339624125,59.62152145785229,0.00045778550378,-139.79424040327163,False,False,train
2026-03-09 20:48:00+00:00,sushiswap_v2,uniswap_v2,-78.83385339624125,59.62152145785229,0.00045778550378,-139.79424040327163,False,False,train
2026-03-09 20:49:00+00:00,sushiswap_v2,uniswap_v2,-78.83385339624125,59.62152145785229,0.00045778550378,-139.79424040327163,False,False,train
2026-03-09 20:50:00+00:00,sushiswap_v2,uniswap_v2,-78.83385339624125,59.62152145785229,0.00045778550378,-139.79424040327163,False,False,train
2026-03-09 20:51:00+00:00,sushiswap_v2,uniswap_v2,-78.83385339624125,59.62152145785229,0.00045778550378,-139.79424040327163,False,False,train
2026-03-09 20:52:00+00:00,sushiswap_v2,uniswap_v2,-78.83385339624125,59.62152145785229,0.00045778550378,-139.79424040327163,False,False,train
2026-03-09 20:53:00+00:00,sushiswap_v2,uniswap_v2,-78.83385339624125,59.62152145785229,0.00045778550378,-139.79424040327163,False,False,train
2026-03-09 20:54:00+00:00,sushiswap_v2,uniswap_v2,-78.83385339624125,59.62152145785229,0.00045778550378,-139.79424040327163,False,False,train
2026-03-09 20:55:00+00:00,sushiswap_v2,uniswap_v2,-78.83385339624125,59.62152145785229,0.00045778550378,-139.79424040327163,False,False,train
2026-03-09 20:56:00+00:00,sushiswap_v2,uniswap_v2,-78.83385339624125,59.62152145785229,0.00045778550378,-139.79424040327163,False,False,train
2026-03-09 20:57:00+00:00,sushiswap_v2,uniswap_v2,-78.83385339624125,59.62152145785229,0.00045778550378,-139.79424040327163,False,False,train
2026-03-09 20:58:00+00:00,sushiswap_v2,uniswap_v2,-78.83385339624125,59.62152145785229,0.00045778550378,-139.79424040327163,False,False,train
2026-03-09 20:59:00+00:00,sushiswap_v2,uniswap_v2,-78.83385339624125,59.62152145785229,0.00045778550378,-139.79424040327163,False,True,train
2026-03-09 21:00:00+00:00,sushiswap_v2,uniswap_v2,-78.83385339624125,59.62152145785229,0.00045778550378,-139.79424040327163,False,True,train
2026-03-09 21:01:00+00:00,sushiswap_v2,uniswap_v2,-78.83385339624125,59.62152145785229,0.00045778550378,-139.79424040327163,False,True,train
2026-03-09 21:02:00+00:00,sushiswap_v2,uniswap_v2,-78.83385339624125,59.62152145785229,0.00045778550378,-139.79424040327163,False,True,train
2026-03-09 21:03:00+00:00,sushiswap_v2,uniswap_v2,-78.83385339624125,59.62152145785229,0.00045778550378,-139.79424040327163,False,True,train
2026-03-09 21:04:00+00:00,sushiswap_v2,uniswap_v2,-78.83385339624125,59.62152145785229,0.00045778550378,-139.79424040327163,False,True,train
2026-03-09 21:05:00+00:00,sushiswap_v2,uniswap_v2,-78.83385339624125,59.62152145785229,0.00045778550378,-139.79424040327163,False,True,train
2026-03-09 21:06:00+00:00,sushiswap_v2,uniswap_v2,-78.83385339624125,59.62152145785229,0.00045778550378,-139.79424040327163,False,True,train
2026-03-09 21:07:00+00:00,sushiswap_v2,uniswap_v2,-78.83385339624125,59.62152145785229,0.00045778550378,-139.79424040327163,False,True,train
2026-03-09 21:08:00+00:00,sushiswap_v2,uniswap_v2,-78.83385339624125,59.62152145785229,0.00045778550378,-139.79424040327163,False,True,train
2026-03-09 21:09:00+00:00,sushiswap_v2,uniswap_v2,-78.83385339624125,59.62152145785229,0.00045778550378,-139.79424040327163,False,True,train
2026-03-09 21:10:00+00:00,sushiswap_v2,uniswap_v2,-78.83385339624125,59.62152145785229,0.00045778550378,-139.79424040327163,False,True,train
2026-03-09 21:11:00+00:00,sushiswap_v2,uniswap_v2,-78.83385339624125,59.62152145785229,0.00045778550378,-139.79424040327163,False,True,train
2026-03-09 21:12:00+00:00,sushiswap_v2,uniswap_v2,-78.85140055274616,59.621468954723,0.00045435467396,-139.80170105641537,False,True,train
2026-03-09 21:13:00+00:00,sushiswap_v2,uniswap_v2,-78.85140055274616,59.621468954723,0.00045435467396,-139.80170105641537,False,True,train
2026-03-09 21:14:00+00:00,sushiswap_v2,uniswap_v2,-78.85140055274616,59.621468954723,0.00045435467396,-139.80170105641537,False,True,train
2026-03-09 21:15:00+00:00,sushiswap_v2,uniswap_v2,-78.85140055274616,59.621468954723,0.00045435467396,-139.80170105641537,False,True,train
2026-03-09 21:16:00+00:00,sushiswap_v2,uniswap_v2,-78.85140055274616,59.621468954723,0.00045435467396,-139.80170105641537,False,True,train
2026-03-09 21:17:00+00:00,sushiswap_v2,uniswap_v2,-78.85140055274616,59.621468954723,0.00045435467396,-139.80170105641537,False,True,train
2026-03-09 21:18:00+00:00,sushiswap_v2,uniswap_v2,-78.85140055274616,59.621468954723,0.00045435467396,-139.80170105641537,False,True,train
2026-03-09 21:19:00+00:00,sushiswap_v2,uniswap_v2,-78.85140055274616,59.621468954723,0.00045435467396,-139.80170105641537,False,True,train
2026-03-09 21:20:00+00:00,sushiswap_v2,uniswap_v2,-78.85140055274616,59.621468954723,0.00045435467396,-139.80170105641537,False,True,train
2026-03-09 21:21:00+00:00,sushiswap_v2,uniswap_v2,-78.85140055274616,59.621468954723,0.00045435467396,-139.80170105641537,False,True,train
2026-03-09 21:22:00+00:00,sushiswap_v2,uniswap_v2,-78.85140055274616,59.621468954723,0.00045435467396,-139.80170105641537,False,True,train
2026-03-09 21:23:00+00:00,sushiswap_v2,uniswap_v2,-78.85140055274616,59.621468954723,0.00045435467396,-139.80170105641537,False,True,train
2026-03-09 21:24:00+00:00,sushiswap_v2,uniswap_v2,-78.85140055274616,59.621468954723,0.00045435467396,-139.80170105641537,False,True,train
2026-03-09 21:25:00+00:00,sushiswap_v2,uniswap_v2,-78.85140055274616,59.621468954723,0.00045435467396,-139.80170105641537,False,True,train
2026-03-09 21:26:00+00:00,sushiswap_v2,uniswap_v2,-78.85140055274616,59.621468954723,0.00045435467396,-139.80170105641537,False,True,train
2026-03-09 21:27:00+00:00,sushiswap_v2,uniswap_v2,-78.85140055274616,59.621468954723,0.00045435467396,-139.80170105641537,False,True,train
2026-03-09 21:28:00+00:00,sushiswap_v2,uniswap_v2,-78.85140055274616,59.621468954723,0.00045435467396,-139.80170105641537,False,True,train
2026-03-09 21:29:00+00:00,sushiswap_v2,uniswap_v2,-78.85140055274616,59.621468954723,0.00045435467396,-139.80170105641537,False,True,train
2026-03-09 21:30:00+00:00,sushiswap_v2,uniswap_v2,-78.85140055274616,59.621468954723,0.00045435467396,-139.80170105641537,False,True,train
2026-03-09 21:31:00+00:00,sushiswap_v2,uniswap_v2,-78.85140055274616,59.621468954723,0.00045435467396,-139.80170105641537,False,True,train
2026-03-09 21:32:00+00:00,sushiswap_v2,uniswap_v2,-78.85140055274616,59.621468954723,0.00045435467396,-139.80170105641537,False,True,train
2026-03-09 21:33:00+00:00,sushiswap_v2,uniswap_v2,-78.85140055274616,59.621468954723,0.00045435467396,-139.80170105641537,False,True,train
2026-03-09 21:34:00+00:00,sushiswap_v2,uniswap_v2,-78.85140055274616,59.621468954723,0.00045435467396,-139.80170105641537,False,True,train
2026-03-09 21:35:00+00:00,sushiswap_v2,uniswap_v2,-78.85140055274616,59.621468954723,0.00045435467396,-139.80170105641537,False,True,train
2026-03-09 21:36:00+00:00,sushiswap_v2,uniswap_v2,-78.85140055274616,59.621468954723,0.00045435467396,-139.80170105641537,False,True,train
2026-03-09 21:37:00+00:00,sushiswap_v2,uniswap_v2,-78.85140055274616,59.621468954723,0.00045435467396,-139.80170105641537,False,True,train
2026-03-09 21:38:00+00:00,sushiswap_v2,uniswap_v2,-78.85140055274616,59.621468954723,0.00045435467396,-139.80170105641537,False,True,train
2026-03-09 21:39:00+00:00,sushiswap_v2,uniswap_v2,-78.85140055274616,59.621468954723,0.00045435467396,-139.80170105641537,False,True,train
2026-03-09 21:40:00+00:00,sushiswap_v2,uniswap_v2,-78.85224805428865,59.62146641890184,0.00045472572442,-139.8036312174384,False,True,train
2026-03-09 21:41:00+00:00,sushiswap_v2,uniswap_v2,-78.85224805428865,59.62146641890184,0.00045472572442,-139.8036312174384,False,True,train
2026-03-09 21:42:00+00:00,sushiswap_v2,uniswap_v2,-78.85224805428865,59.62146641890184,0.00045472572442,-139.8036312174384,False,True,train
2026-03-09 21:43:00+00:00,sushiswap_v2,uniswap_v2,-78.85224805428865,59.62146641890184,0.00045472572442,-139.8036312174384,False,True,train
2026-03-09 21:44:00+00:00,sushiswap_v2,uniswap_v2,-78.85224805428865,59.62146641890184,0.00045472572442,-139.8036312174384,False,True,train
2026-03-09 21:45:00+00:00,sushiswap_v2,uniswap_v2,-78.85224805428865,59.62146641890184,0.00045472572442,-139.8036312174384,False,True,train
2026-03-09 21:46:00+00:00,sushiswap_v2,uniswap_v2,-78.85224805428865,59.62146641890184,0.00045472572442,-139.8036312174384,False,True,train
2026-03-09 21:47:00+00:00,sushiswap_v2,uniswap_v2,-78.85224805428865,59.62146641890184,0.00045472572442,-139.8036312174384,False,True,train
2026-03-09 21:48:00+00:00,sushiswap_v2,uniswap_v2,-78.85224805428865,59.62146641890184,0.00045472572442,-139.8036312174384,False,True,train
2026-03-09 21:49:00+00:00,sushiswap_v2,uniswap_v2,-78.85224805428865,59.62146641890184,0.00045472572442,-139.8036312174384,False,True,train
2026-03-09 21:50:00+00:00,sushiswap_v2,uniswap_v2,-78.85224805428865,59.62146641890184,0.00045472572442,-139.8036312174384,False,True,train
2026-03-09 21:51:00+00:00,sushiswap_v2,uniswap_v2,-78.85224805428865,59.62146641890184,0.00045472572442,-139.8036312174384,False,True,train
2026-03-09 21:52:00+00:00,sushiswap_v2,uniswap_v2,-78.85224805428865,59.62146641890184,0.00045472572442,-139.8036312174384,False,True,train
2026-03-09 21:53:00+00:00,sushiswap_v2,uniswap_v2,-78.85224805428865,59.62146641890184,0.00045472572442,-139.8036312174384,False,True,train
2026-03-09 21:54:00+00:00,sushiswap_v2,uniswap_v2,-78.85224805428865,59.62146641890184,0.00045472572442,-139.8036312174384,False,True,train
2026-03-09 21:55:00+00:00,sushiswap_v2,uniswap_v2,-78.85224805428865,59.62146641890184,0.00045472572442,-139.8036312174384,False,True,train
2026-03-09 21:56:00+00:00,sushiswap_v2,uniswap_v2,-78.85224805428865,59.62146641890184,0.00045472572442,-139.8036312174384,False,True,train
2026-03-09 21:57:00+00:00,sushiswap_v2,uniswap_v2,-78.85224805428865,59.62146641890184,0.00045472572442,-139.8036312174384,False,True,train
2026-03-09 21:58:00+00:00,sushiswap_v2,uniswap_v2,-78.85224805428865,59.62146641890184,0.00045472572442,-139.8036312174384,False,True,train
2026-03-09 21:59:00+00:00,sushiswap_v2,uniswap_v2,-78.85517502352464,59.6214576610732,0.00045147463944,-139.797041120607,False,True,train
2026-03-09 22:00:00+00:00,sushiswap_v2,uniswap_v2,-78.85517502352464,59.6214576610732,0.00045147463944,-139.797041120607,False,True,train
2026-03-09 22:01:00+00:00,sushiswap_v2,uniswap_v2,-78.85517502352464,59.6214576610732,0.00045147463944,-139.797041120607,False,True,train
2026-03-09 22:02:00+00:00,sushiswap_v2,uniswap_v2,-78.85517502352464,59.6214576610732,0.00045147463944,-139.797041120607,False,True,train
2026-03-09 22:03:00+00:00,sushiswap_v2,uniswap_v2,-78.85517502352464,59.6214576610732,0.00045147463944,-139.797041120607,False,True,train
2026-03-09 22:04:00+00:00,sushiswap_v2,uniswap_v2,-78.85517502352464,59.6214576610732,0.00045147463944,-139.797041120607,False,True,train
2026-03-09 22:05:00+00:00,sushiswap_v2,uniswap_v2,-78.85517502352464,59.6214576610732,0.00045147463944,-139.797041120607,False,True,train
2026-03-09 22:06:00+00:00,sushiswap_v2,uniswap_v2,-78.85517502352464,59.6214576610732,0.00045147463944,-139.797041120607,False,True,train
2026-03-09 22:07:00+00:00,sushiswap_v2,uniswap_v2,-78.85517502352464,59.6214576610732,0.00045147463944,-139.797041120607,False,True,train
2026-03-09 22:08:00+00:00,sushiswap_v2,uniswap_v2,-78.85517502352464,59.6214576610732,0.00045147463944,-139.797041120607,False,True,train
2026-03-09 22:09:00+00:00,sushiswap_v2,uniswap_v2,-78.85517502352464,59.6214576610732,0.00045147463944,-139.797041120607,False,True,train
2026-03-09 22:10:00+00:00,sushiswap_v2,uniswap_v2,-78.85517502352464,59.6214576610732,0.00045147463944,-139.797041120607,False,True,train
2026-03-09 22:11:00+00:00,sushiswap_v2,uniswap_v2,-78.85517502352464,59.6214576610732,0.00045147463944,-139.797041120607,False,True,train
2026-03-09 22:12:00+00:00,sushiswap_v2,uniswap_v2,-78.85517502352464,59.6214576610732,0.00045147463944,-139.797041120607,False,True,train
2026-03-09 22:13:00+00:00,sushiswap_v2,uniswap_v2,-78.85517502352464,59.6214576610732,0.00045147463944,-139.797041120607,False,True,train
2026-03-09 22:14:00+00:00,sushiswap_v2,uniswap_v2,-78.85517502352464,59.6214576610732,0.00045147463944,-139.797041120607,False,True,train
2026-03-09 22:15:00+00:00,sushiswap_v2,uniswap_v2,-78.85810266902816,59.621448901218415,0.00045156275868,-139.80021772480228,False,True,train
2026-03-09 22:16:00+00:00,sushiswap_v2,uniswap_v2,-78.85810266902816,59.621448901218415,0.00045156275868,-139.80021772480228,False,True,train
2026-03-09 22:17:00+00:00,sushiswap_v2,uniswap_v2,-78.85810266902816,59.621448901218415,0.00045156275868,-139.80021772480228,False,True,train
2026-03-09 22:18:00+00:00,sushiswap_v2,uniswap_v2,-78.85810266902816,59.621448901218415,0.00045156275868,-139.80021772480228,False,True,train
2026-03-09 22:19:00+00:00,sushiswap_v2,uniswap_v2,-78.85810266902816,59.621448901218415,0.00045156275868,-139.80021772480228,False,True,train
2026-03-09 22:20:00+00:00,sushiswap_v2,uniswap_v2,-78.85810266902816,59.621448901218415,0.00045156275868,-139.80021772480228,False,True,train
2026-03-09 22:21:00+00:00,sushiswap_v2,uniswap_v2,-78.85810266902816,59.621448901218415,0.00045156275868,-139.80021772480228,False,True,train
2026-03-09 22:22:00+00:00,sushiswap_v2,uniswap_v2,-78.85810266902816,59.621448901218415,0.00045156275868,-139.80021772480228,False,True,train
2026-03-09 22:23:00+00:00,sushiswap_v2,uniswap_v2,-78.85810266902816,59.621448901218415,0.00045156275868,-139.80021772480228,False,True,train
2026-03-09 22:24:00+00:00,sushiswap_v2,uniswap_v2,-78.85810266902816,59.621448901218415,0.00045156275868,-139.80021772480228,False,True,train
2026-03-09 22:25:00+00:00,sushiswap_v2,uniswap_v2,-80.02743044506353,59.61794265877375,0.00044972514136,-140.96028598277798,False,False,train
2026-03-09 22:26:00+00:00,sushiswap_v2,uniswap_v2,-80.02743044506353,59.61794265877375,0.00044972514136,-140.96028598277798,False,False,train
2026-03-09 22:27:00+00:00,sushiswap_v2,uniswap_v2,-80.02743044506353,59.61794265877375,0.00044972514136,-140.96028598277798,False,False,train
2026-03-09 22:28:00+00:00,sushiswap_v2,uniswap_v2,-80.02743044506353,59.61794265877375,0.00044972514136,-140.96028598277798,False,False,train
2026-03-09 22:29:00+00:00,sushiswap_v2,uniswap_v2,-80.02743044506353,59.61794265877375,0.00044972514136,-140.96028598277798,False,False,train
2026-03-09 22:30:00+00:00,sushiswap_v2,uniswap_v2,-80.02743044506353,59.61794265877375,0.00044972514136,-140.96028598277798,False,False,train
2026-03-09 22:31:00+00:00,sushiswap_v2,uniswap_v2,-79.23241982739843,59.620315856474434,0.00044998953582,-140.16813891715964,False,False,train
2026-03-09 22:32:00+00:00,sushiswap_v2,uniswap_v2,-79.23241982739843,59.620315856474434,0.00044998953582,-140.16813891715964,False,False,train
2026-03-09 22:33:00+00:00,uniswap_v2,sushiswap_v2,-80.61725989434656,59.480704233934404,0.0004514133613,-141.42324227599525,False,False,train
2026-03-09 22:34:00+00:00,uniswap_v2,sushiswap_v2,-80.61725989434656,59.480704233934404,0.0004514133613,-141.42324227599525,False,False,train
2026-03-09 22:35:00+00:00,uniswap_v2,sushiswap_v2,-67.03183087115312,59.520978083975436,0.00044883295842,-127.86914997080105,False,False,train
2026-03-09 22:36:00+00:00,uniswap_v2,sushiswap_v2,-77.46805570248475,59.48986745539754,0.0004483730801,-138.2715296364094,False,False,train
2026-03-09 22:37:00+00:00,uniswap_v2,sushiswap_v2,-77.46805570248475,59.48986745539754,0.0004483730801,-138.2715296364094,False,False,train
2026-03-09 22:38:00+00:00,sushiswap_v2,uniswap_v2,-75.79108800016881,59.630541654309525,0.000453933194,-136.74493284965303,False,False,train
2026-03-09 22:39:00+00:00,sushiswap_v2,uniswap_v2,-75.79108968254826,59.630541649279984,0.00045248427752,-136.74071065478367,False,False,train
2026-03-09 22:40:00+00:00,sushiswap_v2,uniswap_v2,-75.79108968254826,59.630541649279984,0.00045248427752,-136.74071065478367,False,False,train
2026-03-09 22:41:00+00:00,sushiswap_v2,uniswap_v2,-75.79108968254826,59.630541649279984,0.00045248427752,-136.74071065478367,False,False,train
2026-03-09 22:42:00+00:00,sushiswap_v2,uniswap_v2,-75.79108968254826,59.630541649279984,0.00045248427752,-136.74071065478367,False,False,train
2026-03-09 22:43:00+00:00,uniswap_v2,sushiswap_v2,-80.74461591675718,59.48001233600104,0.00045290431956,-141.54982699176804,False,False,train
2026-03-09 22:44:00+00:00,uniswap_v2,sushiswap_v2,-80.74461591675718,59.48001233600104,0.00045290431956,-141.54982699176804,False,False,train
2026-03-09 22:45:00+00:00,uniswap_v2,sushiswap_v2,-80.74461591675718,59.48001233600104,0.00045290431956,-141.54982699176804,False,False,train
2026-03-09 22:46:00+00:00,uniswap_v2,sushiswap_v2,-80.74461591675718,59.48001233600104,0.00045290431956,-141.54982699176804,False,False,train
2026-03-09 22:47:00+00:00,uniswap_v2,sushiswap_v2,-80.74461591675718,59.48001233600104,0.00045290431956,-141.54982699176804,False,False,train
2026-03-09 22:48:00+00:00,uniswap_v2,sushiswap_v2,-80.74461591675718,59.48001233600104,0.00045290431956,-141.54982699176804,False,False,train
2026-03-09 22:49:00+00:00,uniswap_v2,sushiswap_v2,-80.72194946934246,59.480053784560994,0.00045788828206,-141.5414136931339,False,False,train
2026-03-09 22:50:00+00:00,uniswap_v2,sushiswap_v2,-80.82821050507121,59.4795917156365,0.00045673778612,-141.64175795265126,False,False,train
2026-03-09 22:51:00+00:00,sushiswap_v2,uniswap_v2,-75.78970896287474,59.63045105439319,0.00045420465398,-136.7394400374109,False,False,train
2026-03-09 22:52:00+00:00,sushiswap_v2,uniswap_v2,-75.78970896287474,59.63045105439319,0.00045420465398,-136.7394400374109,False,False,train
2026-03-09 22:53:00+00:00,sushiswap_v2,uniswap_v2,-75.78970896287474,59.63045105439319,0.00045420465398,-136.7394400374109,False,False,train
2026-03-09 22:54:00+00:00,sushiswap_v2,uniswap_v2,-75.78970896287474,59.63045105439319,0.00045420465398,-136.7394400374109,False,False,train
2026-03-09 22:55:00+00:00,sushiswap_v2,uniswap_v2,-75.78970896287474,59.63045105439319,0.00045420465398,-136.7394400374109,False,False,train
2026-03-09 22:56:00+00:00,sushiswap_v2,uniswap_v2,-75.78970896287474,59.63045105439319,0.00045420465398,-136.7394400374109,False,False,train
2026-03-09 22:57:00+00:00,uniswap_v2,sushiswap_v2,-80.5781841376322,59.480203428498534,0.00046263316088,-141.40766724461514,False,False,train
2026-03-09 22:58:00+00:00,uniswap_v2,sushiswap_v2,-80.5781841376322,59.480203428498534,0.00046263316088,-141.40766724461514,False,False,train
2026-03-09 22:59:00+00:00,uniswap_v2,sushiswap_v2,-80.5781841376322,59.480203428498534,0.00046263316088,-141.40766724461514,False,False,train
2026-03-09 23:00:00+00:00,uniswap_v2,sushiswap_v2,-80.5781841376322,59.480203428498534,0.00046263316088,-141.40766724461514,False,False,train
2026-03-09 23:01:00+00:00,uniswap_v2,sushiswap_v2,-80.5781841376322,59.480203428498534,0.00046263316088,-141.40766724461514,False,False,train
2026-03-09 23:02:00+00:00,uniswap_v2,sushiswap_v2,-80.5781841376322,59.480203428498534,0.00046263316088,-141.40766724461514,False,False,train
2026-03-09 23:03:00+00:00,uniswap_v2,sushiswap_v2,-80.5781841376322,59.480203428498534,0.00046263316088,-141.40766724461514,False,False,train
2026-03-09 23:04:00+00:00,uniswap_v2,sushiswap_v2,-80.5781841376322,59.480203428498534,0.00046263316088,-141.40766724461514,False,False,train
2026-03-09 23:05:00+00:00,sushiswap_v2,uniswap_v2,-78.77497884460502,59.62150364363695,0.0004609335852,-139.73452565094692,False,False,train
2026-03-09 23:06:00+00:00,sushiswap_v2,uniswap_v2,-78.77497884460502,59.62150364363695,0.0004609335852,-139.73452565094692,False,False,train
2026-03-09 23:07:00+00:00,sushiswap_v2,uniswap_v2,-78.77497884460502,59.62150364363695,0.0004609335852,-139.73452565094692,False,False,train
2026-03-09 23:08:00+00:00,sushiswap_v2,uniswap_v2,-78.77497884460502,59.62150364363695,0.0004609335852,-139.73452565094692,False,False,train
2026-03-09 23:09:00+00:00,sushiswap_v2,uniswap_v2,-78.77497884460502,59.62150364363695,0.0004609335852,-139.73452565094692,False,False,train
2026-03-09 23:10:00+00:00,sushiswap_v2,uniswap_v2,-78.77497884460502,59.62150364363695,0.0004609335852,-139.73452565094692,False,False,train
2026-03-09 23:11:00+00:00,sushiswap_v2,uniswap_v2,-78.77497884460502,59.62150364363695,0.0004609335852,-139.73452565094692,False,False,train
2026-03-09 23:12:00+00:00,sushiswap_v2,uniswap_v2,-78.77497884460502,59.62150364363695,0.0004609335852,-139.73452565094692,False,False,train
2026-03-09 23:13:00+00:00,sushiswap_v2,uniswap_v2,-78.77497884460502,59.62150364363695,0.0004609335852,-139.73452565094692,False,True,train
2026-03-09 23:14:00+00:00,sushiswap_v2,uniswap_v2,-78.77497884460502,59.62150364363695,0.0004609335852,-139.73452565094692,False,True,train
2026-03-09 23:15:00+00:00,sushiswap_v2,uniswap_v2,-78.77497884460502,59.62150364363695,0.0004609335852,-139.73452565094692,False,True,train
2026-03-09 23:16:00+00:00,sushiswap_v2,uniswap_v2,-78.77497884460502,59.62150364363695,0.0004609335852,-139.73452565094692,False,True,train
2026-03-09 23:17:00+00:00,sushiswap_v2,uniswap_v2,-78.77497884460502,59.62150364363695,0.0004609335852,-139.73452565094692,False,True,train
2026-03-09 23:18:00+00:00,sushiswap_v2,uniswap_v2,-78.77497884460502,59.62150364363695,0.0004609335852,-139.73452565094692,False,True,train
2026-03-09 23:19:00+00:00,sushiswap_v2,uniswap_v2,-78.77497884460502,59.62150364363695,0.0004609335852,-139.73452565094692,False,True,train
2026-03-09 23:20:00+00:00,sushiswap_v2,uniswap_v2,-78.77497884460502,59.62150364363695,0.0004609335852,-139.73452565094692,False,True,train
2026-03-09 23:21:00+00:00,sushiswap_v2,uniswap_v2,-78.77497884460502,59.62150364363695,0.0004609335852,-139.73452565094692,False,True,train
2026-03-09 23:22:00+00:00,sushiswap_v2,uniswap_v2,-78.77497884460502,59.62150364363695,0.0004609335852,-139.73452565094692,False,True,train
2026-03-09 23:23:00+00:00,sushiswap_v2,uniswap_v2,-78.77497884460502,59.62150364363695,0.0004609335852,-139.73452565094692,False,True,train
2026-03-09 23:24:00+00:00,sushiswap_v2,uniswap_v2,-78.77497884460502,59.62150364363695,0.0004609335852,-139.73452565094692,False,True,train
2026-03-09 23:25:00+00:00,sushiswap_v2,uniswap_v2,-78.77497884460502,59.62150364363695,0.0004609335852,-139.73452565094692,False,True,train
2026-03-09 23:26:00+00:00,sushiswap_v2,uniswap_v2,-78.77497884460502,59.62150364363695,0.0004609335852,-139.73452565094692,False,True,train
2026-03-09 23:27:00+00:00,uniswap_v2,sushiswap_v2,-80.3735899667052,59.48077987832147,0.00044880275748,-141.16287234598073,False,False,train
2026-03-09 23:28:00+00:00,uniswap_v2,sushiswap_v2,-80.3735899667052,59.48077987832147,0.00044880275748,-141.16287234598073,False,False,train
2026-03-09 23:29:00+00:00,uniswap_v2,sushiswap_v2,-80.3735899667052,59.48077987832147,0.00044880275748,-141.16287234598073,False,False,train
2026-03-09 23:30:00+00:00,uniswap_v2,sushiswap_v2,-80.3735899667052,59.48077987832147,0.00044880275748,-141.16287234598073,False,False,train
2026-03-09 23:31:00+00:00,uniswap_v2,sushiswap_v2,-80.3735899667052,59.48077987832147,0.00044880275748,-141.16287234598073,False,False,train
2026-03-09 23:32:00+00:00,uniswap_v2,sushiswap_v2,-80.3735899667052,59.48077987832147,0.00044880275748,-141.16287234598073,False,False,train
2026-03-09 23:33:00+00:00,uniswap_v2,sushiswap_v2,-80.3735899667052,59.48077987832147,0.00044880275748,-141.16287234598073,False,False,train
2026-03-09 23:34:00+00:00,uniswap_v2,sushiswap_v2,-80.3735899667052,59.48077987832147,0.00044880275748,-141.16287234598073,False,False,train
2026-03-09 23:35:00+00:00,uniswap_v2,sushiswap_v2,-80.3735899667052,59.48077987832147,0.00044880275748,-141.16287234598073,False,False,train
2026-03-09 23:36:00+00:00,uniswap_v2,sushiswap_v2,-80.3735899667052,59.48077987832147,0.00044880275748,-141.16287234598073,False,False,train
2026-03-09 23:37:00+00:00,uniswap_v2,sushiswap_v2,-80.3735899667052,59.48077987832147,0.00044880275748,-141.16287234598073,False,False,train
2026-03-09 23:38:00+00:00,uniswap_v2,sushiswap_v2,-80.3735899667052,59.48077987832147,0.00044880275748,-141.16287234598073,False,False,train
2026-03-09 23:39:00+00:00,uniswap_v2,sushiswap_v2,-80.3735899667052,59.48077987832147,0.00044880275748,-141.16287234598073,False,False,train
2026-03-09 23:40:00+00:00,uniswap_v2,sushiswap_v2,-80.3735899667052,59.48077987832147,0.00044880275748,-141.16287234598073,False,False,train
2026-03-09 23:41:00+00:00,uniswap_v2,sushiswap_v2,-80.3735899667052,59.48077987832147,0.00044880275748,-141.16287234598073,False,False,train
2026-03-09 23:42:00+00:00,uniswap_v2,sushiswap_v2,-80.3735899667052,59.48077987832147,0.00044880275748,-141.16287234598073,False,False,train
2026-03-09 23:43:00+00:00,uniswap_v2,sushiswap_v2,-80.3735899667052,59.48077987832147,0.00044880275748,-141.16287234598073,False,True,train
2026-03-09 23:44:00+00:00,uniswap_v2,sushiswap_v2,-80.3735899667052,59.48077987832147,0.00044880275748,-141.16287234598073,False,True,train
2026-03-09 23:45:00+00:00,uniswap_v2,sushiswap_v2,-79.2936692542846,59.48393129512986,0.00044750768458,-140.08152513521517,False,False,train
2026-03-09 23:46:00+00:00,uniswap_v2,sushiswap_v2,-79.29288320822901,59.4839336383119,0.00044763661844,-140.0811172167651,False,False,train
2026-03-09 23:47:00+00:00,uniswap_v2,sushiswap_v2,-79.85436092049686,59.48225988825427,0.00044752112724,-140.640510643014,False,False,train
2026-03-09 23:48:00+00:00,uniswap_v2,sushiswap_v2,-79.85436092049686,59.48225988825427,0.00044752112724,-140.640510643014,False,False,train
2026-03-09 23:49:00+00:00,uniswap_v2,sushiswap_v2,-81.14416281483827,59.478415023271126,0.0004475217813,-141.92629953381675,False,False,train
2026-03-09 23:50:00+00:00,sushiswap_v2,uniswap_v2,-77.82756055837282,59.6242978779966,0.00044808304992,-138.750574621161,False,False,train
2026-03-09 23:51:00+00:00,sushiswap_v2,uniswap_v2,-79.69849498103203,59.61869495113792,0.00044747692352,-140.61390403307394,False,False,train
2026-03-09 23:52:00+00:00,sushiswap_v2,uniswap_v2,-79.69849498103203,59.61869495113792,0.00044747692352,-140.61390403307394,False,False,train
2026-03-09 23:53:00+00:00,sushiswap_v2,uniswap_v2,-79.69849498103203,59.61869495113792,0.00044747692352,-140.61390403307394,False,False,train
2026-03-09 23:54:00+00:00,sushiswap_v2,uniswap_v2,-79.69849498103203,59.61869495113792,0.00044747692352,-140.61390403307394,False,False,train
2026-03-09 23:55:00+00:00,sushiswap_v2,uniswap_v2,-79.69849498103203,59.61869495113792,0.00044747692352,-140.61390403307394,False,False,train
2026-03-09 23:56:00+00:00,sushiswap_v2,uniswap_v2,-79.69849498103203,59.61869495113792,0.00044747692352,-140.61390403307394,False,False,train
2026-03-09 23:57:00+00:00,sushiswap_v2,uniswap_v2,-79.69849498103203,59.61869495113792,0.00044747692352,-140.61390403307394,False,False,train
2026-03-09 23:58:00+00:00,sushiswap_v2,uniswap_v2,-79.69849498103203,59.61869495113792,0.00044747692352,-140.61390403307394,False,False,train
2026-03-09 23:59:00+00:00,sushiswap_v2,uniswap_v2,-79.69849498103203,59.61869495113792,0.00044747692352,-140.61390403307394,False,False,train
2026-03-10 00:00:00+00:00,sushiswap_v2,uniswap_v2,-79.69849498103203,59.61869495113792,0.00044747692352,-140.61390403307394,False,False,train
2026-03-10 00:01:00+00:00,sushiswap_v2,uniswap_v2,-79.69849498103203,59.61869495113792,0.00044747692352,-140.61390403307394,False,False,train
2026-03-10 00:02:00+00:00,sushiswap_v2,uniswap_v2,-79.69849498103203,59.61869495113792,0.00044747692352,-140.61390403307394,False,False,train
2026-03-10 00:03:00+00:00,sushiswap_v2,uniswap_v2,-79.69849498103203,59.61869495113792,0.00044747692352,-140.61390403307394,False,False,train
2026-03-10 00:04:00+00:00,sushiswap_v2,uniswap_v2,-79.69849498103203,59.61869495113792,0.00044747692352,-140.61390403307394,False,False,train
2026-03-10 00:05:00+00:00,sushiswap_v2,uniswap_v2,-79.69849498103203,59.61869495113792,0.00044747692352,-140.61390403307394,False,False,train
2026-03-10 00:06:00+00:00,sushiswap_v2,uniswap_v2,-79.69849498103203,59.61869495113792,0.00044747692352,-140.61390403307394,False,True,train
2026-03-10 00:07:00+00:00,sushiswap_v2,uniswap_v2,-79.69849498103203,59.61869495113792,0.00044747692352,-140.61390403307394,False,True,train
2026-03-10 00:08:00+00:00,sushiswap_v2,uniswap_v2,-79.69849498103203,59.61869495113792,0.00044747692352,-140.61390403307394,False,True,train
2026-03-10 00:09:00+00:00,sushiswap_v2,uniswap_v2,-79.69849498103203,59.61869495113792,0.00044747692352,-140.61390403307394,False,True,train
2026-03-10 00:10:00+00:00,sushiswap_v2,uniswap_v2,-79.69849498103203,59.61869495113792,0.00044747692352,-140.61390403307394,False,True,train
2026-03-10 00:11:00+00:00,sushiswap_v2,uniswap_v2,-79.69849498103203,59.61869495113792,0.00044747692352,-140.61390403307394,False,True,train
2026-03-10 00:12:00+00:00,sushiswap_v2,uniswap_v2,-79.69849498103203,59.61869495113792,0.00044747692352,-140.61390403307394,False,True,train
2026-03-10 00:13:00+00:00,sushiswap_v2,uniswap_v2,-79.69849498103203,59.61869495113792,0.00044747692352,-140.61390403307394,False,True,train
2026-03-10 00:14:00+00:00,sushiswap_v2,uniswap_v2,-79.69849498103203,59.61869495113792,0.00044747692352,-140.61390403307394,False,True,train
2026-03-10 00:15:00+00:00,sushiswap_v2,uniswap_v2,-79.69849498103203,59.61869495113792,0.00044747692352,-140.61390403307394,False,True,train
2026-03-10 00:16:00+00:00,sushiswap_v2,uniswap_v2,-79.69849498103203,59.61869495113792,0.00044747692352,-140.61390403307394,False,True,train
2026-03-10 00:17:00+00:00,sushiswap_v2,uniswap_v2,-79.69849498103203,59.61869495113792,0.00044747692352,-140.61390403307394,False,True,train
2026-03-10 00:18:00+00:00,sushiswap_v2,uniswap_v2,-79.69849498103203,59.61869495113792,0.00044747692352,-140.61390403307394,False,True,train
2026-03-10 00:19:00+00:00,sushiswap_v2,uniswap_v2,-79.69868687232947,59.61869437698364,0.00044765575382,-140.6146135708437,False,True,train
2026-03-10 00:20:00+00:00,sushiswap_v2,uniswap_v2,-79.69868687232947,59.61869437698364,0.00044765575382,-140.6146135708437,False,True,train
2026-03-10 00:21:00+00:00,sushiswap_v2,uniswap_v2,-79.69868687232947,59.61869437698364,0.00044765575382,-140.6146135708437,False,True,train
2026-03-10 00:22:00+00:00,sushiswap_v2,uniswap_v2,-79.69868687232947,59.61869437698364,0.00044765575382,-140.6146135708437,False,True,train
2026-03-10 00:23:00+00:00,sushiswap_v2,uniswap_v2,-79.69868687232947,59.61869437698364,0.00044765575382,-140.6146135708437,False,True,train
2026-03-10 00:24:00+00:00,sushiswap_v2,uniswap_v2,-79.69868687232947,59.61869437698364,0.00044765575382,-140.6146135708437,False,True,train
2026-03-10 00:25:00+00:00,sushiswap_v2,uniswap_v2,-79.69868687232947,59.61869437698364,0.00044765575382,-140.6146135708437,False,True,train
2026-03-10 00:26:00+00:00,sushiswap_v2,uniswap_v2,-79.69868687232947,59.61869437698364,0.00044765575382,-140.6146135708437,False,True,train
2026-03-10 00:27:00+00:00,sushiswap_v2,uniswap_v2,-79.69868687232947,59.61869437698364,0.00044765575382,-140.6146135708437,False,True,train
2026-03-10 00:28:00+00:00,sushiswap_v2,uniswap_v2,-79.69868687232947,59.61869437698364,0.00044765575382,-140.6146135708437,False,True,train
2026-03-10 00:29:00+00:00,sushiswap_v2,uniswap_v2,-79.69868687232947,59.61869437698364,0.00044765575382,-140.6146135708437,False,True,train
2026-03-10 00:30:00+00:00,sushiswap_v2,uniswap_v2,-79.69868687232947,59.61869437698364,0.00044765575382,-140.6146135708437,False,True,train
2026-03-10 00:31:00+00:00,sushiswap_v2,uniswap_v2,-79.69868687232947,59.61869437698364,0.00044765575382,-140.6146135708437,False,True,train
2026-03-10 00:32:00+00:00,sushiswap_v2,uniswap_v2,-79.69868687232947,59.61869437698364,0.00044765575382,-140.6146135708437,False,True,train
2026-03-10 00:33:00+00:00,sushiswap_v2,uniswap_v2,-79.69868687232947,59.61869437698364,0.00044765575382,-140.6146135708437,False,True,train
2026-03-10 00:34:00+00:00,sushiswap_v2,uniswap_v2,-79.69868687232947,59.61869437698364,0.00044765575382,-140.6146135708437,False,True,train
2026-03-10 00:35:00+00:00,sushiswap_v2,uniswap_v2,-79.69868687232947,59.61869437698364,0.00044765575382,-140.6146135708437,False,True,train
2026-03-10 00:36:00+00:00,sushiswap_v2,uniswap_v2,-79.69868687232947,59.61869437698364,0.00044765575382,-140.6146135708437,False,True,train
2026-03-10 00:37:00+00:00,sushiswap_v2,uniswap_v2,-79.69868687232947,59.61869437698364,0.00044765575382,-140.6146135708437,False,True,train
2026-03-10 00:38:00+00:00,sushiswap_v2,uniswap_v2,-79.69868687232947,59.61869437698364,0.00044765575382,-140.6146135708437,False,True,train
2026-03-10 00:39:00+00:00,sushiswap_v2,uniswap_v2,-79.69868687232947,59.61869437698364,0.00044765575382,-140.6146135708437,False,True,train
2026-03-10 00:40:00+00:00,sushiswap_v2,uniswap_v2,-79.69868687232947,59.61869437698364,0.00044765575382,-140.6146135708437,False,True,train
2026-03-10 00:41:00+00:00,sushiswap_v2,uniswap_v2,-79.69868687232947,59.61869437698364,0.00044765575382,-140.6146135708437,False,True,train
2026-03-10 00:42:00+00:00,sushiswap_v2,uniswap_v2,-79.69868687232947,59.61869437698364,0.00044765575382,-140.6146135708437,False,True,train
2026-03-10 00:43:00+00:00,sushiswap_v2,uniswap_v2,-79.69868687232947,59.61869437698364,0.00044765575382,-140.6146135708437,False,True,train
2026-03-10 00:44:00+00:00,sushiswap_v2,uniswap_v2,-79.69868687232947,59.61869437698364,0.00044765575382,-140.6146135708437,False,True,train
2026-03-10 00:45:00+00:00,sushiswap_v2,uniswap_v2,-79.69868687232947,59.61869437698364,0.00044765575382,-140.6146135708437,False,True,train
2026-03-10 00:46:00+00:00,sushiswap_v2,uniswap_v2,-79.69868687232947,59.61869437698364,0.00044765575382,-140.6146135708437,False,True,train
2026-03-10 00:47:00+00:00,sushiswap_v2,uniswap_v2,-79.69868687232947,59.61869437698364,0.00044765575382,-140.6146135708437,False,True,train
2026-03-10 00:48:00+00:00,sushiswap_v2,uniswap_v2,-79.69868687232947,59.61869437698364,0.00044765575382,-140.6146135708437,False,True,train
2026-03-10 00:49:00+00:00,sushiswap_v2,uniswap_v2,-79.69868687232947,59.61869437698364,0.00044765575382,-140.6146135708437,False,True,train
2026-03-10 00:50:00+00:00,sushiswap_v2,uniswap_v2,-79.69868687232947,59.61869437698364,0.00044765575382,-140.6146135708437,False,True,train
2026-03-10 00:51:00+00:00,sushiswap_v2,uniswap_v2,-79.69868687232947,59.61869437698364,0.00044765575382,-140.6146135708437,False,True,train
2026-03-10 00:52:00+00:00,sushiswap_v2,uniswap_v2,-79.69868687232947,59.61869437698364,0.00044765575382,-140.6146135708437,False,True,train
2026-03-10 00:53:00+00:00,sushiswap_v2,uniswap_v2,-79.69868687232947,59.61869437698364,0.00044765575382,-140.6146135708437,False,True,train
2026-03-10 00:54:00+00:00,sushiswap_v2,uniswap_v2,-79.69868687232947,59.61869437698364,0.00044765575382,-140.6146135708437,False,True,train
2026-03-10 00:55:00+00:00,sushiswap_v2,uniswap_v2,-79.69868687232947,59.61869437698364,0.00044765575382,-140.6146135708437,False,True,train
2026-03-10 00:56:00+00:00,sushiswap_v2,uniswap_v2,-79.69868687232947,59.61869437698364,0.00044765575382,-140.6146135708437,False,True,train
2026-03-10 00:57:00+00:00,sushiswap_v2,uniswap_v2,-79.69868687232947,59.61869437698364,0.00044765575382,-140.6146135708437,False,True,train
2026-03-10 00:58:00+00:00,sushiswap_v2,uniswap_v2,-79.69868687232947,59.61869437698364,0.00044765575382,-140.6146135708437,False,True,train
2026-03-10 00:59:00+00:00,sushiswap_v2,uniswap_v2,-79.69868687232947,59.61869437698364,0.00044765575382,-140.6146135708437,False,True,train
2026-03-10 01:00:00+00:00,sushiswap_v2,uniswap_v2,-79.69868687232947,59.61869437698364,0.00044765575382,-140.6146135708437,False,True,train
2026-03-10 01:01:00+00:00,sushiswap_v2,uniswap_v2,-79.69868687232947,59.61869437698364,0.00044765575382,-140.6146135708437,False,True,train
2026-03-10 01:02:00+00:00,sushiswap_v2,uniswap_v2,-79.69868687232947,59.61869437698364,0.00044765575382,-140.6146135708437,False,True,train
2026-03-10 01:03:00+00:00,sushiswap_v2,uniswap_v2,-79.69868687232947,59.61869437698364,0.00044765575382,-140.6146135708437,False,True,train
2026-03-10 01:04:00+00:00,sushiswap_v2,uniswap_v2,-79.69868687232947,59.61869437698364,0.00044765575382,-140.6146135708437,False,True,train
2026-03-10 01:05:00+00:00,sushiswap_v2,uniswap_v2,-79.69868687232947,59.61869437698364,0.00044765575382,-140.6146135708437,False,True,train
2026-03-10 01:06:00+00:00,sushiswap_v2,uniswap_v2,-79.69868687232947,59.61869437698364,0.00044765575382,-140.6146135708437,False,True,train
2026-03-10 01:07:00+00:00,sushiswap_v2,uniswap_v2,-79.69868687232947,59.61869437698364,0.00044765575382,-140.6146135708437,False,True,train
2026-03-10 01:08:00+00:00,sushiswap_v2,uniswap_v2,-79.69868687232947,59.61869437698364,0.00044765575382,-140.6146135708437,False,True,train
2026-03-10 01:09:00+00:00,sushiswap_v2,uniswap_v2,-79.69868687232947,59.61869437698364,0.00044765575382,-140.6146135708437,False,True,train
2026-03-10 01:10:00+00:00,sushiswap_v2,uniswap_v2,-79.69868687232947,59.61869437698364,0.00044765575382,-140.6146135708437,False,True,train
2026-03-10 01:11:00+00:00,sushiswap_v2,uniswap_v2,-79.6986885617036,59.61869437193257,0.00044676344922,-140.61202950404459,False,True,train
2026-03-10 01:12:00+00:00,sushiswap_v2,uniswap_v2,-79.6986885617036,59.61869437193257,0.00044676344922,-140.61202950404459,False,True,train
2026-03-10 01:13:00+00:00,sushiswap_v2,uniswap_v2,-79.59206818183408,59.619014383002344,0.00044734021112,-140.5074498417989,False,False,train
2026-03-10 01:14:00+00:00,sushiswap_v2,uniswap_v2,-79.74170984416699,59.61856664316804,0.00044726432014,-140.65642383642015,False,False,train
2026-03-10 01:15:00+00:00,sushiswap_v2,uniswap_v2,-79.74170984416699,59.61856664316804,0.00044726432014,-140.65642383642015,False,False,train
2026-03-10 01:16:00+00:00,sushiswap_v2,uniswap_v2,-79.74170984416699,59.61856664316804,0.00044726432014,-140.65642383642015,False,False,train
2026-03-10 01:17:00+00:00,sushiswap_v2,uniswap_v2,-79.74170984416699,59.61856664316804,0.00044726432014,-140.65642383642015,False,False,train
2026-03-10 01:18:00+00:00,sushiswap_v2,uniswap_v2,-79.74170984416699,59.61856664316804,0.00044726432014,-140.65642383642015,False,False,train
2026-03-10 01:19:00+00:00,sushiswap_v2,uniswap_v2,-79.74170984416699,59.61856664316804,0.00044726432014,-140.65642383642015,False,False,train
2026-03-10 01:20:00+00:00,sushiswap_v2,uniswap_v2,-79.74170984416699,59.61856664316804,0.00044726432014,-140.65642383642015,False,False,train
2026-03-10 01:21:00+00:00,sushiswap_v2,uniswap_v2,-79.74170984416699,59.61856664316804,0.00044726432014,-140.65642383642015,False,False,train
2026-03-10 01:22:00+00:00,sushiswap_v2,uniswap_v2,-79.74170984416699,59.61856664316804,0.00044726432014,-140.65642383642015,False,False,train
2026-03-10 01:23:00+00:00,sushiswap_v2,uniswap_v2,-79.74170984416699,59.61856664316804,0.00044726432014,-140.65642383642015,False,False,train
2026-03-10 01:24:00+00:00,sushiswap_v2,uniswap_v2,-79.74170984416699,59.61856664316804,0.00044726432014,-140.65642383642015,False,False,train
2026-03-10 01:25:00+00:00,sushiswap_v2,uniswap_v2,-79.74170984416699,59.61856664316804,0.00044726432014,-140.65642383642015,False,False,train
2026-03-10 01:26:00+00:00,sushiswap_v2,uniswap_v2,-79.74170984416699,59.61856664316804,0.00044726432014,-140.65642383642015,False,False,train
2026-03-10 01:27:00+00:00,sushiswap_v2,uniswap_v2,-79.74170984416699,59.61856664316804,0.00044726432014,-140.65642383642015,False,False,train
2026-03-10 01:28:00+00:00,sushiswap_v2,uniswap_v2,-79.74170984416699,59.61856664316804,0.00044726432014,-140.65642383642015,False,False,train
2026-03-10 01:29:00+00:00,sushiswap_v2,uniswap_v2,-79.74170984416699,59.61856664316804,0.00044726432014,-140.65642383642015,False,True,train
2026-03-10 01:30:00+00:00,sushiswap_v2,uniswap_v2,-79.74170984416699,59.61856664316804,0.00044726432014,-140.65642383642015,False,True,train
2026-03-10 01:31:00+00:00,sushiswap_v2,uniswap_v2,-79.74170984416699,59.61856664316804,0.00044726432014,-140.65642383642015,False,True,train
2026-03-10 01:32:00+00:00,sushiswap_v2,uniswap_v2,-79.74170984416699,59.61856664316804,0.00044726432014,-140.65642383642015,False,True,train
2026-03-10 01:33:00+00:00,sushiswap_v2,uniswap_v2,-79.74170984416699,59.61856664316804,0.00044726432014,-140.65642383642015,False,True,train
2026-03-10 01:34:00+00:00,sushiswap_v2,uniswap_v2,-79.74170984416699,59.61856664316804,0.00044726432014,-140.65642383642015,False,True,train
2026-03-10 01:35:00+00:00,sushiswap_v2,uniswap_v2,-79.74170984416699,59.61856664316804,0.00044726432014,-140.65642383642015,False,True,train
2026-03-10 01:36:00+00:00,sushiswap_v2,uniswap_v2,-79.74170984416699,59.61856664316804,0.00044726432014,-140.65642383642015,False,True,train
2026-03-10 01:37:00+00:00,sushiswap_v2,uniswap_v2,-79.74170984416699,59.61856664316804,0.00044726432014,-140.65642383642015,False,True,train
2026-03-10 01:38:00+00:00,sushiswap_v2,uniswap_v2,-79.74170984416699,59.61856664316804,0.00044726432014,-140.65642383642015,False,True,train
2026-03-10 01:39:00+00:00,sushiswap_v2,uniswap_v2,-79.74170984416699,59.61856664316804,0.00044726432014,-140.65642383642015,False,True,train
2026-03-10 01:40:00+00:00,sushiswap_v2,uniswap_v2,-79.74170984416699,59.61856664316804,0.00044726432014,-140.65642383642015,False,True,train
2026-03-10 01:41:00+00:00,sushiswap_v2,uniswap_v2,-79.74170984416699,59.61856664316804,0.00044726432014,-140.65642383642015,False,True,train
2026-03-10 01:42:00+00:00,sushiswap_v2,uniswap_v2,-79.74170984416699,59.61856664316804,0.00044726432014,-140.65642383642015,False,True,train
2026-03-10 01:43:00+00:00,sushiswap_v2,uniswap_v2,-79.74170984416699,59.61856664316804,0.00044726432014,-140.65642383642015,False,True,train
2026-03-10 01:44:00+00:00,sushiswap_v2,uniswap_v2,-79.74170984416699,59.61856664316804,0.00044726432014,-140.65642383642015,False,True,train
2026-03-10 01:45:00+00:00,sushiswap_v2,uniswap_v2,-79.74170984416699,59.61856664316804,0.00044726432014,-140.65642383642015,False,True,train
2026-03-10 01:46:00+00:00,sushiswap_v2,uniswap_v2,-79.74170984416699,59.61856664316804,0.00044726432014,-140.65642383642015,False,True,train
2026-03-10 01:47:00+00:00,sushiswap_v2,uniswap_v2,-79.74170984416699,59.61856664316804,0.00044726432014,-140.65642383642015,False,True,train
2026-03-10 01:48:00+00:00,sushiswap_v2,uniswap_v2,-79.74170984416699,59.61856664316804,0.00044726432014,-140.65642383642015,False,True,train
2026-03-10 01:49:00+00:00,sushiswap_v2,uniswap_v2,-79.74170984416699,59.61856664316804,0.00044726432014,-140.65642383642015,False,True,train
2026-03-10 01:50:00+00:00,sushiswap_v2,uniswap_v2,-79.74170984416699,59.61856664316804,0.00044726432014,-140.65642383642015,False,True,train
2026-03-10 01:51:00+00:00,sushiswap_v2,uniswap_v2,-79.74170984416699,59.61856664316804,0.00044726432014,-140.65642383642015,False,True,train
2026-03-10 01:52:00+00:00,sushiswap_v2,uniswap_v2,-79.74170984416699,59.61856664316804,0.00044726432014,-140.65642383642015,False,True,train
2026-03-10 01:53:00+00:00,sushiswap_v2,uniswap_v2,-79.74170984416699,59.61856664316804,0.00044726432014,-140.65642383642015,False,True,train
2026-03-10 01:54:00+00:00,sushiswap_v2,uniswap_v2,-79.74170984416699,59.61856664316804,0.00044726432014,-140.65642383642015,False,True,train
2026-03-10 01:55:00+00:00,sushiswap_v2,uniswap_v2,-79.74170984416699,59.61856664316804,0.00044726432014,-140.65642383642015,False,True,train
2026-03-10 01:56:00+00:00,sushiswap_v2,uniswap_v2,-79.74170984416699,59.61856664316804,0.00044726432014,-140.65642383642015,False,True,train
2026-03-10 01:57:00+00:00,sushiswap_v2,uniswap_v2,-79.71837942128373,59.61863644984907,0.00044745913058,-140.6337277701362,False,True,train
2026-03-10 01:58:00+00:00,sushiswap_v2,uniswap_v2,-79.71837942128373,59.61863644984907,0.00044745913058,-140.6337277701362,False,True,train
2026-03-10 01:59:00+00:00,sushiswap_v2,uniswap_v2,-79.71837942128373,59.61863644984907,0.00044745913058,-140.6337277701362,False,True,train
2026-03-10 02:00:00+00:00,sushiswap_v2,uniswap_v2,-79.71837942128373,59.61863644984907,0.00044745913058,-140.6337277701362,False,True,train
2026-03-10 02:01:00+00:00,sushiswap_v2,uniswap_v2,-79.71837942128373,59.61863644984907,0.00044745913058,-140.6337277701362,False,True,train
2026-03-10 02:02:00+00:00,sushiswap_v2,uniswap_v2,-79.71837942128373,59.61863644984907,0.00044745913058,-140.6337277701362,False,True,train
2026-03-10 02:03:00+00:00,sushiswap_v2,uniswap_v2,-79.71837942128373,59.61863644984907,0.00044745913058,-140.6337277701362,False,True,train
2026-03-10 02:04:00+00:00,sushiswap_v2,uniswap_v2,-79.71837942128373,59.61863644984907,0.00044745913058,-140.6337277701362,False,True,train
2026-03-10 02:05:00+00:00,sushiswap_v2,uniswap_v2,-79.71837942128373,59.61863644984907,0.00044745913058,-140.6337277701362,False,True,train
2026-03-10 02:06:00+00:00,sushiswap_v2,uniswap_v2,-79.71837942128373,59.61863644984907,0.00044745913058,-140.6337277701362,False,True,train
2026-03-10 02:07:00+00:00,sushiswap_v2,uniswap_v2,-79.71837942128373,59.61863644984907,0.00044745913058,-140.6337277701362,False,True,train
2026-03-10 02:08:00+00:00,sushiswap_v2,uniswap_v2,-79.71837942128373,59.61863644984907,0.00044745913058,-140.6337277701362,False,True,train
2026-03-10 02:09:00+00:00,sushiswap_v2,uniswap_v2,-79.71837942128373,59.61863644984907,0.00044745913058,-140.6337277701362,False,True,train
2026-03-10 02:10:00+00:00,sushiswap_v2,uniswap_v2,-79.71837942128373,59.61863644984907,0.00044745913058,-140.6337277701362,False,True,train
2026-03-10 02:11:00+00:00,sushiswap_v2,uniswap_v2,-79.71837942128373,59.61863644984907,0.00044745913058,-140.6337277701362,False,True,train
2026-03-10 02:12:00+00:00,sushiswap_v2,uniswap_v2,-79.71837942128373,59.61863644984907,0.00044745913058,-140.6337277701362,False,True,train
2026-03-10 02:13:00+00:00,sushiswap_v2,uniswap_v2,-79.71837942128373,59.61863644984907,0.00044745913058,-140.6337277701362,False,True,train
2026-03-10 02:14:00+00:00,sushiswap_v2,uniswap_v2,-79.71837942128373,59.61863644984907,0.00044745913058,-140.6337277701362,False,True,train
2026-03-10 02:15:00+00:00,sushiswap_v2,uniswap_v2,-79.71837942128373,59.61863644984907,0.00044745913058,-140.6337277701362,False,True,train
2026-03-10 02:16:00+00:00,sushiswap_v2,uniswap_v2,-79.71837942128373,59.61863644984907,0.00044745913058,-140.6337277701362,False,True,train
2026-03-10 02:17:00+00:00,sushiswap_v2,uniswap_v2,-79.71837942128373,59.61863644984907,0.00044745913058,-140.6337277701362,False,True,train
2026-03-10 02:18:00+00:00,sushiswap_v2,uniswap_v2,-79.71837942128373,59.61863644984907,0.00044745913058,-140.6337277701362,False,True,train
2026-03-10 02:19:00+00:00,sushiswap_v2,uniswap_v2,-79.71837942128373,59.61863644984907,0.00044745913058,-140.6337277701362,False,True,train
2026-03-10 02:20:00+00:00,sushiswap_v2,uniswap_v2,-79.71837942128373,59.61863644984907,0.00044745913058,-140.6337277701362,False,True,train
2026-03-10 02:21:00+00:00,sushiswap_v2,uniswap_v2,-79.71837942128373,59.61863644984907,0.00044745913058,-140.6337277701362,False,True,train
2026-03-10 02:22:00+00:00,sushiswap_v2,uniswap_v2,-79.71837942128373,59.61863644984907,0.00044745913058,-140.6337277701362,False,True,train
2026-03-10 02:23:00+00:00,sushiswap_v2,uniswap_v2,-79.71837942128373,59.61863644984907,0.00044745913058,-140.6337277701362,False,True,train
2026-03-10 02:24:00+00:00,sushiswap_v2,uniswap_v2,-79.71837942128373,59.61863644984907,0.00044745913058,-140.6337277701362,False,True,train
2026-03-10 02:25:00+00:00,sushiswap_v2,uniswap_v2,-79.71837942128373,59.61863644984907,0.00044745913058,-140.6337277701362,False,True,train
2026-03-10 02:26:00+00:00,sushiswap_v2,uniswap_v2,-79.71837942128373,59.61863644984907,0.00044745913058,-140.6337277701362,False,True,train
2026-03-10 02:27:00+00:00,sushiswap_v2,uniswap_v2,-79.71837942128373,59.61863644984907,0.00044745913058,-140.6337277701362,False,True,train
2026-03-10 02:28:00+00:00,sushiswap_v2,uniswap_v2,-79.71837942128373,59.61863644984907,0.00044745913058,-140.6337277701362,False,True,train
2026-03-10 02:29:00+00:00,sushiswap_v2,uniswap_v2,-79.71837942128373,59.61863644984907,0.00044745913058,-140.6337277701362,False,True,train
2026-03-10 02:30:00+00:00,sushiswap_v2,uniswap_v2,-79.95880254719569,59.617917084559,0.00044577716766,-140.8685572949162,False,True,train
2026-03-10 02:31:00+00:00,sushiswap_v2,uniswap_v2,-79.99056734270528,59.61782204173839,0.00044759972884,-140.90550872945553,False,True,train
2026-03-10 02:32:00+00:00,uniswap_v2,sushiswap_v2,-80.94527866578272,59.478927909630116,0.00044949075974,-141.732572696712,False,False,train
2026-03-10 02:33:00+00:00,uniswap_v2,sushiswap_v2,-80.94527866578272,59.478927909630116,0.00044949075974,-141.732572696712,False,False,train
2026-03-10 02:34:00+00:00,uniswap_v2,sushiswap_v2,-80.94527866578272,59.478927909630116,0.00044949075974,-141.732572696712,False,False,train
2026-03-10 02:35:00+00:00,uniswap_v2,sushiswap_v2,-80.84297352016782,59.47923287770902,0.00045526748498,-141.64740097153538,False,False,train
2026-03-10 02:36:00+00:00,uniswap_v2,sushiswap_v2,-80.84297352016782,59.47923287770902,0.00045526748498,-141.64740097153538,False,False,train
2026-03-10 02:37:00+00:00,uniswap_v2,sushiswap_v2,-80.84297352016782,59.47923287770902,0.00045526748498,-141.64740097153538,False,False,train
2026-03-10 02:38:00+00:00,uniswap_v2,sushiswap_v2,-80.84297352016782,59.47923287770902,0.00045526748498,-141.64740097153538,False,False,train
2026-03-10 02:39:00+00:00,uniswap_v2,sushiswap_v2,-80.84297352016782,59.47923287770902,0.00045526748498,-141.64740097153538,False,False,train
2026-03-10 02:40:00+00:00,uniswap_v2,sushiswap_v2,-80.84297352016782,59.47923287770902,0.00045526748498,-141.64740097153538,False,False,train
2026-03-10 02:41:00+00:00,uniswap_v2,sushiswap_v2,-80.84297352016782,59.47923287770902,0.00045526748498,-141.64740097153538,False,False,train
2026-03-10 02:42:00+00:00,uniswap_v2,sushiswap_v2,-80.84297352016782,59.47923287770902,0.00045526748498,-141.64740097153538,False,False,train
2026-03-10 02:43:00+00:00,uniswap_v2,sushiswap_v2,-80.82775735823391,59.47927823655699,0.00045469702454,-141.63057170620561,False,False,train
2026-03-10 02:44:00+00:00,uniswap_v2,sushiswap_v2,-80.82775735823391,59.47927823655699,0.00045469702454,-141.63057170620561,False,False,train
2026-03-10 02:45:00+00:00,uniswap_v2,sushiswap_v2,-80.82420319102556,59.479288831405924,0.00045581103722,-141.63027128862964,False,False,train
2026-03-10 02:46:00+00:00,uniswap_v2,sushiswap_v2,-80.82420319102556,59.479288831405924,0.00045581103722,-141.63027128862964,False,False,train
2026-03-10 02:47:00+00:00,uniswap_v2,sushiswap_v2,-80.82420319102556,59.479288831405924,0.00045581103722,-141.63027128862964,False,False,train
2026-03-10 02:48:00+00:00,uniswap_v2,sushiswap_v2,-80.82420319102556,59.479288831405924,0.00045581103722,-141.63027128862964,False,True,train
2026-03-10 02:49:00+00:00,uniswap_v2,sushiswap_v2,-80.79085968963578,59.47938822722375,0.0004547332064,-141.59389428541397,False,True,train
2026-03-10 02:50:00+00:00,sushiswap_v2,uniswap_v2,-78.7486265159305,59.62153178263192,0.00045384012652,-139.68504609311438,False,True,train
2026-03-10 02:51:00+00:00,sushiswap_v2,uniswap_v2,-80.04299240726114,59.61764890546237,0.00045564739,-140.98025736056215,False,False,train
2026-03-10 02:52:00+00:00,uniswap_v2,sushiswap_v2,-65.61296681060128,59.52441217543509,0.00045236053808,-126.4530414950088,False,False,train
2026-03-10 02:53:00+00:00,uniswap_v2,sushiswap_v2,-68.7788221663173,59.514974941399494,0.00045455846018,-129.6154295525575,False,False,train
2026-03-10 02:54:00+00:00,uniswap_v2,sushiswap_v2,-68.7788221663173,59.514974941399494,0.00045455846018,-129.6154295525575,False,False,train
2026-03-10 02:55:00+00:00,uniswap_v2,sushiswap_v2,-70.54182075915371,59.50971954326707,0.00045288885114,-131.36808388151772,False,False,train
2026-03-10 02:56:00+00:00,uniswap_v2,sushiswap_v2,-70.54182075915371,59.50971954326707,0.00045288885114,-131.36808388151772,False,False,train
2026-03-10 02:57:00+00:00,uniswap_v2,sushiswap_v2,-72.76553649835735,59.503090773629395,0.00045041771302,-133.57769315449525,False,False,train
2026-03-10 02:58:00+00:00,uniswap_v2,sushiswap_v2,-72.76553649835735,59.503090773629395,0.00045041771302,-133.57769315449525,False,False,train
2026-03-10 02:59:00+00:00,uniswap_v2,sushiswap_v2,-72.76553649835735,59.503090773629395,0.00045041771302,-133.57769315449525,False,False,train
2026-03-10 03:00:00+00:00,uniswap_v2,sushiswap_v2,-72.76553649835735,59.503090773629395,0.00045041771302,-133.57769315449525,False,False,train
2026-03-10 03:01:00+00:00,uniswap_v2,sushiswap_v2,-72.76553649835735,59.503090773629395,0.00045041771302,-133.57769315449525,False,False,train
2026-03-10 03:02:00+00:00,uniswap_v2,sushiswap_v2,-72.76553649835735,59.503090773629395,0.00045041771302,-133.57769315449525,False,False,train
2026-03-10 03:03:00+00:00,uniswap_v2,sushiswap_v2,-72.76553649835735,59.503090773629395,0.00045041771302,-133.57769315449525,False,False,train
2026-03-10 03:04:00+00:00,uniswap_v2,sushiswap_v2,-72.76553649835735,59.503090773629395,0.00045041771302,-133.57769315449525,False,False,train
2026-03-10 03:05:00+00:00,uniswap_v2,sushiswap_v2,-72.76553649835735,59.503090773629395,0.00045041771302,-133.57769315449525,False,False,train
2026-03-10 03:06:00+00:00,uniswap_v2,sushiswap_v2,-72.76553649835735,59.503090773629395,0.00045041771302,-133.57769315449525,False,False,train
2026-03-10 03:07:00+00:00,uniswap_v2,sushiswap_v2,-72.76553649835735,59.503090773629395,0.00045041771302,-133.57769315449525,False,False,train
2026-03-10 03:08:00+00:00,uniswap_v2,sushiswap_v2,-72.76553649835735,59.503090773629395,0.00045041771302,-133.57769315449525,False,True,train
2026-03-10 03:09:00+00:00,uniswap_v2,sushiswap_v2,-72.76553649835735,59.503090773629395,0.00045041771302,-133.57769315449525,False,True,train
2026-03-10 03:10:00+00:00,uniswap_v2,sushiswap_v2,-72.76553649835735,59.503090773629395,0.00045041771302,-133.57769315449525,False,True,train
2026-03-10 03:11:00+00:00,uniswap_v2,sushiswap_v2,-72.76553649835735,59.503090773629395,0.00045041771302,-133.57769315449525,False,True,train
2026-03-10 03:12:00+00:00,uniswap_v2,sushiswap_v2,-72.76553649835735,59.503090773629395,0.00045041771302,-133.57769315449525,False,True,train
2026-03-10 03:13:00+00:00,uniswap_v2,sushiswap_v2,-72.76553649835735,59.503090773629395,0.00045041771302,-133.57769315449525,False,True,train
2026-03-10 03:14:00+00:00,uniswap_v2,sushiswap_v2,-72.76553649835735,59.503090773629395,0.00045041771302,-133.57769315449525,False,True,train
2026-03-10 03:15:00+00:00,uniswap_v2,sushiswap_v2,-72.76553649835735,59.503090773629395,0.00045041771302,-133.57769315449525,False,True,train
2026-03-10 03:16:00+00:00,uniswap_v2,sushiswap_v2,-72.76553649835735,59.503090773629395,0.00045041771302,-133.57769315449525,False,True,train
2026-03-10 03:17:00+00:00,uniswap_v2,sushiswap_v2,-72.76553649835735,59.503090773629395,0.00045041771302,-133.57769315449525,False,True,train
2026-03-10 03:18:00+00:00,uniswap_v2,sushiswap_v2,-72.76553649835735,59.503090773629395,0.00045041771302,-133.57769315449525,False,True,train
2026-03-10 03:19:00+00:00,uniswap_v2,sushiswap_v2,-72.76553649835735,59.503090773629395,0.00045041771302,-133.57769315449525,False,True,train
2026-03-10 03:20:00+00:00,uniswap_v2,sushiswap_v2,-72.76553649835735,59.503090773629395,0.00045041771302,-133.57769315449525,False,True,train
2026-03-10 03:21:00+00:00,uniswap_v2,sushiswap_v2,-72.76553649835735,59.503090773629395,0.00045041771302,-133.57769315449525,False,True,train
2026-03-10 03:22:00+00:00,uniswap_v2,sushiswap_v2,-72.76553649835735,59.503090773629395,0.00045041771302,-133.57769315449525,False,True,train
2026-03-10 03:23:00+00:00,uniswap_v2,sushiswap_v2,-72.76553649835735,59.503090773629395,0.00045041771302,-133.57769315449525,False,True,train
2026-03-10 03:24:00+00:00,uniswap_v2,sushiswap_v2,-72.76553649835735,59.503090773629395,0.00045041771302,-133.57769315449525,False,True,train
2026-03-10 03:25:00+00:00,uniswap_v2,sushiswap_v2,-72.76553649835735,59.503090773629395,0.00045041771302,-133.57769315449525,False,True,train
2026-03-10 03:26:00+00:00,uniswap_v2,sushiswap_v2,-72.75265542487091,59.5031291713742,0.00044883880294,-133.5602633309588,False,True,train
2026-03-10 03:27:00+00:00,uniswap_v2,sushiswap_v2,-72.75265542487091,59.5031291713742,0.00044883880294,-133.5602633309588,False,True,train
2026-03-10 03:28:00+00:00,uniswap_v2,sushiswap_v2,-72.75265542487091,59.5031291713742,0.00044883880294,-133.5602633309588,False,True,train
2026-03-10 03:29:00+00:00,uniswap_v2,sushiswap_v2,-72.75265542487091,59.5031291713742,0.00044883880294,-133.5602633309588,False,True,train
2026-03-10 03:30:00+00:00,uniswap_v2,sushiswap_v2,-72.75265542487091,59.5031291713742,0.00044883880294,-133.5602633309588,False,True,train
2026-03-10 03:31:00+00:00,uniswap_v2,sushiswap_v2,-72.75265542487091,59.5031291713742,0.00044883880294,-133.5602633309588,False,True,train
2026-03-10 03:32:00+00:00,uniswap_v2,sushiswap_v2,-72.75265542487091,59.5031291713742,0.00044883880294,-133.5602633309588,False,True,train
2026-03-10 03:33:00+00:00,uniswap_v2,sushiswap_v2,-72.75265542487091,59.5031291713742,0.00044883880294,-133.5602633309588,False,True,train
2026-03-10 03:34:00+00:00,uniswap_v2,sushiswap_v2,-72.75265542487091,59.5031291713742,0.00044883880294,-133.5602633309588,False,True,train
2026-03-10 03:35:00+00:00,uniswap_v2,sushiswap_v2,-72.75265542487091,59.5031291713742,0.00044883880294,-133.5602633309588,False,True,train
2026-03-10 03:36:00+00:00,uniswap_v2,sushiswap_v2,-72.75265542487091,59.5031291713742,0.00044883880294,-133.5602633309588,False,True,train
2026-03-10 03:37:00+00:00,uniswap_v2,sushiswap_v2,-72.75265542487091,59.5031291713742,0.00044883880294,-133.5602633309588,False,True,train
2026-03-10 03:38:00+00:00,uniswap_v2,sushiswap_v2,-72.75265542487091,59.5031291713742,0.00044883880294,-133.5602633309588,False,True,train
2026-03-10 03:39:00+00:00,uniswap_v2,sushiswap_v2,-72.75265542487091,59.5031291713742,0.00044883880294,-133.5602633309588,False,True,train
2026-03-10 03:40:00+00:00,uniswap_v2,sushiswap_v2,-72.75265542487091,59.5031291713742,0.00044883880294,-133.5602633309588,False,True,train
2026-03-10 03:41:00+00:00,uniswap_v2,sushiswap_v2,-72.75265542487091,59.5031291713742,0.00044883880294,-133.5602633309588,False,True,train
2026-03-10 03:42:00+00:00,uniswap_v2,sushiswap_v2,-72.75265542487091,59.5031291713742,0.00044883880294,-133.5602633309588,False,True,train
2026-03-10 03:43:00+00:00,uniswap_v2,sushiswap_v2,-72.75265542487091,59.5031291713742,0.00044883880294,-133.5602633309588,False,True,train
2026-03-10 03:44:00+00:00,uniswap_v2,sushiswap_v2,-72.75265542487091,59.5031291713742,0.00044883880294,-133.5602633309588,False,True,train
2026-03-10 03:45:00+00:00,uniswap_v2,sushiswap_v2,-72.75265397274858,59.503129175702,0.00044711427178,-133.55524980728032,False,True,train
2026-03-10 03:46:00+00:00,uniswap_v2,sushiswap_v2,-72.75265397274858,59.503129175702,0.00044711427178,-133.55524980728032,False,True,train
2026-03-10 03:47:00+00:00,uniswap_v2,sushiswap_v2,-72.75265397274858,59.503129175702,0.00044711427178,-133.55524980728032,False,True,train
2026-03-10 03:48:00+00:00,uniswap_v2,sushiswap_v2,-72.75265397274858,59.503129175702,0.00044711427178,-133.55524980728032,False,True,train
2026-03-10 03:49:00+00:00,uniswap_v2,sushiswap_v2,-72.75265397274858,59.503129175702,0.00044711427178,-133.55524980728032,False,True,train
2026-03-10 03:50:00+00:00,uniswap_v2,sushiswap_v2,-72.75265397274858,59.503129175702,0.00044711427178,-133.55524980728032,False,True,train
2026-03-10 03:51:00+00:00,uniswap_v2,sushiswap_v2,-72.75265397274858,59.503129175702,0.00044711427178,-133.55524980728032,False,True,train
2026-03-10 03:52:00+00:00,uniswap_v2,sushiswap_v2,-72.75265397274858,59.503129175702,0.00044711427178,-133.55524980728032,False,True,train
2026-03-10 03:53:00+00:00,uniswap_v2,sushiswap_v2,-72.75265397274858,59.503129175702,0.00044711427178,-133.55524980728032,False,True,train
2026-03-10 03:54:00+00:00,uniswap_v2,sushiswap_v2,-72.75265397274858,59.503129175702,0.00044711427178,-133.55524980728032,False,True,train
2026-03-10 03:55:00+00:00,uniswap_v2,sushiswap_v2,-72.75265397274858,59.503129175702,0.00044711427178,-133.55524980728032,False,True,train
2026-03-10 03:56:00+00:00,uniswap_v2,sushiswap_v2,-72.75265397274858,59.503129175702,0.00044711427178,-133.55524980728032,False,True,train
2026-03-10 03:57:00+00:00,uniswap_v2,sushiswap_v2,-72.75265397274858,59.503129175702,0.00044711427178,-133.55524980728032,False,True,train
2026-03-10 03:58:00+00:00,uniswap_v2,sushiswap_v2,-72.75265397274858,59.503129175702,0.00044711427178,-133.55524980728032,False,True,train
2026-03-10 03:59:00+00:00,uniswap_v2,sushiswap_v2,-72.75265397274858,59.503129175702,0.00044711427178,-133.55524980728032,False,True,train
2026-03-10 04:00:00+00:00,uniswap_v2,sushiswap_v2,-72.75265397274858,59.503129175702,0.00044711427178,-133.55524980728032,False,True,train
2026-03-10 04:01:00+00:00,uniswap_v2,sushiswap_v2,-72.75265397274858,59.503129175702,0.00044711427178,-133.55524980728032,False,True,train
2026-03-10 04:02:00+00:00,uniswap_v2,sushiswap_v2,-72.75265397274858,59.503129175702,0.00044711427178,-133.55524980728032,False,True,train
2026-03-10 04:03:00+00:00,uniswap_v2,sushiswap_v2,-72.75265397274858,59.503129175702,0.00044711427178,-133.55524980728032,False,True,train
2026-03-10 04:04:00+00:00,uniswap_v2,sushiswap_v2,-72.75265397274858,59.503129175702,0.00044711427178,-133.55524980728032,False,True,train
2026-03-10 04:05:00+00:00,uniswap_v2,sushiswap_v2,-72.75265397274858,59.503129175702,0.00044711427178,-133.55524980728032,False,True,train
2026-03-10 04:06:00+00:00,uniswap_v2,sushiswap_v2,-72.75265397274858,59.503129175702,0.00044711427178,-133.55524980728032,False,True,train
2026-03-10 04:07:00+00:00,uniswap_v2,sushiswap_v2,-72.75265397274858,59.503129175702,0.00044711427178,-133.55524980728032,False,True,train
2026-03-10 04:08:00+00:00,uniswap_v2,sushiswap_v2,-72.75265397274858,59.503129175702,0.00044711427178,-133.55524980728032,False,True,train
2026-03-10 04:09:00+00:00,uniswap_v2,sushiswap_v2,-72.75265397274858,59.503129175702,0.00044711427178,-133.55524980728032,False,True,train
2026-03-10 04:10:00+00:00,uniswap_v2,sushiswap_v2,-72.75265397274858,59.503129175702,0.00044711427178,-133.55524980728032,False,True,train
2026-03-10 04:11:00+00:00,uniswap_v2,sushiswap_v2,-72.75265397274858,59.503129175702,0.00044711427178,-133.55524980728032,False,True,train
2026-03-10 04:12:00+00:00,uniswap_v2,sushiswap_v2,-72.75265397274858,59.503129175702,0.00044711427178,-133.55524980728032,False,True,train
2026-03-10 04:13:00+00:00,uniswap_v2,sushiswap_v2,-72.75265397274858,59.503129175702,0.00044711427178,-133.55524980728032,False,True,train
2026-03-10 04:14:00+00:00,uniswap_v2,sushiswap_v2,-72.75265397274858,59.503129175702,0.00044711427178,-133.55524980728032,False,True,train
2026-03-10 04:15:00+00:00,uniswap_v2,sushiswap_v2,-72.75265397274858,59.503129175702,0.00044711427178,-133.55524980728032,False,True,train
2026-03-10 04:16:00+00:00,uniswap_v2,sushiswap_v2,-72.75265397274858,59.503129175702,0.00044711427178,-133.55524980728032,False,True,train
2026-03-10 04:17:00+00:00,uniswap_v2,sushiswap_v2,-72.75265397274858,59.503129175702,0.00044711427178,-133.55524980728032,False,True,train
2026-03-10 04:18:00+00:00,uniswap_v2,sushiswap_v2,-74.35049478241159,59.498381301265745,0.00044735487368,-135.1490420137378,False,True,train
2026-03-10 04:19:00+00:00,uniswap_v2,sushiswap_v2,-77.46749084438555,59.489119350553786,0.00044673008402,-138.2549602730282,False,True,train
2026-03-10 04:20:00+00:00,uniswap_v2,sushiswap_v2,-77.46749084438555,59.489119350553786,0.00044673008402,-138.2549602730282,False,True,train
2026-03-10 04:21:00+00:00,uniswap_v2,sushiswap_v2,-77.46749084438555,59.489119350553786,0.00044673008402,-138.2549602730282,False,True,train
2026-03-10 04:22:00+00:00,uniswap_v2,sushiswap_v2,-77.46749084438555,59.489119350553786,0.00044673008402,-138.2549602730282,False,True,train
2026-03-10 04:23:00+00:00,uniswap_v2,sushiswap_v2,-77.59174919065862,59.488750124685026,0.00044759852918,-138.38137339143853,False,True,train
2026-03-10 04:24:00+00:00,uniswap_v2,sushiswap_v2,-77.59174919065862,59.488750124685026,0.00044759852918,-138.38137339143853,False,True,train
2026-03-10 04:25:00+00:00,uniswap_v2,sushiswap_v2,-78.25257791145614,59.48678651328122,0.00044729522904,-139.0393570071193,False,True,train
2026-03-10 04:26:00+00:00,uniswap_v2,sushiswap_v2,-78.25257791145614,59.48678651328122,0.00044729522904,-139.0393570071193,False,True,train
2026-03-10 04:27:00+00:00,uniswap_v2,sushiswap_v2,-78.25257791145614,59.48678651328122,0.00044729522904,-139.0393570071193,False,True,train
2026-03-10 04:28:00+00:00,uniswap_v2,sushiswap_v2,-78.25257791145614,59.48678651328122,0.00044729522904,-139.0393570071193,False,True,train
2026-03-10 04:29:00+00:00,uniswap_v2,sushiswap_v2,-78.25257791145614,59.48678651328122,0.00044729522904,-139.0393570071193,False,True,train
2026-03-10 04:30:00+00:00,uniswap_v2,sushiswap_v2,-78.25257791145614,59.48678651328122,0.00044729522904,-139.0393570071193,False,True,train
2026-03-10 04:31:00+00:00,uniswap_v2,sushiswap_v2,-78.25257791145614,59.48678651328122,0.00044729522904,-139.0393570071193,False,True,train
2026-03-10 04:32:00+00:00,uniswap_v2,sushiswap_v2,-78.25257791145614,59.48678651328122,0.00044729522904,-139.0393570071193,False,True,train
2026-03-10 04:33:00+00:00,uniswap_v2,sushiswap_v2,-78.25257791145614,59.48678651328122,0.00044729522904,-139.0393570071193,False,True,train
2026-03-10 04:34:00+00:00,uniswap_v2,sushiswap_v2,-78.25257791145614,59.48678651328122,0.00044729522904,-139.0393570071193,False,True,train
2026-03-10 04:35:00+00:00,uniswap_v2,sushiswap_v2,-78.25257791145614,59.48678651328122,0.00044729522904,-139.0393570071193,False,True,train
2026-03-10 04:36:00+00:00,uniswap_v2,sushiswap_v2,-78.25257791145614,59.48678651328122,0.00044729522904,-139.0393570071193,False,True,train
2026-03-10 04:37:00+00:00,uniswap_v2,sushiswap_v2,-78.25257791145614,59.48678651328122,0.00044729522904,-139.0393570071193,False,True,train
2026-03-10 04:38:00+00:00,uniswap_v2,sushiswap_v2,-78.25257791145614,59.48678651328122,0.00044729522904,-139.0393570071193,False,True,train
2026-03-10 04:39:00+00:00,uniswap_v2,sushiswap_v2,-78.25257791145614,59.48678651328122,0.00044729522904,-139.0393570071193,False,True,train
2026-03-10 04:40:00+00:00,uniswap_v2,sushiswap_v2,-78.25257791145614,59.48678651328122,0.00044729522904,-139.0393570071193,False,True,train
2026-03-10 04:41:00+00:00,uniswap_v2,sushiswap_v2,-78.25257791145614,59.48678651328122,0.00044729522904,-139.0393570071193,False,True,train
2026-03-10 04:42:00+00:00,uniswap_v2,sushiswap_v2,-78.25257791145614,59.48678651328122,0.00044729522904,-139.0393570071193,False,True,train
2026-03-10 04:43:00+00:00,uniswap_v2,sushiswap_v2,-78.25257791145614,59.48678651328122,0.00044729522904,-139.0393570071193,False,True,train
2026-03-10 04:44:00+00:00,uniswap_v2,sushiswap_v2,-78.25257791145614,59.48678651328122,0.00044729522904,-139.0393570071193,False,True,train
2026-03-10 04:45:00+00:00,uniswap_v2,sushiswap_v2,-78.25257791145614,59.48678651328122,0.00044729522904,-139.0393570071193,False,True,train
2026-03-10 04:46:00+00:00,uniswap_v2,sushiswap_v2,-78.25257791145614,59.48678651328122,0.00044729522904,-139.0393570071193,False,True,train
2026-03-10 04:47:00+00:00,uniswap_v2,sushiswap_v2,-78.25257791145614,59.48678651328122,0.00044729522904,-139.0393570071193,False,True,train
2026-03-10 04:48:00+00:00,uniswap_v2,sushiswap_v2,-78.25257791145614,59.48678651328122,0.00044729522904,-139.0393570071193,False,True,train
2026-03-10 04:49:00+00:00,uniswap_v2,sushiswap_v2,-78.25257791145614,59.48678651328122,0.00044729522904,-139.0393570071193,False,True,train
2026-03-10 04:50:00+00:00,uniswap_v2,sushiswap_v2,-78.25257791145614,59.48678651328122,0.00044729522904,-139.0393570071193,False,True,train
2026-03-10 04:51:00+00:00,uniswap_v2,sushiswap_v2,-78.25257791145614,59.48678651328122,0.00044729522904,-139.0393570071193,False,True,train
2026-03-10 04:52:00+00:00,uniswap_v2,sushiswap_v2,-78.25257791145614,59.48678651328122,0.00044729522904,-139.0393570071193,False,True,train
2026-03-10 04:53:00+00:00,uniswap_v2,sushiswap_v2,-78.25257791145614,59.48678651328122,0.00044729522904,-139.0393570071193,False,True,train
2026-03-10 04:54:00+00:00,uniswap_v2,sushiswap_v2,-78.25257791145614,59.48678651328122,0.00044729522904,-139.0393570071193,False,True,train
2026-03-10 04:55:00+00:00,uniswap_v2,sushiswap_v2,-78.24445824472578,59.486810717587666,0.00044802578524,-139.03338585917197,False,True,train
2026-03-10 04:56:00+00:00,uniswap_v2,sushiswap_v2,-78.24445824472578,59.486810717587666,0.00044802578524,-139.03338585917197,False,True,train
2026-03-10 04:57:00+00:00,uniswap_v2,sushiswap_v2,-78.24445824472578,59.486810717587666,0.00044802578524,-139.03338585917197,False,True,train
2026-03-10 04:58:00+00:00,uniswap_v2,sushiswap_v2,-78.24445824472578,59.486810717587666,0.00044802578524,-139.03338585917197,False,True,train
2026-03-10 04:59:00+00:00,uniswap_v2,sushiswap_v2,-78.24445824472578,59.486810717587666,0.00044802578524,-139.03338585917197,False,True,train
2026-03-10 05:00:00+00:00,uniswap_v2,sushiswap_v2,-78.24445824472578,59.486810717587666,0.00044802578524,-139.03338585917197,False,True,train
2026-03-10 05:01:00+00:00,uniswap_v2,sushiswap_v2,-78.24445824472578,59.486810717587666,0.00044802578524,-139.03338585917197,False,True,train
2026-03-10 05:02:00+00:00,uniswap_v2,sushiswap_v2,-78.24445824472578,59.486810717587666,0.00044802578524,-139.03338585917197,False,True,train
2026-03-10 05:03:00+00:00,uniswap_v2,sushiswap_v2,-78.24445824472578,59.486810717587666,0.00044802578524,-139.03338585917197,False,True,train
2026-03-10 05:04:00+00:00,uniswap_v2,sushiswap_v2,-78.24445824472578,59.486810717587666,0.00044802578524,-139.03338585917197,False,True,train
2026-03-10 05:05:00+00:00,uniswap_v2,sushiswap_v2,-78.24445824472578,59.486810717587666,0.00044802578524,-139.03338585917197,False,True,train
2026-03-10 05:06:00+00:00,uniswap_v2,sushiswap_v2,-78.24445824472578,59.486810717587666,0.00044802578524,-139.03338585917197,False,True,train
2026-03-10 05:07:00+00:00,uniswap_v2,sushiswap_v2,-78.24445824472578,59.486810717587666,0.00044802578524,-139.03338585917197,False,True,train
2026-03-10 05:08:00+00:00,uniswap_v2,sushiswap_v2,-78.24445824472578,59.486810717587666,0.00044802578524,-139.03338585917197,False,True,train
2026-03-10 05:09:00+00:00,uniswap_v2,sushiswap_v2,-78.24445824472578,59.486810717587666,0.00044802578524,-139.03338585917197,False,True,train
2026-03-10 05:10:00+00:00,uniswap_v2,sushiswap_v2,-78.24445824472578,59.486810717587666,0.00044802578524,-139.03338585917197,False,True,train
2026-03-10 05:11:00+00:00,uniswap_v2,sushiswap_v2,-78.24445824472578,59.486810717587666,0.00044802578524,-139.03338585917197,False,True,train
2026-03-10 05:12:00+00:00,uniswap_v2,sushiswap_v2,-78.24445824472578,59.486810717587666,0.00044802578524,-139.03338585917197,False,True,train
2026-03-10 05:13:00+00:00,uniswap_v2,sushiswap_v2,-78.24445824472578,59.486810717587666,0.00044802578524,-139.03338585917197,False,True,train
2026-03-10 05:14:00+00:00,uniswap_v2,sushiswap_v2,-78.24445824472578,59.486810717587666,0.00044802578524,-139.03338585917197,False,True,train
2026-03-10 05:15:00+00:00,uniswap_v2,sushiswap_v2,-78.24445824472578,59.486810717587666,0.00044802578524,-139.03338585917197,False,True,train
2026-03-10 05:16:00+00:00,uniswap_v2,sushiswap_v2,-78.24445824472578,59.486810717587666,0.00044802578524,-139.03338585917197,False,True,train
2026-03-10 05:17:00+00:00,uniswap_v2,sushiswap_v2,-78.24445824472578,59.486810717587666,0.00044802578524,-139.03338585917197,False,True,train
2026-03-10 05:18:00+00:00,uniswap_v2,sushiswap_v2,-78.24445824472578,59.486810717587666,0.00044802578524,-139.03338585917197,False,True,train
2026-03-10 05:19:00+00:00,uniswap_v2,sushiswap_v2,-78.24445824472578,59.486810717587666,0.00044802578524,-139.03338585917197,False,True,train
2026-03-10 05:20:00+00:00,uniswap_v2,sushiswap_v2,-78.24445824472578,59.486810717587666,0.00044802578524,-139.03338585917197,False,True,train
2026-03-10 05:21:00+00:00,uniswap_v2,sushiswap_v2,-78.24445824472578,59.486810717587666,0.00044802578524,-139.03338585917197,False,True,train
2026-03-10 05:22:00+00:00,uniswap_v2,sushiswap_v2,-78.24445824472578,59.486810717587666,0.00044802578524,-139.03338585917197,False,True,train
2026-03-10 05:23:00+00:00,uniswap_v2,sushiswap_v2,-78.24445824472578,59.486810717587666,0.00044802578524,-139.03338585917197,False,True,train
2026-03-10 05:24:00+00:00,uniswap_v2,sushiswap_v2,-78.24445824472578,59.486810717587666,0.00044802578524,-139.03338585917197,False,True,train
2026-03-10 05:25:00+00:00,uniswap_v2,sushiswap_v2,-78.24445824472578,59.486810717587666,0.00044802578524,-139.03338585917197,False,True,train
2026-03-10 05:26:00+00:00,uniswap_v2,sushiswap_v2,-78.24445824472578,59.486810717587666,0.00044802578524,-139.03338585917197,False,True,train
2026-03-10 05:27:00+00:00,uniswap_v2,sushiswap_v2,-78.24445824472578,59.486810717587666,0.00044802578524,-139.03338585917197,False,True,train
2026-03-10 05:28:00+00:00,uniswap_v2,sushiswap_v2,-78.24445824472578,59.486810717587666,0.00044802578524,-139.03338585917197,False,True,train
2026-03-10 05:29:00+00:00,uniswap_v2,sushiswap_v2,-78.24445824472578,59.486810717587666,0.00044802578524,-139.03338585917197,False,True,train
2026-03-10 05:30:00+00:00,uniswap_v2,sushiswap_v2,-78.24445824472578,59.486810717587666,0.00044802578524,-139.03338585917197,False,True,train
2026-03-10 05:31:00+00:00,uniswap_v2,sushiswap_v2,-78.24445824472578,59.486810717587666,0.00044802578524,-139.03338585917197,False,True,train
2026-03-10 05:32:00+00:00,uniswap_v2,sushiswap_v2,-78.24445824472578,59.486810717587666,0.00044802578524,-139.03338585917197,False,True,train
2026-03-10 05:33:00+00:00,uniswap_v2,sushiswap_v2,-78.24445824472578,59.486810717587666,0.00044802578524,-139.03338585917197,False,True,train
2026-03-10 05:34:00+00:00,uniswap_v2,sushiswap_v2,-78.24445824472578,59.486810717587666,0.00044802578524,-139.03338585917197,False,True,train
2026-03-10 05:35:00+00:00,uniswap_v2,sushiswap_v2,-78.24445824472578,59.486810717587666,0.00044802578524,-139.03338585917197,False,True,train
2026-03-10 05:36:00+00:00,uniswap_v2,sushiswap_v2,-78.24445824472578,59.486810717587666,0.00044802578524,-139.03338585917197,False,True,train
2026-03-10 05:37:00+00:00,uniswap_v2,sushiswap_v2,-78.24445824472578,59.486810717587666,0.00044802578524,-139.03338585917197,False,True,train
2026-03-10 05:38:00+00:00,uniswap_v2,sushiswap_v2,-78.24445824472578,59.486810717587666,0.00044802578524,-139.03338585917197,False,True,train
2026-03-10 05:39:00+00:00,uniswap_v2,sushiswap_v2,-78.24445824472578,59.486810717587666,0.00044802578524,-139.03338585917197,False,True,train
2026-03-10 05:40:00+00:00,uniswap_v2,sushiswap_v2,-78.24445824472578,59.486810717587666,0.00044802578524,-139.03338585917197,False,True,train
2026-03-10 05:41:00+00:00,uniswap_v2,sushiswap_v2,-78.24445824472578,59.486810717587666,0.00044802578524,-139.03338585917197,False,True,train
2026-03-10 05:42:00+00:00,uniswap_v2,sushiswap_v2,-78.24445824472578,59.486810717587666,0.00044802578524,-139.03338585917197,False,True,train
2026-03-10 05:43:00+00:00,uniswap_v2,sushiswap_v2,-78.24445824472578,59.486810717587666,0.00044802578524,-139.03338585917197,False,True,train
2026-03-10 05:44:00+00:00,uniswap_v2,sushiswap_v2,-78.24445824472578,59.486810717587666,0.00044802578524,-139.03338585917197,False,True,train
2026-03-10 05:45:00+00:00,uniswap_v2,sushiswap_v2,-81.1657417065708,59.4781302981151,0.00044844448396,-141.9472057839114,False,True,train
2026-03-10 05:46:00+00:00,uniswap_v2,sushiswap_v2,-81.1657417065708,59.4781302981151,0.00044844448396,-141.9472057839114,False,True,train
2026-03-10 05:47:00+00:00,uniswap_v2,sushiswap_v2,-81.1657417065708,59.4781302981151,0.00044844448396,-141.9472057839114,False,True,train
2026-03-10 05:48:00+00:00,uniswap_v2,sushiswap_v2,-81.1657417065708,59.4781302981151,0.00044844448396,-141.9472057839114,False,True,train
2026-03-10 05:49:00+00:00,uniswap_v2,sushiswap_v2,-81.1657417065708,59.4781302981151,0.00044844448396,-141.9472057839114,False,True,train
2026-03-10 05:50:00+00:00,uniswap_v2,sushiswap_v2,-81.1657417065708,59.4781302981151,0.00044844448396,-141.9472057839114,False,True,train
2026-03-10 05:51:00+00:00,uniswap_v2,sushiswap_v2,-81.1657417065708,59.4781302981151,0.00044844448396,-141.9472057839114,False,True,train
2026-03-10 05:52:00+00:00,uniswap_v2,sushiswap_v2,-80.3637174415475,59.4805210931441,0.00044645979466,-141.14190936256145,False,False,train
2026-03-10 05:53:00+00:00,uniswap_v2,sushiswap_v2,-80.3637174415475,59.4805210931441,0.00044645979466,-141.14190936256145,False,False,train
2026-03-10 05:54:00+00:00,uniswap_v2,sushiswap_v2,-80.3637174415475,59.4805210931441,0.00044645979466,-141.14190936256145,False,False,train
2026-03-10 05:55:00+00:00,sushiswap_v2,uniswap_v2,-80.7984223563589,59.61536258860109,0.00044841560522,-141.7111607591524,False,False,train
2026-03-10 05:56:00+00:00,sushiswap_v2,uniswap_v2,-80.7984223563589,59.61536258860109,0.00044841560522,-141.7111607591524,False,False,train
2026-03-10 05:57:00+00:00,sushiswap_v2,uniswap_v2,-80.7984223563589,59.61536258860109,0.00044841560522,-141.7111607591524,False,False,train
2026-03-10 05:58:00+00:00,sushiswap_v2,uniswap_v2,-80.7984223563589,59.61536258860109,0.00044841560522,-141.7111607591524,False,False,train
2026-03-10 05:59:00+00:00,sushiswap_v2,uniswap_v2,-80.7984223563589,59.61536258860109,0.00044841560522,-141.7111607591524,False,False,train
2026-03-10 06:00:00+00:00,sushiswap_v2,uniswap_v2,-80.7984223563589,59.61536258860109,0.00044841560522,-141.7111607591524,False,False,train
2026-03-10 06:01:00+00:00,sushiswap_v2,uniswap_v2,-80.7984223563589,59.61536258860109,0.00044841560522,-141.7111607591524,False,False,train
2026-03-10 06:02:00+00:00,sushiswap_v2,uniswap_v2,-80.7984223563589,59.61536258860109,0.00044841560522,-141.7111607591524,False,False,train
2026-03-10 06:03:00+00:00,sushiswap_v2,uniswap_v2,-80.7984223563589,59.61536258860109,0.00044841560522,-141.7111607591524,False,False,train
2026-03-10 06:04:00+00:00,uniswap_v2,sushiswap_v2,-81.56671866744472,59.47694690705441,0.0004472814368,-142.34373098418038,False,False,train
2026-03-10 06:05:00+00:00,uniswap_v2,sushiswap_v2,-81.56671866744472,59.47694690705441,0.0004472814368,-142.34373098418038,False,False,train
2026-03-10 06:06:00+00:00,uniswap_v2,sushiswap_v2,-81.56671866744472,59.47694690705441,0.0004472814368,-142.34373098418038,False,False,train
2026-03-10 06:07:00+00:00,uniswap_v2,sushiswap_v2,-81.56671866744472,59.47694690705441,0.0004472814368,-142.34373098418038,False,False,train
2026-03-10 06:08:00+00:00,uniswap_v2,sushiswap_v2,-81.56671866744472,59.47694690705441,0.0004472814368,-142.34373098418038,False,False,train
2026-03-10 06:09:00+00:00,uniswap_v2,sushiswap_v2,-81.56671866744472,59.47694690705441,0.0004472814368,-142.34373098418038,False,False,train
2026-03-10 06:10:00+00:00,uniswap_v2,sushiswap_v2,-80.85177775088881,59.47907811174944,0.00044692014202,-141.62996505493416,False,False,train
2026-03-10 06:11:00+00:00,uniswap_v2,sushiswap_v2,-80.92272087319203,59.47886730821349,0.00044744881038,-141.702234108929,False,False,train
2026-03-10 06:12:00+00:00,uniswap_v2,sushiswap_v2,-80.92272087319203,59.47886730821349,0.00044744881038,-141.702234108929,False,False,train
2026-03-10 06:13:00+00:00,uniswap_v2,sushiswap_v2,-80.92272087319203,59.47886730821349,0.00044744881038,-141.702234108929,False,False,train
2026-03-10 06:14:00+00:00,uniswap_v2,sushiswap_v2,-80.92272087319203,59.47886730821349,0.00044744881038,-141.702234108929,False,False,train
2026-03-10 06:15:00+00:00,uniswap_v2,sushiswap_v2,-80.92272087319203,59.47886730821349,0.00044744881038,-141.702234108929,False,False,train
2026-03-10 06:16:00+00:00,uniswap_v2,sushiswap_v2,-80.92272087319203,59.47886730821349,0.00044744881038,-141.702234108929,False,False,train
2026-03-10 06:17:00+00:00,uniswap_v2,sushiswap_v2,-80.92272087319203,59.47886730821349,0.00044744881038,-141.702234108929,False,False,train
2026-03-10 06:18:00+00:00,uniswap_v2,sushiswap_v2,-80.92272087319203,59.47886730821349,0.00044744881038,-141.702234108929,False,False,train
2026-03-10 06:19:00+00:00,uniswap_v2,sushiswap_v2,-80.92272087319203,59.47886730821349,0.00044744881038,-141.702234108929,False,False,train
2026-03-10 06:20:00+00:00,uniswap_v2,sushiswap_v2,-80.92271937297883,59.47886731268632,0.00044861016574,-141.70560844562547,False,False,train
2026-03-10 06:21:00+00:00,uniswap_v2,sushiswap_v2,-80.92271937297883,59.47886731268632,0.00044861016574,-141.70560844562547,False,False,train
2026-03-10 06:22:00+00:00,uniswap_v2,sushiswap_v2,-80.92271937297883,59.47886731268632,0.00044861016574,-141.70560844562547,False,False,train
2026-03-10 06:23:00+00:00,uniswap_v2,sushiswap_v2,-80.92271937297883,59.47886731268632,0.00044861016574,-141.70560844562547,False,False,train
2026-03-10 06:24:00+00:00,uniswap_v2,sushiswap_v2,-80.92271937297883,59.47886731268632,0.00044861016574,-141.70560844562547,False,False,train
2026-03-10 06:25:00+00:00,uniswap_v2,sushiswap_v2,-80.92271937297883,59.47886731268632,0.00044861016574,-141.70560844562547,False,False,train
2026-03-10 06:26:00+00:00,uniswap_v2,sushiswap_v2,-80.92271937297883,59.47886731268632,0.00044861016574,-141.70560844562547,False,False,train
2026-03-10 06:27:00+00:00,uniswap_v2,sushiswap_v2,-80.92271937297883,59.47886731268632,0.00044861016574,-141.70560844562547,False,True,train
2026-03-10 06:28:00+00:00,uniswap_v2,sushiswap_v2,-80.92271937297883,59.47886731268632,0.00044861016574,-141.70560844562547,False,True,train
2026-03-10 06:29:00+00:00,uniswap_v2,sushiswap_v2,-80.92271937297883,59.47886731268632,0.00044861016574,-141.70560844562547,False,True,train
2026-03-10 06:30:00+00:00,uniswap_v2,sushiswap_v2,-80.92271937297883,59.47886731268632,0.00044861016574,-141.70560844562547,False,True,train
2026-03-10 06:31:00+00:00,uniswap_v2,sushiswap_v2,-80.92271937297883,59.47886731268632,0.00044861016574,-141.70560844562547,False,True,train
2026-03-10 06:32:00+00:00,uniswap_v2,sushiswap_v2,-80.92271937297883,59.47886731268632,0.00044861016574,-141.70560844562547,False,True,train
2026-03-10 06:33:00+00:00,uniswap_v2,sushiswap_v2,-80.92271937297883,59.47886731268632,0.00044861016574,-141.70560844562547,False,True,train
2026-03-10 06:34:00+00:00,uniswap_v2,sushiswap_v2,-80.92271937297883,59.47886731268632,0.00044861016574,-141.70560844562547,False,True,train
2026-03-10 06:35:00+00:00,uniswap_v2,sushiswap_v2,-80.92271937297883,59.47886731268632,0.00044861016574,-141.70560844562547,False,True,train
2026-03-10 06:36:00+00:00,uniswap_v2,sushiswap_v2,-80.04838041123561,59.481473675394135,0.00044826175614,-140.83297829326045,False,True,train
2026-03-10 06:37:00+00:00,uniswap_v2,sushiswap_v2,-78.28104942650573,59.48674200469519,0.00044727516922,-139.0682799249397,False,True,train
2026-03-10 06:38:00+00:00,uniswap_v2,sushiswap_v2,-78.28104942650573,59.48674200469519,0.00044727516922,-139.0682799249397,False,True,train
2026-03-10 06:39:00+00:00,uniswap_v2,sushiswap_v2,-78.2829171712664,59.48673645479553,0.00044735137612,-139.07036369748582,False,False,train
2026-03-10 06:40:00+00:00,uniswap_v2,sushiswap_v2,-78.2829171712664,59.48673645479553,0.00044735137612,-139.07036369748582,False,False,train
2026-03-10 06:41:00+00:00,uniswap_v2,sushiswap_v2,-78.2829171712664,59.48673645479553,0.00044735137612,-139.07036369748582,False,False,train
2026-03-10 06:42:00+00:00,uniswap_v2,sushiswap_v2,-78.2829171712664,59.48673645479553,0.00044735137612,-139.07036369748582,False,False,train
2026-03-10 06:43:00+00:00,uniswap_v2,sushiswap_v2,-78.2829171712664,59.48673645479553,0.00044735137612,-139.07036369748582,False,False,train
2026-03-10 06:44:00+00:00,uniswap_v2,sushiswap_v2,-78.2829171712664,59.48673645479553,0.00044735137612,-139.07036369748582,False,False,train
2026-03-10 06:45:00+00:00,sushiswap_v2,uniswap_v2,-79.75651277440525,59.61849179722557,0.00044736581648,-140.66992446890796,False,False,train
2026-03-10 06:46:00+00:00,sushiswap_v2,uniswap_v2,-79.75651277440525,59.61849179722557,0.00044736581648,-140.66992446890796,False,False,train
2026-03-10 06:47:00+00:00,sushiswap_v2,uniswap_v2,-79.75651277440525,59.61849179722557,0.00044736581648,-140.66992446890796,False,False,train
2026-03-10 06:48:00+00:00,sushiswap_v2,uniswap_v2,-79.75651277440525,59.61849179722557,0.00044736581648,-140.66992446890796,False,False,train
2026-03-10 06:49:00+00:00,sushiswap_v2,uniswap_v2,-79.75651277440525,59.61849179722557,0.00044736581648,-140.66992446890796,False,False,train
2026-03-10 06:50:00+00:00,sushiswap_v2,uniswap_v2,-79.75651277440525,59.61849179722557,0.00044736581648,-140.66992446890796,False,False,train
2026-03-10 06:51:00+00:00,sushiswap_v2,uniswap_v2,-79.75651277440525,59.61849179722557,0.00044736581648,-140.66992446890796,False,False,train
2026-03-10 06:52:00+00:00,sushiswap_v2,uniswap_v2,-79.75651277440525,59.61849179722557,0.00044736581648,-140.66992446890796,False,False,train
2026-03-10 06:53:00+00:00,sushiswap_v2,uniswap_v2,-79.75651277440525,59.61849179722557,0.00044736581648,-140.66992446890796,False,True,train
2026-03-10 06:54:00+00:00,sushiswap_v2,uniswap_v2,-79.75651277440525,59.61849179722557,0.00044736581648,-140.66992446890796,False,True,train
2026-03-10 06:55:00+00:00,sushiswap_v2,uniswap_v2,-79.75651277440525,59.61849179722557,0.00044736581648,-140.66992446890796,False,True,train
2026-03-10 06:56:00+00:00,sushiswap_v2,uniswap_v2,-79.75651277440525,59.61849179722557,0.00044736581648,-140.66992446890796,False,True,train
2026-03-10 06:57:00+00:00,sushiswap_v2,uniswap_v2,-79.75651277440525,59.61849179722557,0.00044736581648,-140.66992446890796,False,True,train
2026-03-10 06:58:00+00:00,sushiswap_v2,uniswap_v2,-79.75651277440525,59.61849179722557,0.00044736581648,-140.66992446890796,False,True,train
2026-03-10 06:59:00+00:00,sushiswap_v2,uniswap_v2,-80.50688690023696,59.61624662100566,0.0004461913082,-141.41465375299939,False,False,train
2026-03-10 07:00:00+00:00,sushiswap_v2,uniswap_v2,-80.50688690023696,59.61624662100566,0.0004461913082,-141.41465375299939,False,False,train
2026-03-10 07:01:00+00:00,sushiswap_v2,uniswap_v2,-80.50688690023696,59.61624662100566,0.0004461913082,-141.41465375299939,False,True,train
2026-03-10 07:02:00+00:00,sushiswap_v2,uniswap_v2,-80.50688690023696,59.61624662100566,0.0004461913082,-141.41465375299939,False,True,train
2026-03-10 07:03:00+00:00,sushiswap_v2,uniswap_v2,-80.50688690023696,59.61624662100566,0.0004461913082,-141.41465375299939,False,True,train
2026-03-10 07:04:00+00:00,sushiswap_v2,uniswap_v2,-80.50688690023696,59.61624662100566,0.0004461913082,-141.41465375299939,False,True,train
2026-03-10 07:05:00+00:00,uniswap_v2,sushiswap_v2,-80.46907448254409,59.48026088278323,0.00044765890994,-141.2512231367556,False,True,train
2026-03-10 07:06:00+00:00,uniswap_v2,sushiswap_v2,-80.46907448254409,59.48026088278323,0.00044765890994,-141.2512231367556,False,True,train
2026-03-10 07:07:00+00:00,uniswap_v2,sushiswap_v2,-80.46907448254409,59.48026088278323,0.00044765890994,-141.2512231367556,False,True,train
2026-03-10 07:08:00+00:00,uniswap_v2,sushiswap_v2,-80.46907448254409,59.48026088278323,0.00044765890994,-141.2512231367556,False,True,train
2026-03-10 07:09:00+00:00,uniswap_v2,sushiswap_v2,-80.46907448254409,59.48026088278323,0.00044765890994,-141.2512231367556,False,True,train
2026-03-10 07:10:00+00:00,uniswap_v2,sushiswap_v2,-80.46907448254409,59.48026088278323,0.00044765890994,-141.2512231367556,False,True,train
2026-03-10 07:11:00+00:00,uniswap_v2,sushiswap_v2,-80.46907448254409,59.48026088278323,0.00044765890994,-141.2512231367556,False,True,train
2026-03-10 07:12:00+00:00,uniswap_v2,sushiswap_v2,-80.46907448254409,59.48026088278323,0.00044765890994,-141.2512231367556,False,True,train
2026-03-10 07:13:00+00:00,uniswap_v2,sushiswap_v2,-80.46907448254409,59.48026088278323,0.00044765890994,-141.2512231367556,False,True,train
2026-03-10 07:14:00+00:00,uniswap_v2,sushiswap_v2,-80.46907448254409,59.48026088278323,0.00044765890994,-141.2512231367556,False,True,train
2026-03-10 07:15:00+00:00,uniswap_v2,sushiswap_v2,-80.46907448254409,59.48026088278323,0.00044765890994,-141.2512231367556,False,True,train
2026-03-10 07:16:00+00:00,uniswap_v2,sushiswap_v2,-80.46907448254409,59.48026088278323,0.00044765890994,-141.2512231367556,False,True,train
2026-03-10 07:17:00+00:00,uniswap_v2,sushiswap_v2,-80.46907448254409,59.48026088278323,0.00044765890994,-141.2512231367556,False,True,train
2026-03-10 07:18:00+00:00,uniswap_v2,sushiswap_v2,-80.46907448254409,59.48026088278323,0.00044765890994,-141.2512231367556,False,True,train
2026-03-10 07:19:00+00:00,uniswap_v2,sushiswap_v2,-80.46907448254409,59.48026088278323,0.00044765890994,-141.2512231367556,False,True,train
2026-03-10 07:20:00+00:00,uniswap_v2,sushiswap_v2,-80.46907448254409,59.48026088278323,0.00044765890994,-141.2512231367556,False,True,train
2026-03-10 07:21:00+00:00,uniswap_v2,sushiswap_v2,-80.46907448254409,59.48026088278323,0.00044765890994,-141.2512231367556,False,True,train
2026-03-10 07:22:00+00:00,uniswap_v2,sushiswap_v2,-80.46907448254409,59.48026088278323,0.00044765890994,-141.2512231367556,False,True,train
2026-03-10 07:23:00+00:00,uniswap_v2,sushiswap_v2,-80.46907448254409,59.48026088278323,0.00044765890994,-141.2512231367556,False,True,train
2026-03-10 07:24:00+00:00,uniswap_v2,sushiswap_v2,-80.46907448254409,59.48026088278323,0.00044765890994,-141.2512231367556,False,True,train
2026-03-10 07:25:00+00:00,uniswap_v2,sushiswap_v2,-80.46907448254409,59.48026088278323,0.00044765890994,-141.2512231367556,False,True,train
2026-03-10 07:26:00+00:00,uniswap_v2,sushiswap_v2,-80.46907448254409,59.48026088278323,0.00044765890994,-141.2512231367556,False,True,train
2026-03-10 07:27:00+00:00,uniswap_v2,sushiswap_v2,-80.46907448254409,59.48026088278323,0.00044765890994,-141.2512231367556,False,True,train
2026-03-10 07:28:00+00:00,uniswap_v2,sushiswap_v2,-80.46907448254409,59.48026088278323,0.00044765890994,-141.2512231367556,False,True,train
2026-03-10 07:29:00+00:00,uniswap_v2,sushiswap_v2,-80.46907448254409,59.48026088278323,0.00044765890994,-141.2512231367556,False,True,train
2026-03-10 07:30:00+00:00,uniswap_v2,sushiswap_v2,-80.46907448254409,59.48026088278323,0.00044765890994,-141.2512231367556,False,True,train
2026-03-10 07:31:00+00:00,uniswap_v2,sushiswap_v2,-80.46907448254409,59.48026088278323,0.00044765890994,-141.2512231367556,False,True,train
2026-03-10 07:32:00+00:00,uniswap_v2,sushiswap_v2,-80.46907448254409,59.48026088278323,0.00044765890994,-141.2512231367556,False,True,train
2026-03-10 07:33:00+00:00,uniswap_v2,sushiswap_v2,-80.46907448254409,59.48026088278323,0.00044765890994,-141.2512231367556,False,True,train
2026-03-10 07:34:00+00:00,uniswap_v2,sushiswap_v2,-80.46907448254409,59.48026088278323,0.00044765890994,-141.2512231367556,False,True,train
2026-03-10 07:35:00+00:00,uniswap_v2,sushiswap_v2,-80.46907448254409,59.48026088278323,0.00044765890994,-141.2512231367556,False,True,train
2026-03-10 07:36:00+00:00,uniswap_v2,sushiswap_v2,-80.46907448254409,59.48026088278323,0.00044765890994,-141.2512231367556,False,True,train
2026-03-10 07:37:00+00:00,uniswap_v2,sushiswap_v2,-80.46907448254409,59.48026088278323,0.00044765890994,-141.2512231367556,False,True,train
2026-03-10 07:38:00+00:00,uniswap_v2,sushiswap_v2,-80.46907448254409,59.48026088278323,0.00044765890994,-141.2512231367556,False,True,train
2026-03-10 07:39:00+00:00,uniswap_v2,sushiswap_v2,-80.46907448254409,59.48026088278323,0.00044765890994,-141.2512231367556,False,True,train
2026-03-10 07:40:00+00:00,uniswap_v2,sushiswap_v2,-80.46907448254409,59.48026088278323,0.00044765890994,-141.2512231367556,False,True,train
2026-03-10 07:41:00+00:00,uniswap_v2,sushiswap_v2,-80.46907448254409,59.48026088278323,0.00044765890994,-141.2512231367556,False,True,train
2026-03-10 07:42:00+00:00,uniswap_v2,sushiswap_v2,-80.46907448254409,59.48026088278323,0.00044765890994,-141.2512231367556,False,True,train
2026-03-10 07:43:00+00:00,uniswap_v2,sushiswap_v2,-80.46907448254409,59.48026088278323,0.00044765890994,-141.2512231367556,False,True,train
2026-03-10 07:44:00+00:00,uniswap_v2,sushiswap_v2,-80.46907448254409,59.48026088278323,0.00044765890994,-141.2512231367556,False,True,train
2026-03-10 07:45:00+00:00,uniswap_v2,sushiswap_v2,-80.46907448254409,59.48026088278323,0.00044765890994,-141.2512231367556,False,True,train
2026-03-10 07:46:00+00:00,uniswap_v2,sushiswap_v2,-80.46907448254409,59.48026088278323,0.00044765890994,-141.2512231367556,False,True,train
2026-03-10 07:47:00+00:00,uniswap_v2,sushiswap_v2,-80.46907448254409,59.48026088278323,0.00044765890994,-141.2512231367556,False,True,train
2026-03-10 07:48:00+00:00,uniswap_v2,sushiswap_v2,-80.46907448254409,59.48026088278323,0.00044765890994,-141.2512231367556,False,True,train
2026-03-10 07:49:00+00:00,uniswap_v2,sushiswap_v2,-80.46907448254409,59.48026088278323,0.00044765890994,-141.2512231367556,False,True,train
2026-03-10 07:50:00+00:00,uniswap_v2,sushiswap_v2,-80.46907448254409,59.48026088278323,0.00044765890994,-141.2512231367556,False,True,train
2026-03-10 07:51:00+00:00,uniswap_v2,sushiswap_v2,-80.46907448254409,59.48026088278323,0.00044765890994,-141.2512231367556,False,True,train
2026-03-10 07:52:00+00:00,uniswap_v2,sushiswap_v2,-80.46907448254409,59.48026088278323,0.00044765890994,-141.2512231367556,False,True,train
2026-03-10 07:53:00+00:00,uniswap_v2,sushiswap_v2,-80.46907448254409,59.48026088278323,0.00044765890994,-141.2512231367556,False,True,train
2026-03-10 07:54:00+00:00,uniswap_v2,sushiswap_v2,-80.46907448254409,59.48026088278323,0.00044765890994,-141.2512231367556,False,True,train
2026-03-10 07:55:00+00:00,uniswap_v2,sushiswap_v2,-80.46907448254409,59.48026088278323,0.00044765890994,-141.2512231367556,False,True,train
2026-03-10 07:56:00+00:00,uniswap_v2,sushiswap_v2,-80.46907448254409,59.48026088278323,0.00044765890994,-141.2512231367556,False,True,train
2026-03-10 07:57:00+00:00,uniswap_v2,sushiswap_v2,-80.46907448254409,59.48026088278323,0.00044765890994,-141.2512231367556,False,True,train
2026-03-10 07:58:00+00:00,uniswap_v2,sushiswap_v2,-80.46907448254409,59.48026088278323,0.00044765890994,-141.2512231367556,False,True,train
2026-03-10 07:59:00+00:00,uniswap_v2,sushiswap_v2,-80.46907448254409,59.48026088278323,0.00044765890994,-141.2512231367556,False,True,train
2026-03-10 08:00:00+00:00,uniswap_v2,sushiswap_v2,-80.46907448254409,59.48026088278323,0.00044765890994,-141.2512231367556,False,True,train
2026-03-10 08:01:00+00:00,uniswap_v2,sushiswap_v2,-80.46907448254409,59.48026088278323,0.00044765890994,-141.2512231367556,False,True,train
2026-03-10 08:02:00+00:00,uniswap_v2,sushiswap_v2,-80.46907448254409,59.48026088278323,0.00044765890994,-141.2512231367556,False,True,train
2026-03-10 08:03:00+00:00,uniswap_v2,sushiswap_v2,-80.46907448254409,59.48026088278323,0.00044765890994,-141.2512231367556,False,True,train
2026-03-10 08:04:00+00:00,uniswap_v2,sushiswap_v2,-80.4665395662684,59.48026843925794,0.00045365099824,-141.26612238836574,False,True,train
2026-03-10 08:05:00+00:00,uniswap_v2,sushiswap_v2,-80.27869262583559,59.480828402804626,0.00045512836644,-141.08315705636232,False,True,train
2026-03-10 08:06:00+00:00,uniswap_v2,sushiswap_v2,-80.27869262583559,59.480828402804626,0.00045512836644,-141.08315705636232,False,True,train
2026-03-10 08:07:00+00:00,uniswap_v2,sushiswap_v2,-80.23686781199923,59.480953080752506,0.0004554023221,-141.04225925859743,False,True,train
2026-03-10 08:08:00+00:00,uniswap_v2,sushiswap_v2,-80.00014791074695,59.48165873246602,0.00046037781746,-140.82074720045816,False,True,train
2026-03-10 08:09:00+00:00,uniswap_v2,sushiswap_v2,-79.98216530645452,59.48171233782668,0.00046240310974,-140.8087109088023,False,True,train
2026-03-10 08:10:00+00:00,uniswap_v2,sushiswap_v2,-79.97925270344726,59.48172102016859,0.0004615274455,-140.80326063932432,False,True,train
2026-03-10 08:11:00+00:00,uniswap_v2,sushiswap_v2,-79.97925270344726,59.48172102016859,0.0004615274455,-140.80326063932432,False,True,train
2026-03-10 08:12:00+00:00,uniswap_v2,sushiswap_v2,-79.97925270344726,59.48172102016859,0.0004615274455,-140.80326063932432,False,True,train
2026-03-10 08:13:00+00:00,uniswap_v2,sushiswap_v2,-79.97925270344726,59.48172102016859,0.0004615274455,-140.80326063932432,False,True,train
2026-03-10 08:14:00+00:00,sushiswap_v2,uniswap_v2,-79.91289944371434,59.618023896185505,0.00045922396146,-140.8601671557996,False,True,train
2026-03-10 08:15:00+00:00,sushiswap_v2,uniswap_v2,-79.91289944371434,59.618023896185505,0.00045922396146,-140.8601671557996,False,True,train
2026-03-10 08:16:00+00:00,sushiswap_v2,uniswap_v2,-79.91289944371434,59.618023896185505,0.00045922396146,-140.8601671557996,False,True,train
2026-03-10 08:17:00+00:00,sushiswap_v2,uniswap_v2,-79.91289944371434,59.618023896185505,0.00045922396146,-140.8601671557996,False,True,train
2026-03-10 08:18:00+00:00,sushiswap_v2,uniswap_v2,-79.91289944371434,59.618023896185505,0.00045922396146,-140.8601671557996,False,True,train
2026-03-10 08:19:00+00:00,sushiswap_v2,uniswap_v2,-79.91289944371434,59.618023896185505,0.00045922396146,-140.8601671557996,False,True,train
2026-03-10 08:20:00+00:00,sushiswap_v2,uniswap_v2,-79.91289944371434,59.618023896185505,0.00045922396146,-140.8601671557996,False,True,train
2026-03-10 08:21:00+00:00,sushiswap_v2,uniswap_v2,-79.91289944371434,59.618023896185505,0.00045922396146,-140.8601671557996,False,True,train
2026-03-10 08:22:00+00:00,sushiswap_v2,uniswap_v2,-79.91289944371434,59.618023896185505,0.00045922396146,-140.8601671557996,False,True,train
2026-03-10 08:23:00+00:00,sushiswap_v2,uniswap_v2,-79.91289944371434,59.618023896185505,0.00045922396146,-140.8601671557996,False,True,train
2026-03-10 08:24:00+00:00,sushiswap_v2,uniswap_v2,-79.91289944371434,59.618023896185505,0.00045922396146,-140.8601671557996,False,True,train
2026-03-10 08:25:00+00:00,sushiswap_v2,uniswap_v2,-79.91289944371434,59.618023896185505,0.00045922396146,-140.8601671557996,False,True,train
2026-03-10 08:26:00+00:00,sushiswap_v2,uniswap_v2,-79.91289944371434,59.618023896185505,0.00045922396146,-140.8601671557996,False,True,train
2026-03-10 08:27:00+00:00,sushiswap_v2,uniswap_v2,-79.91289944371434,59.618023896185505,0.00045922396146,-140.8601671557996,False,True,train
2026-03-10 08:28:00+00:00,sushiswap_v2,uniswap_v2,-79.91289944371434,59.618023896185505,0.00045922396146,-140.8601671557996,False,True,train
2026-03-10 08:29:00+00:00,sushiswap_v2,uniswap_v2,-79.91289944371434,59.618023896185505,0.00045922396146,-140.8601671557996,False,True,train
2026-03-10 08:30:00+00:00,sushiswap_v2,uniswap_v2,-79.91289944371434,59.618023896185505,0.00045922396146,-140.8601671557996,False,True,train
2026-03-10 08:31:00+00:00,sushiswap_v2,uniswap_v2,-79.91289944371434,59.618023896185505,0.00045922396146,-140.8601671557996,False,True,train
2026-03-10 08:32:00+00:00,sushiswap_v2,uniswap_v2,-79.91289944371434,59.618023896185505,0.00045922396146,-140.8601671557996,False,True,train
2026-03-10 08:33:00+00:00,sushiswap_v2,uniswap_v2,-79.91289944371434,59.618023896185505,0.00045922396146,-140.8601671557996,False,True,train
2026-03-10 08:34:00+00:00,sushiswap_v2,uniswap_v2,-79.91289944371434,59.618023896185505,0.00045922396146,-140.8601671557996,False,True,train
2026-03-10 08:35:00+00:00,sushiswap_v2,uniswap_v2,-79.91289944371434,59.618023896185505,0.00045922396146,-140.8601671557996,False,True,train
2026-03-10 08:36:00+00:00,sushiswap_v2,uniswap_v2,-79.91289944371434,59.618023896185505,0.00045922396146,-140.8601671557996,False,True,train
2026-03-10 08:37:00+00:00,sushiswap_v2,uniswap_v2,-79.91289944371434,59.618023896185505,0.00045922396146,-140.8601671557996,False,True,train
2026-03-10 08:38:00+00:00,sushiswap_v2,uniswap_v2,-79.91289944371434,59.618023896185505,0.00045922396146,-140.8601671557996,False,True,train
2026-03-10 08:39:00+00:00,sushiswap_v2,uniswap_v2,-79.91289944371434,59.618023896185505,0.00045922396146,-140.8601671557996,False,True,train
2026-03-10 08:40:00+00:00,sushiswap_v2,uniswap_v2,-79.91289944371434,59.618023896185505,0.00045922396146,-140.8601671557996,False,True,train
2026-03-10 08:41:00+00:00,sushiswap_v2,uniswap_v2,-79.91289944371434,59.618023896185505,0.00045922396146,-140.8601671557996,False,True,train
2026-03-10 08:42:00+00:00,sushiswap_v2,uniswap_v2,-79.91289944371434,59.618023896185505,0.00045922396146,-140.8601671557996,False,True,train
2026-03-10 08:43:00+00:00,sushiswap_v2,uniswap_v2,-79.9150951533728,59.61801732645647,0.00046973064776,-140.89276835816904,False,True,train
2026-03-10 08:44:00+00:00,sushiswap_v2,uniswap_v2,-79.9150951533728,59.61801732645647,0.00046973064776,-140.89276835816904,False,True,train
2026-03-10 08:45:00+00:00,sushiswap_v2,uniswap_v2,-79.9150951533728,59.61801732645647,0.00046973064776,-140.89276835816904,False,True,train
2026-03-10 08:46:00+00:00,sushiswap_v2,uniswap_v2,-79.9150951533728,59.61801732645647,0.00046973064776,-140.89276835816904,False,True,train
2026-03-10 08:47:00+00:00,sushiswap_v2,uniswap_v2,-79.9150951533728,59.61801732645647,0.00046973064776,-140.89276835816904,False,True,train
2026-03-10 08:48:00+00:00,sushiswap_v2,uniswap_v2,-79.9150951533728,59.61801732645647,0.00046973064776,-140.89276835816904,False,True,train
2026-03-10 08:49:00+00:00,sushiswap_v2,uniswap_v2,-79.9150951533728,59.61801732645647,0.00046973064776,-140.89276835816904,False,True,train
2026-03-10 08:50:00+00:00,sushiswap_v2,uniswap_v2,-79.9150951533728,59.61801732645647,0.00046973064776,-140.89276835816904,False,True,train
2026-03-10 08:51:00+00:00,sushiswap_v2,uniswap_v2,-79.9150951533728,59.61801732645647,0.00046973064776,-140.89276835816904,False,True,train
2026-03-10 08:52:00+00:00,sushiswap_v2,uniswap_v2,-79.9150951533728,59.61801732645647,0.00046973064776,-140.89276835816904,False,True,train
2026-03-10 08:53:00+00:00,sushiswap_v2,uniswap_v2,-79.9150951533728,59.61801732645647,0.00046973064776,-140.89276835816904,False,True,train
2026-03-10 08:54:00+00:00,sushiswap_v2,uniswap_v2,-79.9150951533728,59.61801732645647,0.00046973064776,-140.89276835816904,False,True,train
2026-03-10 08:55:00+00:00,sushiswap_v2,uniswap_v2,-79.91509656009443,59.61801732225309,0.00046095324484,-140.86736318452785,False,True,train
2026-03-10 08:56:00+00:00,sushiswap_v2,uniswap_v2,-79.91509656009443,59.61801732225309,0.00046095324484,-140.86736318452785,False,True,train
2026-03-10 08:57:00+00:00,sushiswap_v2,uniswap_v2,-79.91509656009443,59.61801732225309,0.00046095324484,-140.86736318452785,False,True,train
2026-03-10 08:58:00+00:00,sushiswap_v2,uniswap_v2,-79.91509656009443,59.61801732225309,0.00046095324484,-140.86736318452785,False,True,train
2026-03-10 08:59:00+00:00,sushiswap_v2,uniswap_v2,-79.91509656009443,59.61801732225309,0.00046095324484,-140.86736318452785,False,True,train
2026-03-10 09:00:00+00:00,sushiswap_v2,uniswap_v2,-79.91509656009443,59.61801732225309,0.00046095324484,-140.86736318452785,False,True,train
2026-03-10 09:01:00+00:00,sushiswap_v2,uniswap_v2,-79.91509656009443,59.61801732225309,0.00046095324484,-140.86736318452785,False,True,train
2026-03-10 09:02:00+00:00,sushiswap_v2,uniswap_v2,-79.91509656009443,59.61801732225309,0.00046095324484,-140.86736318452785,False,True,train
2026-03-10 09:03:00+00:00,sushiswap_v2,uniswap_v2,-79.91509656009443,59.61801732225309,0.00046095324484,-140.86736318452785,False,True,train
2026-03-10 09:04:00+00:00,sushiswap_v2,uniswap_v2,-79.91509656009443,59.61801732225309,0.00046095324484,-140.86736318452785,False,True,train
2026-03-10 09:05:00+00:00,sushiswap_v2,uniswap_v2,-79.91509656009443,59.61801732225309,0.00046095324484,-140.86736318452785,False,True,train
2026-03-10 09:06:00+00:00,sushiswap_v2,uniswap_v2,-79.91509656009443,59.61801732225309,0.00046095324484,-140.86736318452785,False,True,train
2026-03-10 09:07:00+00:00,sushiswap_v2,uniswap_v2,-79.91509656009443,59.61801732225309,0.00046095324484,-140.86736318452785,False,True,train
2026-03-10 09:08:00+00:00,sushiswap_v2,uniswap_v2,-79.91509656009443,59.61801732225309,0.00046095324484,-140.86736318452785,False,True,train
2026-03-10 09:09:00+00:00,sushiswap_v2,uniswap_v2,-79.91509656009443,59.61801732225309,0.00046095324484,-140.86736318452785,False,True,train
2026-03-10 09:10:00+00:00,sushiswap_v2,uniswap_v2,-79.91509656009443,59.61801732225309,0.00046095324484,-140.86736318452785,False,True,train
2026-03-10 09:11:00+00:00,sushiswap_v2,uniswap_v2,-79.91509656009443,59.61801732225309,0.00046095324484,-140.86736318452785,False,True,train
2026-03-10 09:12:00+00:00,sushiswap_v2,uniswap_v2,-79.91509656009443,59.61801732225309,0.00046095324484,-140.86736318452785,False,True,train
2026-03-10 09:13:00+00:00,sushiswap_v2,uniswap_v2,-79.91509656009443,59.61801732225309,0.00046095324484,-140.86736318452785,False,True,train
2026-03-10 09:14:00+00:00,sushiswap_v2,uniswap_v2,-79.94427025577482,59.617930032354096,0.00045722105506,-140.88564660396452,False,True,train
2026-03-10 09:15:00+00:00,sushiswap_v2,uniswap_v2,-79.94427025577482,59.617930032354096,0.00045722105506,-140.88564660396452,False,True,train
2026-03-10 09:16:00+00:00,sushiswap_v2,uniswap_v2,-79.94427025577482,59.617930032354096,0.00045722105506,-140.88564660396452,False,True,train
2026-03-10 09:17:00+00:00,sushiswap_v2,uniswap_v2,-79.94427025577482,59.617930032354096,0.00045722105506,-140.88564660396452,False,True,train
2026-03-10 09:18:00+00:00,sushiswap_v2,uniswap_v2,-79.94427025577482,59.617930032354096,0.00045722105506,-140.88564660396452,False,True,train
2026-03-10 09:19:00+00:00,sushiswap_v2,uniswap_v2,-79.94427025577482,59.617930032354096,0.00045722105506,-140.88564660396452,False,True,train
2026-03-10 09:20:00+00:00,sushiswap_v2,uniswap_v2,-79.94427025577482,59.617930032354096,0.00045722105506,-140.88564660396452,False,True,train
2026-03-10 09:21:00+00:00,sushiswap_v2,uniswap_v2,-79.94427025577482,59.617930032354096,0.00045722105506,-140.88564660396452,False,True,train
2026-03-10 09:22:00+00:00,sushiswap_v2,uniswap_v2,-77.4221677306699,59.62547637271161,0.00045275713934,-138.35816942017635,False,True,train
2026-03-10 09:23:00+00:00,sushiswap_v2,uniswap_v2,-77.4221677306699,59.62547637271161,0.00045275713934,-138.35816942017635,False,True,train
2026-03-10 09:24:00+00:00,sushiswap_v2,uniswap_v2,-77.4221677306699,59.62547637271161,0.00045275713934,-138.35816942017635,False,True,train
2026-03-10 09:25:00+00:00,sushiswap_v2,uniswap_v2,-77.4221677306699,59.62547637271161,0.00045275713934,-138.35816942017635,False,True,train
2026-03-10 09:26:00+00:00,sushiswap_v2,uniswap_v2,-77.4221677306699,59.62547637271161,0.00045275713934,-138.35816942017635,False,True,train
2026-03-10 09:27:00+00:00,sushiswap_v2,uniswap_v2,-77.4221677306699,59.62547637271161,0.00045275713934,-138.35816942017635,False,True,train
2026-03-10 09:28:00+00:00,sushiswap_v2,uniswap_v2,-77.427790030272,59.62545955037124,0.00045373380888,-138.36660191008372,False,True,train
2026-03-10 09:29:00+00:00,sushiswap_v2,uniswap_v2,-77.427790030272,59.62545955037124,0.00045373380888,-138.36660191008372,False,True,train
2026-03-10 09:30:00+00:00,sushiswap_v2,uniswap_v2,-77.427790030272,59.62545955037124,0.00045373380888,-138.36660191008372,False,True,train
2026-03-10 09:31:00+00:00,sushiswap_v2,uniswap_v2,-77.427790030272,59.62545955037124,0.00045373380888,-138.36660191008372,False,True,train
2026-03-10 09:32:00+00:00,sushiswap_v2,uniswap_v2,-77.46095102404047,59.62536033020288,0.00045451181512,-138.40191565672976,False,True,train
2026-03-10 09:33:00+00:00,sushiswap_v2,uniswap_v2,-77.46095102404047,59.62536033020288,0.00045451181512,-138.40191565672976,False,True,train
2026-03-10 09:34:00+00:00,uniswap_v2,sushiswap_v2,-80.24826257592991,59.48087481134861,0.00045682706916,-141.0570900318555,False,False,train
2026-03-10 09:35:00+00:00,uniswap_v2,sushiswap_v2,-80.24826257592991,59.48087481134861,0.00045682706916,-141.0570900318555,False,False,train
2026-03-10 09:36:00+00:00,uniswap_v2,sushiswap_v2,-80.24826257592991,59.48087481134861,0.00045682706916,-141.0570900318555,False,False,train
2026-03-10 09:37:00+00:00,uniswap_v2,sushiswap_v2,-80.24826257592991,59.48087481134861,0.00045682706916,-141.0570900318555,False,False,train
2026-03-10 09:38:00+00:00,uniswap_v2,sushiswap_v2,-80.24826257592991,59.48087481134861,0.00045682706916,-141.0570900318555,False,False,train
2026-03-10 09:39:00+00:00,uniswap_v2,sushiswap_v2,-80.24826257592991,59.48087481134861,0.00045682706916,-141.0570900318555,False,False,train
2026-03-10 09:40:00+00:00,uniswap_v2,sushiswap_v2,-80.24826257592991,59.48087481134861,0.00045682706916,-141.0570900318555,False,False,train
2026-03-10 09:41:00+00:00,uniswap_v2,sushiswap_v2,-80.24826257592991,59.48087481134861,0.00045682706916,-141.0570900318555,False,False,train
2026-03-10 09:42:00+00:00,uniswap_v2,sushiswap_v2,-80.24826257592991,59.48087481134861,0.00045682706916,-141.0570900318555,False,False,train
2026-03-10 09:43:00+00:00,uniswap_v2,sushiswap_v2,-80.24826257592991,59.48087481134861,0.00045682706916,-141.0570900318555,False,False,train
2026-03-10 09:44:00+00:00,uniswap_v2,sushiswap_v2,-80.24826257592991,59.48087481134861,0.00045682706916,-141.0570900318555,False,False,train
2026-03-10 09:45:00+00:00,uniswap_v2,sushiswap_v2,-80.24826257592991,59.48087481134861,0.00045682706916,-141.0570900318555,False,False,train
2026-03-10 09:46:00+00:00,uniswap_v2,sushiswap_v2,-80.24826257592991,59.48087481134861,0.00045682706916,-141.0570900318555,False,False,train
2026-03-10 09:47:00+00:00,uniswap_v2,sushiswap_v2,-80.24826257592991,59.48087481134861,0.00045682706916,-141.0570900318555,False,False,train
2026-03-10 09:48:00+00:00,uniswap_v2,sushiswap_v2,-80.24826257592991,59.48087481134861,0.00045682706916,-141.0570900318555,False,True,train
2026-03-10 09:49:00+00:00,uniswap_v2,sushiswap_v2,-80.24826257592991,59.48087481134861,0.00045682706916,-141.0570900318555,False,True,train
2026-03-10 09:50:00+00:00,uniswap_v2,sushiswap_v2,-80.24826257592991,59.48087481134861,0.00045682706916,-141.0570900318555,False,True,train
2026-03-10 09:51:00+00:00,uniswap_v2,sushiswap_v2,-80.24826257592991,59.48087481134861,0.00045682706916,-141.0570900318555,False,True,train
2026-03-10 09:52:00+00:00,uniswap_v2,sushiswap_v2,-80.24826257592991,59.48087481134861,0.00045682706916,-141.0570900318555,False,True,train
2026-03-10 09:53:00+00:00,uniswap_v2,sushiswap_v2,-80.24826257592991,59.48087481134861,0.00045682706916,-141.0570900318555,False,True,train
2026-03-10 09:54:00+00:00,uniswap_v2,sushiswap_v2,-80.24826257592991,59.48087481134861,0.00045682706916,-141.0570900318555,False,True,train
2026-03-10 09:55:00+00:00,uniswap_v2,sushiswap_v2,-80.24826257592991,59.48087481134861,0.00045682706916,-141.0570900318555,False,True,train
2026-03-10 09:56:00+00:00,uniswap_v2,sushiswap_v2,-80.24826257592991,59.48087481134861,0.00045682706916,-141.0570900318555,False,True,train
2026-03-10 09:57:00+00:00,uniswap_v2,sushiswap_v2,-80.24826257592991,59.48087481134861,0.00045682706916,-141.0570900318555,False,True,train
2026-03-10 09:58:00+00:00,uniswap_v2,sushiswap_v2,-80.24826257592991,59.48087481134861,0.00045682706916,-141.0570900318555,False,True,train
2026-03-10 09:59:00+00:00,uniswap_v2,sushiswap_v2,-80.24826257592991,59.48087481134861,0.00045682706916,-141.0570900318555,False,True,train
2026-03-10 10:00:00+00:00,uniswap_v2,sushiswap_v2,-80.24826257592991,59.48087481134861,0.00045682706916,-141.0570900318555,False,True,train
2026-03-10 10:01:00+00:00,uniswap_v2,sushiswap_v2,-80.24826257592991,59.48087481134861,0.00045682706916,-141.0570900318555,False,True,train
2026-03-10 10:02:00+00:00,uniswap_v2,sushiswap_v2,-80.24826257592991,59.48087481134861,0.00045682706916,-141.0570900318555,False,True,train
2026-03-10 10:03:00+00:00,uniswap_v2,sushiswap_v2,-80.24826257592991,59.48087481134861,0.00045682706916,-141.0570900318555,False,True,train
2026-03-10 10:04:00+00:00,uniswap_v2,sushiswap_v2,-80.24826257592991,59.48087481134861,0.00045682706916,-141.0570900318555,False,True,train
2026-03-10 10:05:00+00:00,uniswap_v2,sushiswap_v2,-80.24826257592991,59.48087481134861,0.00045682706916,-141.0570900318555,False,True,train
2026-03-10 10:06:00+00:00,uniswap_v2,sushiswap_v2,-80.24826257592991,59.48087481134861,0.00045682706916,-141.0570900318555,False,True,train
2026-03-10 10:07:00+00:00,uniswap_v2,sushiswap_v2,-80.24826257592991,59.48087481134861,0.00045682706916,-141.0570900318555,False,True,train
2026-03-10 10:08:00+00:00,uniswap_v2,sushiswap_v2,-80.24826257592991,59.48087481134861,0.00045682706916,-141.0570900318555,False,True,train
2026-03-10 10:09:00+00:00,uniswap_v2,sushiswap_v2,-80.24826257592991,59.48087481134861,0.00045682706916,-141.0570900318555,False,True,train
2026-03-10 10:10:00+00:00,uniswap_v2,sushiswap_v2,-80.24826257592991,59.48087481134861,0.00045682706916,-141.0570900318555,False,True,train
2026-03-10 10:11:00+00:00,uniswap_v2,sushiswap_v2,-80.24826257592991,59.48087481134861,0.00045682706916,-141.0570900318555,False,True,train
2026-03-10 10:12:00+00:00,uniswap_v2,sushiswap_v2,-80.24826257592991,59.48087481134861,0.00045682706916,-141.0570900318555,False,True,train
2026-03-10 10:13:00+00:00,uniswap_v2,sushiswap_v2,-80.24826257592991,59.48087481134861,0.00045682706916,-141.0570900318555,False,True,train
2026-03-10 10:14:00+00:00,uniswap_v2,sushiswap_v2,-80.24826257592991,59.48087481134861,0.00045682706916,-141.0570900318555,False,True,train
2026-03-10 10:15:00+00:00,uniswap_v2,sushiswap_v2,-80.24826257592991,59.48087481134861,0.00045682706916,-141.0570900318555,False,True,train
2026-03-10 10:16:00+00:00,uniswap_v2,sushiswap_v2,-80.24826257592991,59.48087481134861,0.00045682706916,-141.0570900318555,False,True,train
2026-03-10 10:17:00+00:00,uniswap_v2,sushiswap_v2,-80.24826257592991,59.48087481134861,0.00045682706916,-141.0570900318555,False,True,train
2026-03-10 10:18:00+00:00,uniswap_v2,sushiswap_v2,-80.24826257592991,59.48087481134861,0.00045682706916,-141.0570900318555,False,True,train
2026-03-10 10:19:00+00:00,uniswap_v2,sushiswap_v2,-80.24826257592991,59.48087481134861,0.00045682706916,-141.0570900318555,False,True,train
2026-03-10 10:20:00+00:00,uniswap_v2,sushiswap_v2,-80.24826257592991,59.48087481134861,0.00045682706916,-141.0570900318555,False,True,train
2026-03-10 10:21:00+00:00,uniswap_v2,sushiswap_v2,-80.23337205121067,59.48091919928676,0.0004581979842,-141.0462310195526,False,True,train
2026-03-10 10:22:00+00:00,uniswap_v2,sushiswap_v2,-80.23337205121067,59.48091919928676,0.0004581979842,-141.0462310195526,False,True,train
2026-03-10 10:23:00+00:00,uniswap_v2,sushiswap_v2,-80.23337205121067,59.48091919928676,0.0004581979842,-141.0462310195526,False,True,train
2026-03-10 10:24:00+00:00,uniswap_v2,sushiswap_v2,-80.23337205121067,59.48091919928676,0.0004581979842,-141.0462310195526,False,True,train
2026-03-10 10:25:00+00:00,uniswap_v2,sushiswap_v2,-80.23337205121067,59.48091919928676,0.0004581979842,-141.0462310195526,False,True,train
2026-03-10 10:26:00+00:00,uniswap_v2,sushiswap_v2,-80.23337205121067,59.48091919928676,0.0004581979842,-141.0462310195526,False,True,train
2026-03-10 10:27:00+00:00,uniswap_v2,sushiswap_v2,-80.23337205121067,59.48091919928676,0.0004581979842,-141.0462310195526,False,True,train
2026-03-10 10:28:00+00:00,uniswap_v2,sushiswap_v2,-80.23337205121067,59.48091919928676,0.0004581979842,-141.0462310195526,False,True,train
2026-03-10 10:29:00+00:00,uniswap_v2,sushiswap_v2,-80.23337205121067,59.48091919928676,0.0004581979842,-141.0462310195526,False,True,train
2026-03-10 10:30:00+00:00,uniswap_v2,sushiswap_v2,-80.23337205121067,59.48091919928676,0.0004581979842,-141.0462310195526,False,True,train
2026-03-10 10:31:00+00:00,uniswap_v2,sushiswap_v2,-80.23337205121067,59.48091919928676,0.0004581979842,-141.0462310195526,False,True,train
2026-03-10 10:32:00+00:00,uniswap_v2,sushiswap_v2,-80.23337205121067,59.48091919928676,0.0004581979842,-141.0462310195526,False,True,train
2026-03-10 10:33:00+00:00,uniswap_v2,sushiswap_v2,-80.23337205121067,59.48091919928676,0.0004581979842,-141.0462310195526,False,True,train
2026-03-10 10:34:00+00:00,uniswap_v2,sushiswap_v2,-80.23337205121067,59.48091919928676,0.0004581979842,-141.0462310195526,False,True,train
2026-03-10 10:35:00+00:00,uniswap_v2,sushiswap_v2,-80.23337205121067,59.48091919928676,0.0004581979842,-141.0462310195526,False,True,train
2026-03-10 10:36:00+00:00,uniswap_v2,sushiswap_v2,-80.23337205121067,59.48091919928676,0.0004581979842,-141.0462310195526,False,True,train
2026-03-10 10:37:00+00:00,uniswap_v2,sushiswap_v2,-80.23337205121067,59.48091919928676,0.0004581979842,-141.0462310195526,False,True,train
2026-03-10 10:38:00+00:00,uniswap_v2,sushiswap_v2,-80.23337205121067,59.48091919928676,0.0004581979842,-141.0462310195526,False,True,train
2026-03-10 10:39:00+00:00,uniswap_v2,sushiswap_v2,-80.23337205121067,59.48091919928676,0.0004581979842,-141.0462310195526,False,True,train
2026-03-10 10:40:00+00:00,uniswap_v2,sushiswap_v2,-80.23337205121067,59.48091919928676,0.0004581979842,-141.0462310195526,False,True,train
2026-03-10 10:41:00+00:00,uniswap_v2,sushiswap_v2,-80.23337205121067,59.48091919928676,0.0004581979842,-141.0462310195526,False,True,train
2026-03-10 10:42:00+00:00,uniswap_v2,sushiswap_v2,-80.23337205121067,59.48091919928676,0.0004581979842,-141.0462310195526,False,True,train
2026-03-10 10:43:00+00:00,uniswap_v2,sushiswap_v2,-80.23337205121067,59.48091919928676,0.0004581979842,-141.0462310195526,False,True,train
2026-03-10 10:44:00+00:00,uniswap_v2,sushiswap_v2,-80.23337205121067,59.48091919928676,0.0004581979842,-141.0462310195526,False,True,train
2026-03-10 10:45:00+00:00,uniswap_v2,sushiswap_v2,-80.23337205121067,59.48091919928676,0.0004581979842,-141.0462310195526,False,True,train
2026-03-10 10:46:00+00:00,uniswap_v2,sushiswap_v2,-80.23337205121067,59.48091919928676,0.0004581979842,-141.0462310195526,False,True,train
2026-03-10 10:47:00+00:00,uniswap_v2,sushiswap_v2,-80.23337205121067,59.48091919928676,0.0004581979842,-141.0462310195526,False,True,train
2026-03-10 10:48:00+00:00,uniswap_v2,sushiswap_v2,-80.23337205121067,59.48091919928676,0.0004581979842,-141.0462310195526,False,True,train
2026-03-10 10:49:00+00:00,uniswap_v2,sushiswap_v2,-80.23337205121067,59.48091919928676,0.0004581979842,-141.0462310195526,False,True,train
2026-03-10 10:50:00+00:00,uniswap_v2,sushiswap_v2,-80.23337205121067,59.48091919928676,0.0004581979842,-141.0462310195526,False,True,train
2026-03-10 10:51:00+00:00,uniswap_v2,sushiswap_v2,-80.23337205121067,59.48091919928676,0.0004581979842,-141.0462310195526,False,True,train
2026-03-10 10:52:00+00:00,uniswap_v2,sushiswap_v2,-80.23337205121067,59.48091919928676,0.0004581979842,-141.0462310195526,False,True,train
2026-03-10 10:53:00+00:00,uniswap_v2,sushiswap_v2,-80.23337205121067,59.48091919928676,0.0004581979842,-141.0462310195526,False,True,train
2026-03-10 10:54:00+00:00,uniswap_v2,sushiswap_v2,-80.23337205121067,59.48091919928676,0.0004581979842,-141.0462310195526,False,True,train
2026-03-10 10:55:00+00:00,uniswap_v2,sushiswap_v2,-80.23337205121067,59.48091919928676,0.0004581979842,-141.0462310195526,False,True,train
2026-03-10 10:56:00+00:00,uniswap_v2,sushiswap_v2,-80.23337205121067,59.48091919928676,0.0004581979842,-141.0462310195526,False,True,train
2026-03-10 10:57:00+00:00,uniswap_v2,sushiswap_v2,-80.23337205121067,59.48091919928676,0.0004581979842,-141.0462310195526,False,True,train
2026-03-10 10:58:00+00:00,uniswap_v2,sushiswap_v2,-80.23337205121067,59.48091919928676,0.0004581979842,-141.0462310195526,False,True,train
2026-03-10 10:59:00+00:00,uniswap_v2,sushiswap_v2,-80.23337205121067,59.48091919928676,0.0004581979842,-141.0462310195526,False,True,train
2026-03-10 11:00:00+00:00,uniswap_v2,sushiswap_v2,-80.23337205121067,59.48091919928676,0.0004581979842,-141.0462310195526,False,True,train
2026-03-10 11:01:00+00:00,uniswap_v2,sushiswap_v2,-80.23337205121067,59.48091919928676,0.0004581979842,-141.0462310195526,False,True,train
2026-03-10 11:02:00+00:00,uniswap_v2,sushiswap_v2,-80.23337205121067,59.48091919928676,0.0004581979842,-141.0462310195526,False,True,train
2026-03-10 11:03:00+00:00,uniswap_v2,sushiswap_v2,-80.23337205121067,59.48091919928676,0.0004581979842,-141.0462310195526,False,True,train
2026-03-10 11:04:00+00:00,uniswap_v2,sushiswap_v2,-80.23337205121067,59.48091919928676,0.0004581979842,-141.0462310195526,False,True,train
2026-03-10 11:05:00+00:00,uniswap_v2,sushiswap_v2,-80.23337205121067,59.48091919928676,0.0004581979842,-141.0462310195526,False,True,train
2026-03-10 11:06:00+00:00,uniswap_v2,sushiswap_v2,-80.23337205121067,59.48091919928676,0.0004581979842,-141.0462310195526,False,True,train
2026-03-10 11:07:00+00:00,uniswap_v2,sushiswap_v2,-80.23337205121067,59.48091919928676,0.0004581979842,-141.0462310195526,False,True,train
2026-03-10 11:08:00+00:00,uniswap_v2,sushiswap_v2,-80.23337205121067,59.48091919928676,0.0004581979842,-141.0462310195526,False,True,train
2026-03-10 11:09:00+00:00,uniswap_v2,sushiswap_v2,-80.23337205121067,59.48091919928676,0.0004581979842,-141.0462310195526,False,True,train
2026-03-10 11:10:00+00:00,uniswap_v2,sushiswap_v2,-80.23337205121067,59.48091919928676,0.0004581979842,-141.0462310195526,False,True,train
2026-03-10 11:11:00+00:00,uniswap_v2,sushiswap_v2,-80.23337205121067,59.48091919928676,0.0004581979842,-141.0462310195526,False,True,train
2026-03-10 11:12:00+00:00,uniswap_v2,sushiswap_v2,-80.23337205121067,59.48091919928676,0.0004581979842,-141.0462310195526,False,True,train
2026-03-10 11:13:00+00:00,uniswap_v2,sushiswap_v2,-80.23337205121067,59.48091919928676,0.0004581979842,-141.0462310195526,False,True,train
2026-03-10 11:14:00+00:00,uniswap_v2,sushiswap_v2,-80.23337205121067,59.48091919928676,0.0004581979842,-141.0462310195526,False,True,train
2026-03-10 11:15:00+00:00,uniswap_v2,sushiswap_v2,-80.23337205121067,59.48091919928676,0.0004581979842,-141.0462310195526,False,True,train
2026-03-10 11:16:00+00:00,uniswap_v2,sushiswap_v2,-80.23337205121067,59.48091919928676,0.0004581979842,-141.0462310195526,False,True,train
2026-03-10 11:17:00+00:00,uniswap_v2,sushiswap_v2,-80.23337205121067,59.48091919928676,0.0004581979842,-141.0462310195526,False,True,train
2026-03-10 11:18:00+00:00,uniswap_v2,sushiswap_v2,-80.23337205121067,59.48091919928676,0.0004581979842,-141.0462310195526,False,True,train
2026-03-10 11:19:00+00:00,uniswap_v2,sushiswap_v2,-80.23337205121067,59.48091919928676,0.0004581979842,-141.0462310195526,False,True,train
2026-03-10 11:20:00+00:00,uniswap_v2,sushiswap_v2,-80.23337205121067,59.48091919928676,0.0004581979842,-141.0462310195526,False,True,train
2026-03-10 11:21:00+00:00,uniswap_v2,sushiswap_v2,-80.23337205121067,59.48091919928676,0.0004581979842,-141.0462310195526,False,True,train
2026-03-10 11:22:00+00:00,uniswap_v2,sushiswap_v2,-80.23337205121067,59.48091919928676,0.0004581979842,-141.0462310195526,False,True,train
2026-03-10 11:23:00+00:00,uniswap_v2,sushiswap_v2,-80.23337205121067,59.48091919928676,0.0004581979842,-141.0462310195526,False,True,train
2026-03-10 11:24:00+00:00,uniswap_v2,sushiswap_v2,-80.23337205121067,59.48091919928676,0.0004581979842,-141.0462310195526,False,True,train
2026-03-10 11:25:00+00:00,uniswap_v2,sushiswap_v2,-80.23337205121067,59.48091919928676,0.0004581979842,-141.0462310195526,False,True,train
2026-03-10 11:26:00+00:00,uniswap_v2,sushiswap_v2,-80.23337205121067,59.48091919928676,0.0004581979842,-141.0462310195526,False,True,train
2026-03-10 11:27:00+00:00,uniswap_v2,sushiswap_v2,-80.23337041770627,59.48091920415671,0.00045652545906,-141.04136751302892,False,True,train
2026-03-10 11:28:00+00:00,uniswap_v2,sushiswap_v2,-80.23337041770627,59.48091920415671,0.00045652545906,-141.04136751302892,False,True,train
2026-03-10 11:29:00+00:00,uniswap_v2,sushiswap_v2,-80.23337041770627,59.48091920415671,0.00045652545906,-141.04136751302892,False,True,train
2026-03-10 11:30:00+00:00,uniswap_v2,sushiswap_v2,-80.58391619348227,59.47987757697157,0.00045835800978,-141.39619871950165,False,False,train
2026-03-10 11:31:00+00:00,uniswap_v2,sushiswap_v2,-80.58391619348227,59.47987757697157,0.00045835800978,-141.39619871950165,False,False,train
2026-03-10 11:32:00+00:00,uniswap_v2,sushiswap_v2,-79.14396694844693,59.48416999697877,0.0004576914496,-139.95879798759984,False,False,train
2026-03-10 11:33:00+00:00,uniswap_v2,sushiswap_v2,-79.14396694844693,59.48416999697877,0.0004576914496,-139.95879798759984,False,False,train
2026-03-10 11:34:00+00:00,uniswap_v2,sushiswap_v2,-79.14396694844693,59.48416999697877,0.0004576914496,-139.95879798759984,False,False,train
2026-03-10 11:35:00+00:00,uniswap_v2,sushiswap_v2,-80.98711345346237,59.478716798083575,0.00045886924138,-141.80025062923062,False,False,train
2026-03-10 11:36:00+00:00,uniswap_v2,sushiswap_v2,-80.98711345346237,59.478716798083575,0.00045886924138,-141.80025062923062,False,False,train
2026-03-10 11:37:00+00:00,uniswap_v2,sushiswap_v2,-80.98711345346237,59.478716798083575,0.00045886924138,-141.80025062923062,False,False,train
2026-03-10 11:38:00+00:00,uniswap_v2,sushiswap_v2,-80.98711345346237,59.478716798083575,0.00045886924138,-141.80025062923062,False,False,train
2026-03-10 11:39:00+00:00,uniswap_v2,sushiswap_v2,-80.94201409561842,59.47885123730615,0.00045601485578,-141.7469910270687,False,False,train
2026-03-10 11:40:00+00:00,uniswap_v2,sushiswap_v2,-80.94201409561842,59.47885123730615,0.00045601485578,-141.7469910270687,False,False,train
2026-03-10 11:41:00+00:00,uniswap_v2,sushiswap_v2,-80.94201409561842,59.47885123730615,0.00045601485578,-141.7469910270687,False,False,train
2026-03-10 11:42:00+00:00,uniswap_v2,sushiswap_v2,-80.94201409561842,59.47885123730615,0.00045601485578,-141.7469910270687,False,False,train
2026-03-10 11:43:00+00:00,uniswap_v2,sushiswap_v2,-80.94201409561842,59.47885123730615,0.00045601485578,-141.7469910270687,False,False,train
2026-03-10 11:44:00+00:00,uniswap_v2,sushiswap_v2,-80.94201409561842,59.47885123730615,0.00045601485578,-141.7469910270687,False,False,train
2026-03-10 11:45:00+00:00,uniswap_v2,sushiswap_v2,-80.94201409561842,59.47885123730615,0.00045601485578,-141.7469910270687,False,False,train
2026-03-10 11:46:00+00:00,uniswap_v2,sushiswap_v2,-22.106947937717823,59.654236007551326,0.0004535407536,-83.08796175745783,False,False,train
2026-03-10 11:47:00+00:00,uniswap_v2,sushiswap_v2,-28.692736922297424,59.634604057366445,0.00045310362372,-89.65196250385833,False,False,train
2026-03-10 11:48:00+00:00,uniswap_v2,sushiswap_v2,-28.692736922297424,59.634604057366445,0.00045310362372,-89.65196250385833,False,False,train
2026-03-10 11:49:00+00:00,uniswap_v2,sushiswap_v2,-31.045210730524214,59.62759143538258,0.00045347632704,-91.99819955479262,False,False,train
2026-03-10 11:50:00+00:00,uniswap_v2,sushiswap_v2,-31.045210730524214,59.62759143538258,0.00045347632704,-91.99819955479262,False,False,train
2026-03-10 11:51:00+00:00,uniswap_v2,sushiswap_v2,-31.045210730524214,59.62759143538258,0.00045347632704,-91.99819955479262,False,True,train
2026-03-10 11:52:00+00:00,uniswap_v2,sushiswap_v2,-31.200381113533332,59.62712887922804,0.00045805984774,-92.16628295954406,False,True,train
2026-03-10 11:53:00+00:00,uniswap_v2,sushiswap_v2,-31.200381113533332,59.62712887922804,0.00045805984774,-92.16628295954406,False,True,train
2026-03-10 11:54:00+00:00,uniswap_v2,sushiswap_v2,-31.200381113533332,59.62712887922804,0.00045805984774,-92.16628295954406,False,True,train
2026-03-10 11:55:00+00:00,uniswap_v2,sushiswap_v2,-35.99972339623391,59.61282224886963,0.0004536274083,-96.93772368334774,False,True,train
2026-03-10 11:56:00+00:00,uniswap_v2,sushiswap_v2,-35.99972339623391,59.61282224886963,0.0004536274083,-96.93772368334774,False,True,train
2026-03-10 11:57:00+00:00,uniswap_v2,sushiswap_v2,-35.99972339623391,59.61282224886963,0.0004536274083,-96.93772368334774,False,True,train
2026-03-10 11:58:00+00:00,uniswap_v2,sushiswap_v2,-35.99972339623391,59.61282224886963,0.0004536274083,-96.93772368334774,False,True,train
2026-03-10 11:59:00+00:00,uniswap_v2,sushiswap_v2,-35.99972339623391,59.61282224886963,0.0004536274083,-96.93772368334774,False,True,train
2026-03-10 12:00:00+00:00,uniswap_v2,sushiswap_v2,-35.99972339623391,59.61282224886963,0.0004536274083,-96.93772368334774,False,True,train
2026-03-10 12:01:00+00:00,uniswap_v2,sushiswap_v2,-35.99972339623391,59.61282224886963,0.0004536274083,-96.93772368334774,False,True,train
2026-03-10 12:02:00+00:00,uniswap_v2,sushiswap_v2,-35.99972339623391,59.61282224886963,0.0004536274083,-96.93772368334774,False,True,train
2026-03-10 12:03:00+00:00,uniswap_v2,sushiswap_v2,-35.99972339623391,59.61282224886963,0.0004536274083,-96.93772368334774,False,True,train
2026-03-10 12:04:00+00:00,uniswap_v2,sushiswap_v2,-38.47293459453398,59.605449713984136,0.00045379210338,-99.403713427378,False,True,train
2026-03-10 12:05:00+00:00,uniswap_v2,sushiswap_v2,-38.65615253905975,59.60490354926919,0.00045300609354,-99.58406520726035,False,True,train
2026-03-10 12:06:00+00:00,uniswap_v2,sushiswap_v2,-38.65615253905975,59.60490354926919,0.00045300609354,-99.58406520726035,False,True,train
2026-03-10 12:07:00+00:00,uniswap_v2,sushiswap_v2,-41.18685213151132,59.59735964398383,0.00045564472074,-102.11458794112309,False,True,train
2026-03-10 12:08:00+00:00,uniswap_v2,sushiswap_v2,-41.18685213151132,59.59735964398383,0.00045564472074,-102.11458794112309,False,True,train
2026-03-10 12:09:00+00:00,uniswap_v2,sushiswap_v2,-41.18685213151132,59.59735964398383,0.00045564472074,-102.11458794112309,False,True,train
2026-03-10 12:10:00+00:00,uniswap_v2,sushiswap_v2,-41.18685213151132,59.59735964398383,0.00045564472074,-102.11458794112309,False,True,train
2026-03-10 12:11:00+00:00,uniswap_v2,sushiswap_v2,-41.18685213151132,59.59735964398383,0.00045564472074,-102.11458794112309,False,True,train
2026-03-10 12:12:00+00:00,uniswap_v2,sushiswap_v2,-41.18685213151132,59.59735964398383,0.00045564472074,-102.11458794112309,False,True,train
2026-03-10 12:13:00+00:00,uniswap_v2,sushiswap_v2,-41.18685213151132,59.59735964398383,0.00045564472074,-102.11458794112309,False,True,train
2026-03-10 12:14:00+00:00,uniswap_v2,sushiswap_v2,-41.18685213151132,59.59735964398383,0.00045564472074,-102.11458794112309,False,True,train
2026-03-10 12:15:00+00:00,uniswap_v2,sushiswap_v2,-41.18685213151132,59.59735964398383,0.00045564472074,-102.11458794112309,False,True,train
2026-03-10 12:16:00+00:00,uniswap_v2,sushiswap_v2,-41.194365771151695,59.59733724615042,0.00046520626064,-102.14999561838505,False,True,train
2026-03-10 12:17:00+00:00,uniswap_v2,sushiswap_v2,-41.194365771151695,59.59733724615042,0.00046520626064,-102.14999561838505,False,True,train
2026-03-10 12:18:00+00:00,uniswap_v2,sushiswap_v2,-41.194365771151695,59.59733724615042,0.00046520626064,-102.14999561838505,False,True,train
2026-03-10 12:19:00+00:00,uniswap_v2,sushiswap_v2,-41.194365771151695,59.59733724615042,0.00046520626064,-102.14999561838505,False,True,train
2026-03-10 12:20:00+00:00,uniswap_v2,sushiswap_v2,-41.194365771151695,59.59733724615042,0.00046520626064,-102.14999561838505,False,True,train
2026-03-10 12:21:00+00:00,uniswap_v2,sushiswap_v2,-41.194365771151695,59.59733724615042,0.00046520626064,-102.14999561838505,False,True,train
2026-03-10 12:22:00+00:00,uniswap_v2,sushiswap_v2,-41.194365771151695,59.59733724615042,0.00046520626064,-102.14999561838505,False,True,train
2026-03-10 12:23:00+00:00,uniswap_v2,sushiswap_v2,-41.194365771151695,59.59733724615042,0.00046520626064,-102.14999561838505,False,True,train
2026-03-10 12:24:00+00:00,uniswap_v2,sushiswap_v2,-41.194365771151695,59.59733724615042,0.00046520626064,-102.14999561838505,False,True,train
2026-03-10 12:25:00+00:00,uniswap_v2,sushiswap_v2,-41.194365771151695,59.59733724615042,0.00046520626064,-102.14999561838505,False,True,train
2026-03-10 12:26:00+00:00,uniswap_v2,sushiswap_v2,-41.194365771151695,59.59733724615042,0.00046520626064,-102.14999561838505,False,True,train
2026-03-10 12:27:00+00:00,uniswap_v2,sushiswap_v2,-41.194365771151695,59.59733724615042,0.00046520626064,-102.14999561838505,False,True,train
2026-03-10 12:28:00+00:00,uniswap_v2,sushiswap_v2,-41.194365771151695,59.59733724615042,0.00046520626064,-102.14999561838505,False,True,train
2026-03-10 12:29:00+00:00,uniswap_v2,sushiswap_v2,-45.573730471811956,59.58428255067816,0.0004604580046,-106.50184883920781,False,True,train
2026-03-10 12:30:00+00:00,uniswap_v2,sushiswap_v2,-49.16510643421801,59.573576815320294,0.00046182834632,-110.08603063188373,False,True,train
2026-03-10 12:31:00+00:00,uniswap_v2,sushiswap_v2,-49.16510643421801,59.573576815320294,0.00046182834632,-110.08603063188373,False,True,train
2026-03-10 12:32:00+00:00,uniswap_v2,sushiswap_v2,-52.42383735135804,59.56386268035697,0.00046620345112,-113.347364673029,False,True,train
2026-03-10 12:33:00+00:00,uniswap_v2,sushiswap_v2,-52.42383735135804,59.56386268035697,0.00046620345112,-113.347364673029,False,True,train
2026-03-10 12:34:00+00:00,uniswap_v2,sushiswap_v2,-52.42383735135804,59.56386268035697,0.00046620345112,-113.347364673029,False,True,train
2026-03-10 12:35:00+00:00,uniswap_v2,sushiswap_v2,-52.42383735135804,59.56386268035697,0.00046620345112,-113.347364673029,False,True,train
2026-03-10 12:36:00+00:00,uniswap_v2,sushiswap_v2,-52.42383735135804,59.56386268035697,0.00046620345112,-113.347364673029,False,True,train
2026-03-10 12:37:00+00:00,uniswap_v2,sushiswap_v2,-52.42383735135804,59.56386268035697,0.00046620345112,-113.347364673029,False,True,train
2026-03-10 12:38:00+00:00,uniswap_v2,sushiswap_v2,-52.42383735135804,59.56386268035697,0.00046620345112,-113.347364673029,False,True,train
2026-03-10 12:39:00+00:00,uniswap_v2,sushiswap_v2,-57.711884448589146,59.54809924222871,0.00045894121526,-118.59775461795486,False,True,train
2026-03-10 12:40:00+00:00,uniswap_v2,sushiswap_v2,-57.711884448589146,59.54809924222871,0.00045894121526,-118.59775461795486,False,True,train
2026-03-10 12:41:00+00:00,uniswap_v2,sushiswap_v2,-61.024345632156304,59.53822493968141,0.00045911620546,-121.90040435605401,False,True,train
2026-03-10 12:42:00+00:00,uniswap_v2,sushiswap_v2,-61.024345632156304,59.53822493968141,0.00045911620546,-121.90040435605401,False,True,train
2026-03-10 12:43:00+00:00,uniswap_v2,sushiswap_v2,-65.51220239664522,59.524846834090276,0.00045855355348,-126.37263831148157,False,True,train
2026-03-10 12:44:00+00:00,uniswap_v2,sushiswap_v2,-65.51220239664522,59.524846834090276,0.00045855355348,-126.37263831148157,False,True,train
2026-03-10 12:45:00+00:00,uniswap_v2,sushiswap_v2,-67.88294243993631,59.51777976125404,0.0004568156164,-128.73093086842908,False,True,train
2026-03-10 12:46:00+00:00,uniswap_v2,sushiswap_v2,-67.88294243993631,59.51777976125404,0.0004568156164,-128.73093086842908,False,True,train
2026-03-10 12:47:00+00:00,uniswap_v2,sushiswap_v2,-71.2192675667767,59.50783432133195,0.00045616177552,-132.05495907931515,False,True,train
2026-03-10 12:48:00+00:00,uniswap_v2,sushiswap_v2,-71.2192675667767,59.50783432133195,0.00045616177552,-132.05495907931515,False,True,train
2026-03-10 12:49:00+00:00,uniswap_v2,sushiswap_v2,-71.2192675667767,59.50783432133195,0.00045616177552,-132.05495907931515,False,True,train
2026-03-10 12:50:00+00:00,uniswap_v2,sushiswap_v2,-71.2192675667767,59.50783432133195,0.00045616177552,-132.05495907931515,False,True,train
2026-03-10 12:51:00+00:00,uniswap_v2,sushiswap_v2,-71.2192675667767,59.50783432133195,0.00045616177552,-132.05495907931515,False,True,train
2026-03-10 12:52:00+00:00,uniswap_v2,sushiswap_v2,-75.65765083700416,59.494603694071714,0.00046043698492,-136.49195561784916,False,True,train
2026-03-10 12:53:00+00:00,uniswap_v2,sushiswap_v2,-75.65765083700416,59.494603694071714,0.00046043698492,-136.49195561784916,False,True,train
2026-03-10 12:54:00+00:00,uniswap_v2,sushiswap_v2,-75.65765083700416,59.494603694071714,0.00046043698492,-136.49195561784916,False,True,train
2026-03-10 12:55:00+00:00,uniswap_v2,sushiswap_v2,-75.65765083700416,59.494603694071714,0.00046043698492,-136.49195561784916,False,True,train
2026-03-10 12:56:00+00:00,uniswap_v2,sushiswap_v2,-77.17921322644484,59.490067982845176,0.00045909238166,-138.00486457959155,False,True,train
2026-03-10 12:57:00+00:00,uniswap_v2,sushiswap_v2,-77.17921322644484,59.490067982845176,0.00045909238166,-138.00486457959155,False,True,train
2026-03-10 12:58:00+00:00,uniswap_v2,sushiswap_v2,-79.9804902824482,59.4817174979229,0.00045755481024,-140.79294115463614,False,True,train
2026-03-10 12:59:00+00:00,uniswap_v2,sushiswap_v2,-79.9804902824482,59.4817174979229,0.00045755481024,-140.79294115463614,False,True,train
2026-03-10 13:00:00+00:00,uniswap_v2,sushiswap_v2,-79.9804902824482,59.4817174979229,0.00045755481024,-140.79294115463614,False,True,train
2026-03-10 13:01:00+00:00,uniswap_v2,sushiswap_v2,-79.9804902824482,59.4817174979229,0.00045755481024,-140.79294115463614,False,True,train
2026-03-10 13:02:00+00:00,uniswap_v2,sushiswap_v2,-79.9804902824482,59.4817174979229,0.00045755481024,-140.79294115463614,False,True,train
2026-03-10 13:03:00+00:00,uniswap_v2,sushiswap_v2,-79.9804902824482,59.4817174979229,0.00045755481024,-140.79294115463614,False,True,train
2026-03-10 13:04:00+00:00,uniswap_v2,sushiswap_v2,-79.9804902824482,59.4817174979229,0.00045755481024,-140.79294115463614,False,True,train
2026-03-10 13:05:00+00:00,uniswap_v2,sushiswap_v2,-79.9804902824482,59.4817174979229,0.00045755481024,-140.79294115463614,False,True,train
2026-03-10 13:06:00+00:00,uniswap_v2,sushiswap_v2,-79.9804902824482,59.4817174979229,0.00045755481024,-140.79294115463614,False,True,train
2026-03-10 13:07:00+00:00,uniswap_v2,sushiswap_v2,-79.9804902824482,59.4817174979229,0.00045755481024,-140.79294115463614,False,True,train
2026-03-10 13:08:00+00:00,uniswap_v2,sushiswap_v2,-79.9804902824482,59.4817174979229,0.00045755481024,-140.79294115463614,False,True,train
2026-03-10 13:09:00+00:00,uniswap_v2,sushiswap_v2,-79.9804902824482,59.4817174979229,0.00045755481024,-140.79294115463614,False,True,train
2026-03-10 13:10:00+00:00,uniswap_v2,sushiswap_v2,-79.9804902824482,59.4817174979229,0.00045755481024,-140.79294115463614,False,True,train
2026-03-10 13:11:00+00:00,uniswap_v2,sushiswap_v2,-79.9804902824482,59.4817174979229,0.00045755481024,-140.79294115463614,False,True,train
2026-03-10 13:12:00+00:00,sushiswap_v2,uniswap_v2,-79.3356420502021,59.61975332117495,0.0004554208791,-140.27363147948213,False,True,train
2026-03-10 13:13:00+00:00,sushiswap_v2,uniswap_v2,-79.3356420502021,59.61975332117495,0.0004554208791,-140.27363147948213,False,True,train
2026-03-10 13:14:00+00:00,uniswap_v2,sushiswap_v2,-80.32558206198844,59.48066303885871,0.00045523937426,-141.12983442057546,False,False,train
2026-03-10 13:15:00+00:00,sushiswap_v2,uniswap_v2,-80.69112993793568,59.61568331893796,0.00045641534092,-141.62720461220545,False,False,train
2026-03-10 13:16:00+00:00,sushiswap_v2,uniswap_v2,-80.69112993793568,59.61568331893796,0.00045641534092,-141.62720461220545,False,False,train
2026-03-10 13:17:00+00:00,sushiswap_v2,uniswap_v2,-80.69112993793568,59.61568331893796,0.00045641534092,-141.62720461220545,False,False,train
2026-03-10 13:18:00+00:00,sushiswap_v2,uniswap_v2,-80.69112993793568,59.61568331893796,0.00045641534092,-141.62720461220545,False,False,train
2026-03-10 13:19:00+00:00,uniswap_v2,sushiswap_v2,-80.43967355221476,59.48027258793471,0.00045617097548,-141.2455166536813,False,False,train
2026-03-10 13:20:00+00:00,uniswap_v2,sushiswap_v2,-80.43967355221476,59.48027258793471,0.00045617097548,-141.2455166536813,False,False,train
2026-03-10 13:21:00+00:00,uniswap_v2,sushiswap_v2,-80.43967355221476,59.48027258793471,0.00045617097548,-141.2455166536813,False,False,train
2026-03-10 13:22:00+00:00,uniswap_v2,sushiswap_v2,-80.43967355221476,59.48027258793471,0.00045617097548,-141.2455166536813,False,False,train
2026-03-10 13:23:00+00:00,uniswap_v2,sushiswap_v2,-80.43967355221476,59.48027258793471,0.00045617097548,-141.2455166536813,False,False,train
2026-03-10 13:24:00+00:00,uniswap_v2,sushiswap_v2,-80.43967355221476,59.48027258793471,0.00045617097548,-141.2455166536813,False,False,train
2026-03-10 13:25:00+00:00,uniswap_v2,sushiswap_v2,-80.43967355221476,59.48027258793471,0.00045617097548,-141.2455166536813,False,False,train
2026-03-10 13:26:00+00:00,uniswap_v2,sushiswap_v2,-81.04669671000262,59.47841939812044,0.00046511790798,-141.8759727415567,False,False,train
2026-03-10 13:27:00+00:00,uniswap_v2,sushiswap_v2,-81.04669671000262,59.47841939812044,0.00046511790798,-141.8759727415567,False,False,train
2026-03-10 13:28:00+00:00,sushiswap_v2,uniswap_v2,-78.9288733780268,59.6209368862996,0.0004650019033,-139.8940493873438,False,False,train
2026-03-10 13:29:00+00:00,sushiswap_v2,uniswap_v2,-79.79316272803977,59.61834110124123,0.00046577768578,-140.75748153027345,False,False,train
2026-03-10 13:30:00+00:00,uniswap_v2,sushiswap_v2,-81.64473115199787,59.476567785506596,0.0004652674015,-142.47151570290322,False,False,train
2026-03-10 13:31:00+00:00,sushiswap_v2,uniswap_v2,-75.67077291718316,59.63066608301745,0.00046985183366,-136.65869451229864,False,False,train
2026-03-10 13:32:00+00:00,sushiswap_v2,uniswap_v2,-75.67077291718316,59.63066608301745,0.00046985183366,-136.65869451229864,False,False,train
2026-03-10 13:33:00+00:00,sushiswap_v2,uniswap_v2,-75.67077291718316,59.63066608301745,0.00046985183366,-136.65869451229864,False,False,train
2026-03-10 13:34:00+00:00,sushiswap_v2,uniswap_v2,-75.67077291718316,59.63066608301745,0.00046985183366,-136.65869451229864,False,False,train
2026-03-10 13:35:00+00:00,sushiswap_v2,uniswap_v2,-75.67112027564596,59.63066394535712,0.00046535432614,-136.64604783558164,False,False,train
2026-03-10 13:36:00+00:00,sushiswap_v2,uniswap_v2,-75.67112027564596,59.63066394535712,0.00046535432614,-136.64604783558164,False,False,train
2026-03-10 13:37:00+00:00,sushiswap_v2,uniswap_v2,-75.67112027564596,59.63066394535712,0.00046535432614,-136.64604783558164,False,False,train
2026-03-10 13:38:00+00:00,sushiswap_v2,uniswap_v2,-75.67112027564596,59.63066394535712,0.00046535432614,-136.64604783558164,False,False,train
2026-03-10 13:39:00+00:00,sushiswap_v2,uniswap_v2,-75.67112027564596,59.63066394535712,0.00046535432614,-136.64604783558164,False,False,train
2026-03-10 13:40:00+00:00,sushiswap_v2,uniswap_v2,-75.67112027564596,59.63066394535712,0.00046535432614,-136.64604783558164,False,False,train
2026-03-10 13:41:00+00:00,sushiswap_v2,uniswap_v2,-75.67112027564596,59.63066394535712,0.00046535432614,-136.64604783558164,False,False,train
2026-03-10 13:42:00+00:00,sushiswap_v2,uniswap_v2,-75.6696227743208,59.630668425993015,0.00048443762378,-136.69968051422006,False,False,train
2026-03-10 13:43:00+00:00,sushiswap_v2,uniswap_v2,-75.6696227743208,59.630668425993015,0.00048443762378,-136.69968051422006,False,False,train
2026-03-10 13:44:00+00:00,sushiswap_v2,uniswap_v2,-75.6696227743208,59.630668425993015,0.00048443762378,-136.69968051422006,False,False,train
2026-03-10 13:45:00+00:00,sushiswap_v2,uniswap_v2,-75.6696227743208,59.630668425993015,0.00048443762378,-136.69968051422006,False,False,train
2026-03-10 13:46:00+00:00,sushiswap_v2,uniswap_v2,-75.6696227743208,59.630668425993015,0.00048443762378,-136.69968051422006,False,True,train
2026-03-10 13:47:00+00:00,sushiswap_v2,uniswap_v2,-75.6696227743208,59.630668425993015,0.00048443762378,-136.69968051422006,False,True,train
2026-03-10 13:48:00+00:00,sushiswap_v2,uniswap_v2,-75.6696227743208,59.630668425993015,0.00048443762378,-136.69968051422006,False,True,train
2026-03-10 13:49:00+00:00,sushiswap_v2,uniswap_v2,-75.6696227743208,59.630668425993015,0.00048443762378,-136.69968051422006,False,True,train
2026-03-10 13:50:00+00:00,sushiswap_v2,uniswap_v2,-75.6696227743208,59.630668425993015,0.00048443762378,-136.69968051422006,False,True,train
2026-03-10 13:51:00+00:00,sushiswap_v2,uniswap_v2,-75.6696227743208,59.630668425993015,0.00048443762378,-136.69968051422006,False,True,train
2026-03-10 13:52:00+00:00,sushiswap_v2,uniswap_v2,-75.6696227743208,59.630668425993015,0.00048443762378,-136.69968051422006,False,True,train
2026-03-10 13:53:00+00:00,sushiswap_v2,uniswap_v2,-75.6696227743208,59.630668425993015,0.00048443762378,-136.69968051422006,False,True,train
2026-03-10 13:54:00+00:00,sushiswap_v2,uniswap_v2,-75.6696227743208,59.630668425993015,0.00048443762378,-136.69968051422006,False,True,train
2026-03-10 13:55:00+00:00,sushiswap_v2,uniswap_v2,-75.6696227743208,59.630668425993015,0.00048443762378,-136.69968051422006,False,True,train
2026-03-10 13:56:00+00:00,sushiswap_v2,uniswap_v2,-75.6696227743208,59.630668425993015,0.00048443762378,-136.69968051422006,False,True,train
2026-03-10 13:57:00+00:00,sushiswap_v2,uniswap_v2,-75.6696227743208,59.630668425993015,0.00048443762378,-136.69968051422006,False,True,train
2026-03-10 13:58:00+00:00,sushiswap_v2,uniswap_v2,-75.6696227743208,59.630668425993015,0.00048443762378,-136.69968051422006,False,True,train
2026-03-10 13:59:00+00:00,sushiswap_v2,uniswap_v2,-75.6696243507689,59.630668421279886,0.000483471989,-136.69689266802808,False,True,train
2026-03-10 14:00:00+00:00,sushiswap_v2,uniswap_v2,-75.6696243507689,59.630668421279886,0.000483471989,-136.69689266802808,False,True,train
2026-03-10 14:01:00+00:00,sushiswap_v2,uniswap_v2,-75.6562486450134,59.6307084776635,0.00048027649626,-136.67432811156928,False,False,train
2026-03-10 14:02:00+00:00,sushiswap_v2,uniswap_v2,-75.6562486450134,59.6307084776635,0.00048027649626,-136.67432811156928,False,False,train
2026-03-10 14:03:00+00:00,sushiswap_v2,uniswap_v2,-75.6562486450134,59.6307084776635,0.00048027649626,-136.67432811156928,False,False,train
2026-03-10 14:04:00+00:00,sushiswap_v2,uniswap_v2,-75.6562486450134,59.6307084776635,0.00048027649626,-136.67432811156928,False,False,train
2026-03-10 14:05:00+00:00,sushiswap_v2,uniswap_v2,-75.6562486450134,59.6307084776635,0.00048027649626,-136.67432811156928,False,False,train
2026-03-10 14:06:00+00:00,sushiswap_v2,uniswap_v2,-75.6562486450134,59.6307084776635,0.00048027649626,-136.67432811156928,False,False,train
2026-03-10 14:07:00+00:00,sushiswap_v2,uniswap_v2,-75.6562486450134,59.6307084776635,0.00048027649626,-136.67432811156928,False,False,train
2026-03-10 14:08:00+00:00,sushiswap_v2,uniswap_v2,-75.6562486450134,59.6307084776635,0.00048027649626,-136.67432811156928,False,False,train
2026-03-10 14:09:00+00:00,sushiswap_v2,uniswap_v2,-75.6562486450134,59.6307084776635,0.00048027649626,-136.67432811156928,False,False,train
2026-03-10 14:10:00+00:00,sushiswap_v2,uniswap_v2,-80.17048313995879,59.61718964612925,0.00049196136594,-141.20814938769934,False,False,train
2026-03-10 14:11:00+00:00,sushiswap_v2,uniswap_v2,-80.17048313995879,59.61718964612925,0.00049196136594,-141.20814938769934,False,False,train
2026-03-10 14:12:00+00:00,sushiswap_v2,uniswap_v2,-80.17048313995879,59.61718964612925,0.00049196136594,-141.20814938769934,False,False,train
2026-03-10 14:13:00+00:00,sushiswap_v2,uniswap_v2,-80.17048313995879,59.61718964612925,0.00049196136594,-141.20814938769934,False,False,train
2026-03-10 14:14:00+00:00,sushiswap_v2,uniswap_v2,-80.17048313995879,59.61718964612925,0.00049196136594,-141.20814938769934,False,False,train
2026-03-10 14:15:00+00:00,uniswap_v2,sushiswap_v2,-81.11812735253555,59.47804714388745,0.00049807311906,-142.04027905224297,False,False,train
2026-03-10 14:16:00+00:00,uniswap_v2,sushiswap_v2,-81.11812735253555,59.47804714388745,0.00049807311906,-142.04027905224297,False,False,train
2026-03-10 14:17:00+00:00,uniswap_v2,sushiswap_v2,-81.11812735253555,59.47804714388745,0.00049807311906,-142.04027905224297,False,False,train
2026-03-10 14:18:00+00:00,uniswap_v2,sushiswap_v2,-81.11812735253555,59.47804714388745,0.00049807311906,-142.04027905224297,False,False,train
2026-03-10 14:19:00+00:00,uniswap_v2,sushiswap_v2,-81.11812735253555,59.47804714388745,0.00049807311906,-142.04027905224297,False,False,train
2026-03-10 14:20:00+00:00,uniswap_v2,sushiswap_v2,-81.11812735253555,59.47804714388745,0.00049807311906,-142.04027905224297,False,False,train
2026-03-10 14:21:00+00:00,uniswap_v2,sushiswap_v2,-81.11812735253555,59.47804714388745,0.00049807311906,-142.04027905224297,False,False,train
2026-03-10 14:22:00+00:00,uniswap_v2,sushiswap_v2,-81.11812735253555,59.47804714388745,0.00049807311906,-142.04027905224297,False,False,train
2026-03-10 14:23:00+00:00,uniswap_v2,sushiswap_v2,-81.11812735253555,59.47804714388745,0.00049807311906,-142.04027905224297,False,False,train
2026-03-10 14:24:00+00:00,uniswap_v2,sushiswap_v2,-81.11812735253555,59.47804714388745,0.00049807311906,-142.04027905224297,False,False,train
2026-03-10 14:25:00+00:00,uniswap_v2,sushiswap_v2,-81.11812735253555,59.47804714388745,0.00049807311906,-142.04027905224297,False,False,train
2026-03-10 14:26:00+00:00,uniswap_v2,sushiswap_v2,-81.11812735253555,59.47804714388745,0.00049807311906,-142.04027905224297,False,False,train
2026-03-10 14:27:00+00:00,uniswap_v2,sushiswap_v2,-81.11812735253555,59.47804714388745,0.00049807311906,-142.04027905224297,False,False,train
2026-03-10 14:28:00+00:00,uniswap_v2,sushiswap_v2,-81.11812735253555,59.47804714388745,0.00049807311906,-142.04027905224297,False,False,train
2026-03-10 14:29:00+00:00,uniswap_v2,sushiswap_v2,-81.11812735253555,59.47804714388745,0.00049807311906,-142.04027905224297,False,False,train
2026-03-10 14:30:00+00:00,uniswap_v2,sushiswap_v2,-81.11812735253555,59.47804714388745,0.00049807311906,-142.04027905224297,False,False,train
2026-03-10 14:31:00+00:00,uniswap_v2,sushiswap_v2,-81.11812735253555,59.47804714388745,0.00049807311906,-142.04027905224297,False,True,train
2026-03-10 14:32:00+00:00,uniswap_v2,sushiswap_v2,-81.11812735253555,59.47804714388745,0.00049807311906,-142.04027905224297,False,True,train
2026-03-10 14:33:00+00:00,uniswap_v2,sushiswap_v2,-81.11812735253555,59.47804714388745,0.00049807311906,-142.04027905224297,False,True,train
2026-03-10 14:34:00+00:00,uniswap_v2,sushiswap_v2,-81.11812735253555,59.47804714388745,0.00049807311906,-142.04027905224297,False,True,train
2026-03-10 14:35:00+00:00,uniswap_v2,sushiswap_v2,-81.11812735253555,59.47804714388745,0.00049807311906,-142.04027905224297,False,True,train
2026-03-10 14:36:00+00:00,uniswap_v2,sushiswap_v2,-81.11812735253555,59.47804714388745,0.00049807311906,-142.04027905224297,False,True,train
2026-03-10 14:37:00+00:00,uniswap_v2,sushiswap_v2,-81.11812735253555,59.47804714388745,0.00049807311906,-142.04027905224297,False,True,train
2026-03-10 14:38:00+00:00,uniswap_v2,sushiswap_v2,-81.11812735253555,59.47804714388745,0.00049807311906,-142.04027905224297,False,True,train
2026-03-10 14:39:00+00:00,uniswap_v2,sushiswap_v2,-81.11812735253555,59.47804714388745,0.00049807311906,-142.04027905224297,False,True,train
2026-03-10 14:40:00+00:00,uniswap_v2,sushiswap_v2,-81.11812735253555,59.47804714388745,0.00049807311906,-142.04027905224297,False,True,train
2026-03-10 14:41:00+00:00,uniswap_v2,sushiswap_v2,-81.11812735253555,59.47804714388745,0.00049807311906,-142.04027905224297,False,True,train
2026-03-10 14:42:00+00:00,uniswap_v2,sushiswap_v2,-81.11812735253555,59.47804714388745,0.00049807311906,-142.04027905224297,False,True,train
2026-03-10 14:43:00+00:00,uniswap_v2,sushiswap_v2,-81.11812735253555,59.47804714388745,0.00049807311906,-142.04027905224297,False,True,train
2026-03-10 14:44:00+00:00,uniswap_v2,sushiswap_v2,-81.11812735253555,59.47804714388745,0.00049807311906,-142.04027905224297,False,True,train
2026-03-10 14:45:00+00:00,uniswap_v2,sushiswap_v2,-81.11812735253555,59.47804714388745,0.00049807311906,-142.04027905224297,False,True,train
2026-03-10 14:46:00+00:00,uniswap_v2,sushiswap_v2,-81.11812735253555,59.47804714388745,0.00049807311906,-142.04027905224297,False,True,train
2026-03-10 14:47:00+00:00,uniswap_v2,sushiswap_v2,-81.11812735253555,59.47804714388745,0.00049807311906,-142.04027905224297,False,True,train
2026-03-10 14:48:00+00:00,uniswap_v2,sushiswap_v2,-81.11812735253555,59.47804714388745,0.00049807311906,-142.04027905224297,False,True,train
2026-03-10 14:49:00+00:00,uniswap_v2,sushiswap_v2,-81.11812735253555,59.47804714388745,0.00049807311906,-142.04027905224297,False,True,train
2026-03-10 14:50:00+00:00,uniswap_v2,sushiswap_v2,-81.11812735253555,59.47804714388745,0.00049807311906,-142.04027905224297,False,True,train
2026-03-10 14:51:00+00:00,uniswap_v2,sushiswap_v2,-81.11812735253555,59.47804714388745,0.00049807311906,-142.04027905224297,False,True,train
2026-03-10 14:52:00+00:00,uniswap_v2,sushiswap_v2,-81.11812735253555,59.47804714388745,0.00049807311906,-142.04027905224297,False,True,train
2026-03-10 14:53:00+00:00,uniswap_v2,sushiswap_v2,-81.11812735253555,59.47804714388745,0.00049807311906,-142.04027905224297,False,True,train
2026-03-10 14:54:00+00:00,uniswap_v2,sushiswap_v2,-81.11812735253555,59.47804714388745,0.00049807311906,-142.04027905224297,False,True,train
2026-03-10 14:55:00+00:00,uniswap_v2,sushiswap_v2,-81.11812735253555,59.47804714388745,0.00049807311906,-142.04027905224297,False,True,train
2026-03-10 14:56:00+00:00,uniswap_v2,sushiswap_v2,-81.11812735253555,59.47804714388745,0.00049807311906,-142.04027905224297,False,True,train
2026-03-10 14:57:00+00:00,uniswap_v2,sushiswap_v2,-81.11812735253555,59.47804714388745,0.00049807311906,-142.04027905224297,False,True,train
2026-03-10 14:58:00+00:00,uniswap_v2,sushiswap_v2,-81.11812735253555,59.47804714388745,0.00049807311906,-142.04027905224297,False,True,train
2026-03-10 14:59:00+00:00,uniswap_v2,sushiswap_v2,-81.11812735253555,59.47804714388745,0.00049807311906,-142.04027905224297,False,True,train
2026-03-10 15:00:00+00:00,uniswap_v2,sushiswap_v2,-81.11812735253555,59.47804714388745,0.00049807311906,-142.04027905224297,False,True,train
2026-03-10 15:01:00+00:00,uniswap_v2,sushiswap_v2,-80.82686110952983,59.47891538765484,0.00056172756068,-141.93448760661863,False,True,train
2026-03-10 15:02:00+00:00,uniswap_v2,sushiswap_v2,-80.82686110952983,59.47891538765484,0.00056172756068,-141.93448760661863,False,True,train
2026-03-10 15:03:00+00:00,uniswap_v2,sushiswap_v2,-80.82686110952983,59.47891538765484,0.00056172756068,-141.93448760661863,False,True,train
2026-03-10 15:04:00+00:00,uniswap_v2,sushiswap_v2,-80.69877249592832,59.47929721061883,0.00052411526112,-141.69774483869097,False,True,train
2026-03-10 15:05:00+00:00,uniswap_v2,sushiswap_v2,-80.676698914629,59.479363010380304,0.00052197194236,-141.66952587056136,False,True,train
2026-03-10 15:06:00+00:00,uniswap_v2,sushiswap_v2,-80.676698914629,59.479363010380304,0.00052197194236,-141.66952587056136,False,True,train
2026-03-10 15:07:00+00:00,uniswap_v2,sushiswap_v2,-80.676698914629,59.479363010380304,0.00052197194236,-141.66952587056136,False,True,train
2026-03-10 15:08:00+00:00,uniswap_v2,sushiswap_v2,-80.676698914629,59.479363010380304,0.00052197194236,-141.66952587056136,False,True,train
2026-03-10 15:09:00+00:00,uniswap_v2,sushiswap_v2,-80.676698914629,59.479363010380304,0.00052197194236,-141.66952587056136,False,True,train
2026-03-10 15:10:00+00:00,uniswap_v2,sushiswap_v2,-80.676698914629,59.479363010380304,0.00052197194236,-141.66952587056136,False,True,train
2026-03-10 15:11:00+00:00,uniswap_v2,sushiswap_v2,-80.676698914629,59.479363010380304,0.00052197194236,-141.66952587056136,False,True,train
2026-03-10 15:12:00+00:00,uniswap_v2,sushiswap_v2,-80.676698914629,59.479363010380304,0.00052197194236,-141.66952587056136,False,True,train
2026-03-10 15:13:00+00:00,uniswap_v2,sushiswap_v2,-80.676698914629,59.479363010380304,0.00052197194236,-141.66952587056136,False,True,train
2026-03-10 15:14:00+00:00,uniswap_v2,sushiswap_v2,-80.676698914629,59.479363010380304,0.00052197194236,-141.66952587056136,False,True,train
2026-03-10 15:15:00+00:00,uniswap_v2,sushiswap_v2,-80.676698914629,59.479363010380304,0.00052197194236,-141.66952587056136,False,True,train
2026-03-10 15:16:00+00:00,uniswap_v2,sushiswap_v2,-80.676698914629,59.479363010380304,0.00052197194236,-141.66952587056136,False,True,train
2026-03-10 15:17:00+00:00,uniswap_v2,sushiswap_v2,-80.676698914629,59.479363010380304,0.00052197194236,-141.66952587056136,False,True,train
2026-03-10 15:18:00+00:00,uniswap_v2,sushiswap_v2,-80.676698914629,59.479363010380304,0.00052197194236,-141.66952587056136,False,True,train
2026-03-10 15:19:00+00:00,uniswap_v2,sushiswap_v2,-80.676698914629,59.479363010380304,0.00052197194236,-141.66952587056136,False,True,train
2026-03-10 15:20:00+00:00,uniswap_v2,sushiswap_v2,-80.676698914629,59.479363010380304,0.00052197194236,-141.66952587056136,False,True,train
2026-03-10 15:21:00+00:00,uniswap_v2,sushiswap_v2,-80.676698914629,59.479363010380304,0.00052197194236,-141.66952587056136,False,True,train
2026-03-10 15:22:00+00:00,uniswap_v2,sushiswap_v2,-80.676698914629,59.479363010380304,0.00052197194236,-141.66952587056136,False,True,train
2026-03-10 15:23:00+00:00,uniswap_v2,sushiswap_v2,-80.676698914629,59.479363010380304,0.00052197194236,-141.66952587056136,False,True,train
2026-03-10 15:24:00+00:00,uniswap_v2,sushiswap_v2,-80.676698914629,59.479363010380304,0.00052197194236,-141.66952587056136,False,True,train
2026-03-10 15:25:00+00:00,uniswap_v2,sushiswap_v2,-80.676698914629,59.479363010380304,0.00052197194236,-141.66952587056136,False,True,train
2026-03-10 15:26:00+00:00,uniswap_v2,sushiswap_v2,-80.676698914629,59.479363010380304,0.00052197194236,-141.66952587056136,False,True,train
2026-03-10 15:27:00+00:00,uniswap_v2,sushiswap_v2,-80.676698914629,59.479363010380304,0.00052197194236,-141.66952587056136,False,True,train
2026-03-10 15:28:00+00:00,uniswap_v2,sushiswap_v2,-80.676698914629,59.479363010380304,0.00052197194236,-141.66952587056136,False,True,train
2026-03-10 15:29:00+00:00,uniswap_v2,sushiswap_v2,-80.676698914629,59.479363010380304,0.00052197194236,-141.66952587056136,False,True,train
2026-03-10 15:30:00+00:00,uniswap_v2,sushiswap_v2,-80.676698914629,59.479363010380304,0.00052197194236,-141.66952587056136,False,True,train
2026-03-10 15:31:00+00:00,uniswap_v2,sushiswap_v2,-80.676698914629,59.479363010380304,0.00052197194236,-141.66952587056136,False,True,train
2026-03-10 15:32:00+00:00,uniswap_v2,sushiswap_v2,-80.676698914629,59.479363010380304,0.00052197194236,-141.66952587056136,False,True,train
2026-03-10 15:33:00+00:00,uniswap_v2,sushiswap_v2,-80.676698914629,59.479363010380304,0.00052197194236,-141.66952587056136,False,True,train
2026-03-10 15:34:00+00:00,uniswap_v2,sushiswap_v2,-80.676698914629,59.479363010380304,0.00052197194236,-141.66952587056136,False,True,train
2026-03-10 15:35:00+00:00,uniswap_v2,sushiswap_v2,-80.67112449109914,59.479379627337046,0.00053941901992,-141.71455695753517,False,True,train
2026-03-10 15:36:00+00:00,uniswap_v2,sushiswap_v2,-80.67112449109914,59.479379627337046,0.00053941901992,-141.71455695753517,False,True,train
2026-03-10 15:37:00+00:00,uniswap_v2,sushiswap_v2,-80.67112449109914,59.479379627337046,0.00053941901992,-141.71455695753517,False,True,train
2026-03-10 15:38:00+00:00,uniswap_v2,sushiswap_v2,-80.67112449109914,59.479379627337046,0.00053941901992,-141.71455695753517,False,True,train
2026-03-10 15:39:00+00:00,uniswap_v2,sushiswap_v2,-80.67112449109914,59.479379627337046,0.00053941901992,-141.71455695753517,False,True,train
2026-03-10 15:40:00+00:00,uniswap_v2,sushiswap_v2,-80.67112449109914,59.479379627337046,0.00053941901992,-141.71455695753517,False,True,train
2026-03-10 15:41:00+00:00,uniswap_v2,sushiswap_v2,-80.67112449109914,59.479379627337046,0.00053941901992,-141.71455695753517,False,True,train
2026-03-10 15:42:00+00:00,uniswap_v2,sushiswap_v2,-80.67112449109914,59.479379627337046,0.00053941901992,-141.71455695753517,False,True,train
2026-03-10 15:43:00+00:00,uniswap_v2,sushiswap_v2,-80.67112449109914,59.479379627337046,0.00053941901992,-141.71455695753517,False,True,train
2026-03-10 15:44:00+00:00,uniswap_v2,sushiswap_v2,-80.67112449109914,59.479379627337046,0.00053941901992,-141.71455695753517,False,True,train
2026-03-10 15:45:00+00:00,uniswap_v2,sushiswap_v2,-80.67112449109914,59.479379627337046,0.00053941901992,-141.71455695753517,False,True,train
2026-03-10 15:46:00+00:00,uniswap_v2,sushiswap_v2,-80.67112449109914,59.479379627337046,0.00053941901992,-141.71455695753517,False,True,train
2026-03-10 15:47:00+00:00,uniswap_v2,sushiswap_v2,-80.67112449109914,59.479379627337046,0.00053941901992,-141.71455695753517,False,True,train
2026-03-10 15:48:00+00:00,uniswap_v2,sushiswap_v2,-77.21008815465977,59.48969672825901,0.00050438882076,-138.16277901455987,False,True,train
2026-03-10 15:49:00+00:00,sushiswap_v2,uniswap_v2,-80.55149779676407,59.61606557599242,0.00050265279284,-141.6197936807763,False,False,train
2026-03-10 15:50:00+00:00,uniswap_v2,sushiswap_v2,-80.92640552208837,59.47872370123333,0.0005104464178,-141.88679023177684,False,False,train
2026-03-10 15:51:00+00:00,uniswap_v2,sushiswap_v2,-80.92640552208837,59.47872370123333,0.0005104464178,-141.88679023177684,False,False,train
2026-03-10 15:52:00+00:00,uniswap_v2,sushiswap_v2,-81.05481018010688,59.47838888626866,0.00050198083012,-141.99101114996705,False,False,train
2026-03-10 15:53:00+00:00,uniswap_v2,sushiswap_v2,-81.05481018010688,59.47838888626866,0.00050198083012,-141.99101114996705,False,False,train
2026-03-10 15:54:00+00:00,uniswap_v2,sushiswap_v2,-81.05481018010688,59.47838888626866,0.00050198083012,-141.99101114996705,False,False,train
2026-03-10 15:55:00+00:00,uniswap_v2,sushiswap_v2,-81.05481018010688,59.47838888626866,0.00050198083012,-141.99101114996705,False,False,train
2026-03-10 15:56:00+00:00,uniswap_v2,sushiswap_v2,-81.05481018010688,59.47838888626866,0.00050198083012,-141.99101114996705,False,False,train
2026-03-10 15:57:00+00:00,uniswap_v2,sushiswap_v2,-81.05481018010688,59.47838888626866,0.00050198083012,-141.99101114996705,False,False,train
2026-03-10 15:58:00+00:00,uniswap_v2,sushiswap_v2,-81.05481018010688,59.47838888626866,0.00050198083012,-141.99101114996705,False,False,train
2026-03-10 15:59:00+00:00,uniswap_v2,sushiswap_v2,-81.05481018010688,59.47838888626866,0.00050198083012,-141.99101114996705,False,False,train
2026-03-10 16:00:00+00:00,uniswap_v2,sushiswap_v2,-81.05481018010688,59.47838888626866,0.00050198083012,-141.99101114996705,False,False,train
2026-03-10 16:01:00+00:00,uniswap_v2,sushiswap_v2,-81.05481018010688,59.47838888626866,0.00050198083012,-141.99101114996705,False,False,train
2026-03-10 16:02:00+00:00,uniswap_v2,sushiswap_v2,-81.05481018010688,59.47838888626866,0.00050198083012,-141.99101114996705,False,False,train
2026-03-10 16:03:00+00:00,uniswap_v2,sushiswap_v2,-81.05481018010688,59.47838888626866,0.00050198083012,-141.99101114996705,False,False,train
2026-03-10 16:04:00+00:00,uniswap_v2,sushiswap_v2,-81.05481018010688,59.47838888626866,0.00050198083012,-141.99101114996705,False,False,train
2026-03-10 16:05:00+00:00,uniswap_v2,sushiswap_v2,-81.05481018010688,59.47838888626866,0.00050198083012,-141.99101114996705,False,False,train
2026-03-10 16:06:00+00:00,uniswap_v2,sushiswap_v2,-81.05481018010688,59.47838888626866,0.00050198083012,-141.99101114996705,False,False,train
2026-03-10 16:07:00+00:00,uniswap_v2,sushiswap_v2,-81.05481018010688,59.47838888626866,0.00050198083012,-141.99101114996705,False,False,train
2026-03-10 16:08:00+00:00,uniswap_v2,sushiswap_v2,-81.05481018010688,59.47838888626866,0.00050198083012,-141.99101114996705,False,True,train
2026-03-10 16:09:00+00:00,uniswap_v2,sushiswap_v2,-81.05481018010688,59.47838888626866,0.00050198083012,-141.99101114996705,False,True,train
2026-03-10 16:10:00+00:00,uniswap_v2,sushiswap_v2,-81.05481018010688,59.47838888626866,0.00050198083012,-141.99101114996705,False,True,train
2026-03-10 16:11:00+00:00,uniswap_v2,sushiswap_v2,-81.05481018010688,59.47838888626866,0.00050198083012,-141.99101114996705,False,True,train
2026-03-10 16:12:00+00:00,uniswap_v2,sushiswap_v2,-81.05481018010688,59.47838888626866,0.00050198083012,-141.99101114996705,False,True,train
2026-03-10 16:13:00+00:00,uniswap_v2,sushiswap_v2,-81.05481018010688,59.47838888626866,0.00050198083012,-141.99101114996705,False,True,train
2026-03-10 16:14:00+00:00,uniswap_v2,sushiswap_v2,-81.05481018010688,59.47838888626866,0.00050198083012,-141.99101114996705,False,True,train
2026-03-10 16:15:00+00:00,uniswap_v2,sushiswap_v2,-81.05481018010688,59.47838888626866,0.00050198083012,-141.99101114996705,False,True,train
2026-03-10 16:16:00+00:00,uniswap_v2,sushiswap_v2,-81.05481018010688,59.47838888626866,0.00050198083012,-141.99101114996705,False,True,train
2026-03-10 16:17:00+00:00,uniswap_v2,sushiswap_v2,-81.05481018010688,59.47838888626866,0.00050198083012,-141.99101114996705,False,True,train
2026-03-10 16:18:00+00:00,uniswap_v2,sushiswap_v2,-81.05481018010688,59.47838888626866,0.00050198083012,-141.99101114996705,False,True,train
2026-03-10 16:19:00+00:00,uniswap_v2,sushiswap_v2,-81.05481018010688,59.47838888626866,0.00050198083012,-141.99101114996705,False,True,train
2026-03-10 16:20:00+00:00,uniswap_v2,sushiswap_v2,-81.05481018010688,59.47838888626866,0.00050198083012,-141.99101114996705,False,True,train
2026-03-10 16:21:00+00:00,uniswap_v2,sushiswap_v2,-81.05481018010688,59.47838888626866,0.00050198083012,-141.99101114996705,False,True,train
2026-03-10 16:22:00+00:00,uniswap_v2,sushiswap_v2,-81.05481018010688,59.47838888626866,0.00050198083012,-141.99101114996705,False,True,train
2026-03-10 16:23:00+00:00,uniswap_v2,sushiswap_v2,-81.05481018010688,59.47838888626866,0.00050198083012,-141.99101114996705,False,True,train
2026-03-10 16:24:00+00:00,uniswap_v2,sushiswap_v2,-81.05481018010688,59.47838888626866,0.00050198083012,-141.99101114996705,False,True,train
2026-03-10 16:25:00+00:00,uniswap_v2,sushiswap_v2,-81.05481018010688,59.47838888626866,0.00050198083012,-141.99101114996705,False,True,train
2026-03-10 16:26:00+00:00,uniswap_v2,sushiswap_v2,-81.05481018010688,59.47838888626866,0.00050198083012,-141.99101114996705,False,True,train
2026-03-10 16:27:00+00:00,uniswap_v2,sushiswap_v2,-81.05481018010688,59.47838888626866,0.00050198083012,-141.99101114996705,False,True,train
2026-03-10 16:28:00+00:00,uniswap_v2,sushiswap_v2,-81.05481018010688,59.47838888626866,0.00050198083012,-141.99101114996705,False,True,train
2026-03-10 16:29:00+00:00,uniswap_v2,sushiswap_v2,-81.05481018010688,59.47838888626866,0.00050198083012,-141.99101114996705,False,True,train
2026-03-10 16:30:00+00:00,uniswap_v2,sushiswap_v2,-81.05481018010688,59.47838888626866,0.00050198083012,-141.99101114996705,False,True,train
2026-03-10 16:31:00+00:00,uniswap_v2,sushiswap_v2,-81.05481018010688,59.47838888626866,0.00050198083012,-141.99101114996705,False,True,train
2026-03-10 16:32:00+00:00,uniswap_v2,sushiswap_v2,-81.05481018010688,59.47838888626866,0.00050198083012,-141.99101114996705,False,True,train
2026-03-10 16:33:00+00:00,uniswap_v2,sushiswap_v2,-81.05481018010688,59.47838888626866,0.00050198083012,-141.99101114996705,False,True,train
2026-03-10 16:34:00+00:00,uniswap_v2,sushiswap_v2,-81.05481018010688,59.47838888626866,0.00050198083012,-141.99101114996705,False,True,train
2026-03-10 16:35:00+00:00,uniswap_v2,sushiswap_v2,-81.05481018010688,59.47838888626866,0.00050198083012,-141.99101114996705,False,True,train
2026-03-10 16:36:00+00:00,uniswap_v2,sushiswap_v2,-81.05481018010688,59.47838888626866,0.00050198083012,-141.99101114996705,False,True,train
2026-03-10 16:37:00+00:00,uniswap_v2,sushiswap_v2,-81.05481018010688,59.47838888626866,0.00050198083012,-141.99101114996705,False,True,train
2026-03-10 16:38:00+00:00,uniswap_v2,sushiswap_v2,-81.05481018010688,59.47838888626866,0.00050198083012,-141.99101114996705,False,True,train
2026-03-10 16:39:00+00:00,uniswap_v2,sushiswap_v2,-81.05481018010688,59.47838888626866,0.00050198083012,-141.99101114996705,False,True,train
2026-03-10 16:40:00+00:00,uniswap_v2,sushiswap_v2,-81.05481018010688,59.47838888626866,0.00050198083012,-141.99101114996705,False,True,train
2026-03-10 16:41:00+00:00,uniswap_v2,sushiswap_v2,-81.05481018010688,59.47838888626866,0.00050198083012,-141.99101114996705,False,True,train
2026-03-10 16:42:00+00:00,uniswap_v2,sushiswap_v2,-81.05481018010688,59.47838888626866,0.00050198083012,-141.99101114996705,False,True,train
2026-03-10 16:43:00+00:00,uniswap_v2,sushiswap_v2,-81.05481018010688,59.47838888626866,0.00050198083012,-141.99101114996705,False,True,train
2026-03-10 16:44:00+00:00,uniswap_v2,sushiswap_v2,-76.03287977216537,59.493358978092076,0.00050799320638,-137.00226068202588,False,True,train
2026-03-10 16:45:00+00:00,uniswap_v2,sushiswap_v2,-76.03287977216537,59.493358978092076,0.00050799320638,-137.00226068202588,False,True,train
2026-03-10 16:46:00+00:00,uniswap_v2,sushiswap_v2,-76.03287977216537,59.493358978092076,0.00050799320638,-137.00226068202588,False,True,train
2026-03-10 16:47:00+00:00,uniswap_v2,sushiswap_v2,-76.03287977216537,59.493358978092076,0.00050799320638,-137.00226068202588,False,True,train
2026-03-10 16:48:00+00:00,uniswap_v2,sushiswap_v2,-76.03287977216537,59.493358978092076,0.00050799320638,-137.00226068202588,False,True,train
2026-03-10 16:49:00+00:00,uniswap_v2,sushiswap_v2,-76.03287977216537,59.493358978092076,0.00050799320638,-137.00226068202588,False,True,train
2026-03-10 16:50:00+00:00,uniswap_v2,sushiswap_v2,-80.34027784254876,59.48055982638747,0.00048702826194,-141.23594398726118,False,False,train
2026-03-10 16:51:00+00:00,uniswap_v2,sushiswap_v2,-80.34027784254876,59.48055982638747,0.00048702826194,-141.23594398726118,False,False,train
2026-03-10 16:52:00+00:00,uniswap_v2,sushiswap_v2,-75.70121431494486,59.49438863280834,0.00049607017526,-136.6376575187322,False,False,train
2026-03-10 16:53:00+00:00,uniswap_v2,sushiswap_v2,-77.74299786062171,59.48832159718236,0.00049309953946,-138.66473851883356,False,False,train
2026-03-10 16:54:00+00:00,uniswap_v2,sushiswap_v2,-77.74299786062171,59.48832159718236,0.00049309953946,-138.66473851883356,False,False,train
2026-03-10 16:55:00+00:00,uniswap_v2,sushiswap_v2,-77.74299786062171,59.48832159718236,0.00049309953946,-138.66473851883356,False,False,train
2026-03-10 16:56:00+00:00,uniswap_v2,sushiswap_v2,-77.74299786062171,59.48832159718236,0.00049309953946,-138.66473851883356,False,False,train
2026-03-10 16:57:00+00:00,uniswap_v2,sushiswap_v2,-77.74299786062171,59.48832159718236,0.00049309953946,-138.66473851883356,False,False,train
2026-03-10 16:58:00+00:00,uniswap_v2,sushiswap_v2,-77.74299786062171,59.48832159718236,0.00049309953946,-138.66473851883356,False,False,train
2026-03-10 16:59:00+00:00,uniswap_v2,sushiswap_v2,-77.74299786062171,59.48832159718236,0.00049309953946,-138.66473851883356,False,False,train
2026-03-10 17:00:00+00:00,uniswap_v2,sushiswap_v2,-78.68457341963367,59.48552376065482,0.00050978113736,-139.6520089258264,False,False,train
2026-03-10 17:01:00+00:00,uniswap_v2,sushiswap_v2,-78.68457341963367,59.48552376065482,0.00050978113736,-139.6520089258264,False,False,train
2026-03-10 17:02:00+00:00,uniswap_v2,sushiswap_v2,-78.68457341963367,59.48552376065482,0.00050978113736,-139.6520089258264,False,False,train
2026-03-10 17:03:00+00:00,uniswap_v2,sushiswap_v2,-78.68457341963367,59.48552376065482,0.00050978113736,-139.6520089258264,False,False,train
2026-03-10 17:04:00+00:00,uniswap_v2,sushiswap_v2,-78.68457341963367,59.48552376065482,0.00050978113736,-139.6520089258264,False,False,train
2026-03-10 17:05:00+00:00,uniswap_v2,sushiswap_v2,-78.68457341963367,59.48552376065482,0.00050978113736,-139.6520089258264,False,False,train
2026-03-10 17:06:00+00:00,uniswap_v2,sushiswap_v2,-78.68457341963367,59.48552376065482,0.00050978113736,-139.6520089258264,False,False,train
2026-03-10 17:07:00+00:00,uniswap_v2,sushiswap_v2,-78.68457341963367,59.48552376065482,0.00050978113736,-139.6520089258264,False,False,train
2026-03-10 17:08:00+00:00,uniswap_v2,sushiswap_v2,-78.68457341963367,59.48552376065482,0.00050978113736,-139.6520089258264,False,True,train
2026-03-10 17:09:00+00:00,uniswap_v2,sushiswap_v2,-78.68457341963367,59.48552376065482,0.00050978113736,-139.6520089258264,False,True,train
2026-03-10 17:10:00+00:00,uniswap_v2,sushiswap_v2,-78.68457341963367,59.48552376065482,0.00050978113736,-139.6520089258264,False,True,train
2026-03-10 17:11:00+00:00,uniswap_v2,sushiswap_v2,-78.68457341963367,59.48552376065482,0.00050978113736,-139.6520089258264,False,True,train
2026-03-10 17:12:00+00:00,uniswap_v2,sushiswap_v2,-78.68457191110481,59.485523765151854,0.00048592790246,-139.58266709853228,False,False,train
2026-03-10 17:13:00+00:00,uniswap_v2,sushiswap_v2,-78.68457191110481,59.485523765151854,0.00048592790246,-139.58266709853228,False,False,train
2026-03-10 17:14:00+00:00,uniswap_v2,sushiswap_v2,-78.68457191110481,59.485523765151854,0.00048592790246,-139.58266709853228,False,False,train
2026-03-10 17:15:00+00:00,uniswap_v2,sushiswap_v2,-78.68457191110481,59.485523765151854,0.00048592790246,-139.58266709853228,False,False,train
2026-03-10 17:16:00+00:00,uniswap_v2,sushiswap_v2,-78.68457191110481,59.485523765151854,0.00048592790246,-139.58266709853228,False,True,train
2026-03-10 17:17:00+00:00,uniswap_v2,sushiswap_v2,-78.68457191110481,59.485523765151854,0.00048592790246,-139.58266709853228,False,True,train
2026-03-10 17:18:00+00:00,uniswap_v2,sushiswap_v2,-78.68457191110481,59.485523765151854,0.00048592790246,-139.58266709853228,False,True,train
2026-03-10 17:19:00+00:00,uniswap_v2,sushiswap_v2,-78.68457191110481,59.485523765151854,0.00048592790246,-139.58266709853228,False,True,train
2026-03-10 17:20:00+00:00,uniswap_v2,sushiswap_v2,-78.68457191110481,59.485523765151854,0.00048592790246,-139.58266709853228,False,True,train
2026-03-10 17:21:00+00:00,uniswap_v2,sushiswap_v2,-78.68457191110481,59.485523765151854,0.00048592790246,-139.58266709853228,False,True,train
2026-03-10 17:22:00+00:00,uniswap_v2,sushiswap_v2,-78.68457191110481,59.485523765151854,0.00048592790246,-139.58266709853228,False,True,train
2026-03-10 17:23:00+00:00,uniswap_v2,sushiswap_v2,-78.68457191110481,59.485523765151854,0.00048592790246,-139.58266709853228,False,True,train
2026-03-10 17:24:00+00:00,uniswap_v2,sushiswap_v2,-78.68457191110481,59.485523765151854,0.00048592790246,-139.58266709853228,False,True,train
2026-03-10 17:25:00+00:00,uniswap_v2,sushiswap_v2,-78.68457191110481,59.485523765151854,0.00048592790246,-139.58266709853228,False,True,train
2026-03-10 17:26:00+00:00,uniswap_v2,sushiswap_v2,-78.68457191110481,59.485523765151854,0.00048592790246,-139.58266709853228,False,True,train
2026-03-10 17:27:00+00:00,uniswap_v2,sushiswap_v2,-78.68457191110481,59.485523765151854,0.00048592790246,-139.58266709853228,False,True,train
2026-03-10 17:28:00+00:00,uniswap_v2,sushiswap_v2,-78.68457191110481,59.485523765151854,0.00048592790246,-139.58266709853228,False,True,train
2026-03-10 17:29:00+00:00,uniswap_v2,sushiswap_v2,-78.68457191110481,59.485523765151854,0.00048592790246,-139.58266709853228,False,True,train
2026-03-10 17:30:00+00:00,uniswap_v2,sushiswap_v2,-78.68457191110481,59.485523765151854,0.00048592790246,-139.58266709853228,False,True,train
2026-03-10 17:31:00+00:00,uniswap_v2,sushiswap_v2,-78.68457191110481,59.485523765151854,0.00048592790246,-139.58266709853228,False,True,train
2026-03-10 17:32:00+00:00,uniswap_v2,sushiswap_v2,-78.68457191110481,59.485523765151854,0.00048592790246,-139.58266709853228,False,True,train
2026-03-10 17:33:00+00:00,uniswap_v2,sushiswap_v2,-78.68457191110481,59.485523765151854,0.00048592790246,-139.58266709853228,False,True,train
2026-03-10 17:34:00+00:00,uniswap_v2,sushiswap_v2,-78.68457191110481,59.485523765151854,0.00048592790246,-139.58266709853228,False,True,train
2026-03-10 17:35:00+00:00,uniswap_v2,sushiswap_v2,-78.68457191110481,59.485523765151854,0.00048592790246,-139.58266709853228,False,True,train
2026-03-10 17:36:00+00:00,uniswap_v2,sushiswap_v2,-78.68457191110481,59.485523765151854,0.00048592790246,-139.58266709853228,False,True,train
2026-03-10 17:37:00+00:00,uniswap_v2,sushiswap_v2,-78.68457191110481,59.485523765151854,0.00048592790246,-139.58266709853228,False,True,train
2026-03-10 17:38:00+00:00,uniswap_v2,sushiswap_v2,-78.68457191110481,59.485523765151854,0.00048592790246,-139.58266709853228,False,True,train
2026-03-10 17:39:00+00:00,uniswap_v2,sushiswap_v2,-78.68457191110481,59.485523765151854,0.00048592790246,-139.58266709853228,False,True,train
2026-03-10 17:40:00+00:00,uniswap_v2,sushiswap_v2,-78.68457191110481,59.485523765151854,0.00048592790246,-139.58266709853228,False,True,train
2026-03-10 17:41:00+00:00,uniswap_v2,sushiswap_v2,-78.68457191110481,59.485523765151854,0.00048592790246,-139.58266709853228,False,True,train
2026-03-10 17:42:00+00:00,uniswap_v2,sushiswap_v2,-80.32753413249068,59.480661151522874,0.00047383993602,-141.18591108571601,False,False,train
2026-03-10 17:43:00+00:00,uniswap_v2,sushiswap_v2,-80.32753413249068,59.480661151522874,0.00047383993602,-141.18591108571601,False,False,train
2026-03-10 17:44:00+00:00,uniswap_v2,sushiswap_v2,-80.32753413249068,59.480661151522874,0.00047383993602,-141.18591108571601,False,False,train
2026-03-10 17:45:00+00:00,uniswap_v2,sushiswap_v2,-80.32753413249068,59.480661151522874,0.00047383993602,-141.18591108571601,False,False,train
2026-03-10 17:46:00+00:00,uniswap_v2,sushiswap_v2,-80.32753413249068,59.480661151522874,0.00047383993602,-141.18591108571601,False,False,train
2026-03-10 17:47:00+00:00,uniswap_v2,sushiswap_v2,-76.63824918553101,59.49174772791837,0.00046978194604,-137.49771713545078,False,False,train
2026-03-10 17:48:00+00:00,uniswap_v2,sushiswap_v2,-80.96735537738412,59.47895739187528,0.00047032318828,-141.8166798559231,False,False,train
2026-03-10 17:49:00+00:00,uniswap_v2,sushiswap_v2,-80.96735537738412,59.47895739187528,0.00047032318828,-141.8166798559231,False,False,train
2026-03-10 17:50:00+00:00,uniswap_v2,sushiswap_v2,-80.96735537738412,59.47895739187528,0.00047032318828,-141.8166798559231,False,False,train
2026-03-10 17:51:00+00:00,uniswap_v2,sushiswap_v2,-80.96735537738412,59.47895739187528,0.00047032318828,-141.8166798559231,False,False,train
2026-03-10 17:52:00+00:00,uniswap_v2,sushiswap_v2,-80.96735537738412,59.47895739187528,0.00047032318828,-141.8166798559231,False,False,train
2026-03-10 17:53:00+00:00,uniswap_v2,sushiswap_v2,-80.96735537738412,59.47895739187528,0.00047032318828,-141.8166798559231,False,False,train
2026-03-10 17:54:00+00:00,uniswap_v2,sushiswap_v2,-80.96735537738412,59.47895739187528,0.00047032318828,-141.8166798559231,False,False,train
2026-03-10 17:55:00+00:00,uniswap_v2,sushiswap_v2,-80.96735537738412,59.47895739187528,0.00047032318828,-141.8166798559231,False,False,train
2026-03-10 17:56:00+00:00,uniswap_v2,sushiswap_v2,-80.96735537738412,59.47895739187528,0.00047032318828,-141.8166798559231,False,False,train
2026-03-10 17:57:00+00:00,uniswap_v2,sushiswap_v2,-80.96735537738412,59.47895739187528,0.00047032318828,-141.8166798559231,False,False,train
2026-03-10 17:58:00+00:00,uniswap_v2,sushiswap_v2,-80.96735537738412,59.47895739187528,0.00047032318828,-141.8166798559231,False,False,train
2026-03-10 17:59:00+00:00,uniswap_v2,sushiswap_v2,-80.96735537738412,59.47895739187528,0.00047032318828,-141.8166798559231,False,False,train
2026-03-10 18:00:00+00:00,uniswap_v2,sushiswap_v2,-80.96735537738412,59.47895739187528,0.00047032318828,-141.8166798559231,False,False,train
2026-03-10 18:01:00+00:00,uniswap_v2,sushiswap_v2,-80.96735537738412,59.47895739187528,0.00047032318828,-141.8166798559231,False,False,train
2026-03-10 18:02:00+00:00,uniswap_v2,sushiswap_v2,-80.96735537738412,59.47895739187528,0.00047032318828,-141.8166798559231,False,False,train
2026-03-10 18:03:00+00:00,uniswap_v2,sushiswap_v2,-80.96735537738412,59.47895739187528,0.00047032318828,-141.8166798559231,False,False,train
2026-03-10 18:04:00+00:00,uniswap_v2,sushiswap_v2,-80.96735537738412,59.47895739187528,0.00047032318828,-141.8166798559231,False,True,train
2026-03-10 18:05:00+00:00,uniswap_v2,sushiswap_v2,-80.96735537738412,59.47895739187528,0.00047032318828,-141.8166798559231,False,True,train
2026-03-10 18:06:00+00:00,uniswap_v2,sushiswap_v2,-80.96735537738412,59.47895739187528,0.00047032318828,-141.8166798559231,False,True,train
2026-03-10 18:07:00+00:00,uniswap_v2,sushiswap_v2,-80.96735537738412,59.47895739187528,0.00047032318828,-141.8166798559231,False,True,train
2026-03-10 18:08:00+00:00,uniswap_v2,sushiswap_v2,-80.96735537738412,59.47895739187528,0.00047032318828,-141.8166798559231,False,True,train
2026-03-10 18:09:00+00:00,uniswap_v2,sushiswap_v2,-80.96735537738412,59.47895739187528,0.00047032318828,-141.8166798559231,False,True,train
2026-03-10 18:10:00+00:00,uniswap_v2,sushiswap_v2,-80.96735537738412,59.47895739187528,0.00047032318828,-141.8166798559231,False,True,train
2026-03-10 18:11:00+00:00,uniswap_v2,sushiswap_v2,-80.96735537738412,59.47895739187528,0.00047032318828,-141.8166798559231,False,True,train
2026-03-10 18:12:00+00:00,uniswap_v2,sushiswap_v2,-80.96735537738412,59.47895739187528,0.00047032318828,-141.8166798559231,False,True,train
2026-03-10 18:13:00+00:00,uniswap_v2,sushiswap_v2,-80.96735537738412,59.47895739187528,0.00047032318828,-141.8166798559231,False,True,train
2026-03-10 18:14:00+00:00,uniswap_v2,sushiswap_v2,-80.96735537738412,59.47895739187528,0.00047032318828,-141.8166798559231,False,True,train
2026-03-10 18:15:00+00:00,uniswap_v2,sushiswap_v2,-80.96735537738412,59.47895739187528,0.00047032318828,-141.8166798559231,False,True,train
2026-03-10 18:16:00+00:00,uniswap_v2,sushiswap_v2,-80.96735537738412,59.47895739187528,0.00047032318828,-141.8166798559231,False,True,train
2026-03-10 18:17:00+00:00,uniswap_v2,sushiswap_v2,-80.96735537738412,59.47895739187528,0.00047032318828,-141.8166798559231,False,True,train
2026-03-10 18:18:00+00:00,uniswap_v2,sushiswap_v2,-80.96735537738412,59.47895739187528,0.00047032318828,-141.8166798559231,False,True,train
2026-03-10 18:19:00+00:00,uniswap_v2,sushiswap_v2,-80.87473361557271,59.47907012077551,0.00048174266426,-141.7550105767428,False,False,train
2026-03-10 18:20:00+00:00,uniswap_v2,sushiswap_v2,-80.87473361557271,59.47907012077551,0.00048174266426,-141.7550105767428,False,False,train
2026-03-10 18:21:00+00:00,uniswap_v2,sushiswap_v2,-80.87473361557271,59.47907012077551,0.00048174266426,-141.7550105767428,False,False,train
2026-03-10 18:22:00+00:00,uniswap_v2,sushiswap_v2,-80.87473361557271,59.47907012077551,0.00048174266426,-141.7550105767428,False,False,train
2026-03-10 18:23:00+00:00,uniswap_v2,sushiswap_v2,-80.87473361557271,59.47907012077551,0.00048174266426,-141.7550105767428,False,False,train
2026-03-10 18:24:00+00:00,uniswap_v2,sushiswap_v2,-80.87473361557271,59.47907012077551,0.00048174266426,-141.7550105767428,False,False,train
2026-03-10 18:25:00+00:00,uniswap_v2,sushiswap_v2,-80.87473361557271,59.47907012077551,0.00048174266426,-141.7550105767428,False,False,train
2026-03-10 18:26:00+00:00,uniswap_v2,sushiswap_v2,-80.87473361557271,59.47907012077551,0.00048174266426,-141.7550105767428,False,False,train
2026-03-10 18:27:00+00:00,uniswap_v2,sushiswap_v2,-80.87473361557271,59.47907012077551,0.00048174266426,-141.7550105767428,False,False,train
2026-03-10 18:28:00+00:00,uniswap_v2,sushiswap_v2,-80.87473361557271,59.47907012077551,0.00048174266426,-141.7550105767428,False,False,train
2026-03-10 18:29:00+00:00,uniswap_v2,sushiswap_v2,-80.87473361557271,59.47907012077551,0.00048174266426,-141.7550105767428,False,False,train
2026-03-10 18:30:00+00:00,uniswap_v2,sushiswap_v2,-80.87473361557271,59.47907012077551,0.00048174266426,-141.7550105767428,False,False,train
2026-03-10 18:31:00+00:00,uniswap_v2,sushiswap_v2,-81.0342445980992,59.478498033091086,0.00046456616404,-141.8625760518668,False,False,train
2026-03-10 18:32:00+00:00,uniswap_v2,sushiswap_v2,-81.0342445980992,59.478498033091086,0.00046456616404,-141.8625760518668,False,False,train
2026-03-10 18:33:00+00:00,uniswap_v2,sushiswap_v2,-81.0342445980992,59.478498033091086,0.00046456616404,-141.8625760518668,False,False,train
2026-03-10 18:34:00+00:00,uniswap_v2,sushiswap_v2,-81.0342445980992,59.478498033091086,0.00046456616404,-141.8625760518668,False,False,train
2026-03-10 18:35:00+00:00,uniswap_v2,sushiswap_v2,-81.0342445980992,59.478498033091086,0.00046456616404,-141.8625760518668,False,False,train
2026-03-10 18:36:00+00:00,uniswap_v2,sushiswap_v2,-81.0342445980992,59.478498033091086,0.00046456616404,-141.8625760518668,False,False,train
2026-03-10 18:37:00+00:00,uniswap_v2,sushiswap_v2,-81.0342445980992,59.478498033091086,0.00046456616404,-141.8625760518668,False,False,train
2026-03-10 18:38:00+00:00,uniswap_v2,sushiswap_v2,-81.0342445980992,59.478498033091086,0.00046456616404,-141.8625760518668,False,False,train
2026-03-10 18:39:00+00:00,uniswap_v2,sushiswap_v2,-81.0342445980992,59.478498033091086,0.00046456616404,-141.8625760518668,False,False,train
2026-03-10 18:40:00+00:00,uniswap_v2,sushiswap_v2,-81.0342445980992,59.478498033091086,0.00046456616404,-141.8625760518668,False,False,train
2026-03-10 18:41:00+00:00,uniswap_v2,sushiswap_v2,-81.0342445980992,59.478498033091086,0.00046456616404,-141.8625760518668,False,False,train
2026-03-10 18:42:00+00:00,uniswap_v2,sushiswap_v2,-81.0342445980992,59.478498033091086,0.00046456616404,-141.8625760518668,False,False,train
2026-03-10 18:43:00+00:00,uniswap_v2,sushiswap_v2,-81.0342445980992,59.478498033091086,0.00046456616404,-141.8625760518668,False,False,train
2026-03-10 18:44:00+00:00,uniswap_v2,sushiswap_v2,-81.0342445980992,59.478498033091086,0.00046456616404,-141.8625760518668,False,False,train
2026-03-10 18:45:00+00:00,uniswap_v2,sushiswap_v2,-81.0342445980992,59.478498033091086,0.00046456616404,-141.8625760518668,False,False,train
2026-03-10 18:46:00+00:00,uniswap_v2,sushiswap_v2,-81.0342445980992,59.478498033091086,0.00046456616404,-141.8625760518668,False,False,train
2026-03-10 18:47:00+00:00,uniswap_v2,sushiswap_v2,-81.0342445980992,59.478498033091086,0.00046456616404,-141.8625760518668,False,True,train
2026-03-10 18:48:00+00:00,uniswap_v2,sushiswap_v2,-81.03564089525544,59.478493870801195,0.00047033540048,-141.88073096267036,False,True,train
2026-03-10 18:49:00+00:00,uniswap_v2,sushiswap_v2,-81.03564089525544,59.478493870801195,0.00047033540048,-141.88073096267036,False,True,train
2026-03-10 18:50:00+00:00,uniswap_v2,sushiswap_v2,-81.03564089525544,59.478493870801195,0.00047033540048,-141.88073096267036,False,True,train
2026-03-10 18:51:00+00:00,uniswap_v2,sushiswap_v2,-81.03564089525544,59.478493870801195,0.00047033540048,-141.88073096267036,False,True,train
2026-03-10 18:52:00+00:00,uniswap_v2,sushiswap_v2,-81.03564089525544,59.478493870801195,0.00047033540048,-141.88073096267036,False,True,train
2026-03-10 18:53:00+00:00,uniswap_v2,sushiswap_v2,-81.03564089525544,59.478493870801195,0.00047033540048,-141.88073096267036,False,True,train
2026-03-10 18:54:00+00:00,uniswap_v2,sushiswap_v2,-81.03564089525544,59.478493870801195,0.00047033540048,-141.88073096267036,False,True,train
2026-03-10 18:55:00+00:00,uniswap_v2,sushiswap_v2,-81.03564089525544,59.478493870801195,0.00047033540048,-141.88073096267036,False,True,train
2026-03-10 18:56:00+00:00,uniswap_v2,sushiswap_v2,-81.03564089525544,59.478493870801195,0.00047033540048,-141.88073096267036,False,True,train
2026-03-10 18:57:00+00:00,uniswap_v2,sushiswap_v2,-81.03564089525544,59.478493870801195,0.00047033540048,-141.88073096267036,False,True,train
2026-03-10 18:58:00+00:00,uniswap_v2,sushiswap_v2,-81.03564089525544,59.478493870801195,0.00047033540048,-141.88073096267036,False,True,train
2026-03-10 18:59:00+00:00,uniswap_v2,sushiswap_v2,-81.03564089525544,59.478493870801195,0.00047033540048,-141.88073096267036,False,True,train
2026-03-10 19:00:00+00:00,uniswap_v2,sushiswap_v2,-81.03564089525544,59.478493870801195,0.00047033540048,-141.88073096267036,False,True,train
2026-03-10 19:01:00+00:00,uniswap_v2,sushiswap_v2,-81.03564089525544,59.478493870801195,0.00047033540048,-141.88073096267036,False,True,train
2026-03-10 19:02:00+00:00,uniswap_v2,sushiswap_v2,-81.03564089525544,59.478493870801195,0.00047033540048,-141.88073096267036,False,True,train
2026-03-10 19:03:00+00:00,uniswap_v2,sushiswap_v2,-81.03564089525544,59.478493870801195,0.00047033540048,-141.88073096267036,False,True,train
2026-03-10 19:04:00+00:00,uniswap_v2,sushiswap_v2,-81.03564089525544,59.478493870801195,0.00047033540048,-141.88073096267036,False,True,train
2026-03-10 19:05:00+00:00,uniswap_v2,sushiswap_v2,-81.03564089525544,59.478493870801195,0.00047033540048,-141.88073096267036,False,True,train
2026-03-10 19:06:00+00:00,uniswap_v2,sushiswap_v2,-81.03564089525544,59.478493870801195,0.00047033540048,-141.88073096267036,False,True,train
2026-03-10 19:07:00+00:00,uniswap_v2,sushiswap_v2,-81.03564089525544,59.478493870801195,0.00047033540048,-141.88073096267036,False,True,train
2026-03-10 19:08:00+00:00,uniswap_v2,sushiswap_v2,-81.03564089525544,59.478493870801195,0.00047033540048,-141.88073096267036,False,True,train
2026-03-10 19:09:00+00:00,uniswap_v2,sushiswap_v2,-81.03564089525544,59.478493870801195,0.00047033540048,-141.88073096267036,False,True,train
2026-03-10 19:10:00+00:00,uniswap_v2,sushiswap_v2,-81.03564089525544,59.478493870801195,0.00047033540048,-141.88073096267036,False,True,train
2026-03-10 19:11:00+00:00,uniswap_v2,sushiswap_v2,-81.03564089525544,59.478493870801195,0.00047033540048,-141.88073096267036,False,True,train
2026-03-10 19:12:00+00:00,uniswap_v2,sushiswap_v2,-81.03564089525544,59.478493870801195,0.00047033540048,-141.88073096267036,False,True,train
2026-03-10 19:13:00+00:00,uniswap_v2,sushiswap_v2,-81.03564089525544,59.478493870801195,0.00047033540048,-141.88073096267036,False,True,train
2026-03-10 19:14:00+00:00,uniswap_v2,sushiswap_v2,-81.03564089525544,59.478493870801195,0.00047033540048,-141.88073096267036,False,True,train
2026-03-10 19:15:00+00:00,uniswap_v2,sushiswap_v2,-81.03564089525544,59.478493870801195,0.00047033540048,-141.88073096267036,False,True,train
2026-03-10 19:16:00+00:00,uniswap_v2,sushiswap_v2,-81.03564089525544,59.478493870801195,0.00047033540048,-141.88073096267036,False,True,train
2026-03-10 19:17:00+00:00,uniswap_v2,sushiswap_v2,-81.03564089525544,59.478493870801195,0.00047033540048,-141.88073096267036,False,True,train
2026-03-10 19:18:00+00:00,uniswap_v2,sushiswap_v2,-81.03564089525544,59.478493870801195,0.00047033540048,-141.88073096267036,False,True,train
2026-03-10 19:19:00+00:00,uniswap_v2,sushiswap_v2,-81.03564089525544,59.478493870801195,0.00047033540048,-141.88073096267036,False,True,train
2026-03-10 19:20:00+00:00,uniswap_v2,sushiswap_v2,-81.03564089525544,59.478493870801195,0.00047033540048,-141.88073096267036,False,True,train
2026-03-10 19:21:00+00:00,uniswap_v2,sushiswap_v2,-81.03564089525544,59.478493870801195,0.00047033540048,-141.88073096267036,False,True,train
2026-03-10 19:22:00+00:00,uniswap_v2,sushiswap_v2,-81.03564089525544,59.478493870801195,0.00047033540048,-141.88073096267036,False,True,train
2026-03-10 19:23:00+00:00,uniswap_v2,sushiswap_v2,-81.03564089525544,59.478493870801195,0.00047033540048,-141.88073096267036,False,True,train
2026-03-10 19:24:00+00:00,uniswap_v2,sushiswap_v2,-81.03564089525544,59.478493870801195,0.00047033540048,-141.88073096267036,False,True,train
2026-03-10 19:25:00+00:00,uniswap_v2,sushiswap_v2,-81.03564089525544,59.478493870801195,0.00047033540048,-141.88073096267036,False,True,train
2026-03-10 19:26:00+00:00,uniswap_v2,sushiswap_v2,-81.03564089525544,59.478493870801195,0.00047033540048,-141.88073096267036,False,True,train
2026-03-10 19:27:00+00:00,uniswap_v2,sushiswap_v2,-81.03564089525544,59.478493870801195,0.00047033540048,-141.88073096267036,False,True,train
2026-03-10 19:28:00+00:00,uniswap_v2,sushiswap_v2,-81.03564089525544,59.478493870801195,0.00047033540048,-141.88073096267036,False,True,train
2026-03-10 19:29:00+00:00,uniswap_v2,sushiswap_v2,-81.03564089525544,59.478493870801195,0.00047033540048,-141.88073096267036,False,True,train
2026-03-10 19:30:00+00:00,uniswap_v2,sushiswap_v2,-81.03564089525544,59.478493870801195,0.00047033540048,-141.88073096267036,False,True,train
2026-03-10 19:31:00+00:00,uniswap_v2,sushiswap_v2,-81.03564089525544,59.478493870801195,0.00047033540048,-141.88073096267036,False,True,train
2026-03-10 19:32:00+00:00,uniswap_v2,sushiswap_v2,-81.03564089525544,59.478493870801195,0.00047033540048,-141.88073096267036,False,True,train
2026-03-10 19:33:00+00:00,uniswap_v2,sushiswap_v2,-81.03564089525544,59.478493870801195,0.00047033540048,-141.88073096267036,False,True,train
2026-03-10 19:34:00+00:00,uniswap_v2,sushiswap_v2,-81.03564089525544,59.478493870801195,0.00047033540048,-141.88073096267036,False,True,train
2026-03-10 19:35:00+00:00,uniswap_v2,sushiswap_v2,-81.0035178995769,59.47858893789553,0.00046319107164,-141.8279390978103,False,False,train
2026-03-10 19:36:00+00:00,uniswap_v2,sushiswap_v2,-81.0035178995769,59.47858893789553,0.00046319107164,-141.8279390978103,False,False,train
2026-03-10 19:37:00+00:00,uniswap_v2,sushiswap_v2,-81.0035178995769,59.47858893789553,0.00046319107164,-141.8279390978103,False,False,train
2026-03-10 19:38:00+00:00,uniswap_v2,sushiswap_v2,-81.0035178995769,59.47858893789553,0.00046319107164,-141.8279390978103,False,False,train
2026-03-10 19:39:00+00:00,uniswap_v2,sushiswap_v2,-81.0035178995769,59.47858893789553,0.00046319107164,-141.8279390978103,False,False,train
2026-03-10 19:40:00+00:00,uniswap_v2,sushiswap_v2,-81.0035178995769,59.47858893789553,0.00046319107164,-141.8279390978103,False,False,train
2026-03-10 19:41:00+00:00,uniswap_v2,sushiswap_v2,-81.0035178995769,59.47858893789553,0.00046319107164,-141.8279390978103,False,False,train
2026-03-10 19:42:00+00:00,uniswap_v2,sushiswap_v2,-81.0035178995769,59.47858893789553,0.00046319107164,-141.8279390978103,False,False,train
2026-03-10 19:43:00+00:00,uniswap_v2,sushiswap_v2,-81.0035178995769,59.47858893789553,0.00046319107164,-141.8279390978103,False,False,train
2026-03-10 19:44:00+00:00,uniswap_v2,sushiswap_v2,-81.00351643748358,59.478588942253324,0.00045925536272,-141.81650217798412,False,False,train
2026-03-10 19:45:00+00:00,uniswap_v2,sushiswap_v2,-81.00351643748358,59.478588942253324,0.00045925536272,-141.81650217798412,False,False,train
2026-03-10 19:46:00+00:00,uniswap_v2,sushiswap_v2,-81.00351643748358,59.478588942253324,0.00045925536272,-141.81650217798412,False,False,train
2026-03-10 19:47:00+00:00,uniswap_v2,sushiswap_v2,-81.00351643748358,59.478588942253324,0.00045925536272,-141.81650217798412,False,False,train
2026-03-10 19:48:00+00:00,uniswap_v2,sushiswap_v2,-81.00351643748358,59.478588942253324,0.00045925536272,-141.81650217798412,False,False,train
2026-03-10 19:49:00+00:00,uniswap_v2,sushiswap_v2,-81.00351643748358,59.478588942253324,0.00045925536272,-141.81650217798412,False,False,train
2026-03-10 19:50:00+00:00,uniswap_v2,sushiswap_v2,-81.00351643748358,59.478588942253324,0.00045925536272,-141.81650217798412,False,False,train
2026-03-10 19:51:00+00:00,uniswap_v2,sushiswap_v2,-81.00351643748358,59.478588942253324,0.00045925536272,-141.81650217798412,False,True,train
2026-03-10 19:52:00+00:00,uniswap_v2,sushiswap_v2,-81.00351643748358,59.478588942253324,0.00045925536272,-141.81650217798412,False,True,train
2026-03-10 19:53:00+00:00,uniswap_v2,sushiswap_v2,-81.00351643748358,59.478588942253324,0.00045925536272,-141.81650217798412,False,True,train
2026-03-10 19:54:00+00:00,uniswap_v2,sushiswap_v2,-81.00351643748358,59.478588942253324,0.00045925536272,-141.81650217798412,False,True,train
2026-03-10 19:55:00+00:00,uniswap_v2,sushiswap_v2,-81.00351643748358,59.478588942253324,0.00045925536272,-141.81650217798412,False,True,train
2026-03-10 19:56:00+00:00,uniswap_v2,sushiswap_v2,-81.00351643748358,59.478588942253324,0.00045925536272,-141.81650217798412,False,True,train
2026-03-10 19:57:00+00:00,uniswap_v2,sushiswap_v2,-81.00351643748358,59.478588942253324,0.00045925536272,-141.81650217798412,False,True,train
2026-03-10 19:58:00+00:00,uniswap_v2,sushiswap_v2,-81.00351643748358,59.478588942253324,0.00045925536272,-141.81650217798412,False,True,train
2026-03-10 19:59:00+00:00,uniswap_v2,sushiswap_v2,-81.00351643748358,59.478588942253324,0.00045925536272,-141.81650217798412,False,True,train
2026-03-10 20:00:00+00:00,uniswap_v2,sushiswap_v2,-81.00351643748358,59.478588942253324,0.00045925536272,-141.81650217798412,False,True,train
2026-03-10 20:01:00+00:00,uniswap_v2,sushiswap_v2,-81.00351643748358,59.478588942253324,0.00045925536272,-141.81650217798412,False,True,train
2026-03-10 20:02:00+00:00,uniswap_v2,sushiswap_v2,-81.00351643748358,59.478588942253324,0.00045925536272,-141.81650217798412,False,True,train
2026-03-10 20:03:00+00:00,uniswap_v2,sushiswap_v2,-81.00351643748358,59.478588942253324,0.00045925536272,-141.81650217798412,False,True,train
2026-03-10 20:04:00+00:00,uniswap_v2,sushiswap_v2,-81.00351643748358,59.478588942253324,0.00045925536272,-141.81650217798412,False,True,train
2026-03-10 20:05:00+00:00,uniswap_v2,sushiswap_v2,-81.00075322556792,59.47859717924587,0.00045694190322,-141.80702566462196,False,True,train
2026-03-10 20:06:00+00:00,uniswap_v2,sushiswap_v2,-81.00075322556792,59.47859717924587,0.00045694190322,-141.80702566462196,False,True,train
2026-03-10 20:07:00+00:00,uniswap_v2,sushiswap_v2,-81.00075322556792,59.47859717924587,0.00045694190322,-141.80702566462196,False,True,train
2026-03-10 20:08:00+00:00,uniswap_v2,sushiswap_v2,-81.00075322556792,59.47859717924587,0.00045694190322,-141.80702566462196,False,True,train
2026-03-10 20:09:00+00:00,uniswap_v2,sushiswap_v2,-81.00075322556792,59.47859717924587,0.00045694190322,-141.80702566462196,False,True,train
2026-03-10 20:10:00+00:00,uniswap_v2,sushiswap_v2,-81.00075322556792,59.47859717924587,0.00045694190322,-141.80702566462196,False,True,train
2026-03-10 20:11:00+00:00,uniswap_v2,sushiswap_v2,-81.00075322556792,59.47859717924587,0.00045694190322,-141.80702566462196,False,True,train
2026-03-10 20:12:00+00:00,uniswap_v2,sushiswap_v2,-81.00075322556792,59.47859717924587,0.00045694190322,-141.80702566462196,False,True,train
2026-03-10 20:13:00+00:00,uniswap_v2,sushiswap_v2,-81.00075322556792,59.47859717924587,0.00045694190322,-141.80702566462196,False,True,train
2026-03-10 20:14:00+00:00,uniswap_v2,sushiswap_v2,-81.00075322556792,59.47859717924587,0.00045694190322,-141.80702566462196,False,True,train
2026-03-10 20:15:00+00:00,uniswap_v2,sushiswap_v2,-81.00075322556792,59.47859717924587,0.00045694190322,-141.80702566462196,False,True,train
2026-03-10 20:16:00+00:00,uniswap_v2,sushiswap_v2,-81.00075322556792,59.47859717924587,0.00045694190322,-141.80702566462196,False,True,train
2026-03-10 20:17:00+00:00,uniswap_v2,sushiswap_v2,-81.00075322556792,59.47859717924587,0.00045694190322,-141.80702566462196,False,True,train
2026-03-10 20:18:00+00:00,uniswap_v2,sushiswap_v2,-81.00075322556792,59.47859717924587,0.00045694190322,-141.80702566462196,False,True,train
2026-03-10 20:19:00+00:00,uniswap_v2,sushiswap_v2,-81.00075322556792,59.47859717924587,0.00045694190322,-141.80702566462196,False,True,train
2026-03-10 20:20:00+00:00,uniswap_v2,sushiswap_v2,-81.00075322556792,59.47859717924587,0.00045694190322,-141.80702566462196,False,True,train
2026-03-10 20:21:00+00:00,uniswap_v2,sushiswap_v2,-81.00075322556792,59.47859717924587,0.00045694190322,-141.80702566462196,False,True,train
2026-03-10 20:22:00+00:00,uniswap_v2,sushiswap_v2,-81.00075322556792,59.47859717924587,0.00045694190322,-141.80702566462196,False,True,train
2026-03-10 20:23:00+00:00,uniswap_v2,sushiswap_v2,-81.00075322556792,59.47859717924587,0.00045694190322,-141.80702566462196,False,True,train
2026-03-10 20:24:00+00:00,uniswap_v2,sushiswap_v2,-81.00075322556792,59.47859717924587,0.00045694190322,-141.80702566462196,False,True,train
2026-03-10 20:25:00+00:00,uniswap_v2,sushiswap_v2,-81.00075322556792,59.47859717924587,0.00045694190322,-141.80702566462196,False,True,train
2026-03-10 20:26:00+00:00,uniswap_v2,sushiswap_v2,-81.00075322556792,59.47859717924587,0.00045694190322,-141.80702566462196,False,True,train
2026-03-10 20:27:00+00:00,uniswap_v2,sushiswap_v2,-81.00075322556792,59.47859717924587,0.00045694190322,-141.80702566462196,False,True,train
2026-03-10 20:28:00+00:00,uniswap_v2,sushiswap_v2,-81.00075322556792,59.47859717924587,0.00045694190322,-141.80702566462196,False,True,train
2026-03-10 20:29:00+00:00,uniswap_v2,sushiswap_v2,-81.00075322556792,59.47859717924587,0.00045694190322,-141.80702566462196,False,True,train
2026-03-10 20:30:00+00:00,uniswap_v2,sushiswap_v2,-81.00075322556792,59.47859717924587,0.00045694190322,-141.80702566462196,False,True,train
2026-03-10 20:31:00+00:00,uniswap_v2,sushiswap_v2,-81.00075322556792,59.47859717924587,0.00045694190322,-141.80702566462196,False,True,train
2026-03-10 20:32:00+00:00,uniswap_v2,sushiswap_v2,-81.00075322556792,59.47859717924587,0.00045694190322,-141.80702566462196,False,True,train
2026-03-10 20:33:00+00:00,uniswap_v2,sushiswap_v2,-81.00075322556792,59.47859717924587,0.00045694190322,-141.80702566462196,False,True,train
2026-03-10 20:34:00+00:00,uniswap_v2,sushiswap_v2,-81.00075322556792,59.47859717924587,0.00045694190322,-141.80702566462196,False,True,train
2026-03-10 20:35:00+00:00,uniswap_v2,sushiswap_v2,-81.00075322556792,59.47859717924587,0.00045694190322,-141.80702566462196,False,True,train
2026-03-10 20:36:00+00:00,uniswap_v2,sushiswap_v2,-81.00075322556792,59.47859717924587,0.00045694190322,-141.80702566462196,False,True,train
2026-03-10 20:37:00+00:00,uniswap_v2,sushiswap_v2,-81.00075322556792,59.47859717924587,0.00045694190322,-141.80702566462196,False,True,train
2026-03-10 20:38:00+00:00,uniswap_v2,sushiswap_v2,-81.00075322556792,59.47859717924587,0.00045694190322,-141.80702566462196,False,True,train
2026-03-10 20:39:00+00:00,uniswap_v2,sushiswap_v2,-81.00075322556792,59.47859717924587,0.00045694190322,-141.80702566462196,False,True,train
2026-03-10 20:40:00+00:00,uniswap_v2,sushiswap_v2,-81.00075322556792,59.47859717924587,0.00045694190322,-141.80702566462196,False,True,train
2026-03-10 20:41:00+00:00,uniswap_v2,sushiswap_v2,-81.00075322556792,59.47859717924587,0.00045694190322,-141.80702566462196,False,True,train
2026-03-10 20:42:00+00:00,uniswap_v2,sushiswap_v2,-81.00075322556792,59.47859717924587,0.00045694190322,-141.80702566462196,False,True,train
2026-03-10 20:43:00+00:00,uniswap_v2,sushiswap_v2,-81.00075322556792,59.47859717924587,0.00045694190322,-141.80702566462196,False,True,train
2026-03-10 20:44:00+00:00,uniswap_v2,sushiswap_v2,-80.98998718862396,59.47862927224757,0.00045601878498,-141.79361098140012,False,True,train
2026-03-10 20:45:00+00:00,uniswap_v2,sushiswap_v2,-80.98998718862396,59.47862927224757,0.00045601878498,-141.79361098140012,False,True,train
2026-03-10 20:46:00+00:00,uniswap_v2,sushiswap_v2,-80.98998718862396,59.47862927224757,0.00045601878498,-141.79361098140012,False,True,train
2026-03-10 20:47:00+00:00,uniswap_v2,sushiswap_v2,-80.98998718862396,59.47862927224757,0.00045601878498,-141.79361098140012,False,True,train
2026-03-10 20:48:00+00:00,uniswap_v2,sushiswap_v2,-80.98998718862396,59.47862927224757,0.00045601878498,-141.79361098140012,False,True,train
2026-03-10 20:49:00+00:00,uniswap_v2,sushiswap_v2,-80.98998718862396,59.47862927224757,0.00045601878498,-141.79361098140012,False,True,train
2026-03-10 20:50:00+00:00,uniswap_v2,sushiswap_v2,-80.98998718862396,59.47862927224757,0.00045601878498,-141.79361098140012,False,True,train
2026-03-10 20:51:00+00:00,uniswap_v2,sushiswap_v2,-80.98998718862396,59.47862927224757,0.00045601878498,-141.79361098140012,False,True,train
2026-03-10 20:52:00+00:00,uniswap_v2,sushiswap_v2,-80.98998718862396,59.47862927224757,0.00045601878498,-141.79361098140012,False,True,train
2026-03-10 20:53:00+00:00,uniswap_v2,sushiswap_v2,-80.98998718862396,59.47862927224757,0.00045601878498,-141.79361098140012,False,True,train
2026-03-10 20:54:00+00:00,uniswap_v2,sushiswap_v2,-80.98998718862396,59.47862927224757,0.00045601878498,-141.79361098140012,False,True,train
2026-03-10 20:55:00+00:00,uniswap_v2,sushiswap_v2,-80.98998718862396,59.47862927224757,0.00045601878498,-141.79361098140012,False,True,train
2026-03-10 20:56:00+00:00,uniswap_v2,sushiswap_v2,-80.98998718862396,59.47862927224757,0.00045601878498,-141.79361098140012,False,True,train
2026-03-10 20:57:00+00:00,uniswap_v2,sushiswap_v2,-80.98998718862396,59.47862927224757,0.00045601878498,-141.79361098140012,False,True,train
2026-03-10 20:58:00+00:00,uniswap_v2,sushiswap_v2,-80.98998718862396,59.47862927224757,0.00045601878498,-141.79361098140012,False,True,train
2026-03-10 20:59:00+00:00,uniswap_v2,sushiswap_v2,-80.98998718862396,59.47862927224757,0.00045601878498,-141.79361098140012,False,True,train
2026-03-10 21:00:00+00:00,uniswap_v2,sushiswap_v2,-80.98998718862396,59.47862927224757,0.00045601878498,-141.79361098140012,False,True,train
2026-03-10 21:01:00+00:00,uniswap_v2,sushiswap_v2,-80.98998718862396,59.47862927224757,0.00045601878498,-141.79361098140012,False,True,train
2026-03-10 21:02:00+00:00,uniswap_v2,sushiswap_v2,-80.98998718862396,59.47862927224757,0.00045601878498,-141.79361098140012,False,True,train
2026-03-10 21:03:00+00:00,uniswap_v2,sushiswap_v2,-80.98998718862396,59.47862927224757,0.00045601878498,-141.79361098140012,False,True,train
2026-03-10 21:04:00+00:00,uniswap_v2,sushiswap_v2,-80.98998718862396,59.47862927224757,0.00045601878498,-141.79361098140012,False,True,train
2026-03-10 21:05:00+00:00,uniswap_v2,sushiswap_v2,-80.98998718862396,59.47862927224757,0.00045601878498,-141.79361098140012,False,True,train
2026-03-10 21:06:00+00:00,uniswap_v2,sushiswap_v2,-80.98998718862396,59.47862927224757,0.00045601878498,-141.79361098140012,False,True,train
2026-03-10 21:07:00+00:00,uniswap_v2,sushiswap_v2,-80.98998718862396,59.47862927224757,0.00045601878498,-141.79361098140012,False,True,train
2026-03-10 21:08:00+00:00,uniswap_v2,sushiswap_v2,-80.98998718862396,59.47862927224757,0.00045601878498,-141.79361098140012,False,True,train
2026-03-10 21:09:00+00:00,uniswap_v2,sushiswap_v2,-80.98998718862396,59.47862927224757,0.00045601878498,-141.79361098140012,False,True,train
2026-03-10 21:10:00+00:00,uniswap_v2,sushiswap_v2,-80.98998718862396,59.47862927224757,0.00045601878498,-141.79361098140012,False,True,train
2026-03-10 21:11:00+00:00,uniswap_v2,sushiswap_v2,-80.98998718862396,59.47862927224757,0.00045601878498,-141.79361098140012,False,True,train
2026-03-10 21:12:00+00:00,uniswap_v2,sushiswap_v2,-80.98998718862396,59.47862927224757,0.00045601878498,-141.79361098140012,False,True,train
2026-03-10 21:13:00+00:00,uniswap_v2,sushiswap_v2,-80.98998718862396,59.47862927224757,0.00045601878498,-141.79361098140012,False,True,train
2026-03-10 21:14:00+00:00,uniswap_v2,sushiswap_v2,-80.98998718862396,59.47862927224757,0.00045601878498,-141.79361098140012,False,True,train
2026-03-10 21:15:00+00:00,uniswap_v2,sushiswap_v2,-80.98998718862396,59.47862927224757,0.00045601878498,-141.79361098140012,False,True,train
2026-03-10 21:16:00+00:00,uniswap_v2,sushiswap_v2,-80.98998718862396,59.47862927224757,0.00045601878498,-141.79361098140012,False,True,train
2026-03-10 21:17:00+00:00,uniswap_v2,sushiswap_v2,-80.98998718862396,59.47862927224757,0.00045601878498,-141.79361098140012,False,True,train
2026-03-10 21:18:00+00:00,uniswap_v2,sushiswap_v2,-80.98998718862396,59.47862927224757,0.00045601878498,-141.79361098140012,False,True,train
2026-03-10 21:19:00+00:00,uniswap_v2,sushiswap_v2,-80.98998718862396,59.47862927224757,0.00045601878498,-141.79361098140012,False,True,train
2026-03-10 21:20:00+00:00,uniswap_v2,sushiswap_v2,-80.98998718862396,59.47862927224757,0.00045601878498,-141.79361098140012,False,True,train
2026-03-10 21:21:00+00:00,uniswap_v2,sushiswap_v2,-80.98998718862396,59.47862927224757,0.00045601878498,-141.79361098140012,False,True,train
2026-03-10 21:22:00+00:00,uniswap_v2,sushiswap_v2,-80.98998718862396,59.47862927224757,0.00045601878498,-141.79361098140012,False,True,train
2026-03-10 21:23:00+00:00,uniswap_v2,sushiswap_v2,-80.98998718862396,59.47862927224757,0.00045601878498,-141.79361098140012,False,True,train
2026-03-10 21:24:00+00:00,uniswap_v2,sushiswap_v2,-80.98998718862396,59.47862927224757,0.00045601878498,-141.79361098140012,False,True,train
2026-03-10 21:25:00+00:00,uniswap_v2,sushiswap_v2,-80.98998718862396,59.47862927224757,0.00045601878498,-141.79361098140012,False,True,train
2026-03-10 21:26:00+00:00,uniswap_v2,sushiswap_v2,-80.98998718862396,59.47862927224757,0.00045601878498,-141.79361098140012,False,True,train
2026-03-10 21:27:00+00:00,uniswap_v2,sushiswap_v2,-80.98998718862396,59.47862927224757,0.00045601878498,-141.79361098140012,False,True,train
2026-03-10 21:28:00+00:00,uniswap_v2,sushiswap_v2,-80.98998718862396,59.47862927224757,0.00045601878498,-141.79361098140012,False,True,train
2026-03-10 21:29:00+00:00,uniswap_v2,sushiswap_v2,-80.98998718862396,59.47862927224757,0.00045601878498,-141.79361098140012,False,True,train
2026-03-10 21:30:00+00:00,uniswap_v2,sushiswap_v2,-80.98998718862396,59.47862927224757,0.00045601878498,-141.79361098140012,False,True,train
2026-03-10 21:31:00+00:00,uniswap_v2,sushiswap_v2,-80.98998718862396,59.47862927224757,0.00045601878498,-141.79361098140012,False,True,train
2026-03-10 21:32:00+00:00,uniswap_v2,sushiswap_v2,-80.98998718862396,59.47862927224757,0.00045601878498,-141.79361098140012,False,True,train
2026-03-10 21:33:00+00:00,uniswap_v2,sushiswap_v2,-80.98998718862396,59.47862927224757,0.00045601878498,-141.79361098140012,False,True,train
2026-03-10 21:34:00+00:00,uniswap_v2,sushiswap_v2,-80.98998718862396,59.47862927224757,0.00045601878498,-141.79361098140012,False,True,train
2026-03-10 21:35:00+00:00,uniswap_v2,sushiswap_v2,-80.98998718862396,59.47862927224757,0.00045601878498,-141.79361098140012,False,True,train
2026-03-10 21:36:00+00:00,uniswap_v2,sushiswap_v2,-80.98998718862396,59.47862927224757,0.00045601878498,-141.79361098140012,False,True,train
2026-03-10 21:37:00+00:00,uniswap_v2,sushiswap_v2,-80.98998718862396,59.47862927224757,0.00045601878498,-141.79361098140012,False,True,train
2026-03-10 21:38:00+00:00,uniswap_v2,sushiswap_v2,-80.98998718862396,59.47862927224757,0.00045601878498,-141.79361098140012,False,True,train
2026-03-10 21:39:00+00:00,uniswap_v2,sushiswap_v2,-80.98998718862396,59.47862927224757,0.00045601878498,-141.79361098140012,False,True,train
2026-03-10 21:40:00+00:00,uniswap_v2,sushiswap_v2,-80.98998718862396,59.47862927224757,0.00045601878498,-141.79361098140012,False,True,train
2026-03-10 21:41:00+00:00,uniswap_v2,sushiswap_v2,-80.98998718862396,59.47862927224757,0.00045601878498,-141.79361098140012,False,True,train
2026-03-10 21:42:00+00:00,uniswap_v2,sushiswap_v2,-80.98998718862396,59.47862927224757,0.00045601878498,-141.79361098140012,False,True,train
2026-03-10 21:43:00+00:00,uniswap_v2,sushiswap_v2,-80.98998718862396,59.47862927224757,0.00045601878498,-141.79361098140012,False,True,train
2026-03-10 21:44:00+00:00,uniswap_v2,sushiswap_v2,-80.98998718862396,59.47862927224757,0.00045601878498,-141.79361098140012,False,True,train
2026-03-10 21:45:00+00:00,uniswap_v2,sushiswap_v2,-80.96978074155905,59.478689506624406,0.000446298842,-141.74522544325802,False,True,train
2026-03-10 21:46:00+00:00,uniswap_v2,sushiswap_v2,-80.9943522502765,59.478616260223795,0.0004483081328,-141.77555861607487,False,True,train
2026-03-10 21:47:00+00:00,uniswap_v2,sushiswap_v2,-80.9943522502765,59.478616260223795,0.0004483081328,-141.77555861607487,False,True,train
2026-03-10 21:48:00+00:00,uniswap_v2,sushiswap_v2,-80.9943522502765,59.478616260223795,0.0004483081328,-141.77555861607487,False,True,train
2026-03-10 21:49:00+00:00,uniswap_v2,sushiswap_v2,-80.9943522502765,59.478616260223795,0.0004483081328,-141.77555861607487,False,True,train
2026-03-10 21:50:00+00:00,uniswap_v2,sushiswap_v2,-80.9943522502765,59.478616260223795,0.0004483081328,-141.77555861607487,False,True,train
2026-03-10 21:51:00+00:00,uniswap_v2,sushiswap_v2,-80.9943522502765,59.478616260223795,0.0004483081328,-141.77555861607487,False,True,train
2026-03-10 21:52:00+00:00,uniswap_v2,sushiswap_v2,-80.9943522502765,59.478616260223795,0.0004483081328,-141.77555861607487,False,True,train
2026-03-10 21:53:00+00:00,uniswap_v2,sushiswap_v2,-80.9943522502765,59.478616260223795,0.0004483081328,-141.77555861607487,False,True,train
2026-03-10 21:54:00+00:00,uniswap_v2,sushiswap_v2,-80.9943522502765,59.478616260223795,0.0004483081328,-141.77555861607487,False,True,train
2026-03-10 21:55:00+00:00,uniswap_v2,sushiswap_v2,-80.9943522502765,59.478616260223795,0.0004483081328,-141.77555861607487,False,True,train
2026-03-10 21:56:00+00:00,uniswap_v2,sushiswap_v2,-80.9943522502765,59.478616260223795,0.0004483081328,-141.77555861607487,False,True,train
2026-03-10 21:57:00+00:00,uniswap_v2,sushiswap_v2,-80.9943522502765,59.478616260223795,0.0004483081328,-141.77555861607487,False,True,train
2026-03-10 21:58:00+00:00,uniswap_v2,sushiswap_v2,-80.9943522502765,59.478616260223795,0.0004483081328,-141.77555861607487,False,True,train
2026-03-10 21:59:00+00:00,uniswap_v2,sushiswap_v2,-80.9943522502765,59.478616260223795,0.0004483081328,-141.77555861607487,False,True,train
2026-03-10 22:00:00+00:00,uniswap_v2,sushiswap_v2,-80.9943522502765,59.478616260223795,0.0004483081328,-141.77555861607487,False,True,train
2026-03-10 22:01:00+00:00,uniswap_v2,sushiswap_v2,-80.9943522502765,59.478616260223795,0.0004483081328,-141.77555861607487,False,True,train
2026-03-10 22:02:00+00:00,uniswap_v2,sushiswap_v2,-80.9943522502765,59.478616260223795,0.0004483081328,-141.77555861607487,False,True,train
2026-03-10 22:03:00+00:00,uniswap_v2,sushiswap_v2,-80.9943522502765,59.478616260223795,0.0004483081328,-141.77555861607487,False,True,train
2026-03-10 22:04:00+00:00,uniswap_v2,sushiswap_v2,-80.9943522502765,59.478616260223795,0.0004483081328,-141.77555861607487,False,True,train
2026-03-10 22:05:00+00:00,uniswap_v2,sushiswap_v2,-80.9943522502765,59.478616260223795,0.0004483081328,-141.77555861607487,False,True,train
2026-03-10 22:06:00+00:00,uniswap_v2,sushiswap_v2,-80.9943522502765,59.478616260223795,0.0004483081328,-141.77555861607487,False,True,train
2026-03-10 22:07:00+00:00,uniswap_v2,sushiswap_v2,-80.9943522502765,59.478616260223795,0.0004483081328,-141.77555861607487,False,True,train
2026-03-10 22:08:00+00:00,uniswap_v2,sushiswap_v2,-80.9943522502765,59.478616260223795,0.0004483081328,-141.77555861607487,False,True,train
2026-03-10 22:09:00+00:00,uniswap_v2,sushiswap_v2,-80.9943522502765,59.478616260223795,0.0004483081328,-141.77555861607487,False,True,train
2026-03-10 22:10:00+00:00,uniswap_v2,sushiswap_v2,-80.9943522502765,59.478616260223795,0.0004483081328,-141.77555861607487,False,True,train
2026-03-10 22:11:00+00:00,uniswap_v2,sushiswap_v2,-80.92218329134961,59.47883139217126,0.00044842659774,-141.70395850580655,False,True,train
2026-03-10 22:12:00+00:00,uniswap_v2,sushiswap_v2,-80.92218329134961,59.47883139217126,0.00044842659774,-141.70395850580655,False,True,train
2026-03-10 22:13:00+00:00,uniswap_v2,sushiswap_v2,-80.92218329134961,59.47883139217126,0.00044842659774,-141.70395850580655,False,True,train
2026-03-10 22:14:00+00:00,uniswap_v2,sushiswap_v2,-80.92218329134961,59.47883139217126,0.00044842659774,-141.70395850580655,False,True,train
2026-03-10 22:15:00+00:00,uniswap_v2,sushiswap_v2,-80.9221817929659,59.47883139663757,0.00044899784006,-141.7056168080392,False,True,train
2026-03-10 22:16:00+00:00,uniswap_v2,sushiswap_v2,-80.9221817929659,59.47883139663757,0.00044899784006,-141.7056168080392,False,True,train
2026-03-10 22:17:00+00:00,uniswap_v2,sushiswap_v2,-80.9221817929659,59.47883139663757,0.00044899784006,-141.7056168080392,False,True,train
2026-03-10 22:18:00+00:00,uniswap_v2,sushiswap_v2,-80.9221817929659,59.47883139663757,0.00044899784006,-141.7056168080392,False,True,train
2026-03-10 22:19:00+00:00,uniswap_v2,sushiswap_v2,-80.9221817929659,59.47883139663757,0.00044899784006,-141.7056168080392,False,True,train
2026-03-10 22:20:00+00:00,uniswap_v2,sushiswap_v2,-80.9221817929659,59.47883139663757,0.00044899784006,-141.7056168080392,False,True,train
2026-03-10 22:21:00+00:00,uniswap_v2,sushiswap_v2,-80.9221817929659,59.47883139663757,0.00044899784006,-141.7056168080392,False,True,train
2026-03-10 22:22:00+00:00,uniswap_v2,sushiswap_v2,-80.9221817929659,59.47883139663757,0.00044899784006,-141.7056168080392,False,True,train
2026-03-10 22:23:00+00:00,uniswap_v2,sushiswap_v2,-80.9221817929659,59.47883139663757,0.00044899784006,-141.7056168080392,False,True,train
2026-03-10 22:24:00+00:00,uniswap_v2,sushiswap_v2,-80.9221817929659,59.47883139663757,0.00044899784006,-141.7056168080392,False,True,train
2026-03-10 22:25:00+00:00,uniswap_v2,sushiswap_v2,-80.9221817929659,59.47883139663757,0.00044899784006,-141.7056168080392,False,True,train
2026-03-10 22:26:00+00:00,uniswap_v2,sushiswap_v2,-80.9221817929659,59.47883139663757,0.00044899784006,-141.7056168080392,False,True,train
2026-03-10 22:27:00+00:00,uniswap_v2,sushiswap_v2,-80.9221817929659,59.47883139663757,0.00044899784006,-141.7056168080392,False,True,train
2026-03-10 22:28:00+00:00,uniswap_v2,sushiswap_v2,-80.9221817929659,59.47883139663757,0.00044899784006,-141.7056168080392,False,True,train
2026-03-10 22:29:00+00:00,uniswap_v2,sushiswap_v2,-80.9221817929659,59.47883139663757,0.00044899784006,-141.7056168080392,False,True,train
2026-03-10 22:30:00+00:00,uniswap_v2,sushiswap_v2,-80.9221817929659,59.47883139663757,0.00044899784006,-141.7056168080392,False,True,train
2026-03-10 22:31:00+00:00,uniswap_v2,sushiswap_v2,-80.9221817929659,59.47883139663757,0.00044899784006,-141.7056168080392,False,True,train
2026-03-10 22:32:00+00:00,uniswap_v2,sushiswap_v2,-80.9221817929659,59.47883139663757,0.00044899784006,-141.7056168080392,False,True,train
2026-03-10 22:33:00+00:00,uniswap_v2,sushiswap_v2,-80.9221817929659,59.47883139663757,0.00044899784006,-141.7056168080392,False,True,train
2026-03-10 22:34:00+00:00,uniswap_v2,sushiswap_v2,-80.9221817929659,59.47883139663757,0.00044899784006,-141.7056168080392,False,True,train
2026-03-10 22:35:00+00:00,uniswap_v2,sushiswap_v2,-80.9221817929659,59.47883139663757,0.00044899784006,-141.7056168080392,False,True,train
2026-03-10 22:36:00+00:00,uniswap_v2,sushiswap_v2,-80.9221817929659,59.47883139663757,0.00044899784006,-141.7056168080392,False,True,train
2026-03-10 22:37:00+00:00,uniswap_v2,sushiswap_v2,-80.9221817929659,59.47883139663757,0.00044899784006,-141.7056168080392,False,True,train
2026-03-10 22:38:00+00:00,uniswap_v2,sushiswap_v2,-80.9221817929659,59.47883139663757,0.00044899784006,-141.7056168080392,False,True,train
2026-03-10 22:39:00+00:00,uniswap_v2,sushiswap_v2,-80.9221817929659,59.47883139663757,0.00044899784006,-141.7056168080392,False,True,train
2026-03-10 22:40:00+00:00,uniswap_v2,sushiswap_v2,-80.9221817929659,59.47883139663757,0.00044899784006,-141.7056168080392,False,True,train
2026-03-10 22:41:00+00:00,uniswap_v2,sushiswap_v2,-80.9221817929659,59.47883139663757,0.00044899784006,-141.7056168080392,False,True,train
2026-03-10 22:42:00+00:00,uniswap_v2,sushiswap_v2,-80.9221817929659,59.47883139663757,0.00044899784006,-141.7056168080392,False,True,train
2026-03-10 22:43:00+00:00,uniswap_v2,sushiswap_v2,-80.9221817929659,59.47883139663757,0.00044899784006,-141.7056168080392,False,True,train
2026-03-10 22:44:00+00:00,uniswap_v2,sushiswap_v2,-80.9221817929659,59.47883139663757,0.00044899784006,-141.7056168080392,False,True,train
2026-03-10 22:45:00+00:00,uniswap_v2,sushiswap_v2,-80.9221817929659,59.47883139663757,0.00044899784006,-141.7056168080392,False,True,train
2026-03-10 22:46:00+00:00,uniswap_v2,sushiswap_v2,-80.9221817929659,59.47883139663757,0.00044899784006,-141.7056168080392,False,True,train
2026-03-10 22:47:00+00:00,uniswap_v2,sushiswap_v2,-80.9221817929659,59.47883139663757,0.00044899784006,-141.7056168080392,False,True,train
2026-03-10 22:48:00+00:00,uniswap_v2,sushiswap_v2,-80.9221817929659,59.47883139663757,0.00044899784006,-141.7056168080392,False,True,train
2026-03-10 22:49:00+00:00,uniswap_v2,sushiswap_v2,-80.9221817929659,59.47883139663757,0.00044899784006,-141.7056168080392,False,True,train
2026-03-10 22:50:00+00:00,uniswap_v2,sushiswap_v2,-80.9221817929659,59.47883139663757,0.00044899784006,-141.7056168080392,False,True,train
2026-03-10 22:51:00+00:00,uniswap_v2,sushiswap_v2,-80.9221817929659,59.47883139663757,0.00044899784006,-141.7056168080392,False,True,train
2026-03-10 22:52:00+00:00,uniswap_v2,sushiswap_v2,-80.92469721967048,59.478823898280844,0.00044699424418,-141.70230277794045,False,True,train
2026-03-10 22:53:00+00:00,uniswap_v2,sushiswap_v2,-80.92469721967048,59.478823898280844,0.00044699424418,-141.70230277794045,False,True,train
2026-03-10 22:54:00+00:00,uniswap_v2,sushiswap_v2,-80.92469721967048,59.478823898280844,0.00044699424418,-141.70230277794045,False,True,train
2026-03-10 22:55:00+00:00,uniswap_v2,sushiswap_v2,-80.92469721967048,59.478823898280844,0.00044699424418,-141.70230277794045,False,True,train
2026-03-10 22:56:00+00:00,uniswap_v2,sushiswap_v2,-80.92469721967048,59.478823898280844,0.00044699424418,-141.70230277794045,False,True,train
2026-03-10 22:57:00+00:00,uniswap_v2,sushiswap_v2,-80.92469721967048,59.478823898280844,0.00044699424418,-141.70230277794045,False,True,train
2026-03-10 22:58:00+00:00,uniswap_v2,sushiswap_v2,-80.92469721967048,59.478823898280844,0.00044699424418,-141.70230277794045,False,True,train
2026-03-10 22:59:00+00:00,uniswap_v2,sushiswap_v2,-80.92469721967048,59.478823898280844,0.00044699424418,-141.70230277794045,False,True,train
2026-03-10 23:00:00+00:00,uniswap_v2,sushiswap_v2,-80.92469721967048,59.478823898280844,0.00044699424418,-141.70230277794045,False,True,train
2026-03-10 23:01:00+00:00,uniswap_v2,sushiswap_v2,-80.92469721967048,59.478823898280844,0.00044699424418,-141.70230277794045,False,True,train
2026-03-10 23:02:00+00:00,uniswap_v2,sushiswap_v2,-80.92469721967048,59.478823898280844,0.00044699424418,-141.70230277794045,False,True,train
2026-03-10 23:03:00+00:00,uniswap_v2,sushiswap_v2,-80.92469721967048,59.478823898280844,0.00044699424418,-141.70230277794045,False,True,train
2026-03-10 23:04:00+00:00,uniswap_v2,sushiswap_v2,-80.92469721967048,59.478823898280844,0.00044699424418,-141.70230277794045,False,True,train
2026-03-10 23:05:00+00:00,uniswap_v2,sushiswap_v2,-80.92469721967048,59.478823898280844,0.00044699424418,-141.70230277794045,False,True,train
2026-03-10 23:06:00+00:00,uniswap_v2,sushiswap_v2,-80.92469721967048,59.478823898280844,0.00044699424418,-141.70230277794045,False,True,train
2026-03-10 23:07:00+00:00,uniswap_v2,sushiswap_v2,-80.92469721967048,59.478823898280844,0.00044699424418,-141.70230277794045,False,True,train
2026-03-10 23:08:00+00:00,uniswap_v2,sushiswap_v2,-80.92469721967048,59.478823898280844,0.00044699424418,-141.70230277794045,False,True,train
2026-03-10 23:09:00+00:00,uniswap_v2,sushiswap_v2,-80.92469721967048,59.478823898280844,0.00044699424418,-141.70230277794045,False,True,train
2026-03-10 23:10:00+00:00,uniswap_v2,sushiswap_v2,-80.92469721967048,59.478823898280844,0.00044699424418,-141.70230277794045,False,True,train
2026-03-10 23:11:00+00:00,uniswap_v2,sushiswap_v2,-80.92469721967048,59.478823898280844,0.00044699424418,-141.70230277794045,False,True,train
2026-03-10 23:12:00+00:00,uniswap_v2,sushiswap_v2,-80.92469721967048,59.478823898280844,0.00044699424418,-141.70230277794045,False,True,train
2026-03-10 23:13:00+00:00,uniswap_v2,sushiswap_v2,-80.92469721967048,59.478823898280844,0.00044699424418,-141.70230277794045,False,True,train
2026-03-10 23:14:00+00:00,uniswap_v2,sushiswap_v2,-80.92469721967048,59.478823898280844,0.00044699424418,-141.70230277794045,False,True,train
2026-03-10 23:15:00+00:00,uniswap_v2,sushiswap_v2,-80.92469721967048,59.478823898280844,0.00044699424418,-141.70230277794045,False,True,train
2026-03-10 23:16:00+00:00,uniswap_v2,sushiswap_v2,-80.92469721967048,59.478823898280844,0.00044699424418,-141.70230277794045,False,True,train
2026-03-10 23:17:00+00:00,uniswap_v2,sushiswap_v2,-80.92469721967048,59.478823898280844,0.00044699424418,-141.70230277794045,False,True,train
2026-03-10 23:18:00+00:00,uniswap_v2,sushiswap_v2,-80.92469721967048,59.478823898280844,0.00044699424418,-141.70230277794045,False,True,train
2026-03-10 23:19:00+00:00,uniswap_v2,sushiswap_v2,-80.92469721967048,59.478823898280844,0.00044699424418,-141.70230277794045,False,True,train
2026-03-10 23:20:00+00:00,uniswap_v2,sushiswap_v2,-80.92469721967048,59.478823898280844,0.00044699424418,-141.70230277794045,False,True,train
2026-03-10 23:21:00+00:00,uniswap_v2,sushiswap_v2,-80.92469721967048,59.478823898280844,0.00044699424418,-141.70230277794045,False,True,train
2026-03-10 23:22:00+00:00,uniswap_v2,sushiswap_v2,-80.92469721967048,59.478823898280844,0.00044699424418,-141.70230277794045,False,True,train
2026-03-10 23:23:00+00:00,uniswap_v2,sushiswap_v2,-80.92469721967048,59.478823898280844,0.00044699424418,-141.70230277794045,False,True,train
2026-03-10 23:24:00+00:00,uniswap_v2,sushiswap_v2,-80.92469721967048,59.478823898280844,0.00044699424418,-141.70230277794045,False,True,train
2026-03-10 23:25:00+00:00,uniswap_v2,sushiswap_v2,-80.92469721967048,59.478823898280844,0.00044699424418,-141.70230277794045,False,True,train
2026-03-10 23:26:00+00:00,uniswap_v2,sushiswap_v2,-80.92469721967048,59.478823898280844,0.00044699424418,-141.70230277794045,False,True,train
2026-03-10 23:27:00+00:00,uniswap_v2,sushiswap_v2,-80.92469721967048,59.478823898280844,0.00044699424418,-141.70230277794045,False,True,train
2026-03-10 23:28:00+00:00,uniswap_v2,sushiswap_v2,-80.92469721967048,59.478823898280844,0.00044699424418,-141.70230277794045,False,True,train
2026-03-10 23:29:00+00:00,uniswap_v2,sushiswap_v2,-80.92469721967048,59.478823898280844,0.00044699424418,-141.70230277794045,False,True,train
2026-03-10 23:30:00+00:00,uniswap_v2,sushiswap_v2,-80.92469721967048,59.478823898280844,0.00044699424418,-141.70230277794045,False,True,train
2026-03-10 23:31:00+00:00,uniswap_v2,sushiswap_v2,-80.92469721967048,59.478823898280844,0.00044699424418,-141.70230277794045,False,True,train
2026-03-10 23:32:00+00:00,uniswap_v2,sushiswap_v2,-80.92469721967048,59.478823898280844,0.00044699424418,-141.70230277794045,False,True,train
2026-03-10 23:33:00+00:00,uniswap_v2,sushiswap_v2,-80.92469721967048,59.478823898280844,0.00044699424418,-141.70230277794045,False,True,train
2026-03-10 23:34:00+00:00,uniswap_v2,sushiswap_v2,-80.92469721967048,59.478823898280844,0.00044699424418,-141.70230277794045,False,True,train
2026-03-10 23:35:00+00:00,uniswap_v2,sushiswap_v2,-80.92469721967048,59.478823898280844,0.00044699424418,-141.70230277794045,False,True,train
2026-03-10 23:36:00+00:00,uniswap_v2,sushiswap_v2,-80.92469721967048,59.478823898280844,0.00044699424418,-141.70230277794045,False,True,train
2026-03-10 23:37:00+00:00,uniswap_v2,sushiswap_v2,-80.92469721967048,59.478823898280844,0.00044699424418,-141.70230277794045,False,True,train
2026-03-10 23:38:00+00:00,uniswap_v2,sushiswap_v2,-80.92469721967048,59.478823898280844,0.00044699424418,-141.70230277794045,False,True,train
2026-03-10 23:39:00+00:00,uniswap_v2,sushiswap_v2,-80.92469721967048,59.478823898280844,0.00044699424418,-141.70230277794045,False,True,train
2026-03-10 23:40:00+00:00,uniswap_v2,sushiswap_v2,-80.92469721967048,59.478823898280844,0.00044699424418,-141.70230277794045,False,True,train
2026-03-10 23:41:00+00:00,uniswap_v2,sushiswap_v2,-80.92469721967048,59.478823898280844,0.00044699424418,-141.70230277794045,False,True,train
2026-03-10 23:42:00+00:00,uniswap_v2,sushiswap_v2,-80.92469721967048,59.478823898280844,0.00044699424418,-141.70230277794045,False,True,train
2026-03-10 23:43:00+00:00,uniswap_v2,sushiswap_v2,-80.92469721967048,59.478823898280844,0.00044699424418,-141.70230277794045,False,True,train
2026-03-10 23:44:00+00:00,uniswap_v2,sushiswap_v2,-80.92469721967048,59.478823898280844,0.00044699424418,-141.70230277794045,False,True,train
2026-03-10 23:45:00+00:00,uniswap_v2,sushiswap_v2,-80.92469721967048,59.478823898280844,0.00044699424418,-141.70230277794045,False,True,train
2026-03-10 23:46:00+00:00,uniswap_v2,sushiswap_v2,-80.92469721967048,59.478823898280844,0.00044699424418,-141.70230277794045,False,True,train
2026-03-10 23:47:00+00:00,uniswap_v2,sushiswap_v2,-80.92469721967048,59.478823898280844,0.00044699424418,-141.70230277794045,False,True,train
2026-03-10 23:48:00+00:00,uniswap_v2,sushiswap_v2,-80.92469721967048,59.478823898280844,0.00044699424418,-141.70230277794045,False,True,train
2026-03-10 23:49:00+00:00,uniswap_v2,sushiswap_v2,-80.92469721967048,59.478823898280844,0.00044699424418,-141.70230277794045,False,True,train
2026-03-10 23:50:00+00:00,uniswap_v2,sushiswap_v2,-80.92469721967048,59.478823898280844,0.00044699424418,-141.70230277794045,False,True,train
2026-03-10 23:51:00+00:00,uniswap_v2,sushiswap_v2,-80.92469721967048,59.478823898280844,0.00044699424418,-141.70230277794045,False,True,train
2026-03-10 23:52:00+00:00,uniswap_v2,sushiswap_v2,-80.92469721967048,59.478823898280844,0.00044699424418,-141.70230277794045,False,True,train
2026-03-10 23:53:00+00:00,uniswap_v2,sushiswap_v2,-80.92469721967048,59.478823898280844,0.00044699424418,-141.70230277794045,False,True,train
2026-03-10 23:54:00+00:00,uniswap_v2,sushiswap_v2,-80.92469721967048,59.478823898280844,0.00044699424418,-141.70230277794045,False,True,train
2026-03-10 23:55:00+00:00,uniswap_v2,sushiswap_v2,-80.92469721967048,59.478823898280844,0.00044699424418,-141.70230277794045,False,True,train
2026-03-10 23:56:00+00:00,uniswap_v2,sushiswap_v2,-80.92469721967048,59.478823898280844,0.00044699424418,-141.70230277794045,False,True,train
2026-03-10 23:57:00+00:00,uniswap_v2,sushiswap_v2,-80.92469721967048,59.478823898280844,0.00044699424418,-141.70230277794045,False,True,train
2026-03-10 23:58:00+00:00,uniswap_v2,sushiswap_v2,-80.92469721967048,59.478823898280844,0.00044699424418,-141.70230277794045,False,True,train
2026-03-10 23:59:00+00:00,uniswap_v2,sushiswap_v2,-80.92469721967048,59.478823898280844,0.00044699424418,-141.70230277794045,False,True,train
2026-03-11 00:00:00+00:00,uniswap_v2,sushiswap_v2,-80.92469721967048,59.478823898280844,0.00044699424418,-141.70230277794045,False,True,train
2026-03-11 00:01:00+00:00,uniswap_v2,sushiswap_v2,-80.92469721967048,59.478823898280844,0.00044699424418,-141.70230277794045,False,True,train
2026-03-11 00:02:00+00:00,uniswap_v2,sushiswap_v2,-80.92469721967048,59.478823898280844,0.00044699424418,-141.70230277794045,False,True,train
2026-03-11 00:03:00+00:00,uniswap_v2,sushiswap_v2,-80.92469721967048,59.478823898280844,0.00044699424418,-141.70230277794045,False,True,train
2026-03-11 00:04:00+00:00,uniswap_v2,sushiswap_v2,-80.92469721967048,59.478823898280844,0.00044699424418,-141.70230277794045,False,True,train
2026-03-11 00:05:00+00:00,uniswap_v2,sushiswap_v2,-80.92469721967048,59.478823898280844,0.00044699424418,-141.70230277794045,False,True,train
2026-03-11 00:06:00+00:00,uniswap_v2,sushiswap_v2,-80.92469721967048,59.478823898280844,0.00044699424418,-141.70230277794045,False,True,train
2026-03-11 00:07:00+00:00,uniswap_v2,sushiswap_v2,-80.92469721967048,59.478823898280844,0.00044699424418,-141.70230277794045,False,True,train
2026-03-11 00:08:00+00:00,uniswap_v2,sushiswap_v2,-80.92469721967048,59.478823898280844,0.00044699424418,-141.70230277794045,False,True,train
2026-03-11 00:09:00+00:00,uniswap_v2,sushiswap_v2,-80.92469721967048,59.478823898280844,0.00044699424418,-141.70230277794045,False,True,train
2026-03-11 00:10:00+00:00,uniswap_v2,sushiswap_v2,-80.92469721967048,59.478823898280844,0.00044699424418,-141.70230277794045,False,True,train
2026-03-11 00:11:00+00:00,uniswap_v2,sushiswap_v2,-80.92469721967048,59.478823898280844,0.00044699424418,-141.70230277794045,False,True,train
2026-03-11 00:12:00+00:00,uniswap_v2,sushiswap_v2,-80.92469721967048,59.478823898280844,0.00044699424418,-141.70230277794045,False,True,train
2026-03-11 00:13:00+00:00,uniswap_v2,sushiswap_v2,-80.92469721967048,59.478823898280844,0.00044699424418,-141.70230277794045,False,True,train
2026-03-11 00:14:00+00:00,uniswap_v2,sushiswap_v2,-80.92469721967048,59.478823898280844,0.00044699424418,-141.70230277794045,False,True,train
2026-03-11 00:15:00+00:00,uniswap_v2,sushiswap_v2,-80.92469721967048,59.478823898280844,0.00044699424418,-141.70230277794045,False,True,train
2026-03-11 00:16:00+00:00,uniswap_v2,sushiswap_v2,-80.92469721967048,59.478823898280844,0.00044699424418,-141.70230277794045,False,True,train
2026-03-11 00:17:00+00:00,uniswap_v2,sushiswap_v2,-80.92469721967048,59.478823898280844,0.00044699424418,-141.70230277794045,False,True,train
2026-03-11 00:18:00+00:00,uniswap_v2,sushiswap_v2,-80.92469721967048,59.478823898280844,0.00044699424418,-141.70230277794045,False,True,train
2026-03-11 00:19:00+00:00,uniswap_v2,sushiswap_v2,-80.92469721967048,59.478823898280844,0.00044699424418,-141.70230277794045,False,True,train
2026-03-11 00:20:00+00:00,uniswap_v2,sushiswap_v2,-80.92469721967048,59.478823898280844,0.00044699424418,-141.70230277794045,False,True,train
2026-03-11 00:21:00+00:00,uniswap_v2,sushiswap_v2,-80.92469721967048,59.478823898280844,0.00044699424418,-141.70230277794045,False,True,train
2026-03-11 00:22:00+00:00,uniswap_v2,sushiswap_v2,-80.92469721967048,59.478823898280844,0.00044699424418,-141.70230277794045,False,True,train
2026-03-11 00:23:00+00:00,uniswap_v2,sushiswap_v2,-80.92469721967048,59.478823898280844,0.00044699424418,-141.70230277794045,False,True,train
2026-03-11 00:24:00+00:00,uniswap_v2,sushiswap_v2,-80.92469721967048,59.478823898280844,0.00044699424418,-141.70230277794045,False,True,train
2026-03-11 00:25:00+00:00,uniswap_v2,sushiswap_v2,-80.92469721967048,59.478823898280844,0.00044699424418,-141.70230277794045,False,True,train
2026-03-11 00:26:00+00:00,uniswap_v2,sushiswap_v2,-80.92469721967048,59.478823898280844,0.00044699424418,-141.70230277794045,False,True,train
2026-03-11 00:27:00+00:00,uniswap_v2,sushiswap_v2,-80.92469721967048,59.478823898280844,0.00044699424418,-141.70230277794045,False,True,train
2026-03-11 00:28:00+00:00,uniswap_v2,sushiswap_v2,-80.92469721967048,59.478823898280844,0.00044699424418,-141.70230277794045,False,True,train
2026-03-11 00:29:00+00:00,uniswap_v2,sushiswap_v2,-80.92469721967048,59.478823898280844,0.00044699424418,-141.70230277794045,False,True,train
2026-03-11 00:30:00+00:00,uniswap_v2,sushiswap_v2,-80.92469721967048,59.478823898280844,0.00044699424418,-141.70230277794045,False,True,train
2026-03-11 00:31:00+00:00,uniswap_v2,sushiswap_v2,-80.92469721967048,59.478823898280844,0.00044699424418,-141.70230277794045,False,True,train
2026-03-11 00:32:00+00:00,uniswap_v2,sushiswap_v2,-80.92469721967048,59.478823898280844,0.00044699424418,-141.70230277794045,False,True,train
2026-03-11 00:33:00+00:00,uniswap_v2,sushiswap_v2,-80.92469721967048,59.478823898280844,0.00044699424418,-141.70230277794045,False,True,train
2026-03-11 00:34:00+00:00,uniswap_v2,sushiswap_v2,-80.92469721967048,59.478823898280844,0.00044699424418,-141.70230277794045,False,True,train
2026-03-11 00:35:00+00:00,uniswap_v2,sushiswap_v2,-80.92469721967048,59.478823898280844,0.00044699424418,-141.70230277794045,False,True,train
2026-03-11 00:36:00+00:00,uniswap_v2,sushiswap_v2,-80.92469721967048,59.478823898280844,0.00044699424418,-141.70230277794045,False,True,train
2026-03-11 00:37:00+00:00,uniswap_v2,sushiswap_v2,-80.92469721967048,59.478823898280844,0.00044699424418,-141.70230277794045,False,True,train
2026-03-11 00:38:00+00:00,uniswap_v2,sushiswap_v2,-80.92469721967048,59.478823898280844,0.00044699424418,-141.70230277794045,False,True,train
2026-03-11 00:39:00+00:00,uniswap_v2,sushiswap_v2,-80.92469721967048,59.478823898280844,0.00044699424418,-141.70230277794045,False,True,train
2026-03-11 00:40:00+00:00,uniswap_v2,sushiswap_v2,-80.92469721967048,59.478823898280844,0.00044699424418,-141.70230277794045,False,True,train
2026-03-11 00:41:00+00:00,uniswap_v2,sushiswap_v2,-80.92469721967048,59.478823898280844,0.00044699424418,-141.70230277794045,False,True,train
2026-03-11 00:42:00+00:00,uniswap_v2,sushiswap_v2,-80.92469721967048,59.478823898280844,0.00044699424418,-141.70230277794045,False,True,train
2026-03-11 00:43:00+00:00,uniswap_v2,sushiswap_v2,-80.92469721967048,59.478823898280844,0.00044699424418,-141.70230277794045,False,True,train
2026-03-11 00:44:00+00:00,uniswap_v2,sushiswap_v2,-80.92469721967048,59.478823898280844,0.00044699424418,-141.70230277794045,False,True,train
2026-03-11 00:45:00+00:00,uniswap_v2,sushiswap_v2,-80.92469721967048,59.478823898280844,0.00044699424418,-141.70230277794045,False,True,train
2026-03-11 00:46:00+00:00,uniswap_v2,sushiswap_v2,-80.92469721967048,59.478823898280844,0.00044699424418,-141.70230277794045,False,True,train
2026-03-11 00:47:00+00:00,uniswap_v2,sushiswap_v2,-80.92469721967048,59.478823898280844,0.00044699424418,-141.70230277794045,False,True,train
2026-03-11 00:48:00+00:00,uniswap_v2,sushiswap_v2,-80.92469721967048,59.478823898280844,0.00044699424418,-141.70230277794045,False,True,train
2026-03-11 00:49:00+00:00,uniswap_v2,sushiswap_v2,-80.92469721967048,59.478823898280844,0.00044699424418,-141.70230277794045,False,True,train
2026-03-11 00:50:00+00:00,uniswap_v2,sushiswap_v2,-80.92469561264087,59.47882390307158,0.00044819818604,-141.70579933641037,False,True,train
2026-03-11 00:51:00+00:00,uniswap_v2,sushiswap_v2,-80.92469561264087,59.47882390307158,0.00044819818604,-141.70579933641037,False,True,train
2026-03-11 00:52:00+00:00,uniswap_v2,sushiswap_v2,-80.92469561264087,59.47882390307158,0.00044819818604,-141.70579933641037,False,True,train
2026-03-11 00:53:00+00:00,uniswap_v2,sushiswap_v2,-80.92469561264087,59.47882390307158,0.00044819818604,-141.70579933641037,False,True,train
2026-03-11 00:54:00+00:00,uniswap_v2,sushiswap_v2,-80.92469561264087,59.47882390307158,0.00044819818604,-141.70579933641037,False,True,train
2026-03-11 00:55:00+00:00,uniswap_v2,sushiswap_v2,-80.92469561264087,59.47882390307158,0.00044819818604,-141.70579933641037,False,True,train
2026-03-11 00:56:00+00:00,uniswap_v2,sushiswap_v2,-80.92469561264087,59.47882390307158,0.00044819818604,-141.70579933641037,False,True,train
2026-03-11 00:57:00+00:00,uniswap_v2,sushiswap_v2,-80.92469561264087,59.47882390307158,0.00044819818604,-141.70579933641037,False,True,train
2026-03-11 00:58:00+00:00,uniswap_v2,sushiswap_v2,-80.92469561264087,59.47882390307158,0.00044819818604,-141.70579933641037,False,True,train
2026-03-11 00:59:00+00:00,uniswap_v2,sushiswap_v2,-80.92469561264087,59.47882390307158,0.00044819818604,-141.70579933641037,False,True,train
2026-03-11 01:00:00+00:00,uniswap_v2,sushiswap_v2,-80.92469561264087,59.47882390307158,0.00044819818604,-141.70579933641037,False,True,train
2026-03-11 01:01:00+00:00,uniswap_v2,sushiswap_v2,-80.92469561264087,59.47882390307158,0.00044819818604,-141.70579933641037,False,True,train
2026-03-11 01:02:00+00:00,uniswap_v2,sushiswap_v2,-80.92469561264087,59.47882390307158,0.00044819818604,-141.70579933641037,False,True,train
2026-03-11 01:03:00+00:00,uniswap_v2,sushiswap_v2,-80.92469561264087,59.47882390307158,0.00044819818604,-141.70579933641037,False,True,train
2026-03-11 01:04:00+00:00,uniswap_v2,sushiswap_v2,-80.92469561264087,59.47882390307158,0.00044819818604,-141.70579933641037,False,True,train
2026-03-11 01:05:00+00:00,uniswap_v2,sushiswap_v2,-80.92469561264087,59.47882390307158,0.00044819818604,-141.70579933641037,False,True,train
2026-03-11 01:06:00+00:00,uniswap_v2,sushiswap_v2,-80.92469561264087,59.47882390307158,0.00044819818604,-141.70579933641037,False,True,train
2026-03-11 01:07:00+00:00,uniswap_v2,sushiswap_v2,-80.92469561264087,59.47882390307158,0.00044819818604,-141.70579933641037,False,True,train
2026-03-11 01:08:00+00:00,uniswap_v2,sushiswap_v2,-80.92469561264087,59.47882390307158,0.00044819818604,-141.70579933641037,False,True,train
2026-03-11 01:09:00+00:00,uniswap_v2,sushiswap_v2,-80.92469561264087,59.47882390307158,0.00044819818604,-141.70579933641037,False,True,train
2026-03-11 01:10:00+00:00,uniswap_v2,sushiswap_v2,-80.92469561264087,59.47882390307158,0.00044819818604,-141.70579933641037,False,True,train
2026-03-11 01:11:00+00:00,uniswap_v2,sushiswap_v2,-80.92469561264087,59.47882390307158,0.00044819818604,-141.70579933641037,False,True,train
2026-03-11 01:12:00+00:00,uniswap_v2,sushiswap_v2,-80.92469561264087,59.47882390307158,0.00044819818604,-141.70579933641037,False,True,train
2026-03-11 01:13:00+00:00,uniswap_v2,sushiswap_v2,-80.92469561264087,59.47882390307158,0.00044819818604,-141.70579933641037,False,True,train
2026-03-11 01:14:00+00:00,uniswap_v2,sushiswap_v2,-80.92469561264087,59.47882390307158,0.00044819818604,-141.70579933641037,False,True,train
2026-03-11 01:15:00+00:00,uniswap_v2,sushiswap_v2,-80.92469561264087,59.47882390307158,0.00044819818604,-141.70579933641037,False,True,train
2026-03-11 01:16:00+00:00,uniswap_v2,sushiswap_v2,-80.92469561264087,59.47882390307158,0.00044819818604,-141.70579933641037,False,True,train
2026-03-11 01:17:00+00:00,uniswap_v2,sushiswap_v2,-80.92469561264087,59.47882390307158,0.00044819818604,-141.70579933641037,False,True,train
2026-03-11 01:18:00+00:00,uniswap_v2,sushiswap_v2,-80.92469561264087,59.47882390307158,0.00044819818604,-141.70579933641037,False,True,train
2026-03-11 01:19:00+00:00,uniswap_v2,sushiswap_v2,-80.92469561264087,59.47882390307158,0.00044819818604,-141.70579933641037,False,True,train
2026-03-11 01:20:00+00:00,uniswap_v2,sushiswap_v2,-80.92469561264087,59.47882390307158,0.00044819818604,-141.70579933641037,False,True,train
2026-03-11 01:21:00+00:00,uniswap_v2,sushiswap_v2,-80.92469561264087,59.47882390307158,0.00044819818604,-141.70579933641037,False,True,train
2026-03-11 01:22:00+00:00,uniswap_v2,sushiswap_v2,-80.92469561264087,59.47882390307158,0.00044819818604,-141.70579933641037,False,True,train
2026-03-11 01:23:00+00:00,uniswap_v2,sushiswap_v2,-80.92469561264087,59.47882390307158,0.00044819818604,-141.70579933641037,False,True,train
2026-03-11 01:24:00+00:00,uniswap_v2,sushiswap_v2,-80.92469561264087,59.47882390307158,0.00044819818604,-141.70579933641037,False,True,train
2026-03-11 01:25:00+00:00,uniswap_v2,sushiswap_v2,-80.92469561264087,59.47882390307158,0.00044819818604,-141.70579933641037,False,True,train
2026-03-11 01:26:00+00:00,uniswap_v2,sushiswap_v2,-80.92469561264087,59.47882390307158,0.00044819818604,-141.70579933641037,False,True,train
2026-03-11 01:27:00+00:00,uniswap_v2,sushiswap_v2,-80.92469561264087,59.47882390307158,0.00044819818604,-141.70579933641037,False,True,train
2026-03-11 01:28:00+00:00,uniswap_v2,sushiswap_v2,-80.92469561264087,59.47882390307158,0.00044819818604,-141.70579933641037,False,True,train
2026-03-11 01:29:00+00:00,uniswap_v2,sushiswap_v2,-80.92469561264087,59.47882390307158,0.00044819818604,-141.70579933641037,False,True,train
2026-03-11 01:30:00+00:00,uniswap_v2,sushiswap_v2,-80.92469561264087,59.47882390307158,0.00044819818604,-141.70579933641037,False,True,train
2026-03-11 01:31:00+00:00,uniswap_v2,sushiswap_v2,-80.92469561264087,59.47882390307158,0.00044819818604,-141.70579933641037,False,True,train
2026-03-11 01:32:00+00:00,uniswap_v2,sushiswap_v2,-80.92469561264087,59.47882390307158,0.00044819818604,-141.70579933641037,False,True,train
2026-03-11 01:33:00+00:00,uniswap_v2,sushiswap_v2,-80.92469561264087,59.47882390307158,0.00044819818604,-141.70579933641037,False,True,train
2026-03-11 01:34:00+00:00,uniswap_v2,sushiswap_v2,-80.92469561264087,59.47882390307158,0.00044819818604,-141.70579933641037,False,True,train
2026-03-11 01:35:00+00:00,uniswap_v2,sushiswap_v2,-80.92469561264087,59.47882390307158,0.00044819818604,-141.70579933641037,False,True,train
2026-03-11 01:36:00+00:00,uniswap_v2,sushiswap_v2,-81.21058631781622,59.47797167761133,0.000447529599,-141.98885758440088,False,True,train
2026-03-11 01:37:00+00:00,uniswap_v2,sushiswap_v2,-81.04168888182802,59.47845336409387,0.0004471186808,-141.8189682551486,False,False,train
2026-03-11 01:38:00+00:00,uniswap_v2,sushiswap_v2,-81.04168888182802,59.47845336409387,0.0004471186808,-141.8189682551486,False,False,train
2026-03-11 01:39:00+00:00,uniswap_v2,sushiswap_v2,-81.04168888182802,59.47845336409387,0.0004471186808,-141.8189682551486,False,False,train
2026-03-11 01:40:00+00:00,uniswap_v2,sushiswap_v2,-81.04168888182802,59.47845336409387,0.0004471186808,-141.8189682551486,False,False,train
2026-03-11 01:41:00+00:00,uniswap_v2,sushiswap_v2,-81.04168888182802,59.47845336409387,0.0004471186808,-141.8189682551486,False,False,train
2026-03-11 01:42:00+00:00,uniswap_v2,sushiswap_v2,-81.04168888182802,59.47845336409387,0.0004471186808,-141.8189682551486,False,False,train
2026-03-11 01:43:00+00:00,uniswap_v2,sushiswap_v2,-81.04168888182802,59.47845336409387,0.0004471186808,-141.8189682551486,False,False,train
2026-03-11 01:44:00+00:00,uniswap_v2,sushiswap_v2,-81.04168888182802,59.47845336409387,0.0004471186808,-141.8189682551486,False,False,train
2026-03-11 01:45:00+00:00,uniswap_v2,sushiswap_v2,-81.04168888182802,59.47845336409387,0.0004471186808,-141.8189682551486,False,False,train
2026-03-11 01:46:00+00:00,uniswap_v2,sushiswap_v2,-81.04168888182802,59.47845336409387,0.0004471186808,-141.8189682551486,False,False,train
2026-03-11 01:47:00+00:00,uniswap_v2,sushiswap_v2,-81.04168888182802,59.47845336409387,0.0004471186808,-141.8189682551486,False,False,train
2026-03-11 01:48:00+00:00,uniswap_v2,sushiswap_v2,-81.04168888182802,59.47845336409387,0.0004471186808,-141.8189682551486,False,False,train
2026-03-11 01:49:00+00:00,uniswap_v2,sushiswap_v2,-81.04168888182802,59.47845336409387,0.0004471186808,-141.8189682551486,False,False,train
2026-03-11 01:50:00+00:00,uniswap_v2,sushiswap_v2,-81.04168888182802,59.47845336409387,0.0004471186808,-141.8189682551486,False,False,train
2026-03-11 01:51:00+00:00,uniswap_v2,sushiswap_v2,-81.04168888182802,59.47845336409387,0.0004471186808,-141.8189682551486,False,False,train
2026-03-11 01:52:00+00:00,uniswap_v2,sushiswap_v2,-81.04168888182802,59.47845336409387,0.0004471186808,-141.8189682551486,False,False,train
2026-03-11 01:53:00+00:00,uniswap_v2,sushiswap_v2,-81.04168888182802,59.47845336409387,0.0004471186808,-141.8189682551486,False,True,train
2026-03-11 01:54:00+00:00,uniswap_v2,sushiswap_v2,-81.04168888182802,59.47845336409387,0.0004471186808,-141.8189682551486,False,True,train
2026-03-11 01:55:00+00:00,uniswap_v2,sushiswap_v2,-81.04168888182802,59.47845336409387,0.0004471186808,-141.8189682551486,False,True,train
2026-03-11 01:56:00+00:00,uniswap_v2,sushiswap_v2,-81.04168888182802,59.47845336409387,0.0004471186808,-141.8189682551486,False,True,train
2026-03-11 01:57:00+00:00,uniswap_v2,sushiswap_v2,-81.04168888182802,59.47845336409387,0.0004471186808,-141.8189682551486,False,True,train
2026-03-11 01:58:00+00:00,uniswap_v2,sushiswap_v2,-81.04168888182802,59.47845336409387,0.0004471186808,-141.8189682551486,False,True,train
2026-03-11 01:59:00+00:00,uniswap_v2,sushiswap_v2,-81.04168888182802,59.47845336409387,0.0004471186808,-141.8189682551486,False,True,train
2026-03-11 02:00:00+00:00,uniswap_v2,sushiswap_v2,-81.04168888182802,59.47845336409387,0.0004471186808,-141.8189682551486,False,True,train
2026-03-11 02:01:00+00:00,uniswap_v2,sushiswap_v2,-81.04168888182802,59.47845336409387,0.0004471186808,-141.8189682551486,False,True,train
2026-03-11 02:02:00+00:00,uniswap_v2,sushiswap_v2,-81.04168888182802,59.47845336409387,0.0004471186808,-141.8189682551486,False,True,train
2026-03-11 02:03:00+00:00,uniswap_v2,sushiswap_v2,-81.04168888182802,59.47845336409387,0.0004471186808,-141.8189682551486,False,True,train
2026-03-11 02:04:00+00:00,uniswap_v2,sushiswap_v2,-81.04168888182802,59.47845336409387,0.0004471186808,-141.8189682551486,False,True,train
2026-03-11 02:05:00+00:00,uniswap_v2,sushiswap_v2,-81.04168888182802,59.47845336409387,0.0004471186808,-141.8189682551486,False,True,train
2026-03-11 02:06:00+00:00,uniswap_v2,sushiswap_v2,-81.04168888182802,59.47845336409387,0.0004471186808,-141.8189682551486,False,True,train
2026-03-11 02:07:00+00:00,uniswap_v2,sushiswap_v2,-81.04168888182802,59.47845336409387,0.0004471186808,-141.8189682551486,False,True,train
2026-03-11 02:08:00+00:00,uniswap_v2,sushiswap_v2,-81.04168888182802,59.47845336409387,0.0004471186808,-141.8189682551486,False,True,train
2026-03-11 02:09:00+00:00,uniswap_v2,sushiswap_v2,-81.04168888182802,59.47845336409387,0.0004471186808,-141.8189682551486,False,True,train
2026-03-11 02:10:00+00:00,uniswap_v2,sushiswap_v2,-81.04168888182802,59.47845336409387,0.0004471186808,-141.8189682551486,False,True,train
2026-03-11 02:11:00+00:00,uniswap_v2,sushiswap_v2,-81.04168888182802,59.47845336409387,0.0004471186808,-141.8189682551486,False,True,train
2026-03-11 02:12:00+00:00,uniswap_v2,sushiswap_v2,-81.04168888182802,59.47845336409387,0.0004471186808,-141.8189682551486,False,True,train
2026-03-11 02:13:00+00:00,uniswap_v2,sushiswap_v2,-81.04168888182802,59.47845336409387,0.0004471186808,-141.8189682551486,False,True,train
2026-03-11 02:14:00+00:00,uniswap_v2,sushiswap_v2,-81.04168888182802,59.47845336409387,0.0004471186808,-141.8189682551486,False,True,train
2026-03-11 02:15:00+00:00,uniswap_v2,sushiswap_v2,-81.04168888182802,59.47845336409387,0.0004471186808,-141.8189682551486,False,True,train
2026-03-11 02:16:00+00:00,uniswap_v2,sushiswap_v2,-81.04168888182802,59.47845336409387,0.0004471186808,-141.8189682551486,False,True,train
2026-03-11 02:17:00+00:00,uniswap_v2,sushiswap_v2,-81.04168888182802,59.47845336409387,0.0004471186808,-141.8189682551486,False,True,train
2026-03-11 02:18:00+00:00,uniswap_v2,sushiswap_v2,-81.04168888182802,59.47845336409387,0.0004471186808,-141.8189682551486,False,True,train
2026-03-11 02:19:00+00:00,uniswap_v2,sushiswap_v2,-81.04168888182802,59.47845336409387,0.0004471186808,-141.8189682551486,False,True,train
2026-03-11 02:20:00+00:00,uniswap_v2,sushiswap_v2,-81.04168888182802,59.47845336409387,0.0004471186808,-141.8189682551486,False,True,train
2026-03-11 02:21:00+00:00,uniswap_v2,sushiswap_v2,-81.04168888182802,59.47845336409387,0.0004471186808,-141.8189682551486,False,True,train
2026-03-11 02:22:00+00:00,uniswap_v2,sushiswap_v2,-81.04168888182802,59.47845336409387,0.0004471186808,-141.8189682551486,False,True,train
2026-03-11 02:23:00+00:00,uniswap_v2,sushiswap_v2,-81.04168888182802,59.47845336409387,0.0004471186808,-141.8189682551486,False,True,train
2026-03-11 02:24:00+00:00,uniswap_v2,sushiswap_v2,-81.04168888182802,59.47845336409387,0.0004471186808,-141.8189682551486,False,True,train
2026-03-11 02:25:00+00:00,uniswap_v2,sushiswap_v2,-81.04168888182802,59.47845336409387,0.0004471186808,-141.8189682551486,False,True,train
2026-03-11 02:26:00+00:00,uniswap_v2,sushiswap_v2,-81.04168888182802,59.47845336409387,0.0004471186808,-141.8189682551486,False,True,train
2026-03-11 02:27:00+00:00,uniswap_v2,sushiswap_v2,-81.04168888182802,59.47845336409387,0.0004471186808,-141.8189682551486,False,True,train
2026-03-11 02:28:00+00:00,uniswap_v2,sushiswap_v2,-81.04168888182802,59.47845336409387,0.0004471186808,-141.8189682551486,False,True,train
2026-03-11 02:29:00+00:00,uniswap_v2,sushiswap_v2,-81.04168888182802,59.47845336409387,0.0004471186808,-141.8189682551486,False,True,train
2026-03-11 02:30:00+00:00,uniswap_v2,sushiswap_v2,-81.04168888182802,59.47845336409387,0.0004471186808,-141.8189682551486,False,True,train
2026-03-11 02:31:00+00:00,uniswap_v2,sushiswap_v2,-81.04168888182802,59.47845336409387,0.0004471186808,-141.8189682551486,False,True,train
2026-03-11 02:32:00+00:00,uniswap_v2,sushiswap_v2,-81.04168888182802,59.47845336409387,0.0004471186808,-141.8189682551486,False,True,train
2026-03-11 02:33:00+00:00,uniswap_v2,sushiswap_v2,-81.04168888182802,59.47845336409387,0.0004471186808,-141.8189682551486,False,True,train
2026-03-11 02:34:00+00:00,uniswap_v2,sushiswap_v2,-81.04168888182802,59.47845336409387,0.0004471186808,-141.8189682551486,False,True,train
2026-03-11 02:35:00+00:00,uniswap_v2,sushiswap_v2,-81.189064025631,59.47801404670895,0.00044861085676,-141.97021925231923,False,True,train
2026-03-11 02:36:00+00:00,uniswap_v2,sushiswap_v2,-81.189064025631,59.47801404670895,0.00044861085676,-141.97021925231923,False,True,train
2026-03-11 02:37:00+00:00,uniswap_v2,sushiswap_v2,-81.189064025631,59.47801404670895,0.00044861085676,-141.97021925231923,False,True,train
2026-03-11 02:38:00+00:00,uniswap_v2,sushiswap_v2,-81.40178188798876,59.47728438949753,0.00044722196376,-142.17682213362076,False,False,train
2026-03-11 02:39:00+00:00,sushiswap_v2,uniswap_v2,-80.55659635621151,59.61603592802579,0.00044747958156,-141.4647314886091,False,False,train
2026-03-11 02:40:00+00:00,sushiswap_v2,uniswap_v2,-80.55659635621151,59.61603592802579,0.00044747958156,-141.4647314886091,False,False,train
2026-03-11 02:41:00+00:00,sushiswap_v2,uniswap_v2,-80.55659635621151,59.61603592802579,0.00044747958156,-141.4647314886091,False,False,train
2026-03-11 02:42:00+00:00,sushiswap_v2,uniswap_v2,-80.55659635621151,59.61603592802579,0.00044747958156,-141.4647314886091,False,False,train
2026-03-11 02:43:00+00:00,sushiswap_v2,uniswap_v2,-80.55659635621151,59.61603592802579,0.00044747958156,-141.4647314886091,False,False,train
2026-03-11 02:44:00+00:00,sushiswap_v2,uniswap_v2,-80.55659635621151,59.61603592802579,0.00044747958156,-141.4647314886091,False,False,train
2026-03-11 02:45:00+00:00,sushiswap_v2,uniswap_v2,-80.55659635621151,59.61603592802579,0.00044747958156,-141.4647314886091,False,False,train
2026-03-11 02:46:00+00:00,sushiswap_v2,uniswap_v2,-80.55659635621151,59.61603592802579,0.00044747958156,-141.4647314886091,False,False,train
2026-03-11 02:47:00+00:00,sushiswap_v2,uniswap_v2,-80.55659635621151,59.61603592802579,0.00044747958156,-141.4647314886091,False,False,train
2026-03-11 02:48:00+00:00,sushiswap_v2,uniswap_v2,-80.55659635621151,59.61603592802579,0.00044747958156,-141.4647314886091,False,False,train
2026-03-11 02:49:00+00:00,sushiswap_v2,uniswap_v2,-80.55659635621151,59.61603592802579,0.00044747958156,-141.4647314886091,False,False,train
2026-03-11 02:50:00+00:00,sushiswap_v2,uniswap_v2,-80.55659635621151,59.61603592802579,0.00044747958156,-141.4647314886091,False,False,train
2026-03-11 02:51:00+00:00,sushiswap_v2,uniswap_v2,-80.55659635621151,59.61603592802579,0.00044747958156,-141.4647314886091,False,False,train
2026-03-11 02:52:00+00:00,sushiswap_v2,uniswap_v2,-80.55659635621151,59.61603592802579,0.00044747958156,-141.4647314886091,False,False,train
2026-03-11 02:53:00+00:00,sushiswap_v2,uniswap_v2,-80.55659635621151,59.61603592802579,0.00044747958156,-141.4647314886091,False,False,train
2026-03-11 02:54:00+00:00,sushiswap_v2,uniswap_v2,-80.55659635621151,59.61603592802579,0.00044747958156,-141.4647314886091,False,False,train
2026-03-11 02:55:00+00:00,sushiswap_v2,uniswap_v2,-80.55659635621151,59.61603592802579,0.00044747958156,-141.4647314886091,False,True,train
2026-03-11 02:56:00+00:00,sushiswap_v2,uniswap_v2,-80.55659635621151,59.61603592802579,0.00044747958156,-141.4647314886091,False,True,train
2026-03-11 02:57:00+00:00,sushiswap_v2,uniswap_v2,-80.55659635621151,59.61603592802579,0.00044747958156,-141.4647314886091,False,True,train
2026-03-11 02:58:00+00:00,sushiswap_v2,uniswap_v2,-80.55659635621151,59.61603592802579,0.00044747958156,-141.4647314886091,False,True,train
2026-03-11 02:59:00+00:00,sushiswap_v2,uniswap_v2,-80.55659635621151,59.61603592802579,0.00044747958156,-141.4647314886091,False,True,train
2026-03-11 03:00:00+00:00,sushiswap_v2,uniswap_v2,-80.55659635621151,59.61603592802579,0.00044747958156,-141.4647314886091,False,True,train
2026-03-11 03:01:00+00:00,sushiswap_v2,uniswap_v2,-80.55659635621151,59.61603592802579,0.00044747958156,-141.4647314886091,False,True,train
2026-03-11 03:02:00+00:00,sushiswap_v2,uniswap_v2,-80.55659635621151,59.61603592802579,0.00044747958156,-141.4647314886091,False,True,train
2026-03-11 03:03:00+00:00,sushiswap_v2,uniswap_v2,-80.55659635621151,59.61603592802579,0.00044747958156,-141.4647314886091,False,True,train
2026-03-11 03:04:00+00:00,sushiswap_v2,uniswap_v2,-80.55659635621151,59.61603592802579,0.00044747958156,-141.4647314886091,False,True,train
2026-03-11 03:05:00+00:00,sushiswap_v2,uniswap_v2,-80.55659635621151,59.61603592802579,0.00044747958156,-141.4647314886091,False,True,train
2026-03-11 03:06:00+00:00,sushiswap_v2,uniswap_v2,-80.55659635621151,59.61603592802579,0.00044747958156,-141.4647314886091,False,True,train
2026-03-11 03:07:00+00:00,sushiswap_v2,uniswap_v2,-80.55659635621151,59.61603592802579,0.00044747958156,-141.4647314886091,False,True,train
2026-03-11 03:08:00+00:00,sushiswap_v2,uniswap_v2,-80.55659635621151,59.61603592802579,0.00044747958156,-141.4647314886091,False,True,train
2026-03-11 03:09:00+00:00,sushiswap_v2,uniswap_v2,-80.55659635621151,59.61603592802579,0.00044747958156,-141.4647314886091,False,True,train
2026-03-11 03:10:00+00:00,sushiswap_v2,uniswap_v2,-80.55659635621151,59.61603592802579,0.00044747958156,-141.4647314886091,False,True,train
2026-03-11 03:11:00+00:00,sushiswap_v2,uniswap_v2,-80.55659635621151,59.61603592802579,0.00044747958156,-141.4647314886091,False,True,train
2026-03-11 03:12:00+00:00,sushiswap_v2,uniswap_v2,-80.55659635621151,59.61603592802579,0.00044747958156,-141.4647314886091,False,True,train
2026-03-11 03:13:00+00:00,sushiswap_v2,uniswap_v2,-80.55659635621151,59.61603592802579,0.00044747958156,-141.4647314886091,False,True,train
2026-03-11 03:14:00+00:00,sushiswap_v2,uniswap_v2,-80.55659635621151,59.61603592802579,0.00044747958156,-141.4647314886091,False,True,train
2026-03-11 03:15:00+00:00,sushiswap_v2,uniswap_v2,-80.55659635621151,59.61603592802579,0.00044747958156,-141.4647314886091,False,True,train
2026-03-11 03:16:00+00:00,sushiswap_v2,uniswap_v2,-80.55659635621151,59.61603592802579,0.00044747958156,-141.4647314886091,False,True,train
2026-03-11 03:17:00+00:00,sushiswap_v2,uniswap_v2,-80.55659635621151,59.61603592802579,0.00044747958156,-141.4647314886091,False,True,train
2026-03-11 03:18:00+00:00,sushiswap_v2,uniswap_v2,-80.55659635621151,59.61603592802579,0.00044747958156,-141.4647314886091,False,True,train
2026-03-11 03:19:00+00:00,sushiswap_v2,uniswap_v2,-80.55659635621151,59.61603592802579,0.00044747958156,-141.4647314886091,False,True,train
2026-03-11 03:20:00+00:00,sushiswap_v2,uniswap_v2,-80.55659635621151,59.61603592802579,0.00044747958156,-141.4647314886091,False,True,train
2026-03-11 03:21:00+00:00,sushiswap_v2,uniswap_v2,-80.55659635621151,59.61603592802579,0.00044747958156,-141.4647314886091,False,True,train
2026-03-11 03:22:00+00:00,sushiswap_v2,uniswap_v2,-80.5565978404963,59.61603592358643,0.00044748502524,-141.4647486871038,False,True,train
2026-03-11 03:23:00+00:00,sushiswap_v2,uniswap_v2,-80.5565978404963,59.61603592358643,0.00044748502524,-141.4647486871038,False,True,train
2026-03-11 03:24:00+00:00,sushiswap_v2,uniswap_v2,-80.5565978404963,59.61603592358643,0.00044748502524,-141.4647486871038,False,True,train
2026-03-11 03:25:00+00:00,sushiswap_v2,uniswap_v2,-80.5565978404963,59.61603592358643,0.00044748502524,-141.4647486871038,False,True,train
2026-03-11 03:26:00+00:00,sushiswap_v2,uniswap_v2,-80.5565978404963,59.61603592358643,0.00044748502524,-141.4647486871038,False,True,train
2026-03-11 03:27:00+00:00,sushiswap_v2,uniswap_v2,-80.5565978404963,59.61603592358643,0.00044748502524,-141.4647486871038,False,True,train
2026-03-11 03:28:00+00:00,sushiswap_v2,uniswap_v2,-80.5565978404963,59.61603592358643,0.00044748502524,-141.4647486871038,False,True,train
2026-03-11 03:29:00+00:00,sushiswap_v2,uniswap_v2,-80.5565978404963,59.61603592358643,0.00044748502524,-141.4647486871038,False,True,train
2026-03-11 03:30:00+00:00,sushiswap_v2,uniswap_v2,-80.5565978404963,59.61603592358643,0.00044748502524,-141.4647486871038,False,True,train
2026-03-11 03:31:00+00:00,sushiswap_v2,uniswap_v2,-80.5565978404963,59.61603592358643,0.00044748502524,-141.4647486871038,False,True,train
2026-03-11 03:32:00+00:00,sushiswap_v2,uniswap_v2,-80.5565978404963,59.61603592358643,0.00044748502524,-141.4647486871038,False,True,train
2026-03-11 03:33:00+00:00,sushiswap_v2,uniswap_v2,-80.5565978404963,59.61603592358643,0.00044748502524,-141.4647486871038,False,True,train
2026-03-11 03:34:00+00:00,sushiswap_v2,uniswap_v2,-80.5565978404963,59.61603592358643,0.00044748502524,-141.4647486871038,False,True,train
2026-03-11 03:35:00+00:00,sushiswap_v2,uniswap_v2,-80.5565978404963,59.61603592358643,0.00044748502524,-141.4647486871038,False,True,train
2026-03-11 03:36:00+00:00,sushiswap_v2,uniswap_v2,-80.5565978404963,59.61603592358643,0.00044748502524,-141.4647486871038,False,True,train
2026-03-11 03:37:00+00:00,sushiswap_v2,uniswap_v2,-80.5565978404963,59.61603592358643,0.00044748502524,-141.4647486871038,False,True,train
2026-03-11 03:38:00+00:00,sushiswap_v2,uniswap_v2,-80.5565978404963,59.61603592358643,0.00044748502524,-141.4647486871038,False,True,train
2026-03-11 03:39:00+00:00,sushiswap_v2,uniswap_v2,-80.5567341298694,59.616035515801755,0.00044684273964,-141.46302996627693,False,True,train
2026-03-11 03:40:00+00:00,sushiswap_v2,uniswap_v2,-80.5567341298694,59.616035515801755,0.00044684273964,-141.46302996627693,False,True,train
2026-03-11 03:41:00+00:00,sushiswap_v2,uniswap_v2,-80.5567341298694,59.616035515801755,0.00044684273964,-141.46302996627693,False,True,train
2026-03-11 03:42:00+00:00,sushiswap_v2,uniswap_v2,-80.5567341298694,59.616035515801755,0.00044684273964,-141.46302996627693,False,True,train
2026-03-11 03:43:00+00:00,sushiswap_v2,uniswap_v2,-80.5567341298694,59.616035515801755,0.00044684273964,-141.46302996627693,False,True,train
2026-03-11 03:44:00+00:00,sushiswap_v2,uniswap_v2,-80.5567341298694,59.616035515801755,0.00044684273964,-141.46302996627693,False,True,train
2026-03-11 03:45:00+00:00,sushiswap_v2,uniswap_v2,-80.5567341298694,59.616035515801755,0.00044684273964,-141.46302996627693,False,True,train
2026-03-11 03:46:00+00:00,sushiswap_v2,uniswap_v2,-80.5567341298694,59.616035515801755,0.00044684273964,-141.46302996627693,False,True,train
2026-03-11 03:47:00+00:00,sushiswap_v2,uniswap_v2,-80.5567341298694,59.616035515801755,0.00044684273964,-141.46302996627693,False,True,train
2026-03-11 03:48:00+00:00,sushiswap_v2,uniswap_v2,-80.5567341298694,59.616035515801755,0.00044684273964,-141.46302996627693,False,True,train
2026-03-11 03:49:00+00:00,sushiswap_v2,uniswap_v2,-80.5567341298694,59.616035515801755,0.00044684273964,-141.46302996627693,False,True,train
2026-03-11 03:50:00+00:00,sushiswap_v2,uniswap_v2,-80.5567341298694,59.616035515801755,0.00044684273964,-141.46302996627693,False,True,train
2026-03-11 03:51:00+00:00,sushiswap_v2,uniswap_v2,-80.5567341298694,59.616035515801755,0.00044684273964,-141.46302996627693,False,True,train
2026-03-11 03:52:00+00:00,sushiswap_v2,uniswap_v2,-80.5567341298694,59.616035515801755,0.00044684273964,-141.46302996627693,False,True,train
2026-03-11 03:53:00+00:00,sushiswap_v2,uniswap_v2,-80.5567341298694,59.616035515801755,0.00044684273964,-141.46302996627693,False,True,train
2026-03-11 03:54:00+00:00,sushiswap_v2,uniswap_v2,-80.5567341298694,59.616035515801755,0.00044684273964,-141.46302996627693,False,True,train
2026-03-11 03:55:00+00:00,sushiswap_v2,uniswap_v2,-80.5567341298694,59.616035515801755,0.00044684273964,-141.46302996627693,False,True,train
2026-03-11 03:56:00+00:00,sushiswap_v2,uniswap_v2,-80.5567341298694,59.616035515801755,0.00044684273964,-141.46302996627693,False,True,train
2026-03-11 03:57:00+00:00,sushiswap_v2,uniswap_v2,-80.5567341298694,59.616035515801755,0.00044684273964,-141.46302996627693,False,True,train
2026-03-11 03:58:00+00:00,sushiswap_v2,uniswap_v2,-80.5567341298694,59.616035515801755,0.00044684273964,-141.46302996627693,False,True,train
2026-03-11 03:59:00+00:00,sushiswap_v2,uniswap_v2,-80.5567341298694,59.616035515801755,0.00044684273964,-141.46302996627693,False,True,train
2026-03-11 04:00:00+00:00,sushiswap_v2,uniswap_v2,-80.5567341298694,59.616035515801755,0.00044684273964,-141.46302996627693,False,True,train
2026-03-11 04:01:00+00:00,sushiswap_v2,uniswap_v2,-80.5567341298694,59.616035515801755,0.00044684273964,-141.46302996627693,False,True,train
2026-03-11 04:02:00+00:00,sushiswap_v2,uniswap_v2,-80.5567341298694,59.616035515801755,0.00044684273964,-141.46302996627693,False,True,train
2026-03-11 04:03:00+00:00,sushiswap_v2,uniswap_v2,-80.5567341298694,59.616035515801755,0.00044684273964,-141.46302996627693,False,True,train
2026-03-11 04:04:00+00:00,sushiswap_v2,uniswap_v2,-80.5567341298694,59.616035515801755,0.00044684273964,-141.46302996627693,False,True,train
2026-03-11 04:05:00+00:00,sushiswap_v2,uniswap_v2,-80.5567341298694,59.616035515801755,0.00044684273964,-141.46302996627693,False,True,train
2026-03-11 04:06:00+00:00,sushiswap_v2,uniswap_v2,-80.5567341298694,59.616035515801755,0.00044684273964,-141.46302996627693,False,True,train
2026-03-11 04:07:00+00:00,sushiswap_v2,uniswap_v2,-80.5567341298694,59.616035515801755,0.00044684273964,-141.46302996627693,False,True,train
2026-03-11 04:08:00+00:00,sushiswap_v2,uniswap_v2,-80.5567341298694,59.616035515801755,0.00044684273964,-141.46302996627693,False,True,train
2026-03-11 04:09:00+00:00,sushiswap_v2,uniswap_v2,-80.5567341298694,59.616035515801755,0.00044684273964,-141.46302996627693,False,True,train
2026-03-11 04:10:00+00:00,sushiswap_v2,uniswap_v2,-80.5567341298694,59.616035515801755,0.00044684273964,-141.46302996627693,False,True,train
2026-03-11 04:11:00+00:00,sushiswap_v2,uniswap_v2,-80.5567341298694,59.616035515801755,0.00044684273964,-141.46302996627693,False,True,train
2026-03-11 04:12:00+00:00,sushiswap_v2,uniswap_v2,-80.5567341298694,59.616035515801755,0.00044684273964,-141.46302996627693,False,True,train
2026-03-11 04:13:00+00:00,sushiswap_v2,uniswap_v2,-80.5567341298694,59.616035515801755,0.00044684273964,-141.46302996627693,False,True,train
2026-03-11 04:14:00+00:00,sushiswap_v2,uniswap_v2,-80.5567341298694,59.616035515801755,0.00044684273964,-141.46302996627693,False,True,train
2026-03-11 04:15:00+00:00,sushiswap_v2,uniswap_v2,-80.5567341298694,59.616035515801755,0.00044684273964,-141.46302996627693,False,True,train
2026-03-11 04:16:00+00:00,sushiswap_v2,uniswap_v2,-80.5567341298694,59.616035515801755,0.00044684273964,-141.46302996627693,False,True,train
2026-03-11 04:17:00+00:00,sushiswap_v2,uniswap_v2,-80.5567341298694,59.616035515801755,0.00044684273964,-141.46302996627693,False,True,train
2026-03-11 04:18:00+00:00,sushiswap_v2,uniswap_v2,-80.5567341298694,59.616035515801755,0.00044684273964,-141.46302996627693,False,True,train
2026-03-11 04:19:00+00:00,sushiswap_v2,uniswap_v2,-80.5567341298694,59.616035515801755,0.00044684273964,-141.46302996627693,False,True,train
2026-03-11 04:20:00+00:00,sushiswap_v2,uniswap_v2,-80.5567341298694,59.616035515801755,0.00044684273964,-141.46302996627693,False,True,train
2026-03-11 04:21:00+00:00,sushiswap_v2,uniswap_v2,-80.5567341298694,59.616035515801755,0.00044684273964,-141.46302996627693,False,True,train
2026-03-11 04:22:00+00:00,sushiswap_v2,uniswap_v2,-80.5567341298694,59.616035515801755,0.00044684273964,-141.46302996627693,False,True,train
2026-03-11 04:23:00+00:00,sushiswap_v2,uniswap_v2,-80.5567341298694,59.616035515801755,0.00044684273964,-141.46302996627693,False,True,train
2026-03-11 04:24:00+00:00,sushiswap_v2,uniswap_v2,-80.5567341298694,59.616035515801755,0.00044684273964,-141.46302996627693,False,True,train
2026-03-11 04:25:00+00:00,sushiswap_v2,uniswap_v2,-80.5567341298694,59.616035515801755,0.00044684273964,-141.46302996627693,False,True,train
2026-03-11 04:26:00+00:00,sushiswap_v2,uniswap_v2,-80.5567341298694,59.616035515801755,0.00044684273964,-141.46302996627693,False,True,train
2026-03-11 04:27:00+00:00,sushiswap_v2,uniswap_v2,-80.5567341298694,59.616035515801755,0.00044684273964,-141.46302996627693,False,True,train
2026-03-11 04:28:00+00:00,sushiswap_v2,uniswap_v2,-80.5567341298694,59.616035515801755,0.00044684273964,-141.46302996627693,False,True,train
2026-03-11 04:29:00+00:00,sushiswap_v2,uniswap_v2,-80.5567341298694,59.616035515801755,0.00044684273964,-141.46302996627693,False,True,train
2026-03-11 04:30:00+00:00,sushiswap_v2,uniswap_v2,-80.5567341298694,59.616035515801755,0.00044684273964,-141.46302996627693,False,True,train
2026-03-11 04:31:00+00:00,sushiswap_v2,uniswap_v2,-80.5567341298694,59.616035515801755,0.00044684273964,-141.46302996627693,False,True,train
2026-03-11 04:32:00+00:00,sushiswap_v2,uniswap_v2,-80.5567341298694,59.616035515801755,0.00044684273964,-141.46302996627693,False,True,train
2026-03-11 04:33:00+00:00,sushiswap_v2,uniswap_v2,-80.5567341298694,59.616035515801755,0.00044684273964,-141.46302996627693,False,True,train
2026-03-11 04:34:00+00:00,sushiswap_v2,uniswap_v2,-80.5567341298694,59.616035515801755,0.00044684273964,-141.46302996627693,False,True,train
2026-03-11 04:35:00+00:00,sushiswap_v2,uniswap_v2,-80.5567341298694,59.616035515801755,0.00044684273964,-141.46302996627693,False,True,train
2026-03-11 04:36:00+00:00,sushiswap_v2,uniswap_v2,-80.5567341298694,59.616035515801755,0.00044684273964,-141.46302996627693,False,True,train
2026-03-11 04:37:00+00:00,sushiswap_v2,uniswap_v2,-80.5567341298694,59.616035515801755,0.00044684273964,-141.46302996627693,False,True,train
2026-03-11 04:38:00+00:00,sushiswap_v2,uniswap_v2,-80.5567341298694,59.616035515801755,0.00044684273964,-141.46302996627693,False,True,train
2026-03-11 04:39:00+00:00,sushiswap_v2,uniswap_v2,-80.5567341298694,59.616035515801755,0.00044684273964,-141.46302996627693,False,True,train
2026-03-11 04:40:00+00:00,sushiswap_v2,uniswap_v2,-80.5567341298694,59.616035515801755,0.00044684273964,-141.46302996627693,False,True,train
2026-03-11 04:41:00+00:00,sushiswap_v2,uniswap_v2,-80.5567341298694,59.616035515801755,0.00044684273964,-141.46302996627693,False,True,train
2026-03-11 04:42:00+00:00,sushiswap_v2,uniswap_v2,-80.5567341298694,59.616035515801755,0.00044684273964,-141.46302996627693,False,True,train
2026-03-11 04:43:00+00:00,sushiswap_v2,uniswap_v2,-80.5567341298694,59.616035515801755,0.00044684273964,-141.46302996627693,False,True,train
2026-03-11 04:44:00+00:00,sushiswap_v2,uniswap_v2,-80.5567341298694,59.616035515801755,0.00044684273964,-141.46302996627693,False,True,train
2026-03-11 04:45:00+00:00,sushiswap_v2,uniswap_v2,-80.5567341298694,59.616035515801755,0.00044684273964,-141.46302996627693,False,True,train
2026-03-11 04:46:00+00:00,sushiswap_v2,uniswap_v2,-80.5567341298694,59.616035515801755,0.00044684273964,-141.46302996627693,False,True,train
2026-03-11 04:47:00+00:00,sushiswap_v2,uniswap_v2,-80.5567341298694,59.616035515801755,0.00044684273964,-141.46302996627693,False,True,train
2026-03-11 04:48:00+00:00,sushiswap_v2,uniswap_v2,-80.5567341298694,59.616035515801755,0.00044684273964,-141.46302996627693,False,True,train
2026-03-11 04:49:00+00:00,sushiswap_v2,uniswap_v2,-80.5567341298694,59.616035515801755,0.00044684273964,-141.46302996627693,False,True,train
2026-03-11 04:50:00+00:00,sushiswap_v2,uniswap_v2,-80.5567341298694,59.616035515801755,0.00044684273964,-141.46302996627693,False,True,train
2026-03-11 04:51:00+00:00,sushiswap_v2,uniswap_v2,-80.5567341298694,59.616035515801755,0.00044684273964,-141.46302996627693,False,True,train
2026-03-11 04:52:00+00:00,sushiswap_v2,uniswap_v2,-80.5567341298694,59.616035515801755,0.00044684273964,-141.46302996627693,False,True,train
2026-03-11 04:53:00+00:00,sushiswap_v2,uniswap_v2,-80.5567341298694,59.616035515801755,0.00044684273964,-141.46302996627693,False,True,train
2026-03-11 04:54:00+00:00,sushiswap_v2,uniswap_v2,-80.5567341298694,59.616035515801755,0.00044684273964,-141.46302996627693,False,True,train
2026-03-11 04:55:00+00:00,sushiswap_v2,uniswap_v2,-80.5567341298694,59.616035515801755,0.00044684273964,-141.46302996627693,False,True,train
2026-03-11 04:56:00+00:00,sushiswap_v2,uniswap_v2,-80.5567341298694,59.616035515801755,0.00044684273964,-141.46302996627693,False,True,train
2026-03-11 04:57:00+00:00,sushiswap_v2,uniswap_v2,-80.5567341298694,59.616035515801755,0.00044684273964,-141.46302996627693,False,True,train
2026-03-11 04:58:00+00:00,sushiswap_v2,uniswap_v2,-80.5567341298694,59.616035515801755,0.00044684273964,-141.46302996627693,False,True,train
2026-03-11 04:59:00+00:00,sushiswap_v2,uniswap_v2,-80.5567341298694,59.616035515801755,0.00044684273964,-141.46302996627693,False,True,train
2026-03-11 05:00:00+00:00,sushiswap_v2,uniswap_v2,-80.5567341298694,59.616035515801755,0.00044684273964,-141.46302996627693,False,True,train
2026-03-11 05:01:00+00:00,sushiswap_v2,uniswap_v2,-80.5567341298694,59.616035515801755,0.00044684273964,-141.46302996627693,False,True,train
2026-03-11 05:02:00+00:00,sushiswap_v2,uniswap_v2,-80.5567341298694,59.616035515801755,0.00044684273964,-141.46302996627693,False,True,train
2026-03-11 05:03:00+00:00,sushiswap_v2,uniswap_v2,-80.5567341298694,59.616035515801755,0.00044684273964,-141.46302996627693,False,True,train
2026-03-11 05:04:00+00:00,sushiswap_v2,uniswap_v2,-80.5567341298694,59.616035515801755,0.00044684273964,-141.46302996627693,False,True,train
2026-03-11 05:05:00+00:00,sushiswap_v2,uniswap_v2,-80.5567341298694,59.616035515801755,0.00044684273964,-141.46302996627693,False,True,train
2026-03-11 05:06:00+00:00,sushiswap_v2,uniswap_v2,-80.5567341298694,59.616035515801755,0.00044684273964,-141.46302996627693,False,True,train
2026-03-11 05:07:00+00:00,sushiswap_v2,uniswap_v2,-80.5567341298694,59.616035515801755,0.00044684273964,-141.46302996627693,False,True,train
2026-03-11 05:08:00+00:00,sushiswap_v2,uniswap_v2,-80.5567341298694,59.616035515801755,0.00044684273964,-141.46302996627693,False,True,train
2026-03-11 05:09:00+00:00,sushiswap_v2,uniswap_v2,-80.5567341298694,59.616035515801755,0.00044684273964,-141.46302996627693,False,True,train
2026-03-11 05:10:00+00:00,sushiswap_v2,uniswap_v2,-80.5567341298694,59.616035515801755,0.00044684273964,-141.46302996627693,False,True,train
2026-03-11 05:11:00+00:00,sushiswap_v2,uniswap_v2,-80.5567341298694,59.616035515801755,0.00044684273964,-141.46302996627693,False,True,train
2026-03-11 05:12:00+00:00,sushiswap_v2,uniswap_v2,-80.5567341298694,59.616035515801755,0.00044684273964,-141.46302996627693,False,True,train
2026-03-11 05:13:00+00:00,sushiswap_v2,uniswap_v2,-80.5567341298694,59.616035515801755,0.00044684273964,-141.46302996627693,False,True,train
2026-03-11 05:14:00+00:00,sushiswap_v2,uniswap_v2,-80.5567341298694,59.616035515801755,0.00044684273964,-141.46302996627693,False,True,train
2026-03-11 05:15:00+00:00,sushiswap_v2,uniswap_v2,-80.5567341298694,59.616035515801755,0.00044684273964,-141.46302996627693,False,True,train
2026-03-11 05:16:00+00:00,sushiswap_v2,uniswap_v2,-80.5567341298694,59.616035515801755,0.00044684273964,-141.46302996627693,False,True,train
2026-03-11 05:17:00+00:00,sushiswap_v2,uniswap_v2,-80.5567341298694,59.616035515801755,0.00044684273964,-141.46302996627693,False,True,train
2026-03-11 05:18:00+00:00,sushiswap_v2,uniswap_v2,-80.5567341298694,59.616035515801755,0.00044684273964,-141.46302996627693,False,True,train
2026-03-11 05:19:00+00:00,sushiswap_v2,uniswap_v2,-80.5567341298694,59.616035515801755,0.00044684273964,-141.46302996627693,False,True,train
2026-03-11 05:20:00+00:00,sushiswap_v2,uniswap_v2,-80.5567341298694,59.616035515801755,0.00044684273964,-141.46302996627693,False,True,train
2026-03-11 05:21:00+00:00,sushiswap_v2,uniswap_v2,-80.5567341298694,59.616035515801755,0.00044684273964,-141.46302996627693,False,True,train
2026-03-11 05:22:00+00:00,sushiswap_v2,uniswap_v2,-80.5567341298694,59.616035515801755,0.00044684273964,-141.46302996627693,False,True,train
2026-03-11 05:23:00+00:00,sushiswap_v2,uniswap_v2,-80.5567341298694,59.616035515801755,0.00044684273964,-141.46302996627693,False,True,train
2026-03-11 05:24:00+00:00,sushiswap_v2,uniswap_v2,-80.5567341298694,59.616035515801755,0.00044684273964,-141.46302996627693,False,True,train
2026-03-11 05:25:00+00:00,sushiswap_v2,uniswap_v2,-80.55679004345909,59.616035348502685,0.00044868569922,-141.468407266232,False,True,train
2026-03-11 05:26:00+00:00,sushiswap_v2,uniswap_v2,-80.55679004345909,59.616035348502685,0.00044868569922,-141.468407266232,False,True,train
2026-03-11 05:27:00+00:00,sushiswap_v2,uniswap_v2,-80.55679004345909,59.616035348502685,0.00044868569922,-141.468407266232,False,True,train
2026-03-11 05:28:00+00:00,sushiswap_v2,uniswap_v2,-80.55679004345909,59.616035348502685,0.00044868569922,-141.468407266232,False,True,train
2026-03-11 05:29:00+00:00,sushiswap_v2,uniswap_v2,-80.55679004345909,59.616035348502685,0.00044868569922,-141.468407266232,False,True,train
2026-03-11 05:30:00+00:00,sushiswap_v2,uniswap_v2,-80.55679004345909,59.616035348502685,0.00044868569922,-141.468407266232,False,True,train
2026-03-11 05:31:00+00:00,sushiswap_v2,uniswap_v2,-80.55679004345909,59.616035348502685,0.00044868569922,-141.468407266232,False,True,train
2026-03-11 05:32:00+00:00,sushiswap_v2,uniswap_v2,-80.55679004345909,59.616035348502685,0.00044868569922,-141.468407266232,False,True,train
2026-03-11 05:33:00+00:00,sushiswap_v2,uniswap_v2,-80.55679004345909,59.616035348502685,0.00044868569922,-141.468407266232,False,True,train
2026-03-11 05:34:00+00:00,sushiswap_v2,uniswap_v2,-80.55679004345909,59.616035348502685,0.00044868569922,-141.468407266232,False,True,train
2026-03-11 05:35:00+00:00,sushiswap_v2,uniswap_v2,-80.55679004345909,59.616035348502685,0.00044868569922,-141.468407266232,False,True,train
2026-03-11 05:36:00+00:00,sushiswap_v2,uniswap_v2,-80.55679004345909,59.616035348502685,0.00044868569922,-141.468407266232,False,True,train
2026-03-11 05:37:00+00:00,sushiswap_v2,uniswap_v2,-80.55679004345909,59.616035348502685,0.00044868569922,-141.468407266232,False,True,train
2026-03-11 05:38:00+00:00,sushiswap_v2,uniswap_v2,-80.55679004345909,59.616035348502685,0.00044868569922,-141.468407266232,False,True,train
2026-03-11 05:39:00+00:00,sushiswap_v2,uniswap_v2,-80.55679004345909,59.616035348502685,0.00044868569922,-141.468407266232,False,True,train
2026-03-11 05:40:00+00:00,uniswap_v2,sushiswap_v2,-81.11801266114115,59.478053007364935,0.0004510555929,-141.90390603107684,False,False,train
2026-03-11 05:41:00+00:00,uniswap_v2,sushiswap_v2,-81.11801266114115,59.478053007364935,0.0004510555929,-141.90390603107684,False,False,train
2026-03-11 05:42:00+00:00,uniswap_v2,sushiswap_v2,-81.11801266114115,59.478053007364935,0.0004510555929,-141.90390603107684,False,False,train
2026-03-11 05:43:00+00:00,uniswap_v2,sushiswap_v2,-81.11801266114115,59.478053007364935,0.0004510555929,-141.90390603107684,False,False,train
2026-03-11 05:44:00+00:00,uniswap_v2,sushiswap_v2,-81.11801266114115,59.478053007364935,0.0004510555929,-141.90390603107684,False,False,train
2026-03-11 05:45:00+00:00,uniswap_v2,sushiswap_v2,-81.11801266114115,59.478053007364935,0.0004510555929,-141.90390603107684,False,False,train
2026-03-11 05:46:00+00:00,uniswap_v2,sushiswap_v2,-81.11801266114115,59.478053007364935,0.0004510555929,-141.90390603107684,False,False,train
2026-03-11 05:47:00+00:00,uniswap_v2,sushiswap_v2,-81.11801266114115,59.478053007364935,0.0004510555929,-141.90390603107684,False,False,train
2026-03-11 05:48:00+00:00,uniswap_v2,sushiswap_v2,-81.11801266114115,59.478053007364935,0.0004510555929,-141.90390603107684,False,False,train
2026-03-11 05:49:00+00:00,uniswap_v2,sushiswap_v2,-81.11801266114115,59.478053007364935,0.0004510555929,-141.90390603107684,False,False,train
2026-03-11 05:50:00+00:00,uniswap_v2,sushiswap_v2,-81.11801266114115,59.478053007364935,0.0004510555929,-141.90390603107684,False,False,train
2026-03-11 05:51:00+00:00,uniswap_v2,sushiswap_v2,-81.11801266114115,59.478053007364935,0.0004510555929,-141.90390603107684,False,False,train
2026-03-11 05:52:00+00:00,uniswap_v2,sushiswap_v2,-81.11801266114115,59.478053007364935,0.0004510555929,-141.90390603107684,False,False,train
2026-03-11 05:53:00+00:00,uniswap_v2,sushiswap_v2,-81.11801266114115,59.478053007364935,0.0004510555929,-141.90390603107684,False,False,train
2026-03-11 05:54:00+00:00,uniswap_v2,sushiswap_v2,-81.11801266114115,59.478053007364935,0.0004510555929,-141.90390603107684,False,False,train
2026-03-11 05:55:00+00:00,uniswap_v2,sushiswap_v2,-81.11801266114115,59.478053007364935,0.0004510555929,-141.90390603107684,False,False,train
2026-03-11 05:56:00+00:00,uniswap_v2,sushiswap_v2,-81.11801266114115,59.478053007364935,0.0004510555929,-141.90390603107684,False,True,train
2026-03-11 05:57:00+00:00,uniswap_v2,sushiswap_v2,-81.1180111550344,59.47805301185378,0.00044856882356,-141.8966941162037,False,True,train
2026-03-11 05:58:00+00:00,uniswap_v2,sushiswap_v2,-81.1180111550344,59.47805301185378,0.00044856882356,-141.8966941162037,False,True,train
2026-03-11 05:59:00+00:00,uniswap_v2,sushiswap_v2,-81.1180111550344,59.47805301185378,0.00044856882356,-141.8966941162037,False,True,train
2026-03-11 06:00:00+00:00,sushiswap_v2,uniswap_v2,-79.84138877875132,59.618162436322656,0.00044768605112,-140.75158058573263,False,True,train
2026-03-11 06:01:00+00:00,sushiswap_v2,uniswap_v2,-79.84138877875132,59.618162436322656,0.00044768605112,-140.75158058573263,False,True,train
2026-03-11 06:02:00+00:00,sushiswap_v2,uniswap_v2,-79.84138877875132,59.618162436322656,0.00044768605112,-140.75158058573263,False,True,train
2026-03-11 06:03:00+00:00,uniswap_v2,sushiswap_v2,-80.6565634496765,59.47940845945047,0.00044720216816,-141.43242215072615,False,False,train
2026-03-11 06:04:00+00:00,uniswap_v2,sushiswap_v2,-80.6565634496765,59.47940845945047,0.00044720216816,-141.43242215072615,False,False,train
2026-03-11 06:05:00+00:00,sushiswap_v2,uniswap_v2,-80.28635030736656,59.6168254569846,0.00044920595896,-141.19931231424894,False,False,train
2026-03-11 06:06:00+00:00,uniswap_v2,sushiswap_v2,-81.1375937616715,59.47794448997881,0.00044836874082,-141.9148911340407,False,False,train
2026-03-11 06:07:00+00:00,uniswap_v2,sushiswap_v2,-81.49119066821503,59.47689044457408,0.00044823060326,-142.26698723184975,False,False,train
2026-03-11 06:08:00+00:00,uniswap_v2,sushiswap_v2,-81.49119066821503,59.47689044457408,0.00044823060326,-142.26698723184975,False,False,train
2026-03-11 06:09:00+00:00,sushiswap_v2,uniswap_v2,-80.3859919712634,59.61651096277019,0.00044946863104,-141.29858474222505,False,False,train
2026-03-11 06:10:00+00:00,uniswap_v2,sushiswap_v2,-81.15924375161696,59.477830009210166,0.00044852639216,-141.93618944243852,False,False,train
2026-03-11 06:11:00+00:00,sushiswap_v2,uniswap_v2,-79.66168937554825,59.61867210175579,0.0004491450535,-140.5752114026291,False,False,train
2026-03-11 06:12:00+00:00,uniswap_v2,sushiswap_v2,-81.08361715319843,59.47803686498827,0.00044904426842,-141.8620223113771,False,False,train
2026-03-11 06:13:00+00:00,uniswap_v2,sushiswap_v2,-81.08361715319843,59.47803686498827,0.00044904426842,-141.8620223113771,False,False,train
2026-03-11 06:14:00+00:00,uniswap_v2,sushiswap_v2,-81.08361715319843,59.47803686498827,0.00044904426842,-141.8620223113771,False,False,train
2026-03-11 06:15:00+00:00,uniswap_v2,sushiswap_v2,-81.08361715319843,59.47803686498827,0.00044904426842,-141.8620223113771,False,False,train
2026-03-11 06:16:00+00:00,uniswap_v2,sushiswap_v2,-81.18374136573448,59.47770459495024,0.00044918561512,-141.9617422636525,False,False,train
2026-03-11 06:17:00+00:00,uniswap_v2,sushiswap_v2,-81.27202362826854,59.47742495232404,0.00044906853442,-142.0491662956069,False,False,train
2026-03-11 06:18:00+00:00,sushiswap_v2,uniswap_v2,-80.92275046470674,59.61487299799861,0.00044867709766,-141.829840728165,False,False,train
2026-03-11 06:19:00+00:00,uniswap_v2,sushiswap_v2,-81.21264598683514,59.477548383301695,0.0004475167191,-141.98469021869448,False,False,train
2026-03-11 06:20:00+00:00,sushiswap_v2,uniswap_v2,-80.40502707423663,59.61641372676497,0.00044779645328,-141.31071040093178,False,False,train
2026-03-11 06:21:00+00:00,sushiswap_v2,uniswap_v2,-80.40502707423663,59.61641372676497,0.00044779645328,-141.31071040093178,False,False,train
2026-03-11 06:22:00+00:00,sushiswap_v2,uniswap_v2,-80.40502707423663,59.61641372676497,0.00044779645328,-141.31071040093178,False,False,train
2026-03-11 06:23:00+00:00,sushiswap_v2,uniswap_v2,-80.40502707423663,59.61641372676497,0.00044779645328,-141.31071040093178,False,False,train
2026-03-11 06:24:00+00:00,sushiswap_v2,uniswap_v2,-80.40502707423663,59.61641372676497,0.00044779645328,-141.31071040093178,False,False,train
2026-03-11 06:25:00+00:00,sushiswap_v2,uniswap_v2,-80.40502707423663,59.61641372676497,0.00044779645328,-141.31071040093178,False,False,train
2026-03-11 06:26:00+00:00,sushiswap_v2,uniswap_v2,-80.40502707423663,59.61641372676497,0.00044779645328,-141.31071040093178,False,False,train
2026-03-11 06:27:00+00:00,sushiswap_v2,uniswap_v2,-80.40502707423663,59.61641372676497,0.00044779645328,-141.31071040093178,False,False,train
2026-03-11 06:28:00+00:00,sushiswap_v2,uniswap_v2,-80.40502707423663,59.61641372676497,0.00044779645328,-141.31071040093178,False,False,train
2026-03-11 06:29:00+00:00,sushiswap_v2,uniswap_v2,-80.40502707423663,59.61641372676497,0.00044779645328,-141.31071040093178,False,False,train
2026-03-11 06:30:00+00:00,sushiswap_v2,uniswap_v2,-80.40502707423663,59.61641372676497,0.00044779645328,-141.31071040093178,False,False,train
2026-03-11 06:31:00+00:00,sushiswap_v2,uniswap_v2,-80.40502707423663,59.61641372676497,0.00044779645328,-141.31071040093178,False,False,train
2026-03-11 06:32:00+00:00,sushiswap_v2,uniswap_v2,-80.40502707423663,59.61641372676497,0.00044779645328,-141.31071040093178,False,False,train
2026-03-11 06:33:00+00:00,sushiswap_v2,uniswap_v2,-80.40502707423663,59.61641372676497,0.00044779645328,-141.31071040093178,False,False,train
2026-03-11 06:34:00+00:00,sushiswap_v2,uniswap_v2,-80.40502707423663,59.61641372676497,0.00044779645328,-141.31071040093178,False,False,train
2026-03-11 06:35:00+00:00,sushiswap_v2,uniswap_v2,-80.40502707423663,59.61641372676497,0.00044779645328,-141.31071040093178,False,True,train
2026-03-11 06:36:00+00:00,sushiswap_v2,uniswap_v2,-80.40502707423663,59.61641372676497,0.00044779645328,-141.31071040093178,False,True,train
2026-03-11 06:37:00+00:00,sushiswap_v2,uniswap_v2,-80.40502707423663,59.61641372676497,0.00044779645328,-141.31071040093178,False,True,train
2026-03-11 06:38:00+00:00,sushiswap_v2,uniswap_v2,-80.40502707423663,59.61641372676497,0.00044779645328,-141.31071040093178,False,True,train
2026-03-11 06:39:00+00:00,sushiswap_v2,uniswap_v2,-80.40502707423663,59.61641372676497,0.00044779645328,-141.31071040093178,False,True,train
2026-03-11 06:40:00+00:00,sushiswap_v2,uniswap_v2,-80.40502707423663,59.61641372676497,0.00044779645328,-141.31071040093178,False,True,train
2026-03-11 06:41:00+00:00,sushiswap_v2,uniswap_v2,-80.40502707423663,59.61641372676497,0.00044779645328,-141.31071040093178,False,True,train
2026-03-11 06:42:00+00:00,sushiswap_v2,uniswap_v2,-80.40502707423663,59.61641372676497,0.00044779645328,-141.31071040093178,False,True,train
2026-03-11 06:43:00+00:00,sushiswap_v2,uniswap_v2,-80.40502707423663,59.61641372676497,0.00044779645328,-141.31071040093178,False,True,train
2026-03-11 06:44:00+00:00,sushiswap_v2,uniswap_v2,-80.40502707423663,59.61641372676497,0.00044779645328,-141.31071040093178,False,True,train
2026-03-11 06:45:00+00:00,sushiswap_v2,uniswap_v2,-80.40502707423663,59.61641372676497,0.00044779645328,-141.31071040093178,False,True,train
2026-03-11 06:46:00+00:00,sushiswap_v2,uniswap_v2,-80.40502707423663,59.61641372676497,0.00044779645328,-141.31071040093178,False,True,train
2026-03-11 06:47:00+00:00,sushiswap_v2,uniswap_v2,-80.40502707423663,59.61641372676497,0.00044779645328,-141.31071040093178,False,True,train
2026-03-11 06:48:00+00:00,sushiswap_v2,uniswap_v2,-80.40502707423663,59.61641372676497,0.00044779645328,-141.31071040093178,False,True,train
2026-03-11 06:49:00+00:00,sushiswap_v2,uniswap_v2,-80.40502707423663,59.61641372676497,0.00044779645328,-141.31071040093178,False,True,train
2026-03-11 06:50:00+00:00,sushiswap_v2,uniswap_v2,-80.40502707423663,59.61641372676497,0.00044779645328,-141.31071040093178,False,True,train
2026-03-11 06:51:00+00:00,sushiswap_v2,uniswap_v2,-80.40502707423663,59.61641372676497,0.00044779645328,-141.31071040093178,False,True,train
2026-03-11 06:52:00+00:00,sushiswap_v2,uniswap_v2,-80.40502707423663,59.61641372676497,0.00044779645328,-141.31071040093178,False,True,train
2026-03-11 06:53:00+00:00,sushiswap_v2,uniswap_v2,-80.40502707423663,59.61641372676497,0.00044779645328,-141.31071040093178,False,True,train
2026-03-11 06:54:00+00:00,sushiswap_v2,uniswap_v2,-80.40502707423663,59.61641372676497,0.00044779645328,-141.31071040093178,False,True,train
2026-03-11 06:55:00+00:00,sushiswap_v2,uniswap_v2,-80.40502707423663,59.61641372676497,0.00044779645328,-141.31071040093178,False,True,train
2026-03-11 06:56:00+00:00,sushiswap_v2,uniswap_v2,-80.40502707423663,59.61641372676497,0.00044779645328,-141.31071040093178,False,True,train
2026-03-11 06:57:00+00:00,sushiswap_v2,uniswap_v2,-80.40502707423663,59.61641372676497,0.00044779645328,-141.31071040093178,False,True,train
2026-03-11 06:58:00+00:00,sushiswap_v2,uniswap_v2,-80.40502707423663,59.61641372676497,0.00044779645328,-141.31071040093178,False,True,train
2026-03-11 06:59:00+00:00,sushiswap_v2,uniswap_v2,-80.40502707423663,59.61641372676497,0.00044779645328,-141.31071040093178,False,True,train
2026-03-11 07:00:00+00:00,sushiswap_v2,uniswap_v2,-80.40502707423663,59.61641372676497,0.00044779645328,-141.31071040093178,False,True,train
2026-03-11 07:01:00+00:00,sushiswap_v2,uniswap_v2,-80.40502707423663,59.61641372676497,0.00044779645328,-141.31071040093178,False,True,train
2026-03-11 07:02:00+00:00,sushiswap_v2,uniswap_v2,-80.40502707423663,59.61641372676497,0.00044779645328,-141.31071040093178,False,True,train
2026-03-11 07:03:00+00:00,sushiswap_v2,uniswap_v2,-80.40502707423663,59.61641372676497,0.00044779645328,-141.31071040093178,False,True,train
2026-03-11 07:04:00+00:00,sushiswap_v2,uniswap_v2,-80.40502707423663,59.61641372676497,0.00044779645328,-141.31071040093178,False,True,train
2026-03-11 07:05:00+00:00,sushiswap_v2,uniswap_v2,-80.40502707423663,59.61641372676497,0.00044779645328,-141.31071040093178,False,True,train
2026-03-11 07:06:00+00:00,sushiswap_v2,uniswap_v2,-80.40502707423663,59.61641372676497,0.00044779645328,-141.31071040093178,False,True,train
2026-03-11 07:07:00+00:00,sushiswap_v2,uniswap_v2,-80.40502707423663,59.61641372676497,0.00044779645328,-141.31071040093178,False,True,train
2026-03-11 07:08:00+00:00,sushiswap_v2,uniswap_v2,-80.40502707423663,59.61641372676497,0.00044779645328,-141.31071040093178,False,True,train
2026-03-11 07:09:00+00:00,sushiswap_v2,uniswap_v2,-80.40502707423663,59.61641372676497,0.00044779645328,-141.31071040093178,False,True,train
2026-03-11 07:10:00+00:00,sushiswap_v2,uniswap_v2,-80.40502707423663,59.61641372676497,0.00044779645328,-141.31071040093178,False,True,train
2026-03-11 07:11:00+00:00,sushiswap_v2,uniswap_v2,-80.40502707423663,59.61641372676497,0.00044779645328,-141.31071040093178,False,True,train
2026-03-11 07:12:00+00:00,sushiswap_v2,uniswap_v2,-80.40502707423663,59.61641372676497,0.00044779645328,-141.31071040093178,False,True,train
2026-03-11 07:13:00+00:00,sushiswap_v2,uniswap_v2,-80.40502707423663,59.61641372676497,0.00044779645328,-141.31071040093178,False,True,train
2026-03-11 07:14:00+00:00,sushiswap_v2,uniswap_v2,-80.40502707423663,59.61641372676497,0.00044779645328,-141.31071040093178,False,True,train
2026-03-11 07:15:00+00:00,sushiswap_v2,uniswap_v2,-80.40502707423663,59.61641372676497,0.00044779645328,-141.31071040093178,False,True,train
2026-03-11 07:16:00+00:00,sushiswap_v2,uniswap_v2,-80.40502707423663,59.61641372676497,0.00044779645328,-141.31071040093178,False,True,train
2026-03-11 07:17:00+00:00,sushiswap_v2,uniswap_v2,-80.40502707423663,59.61641372676497,0.00044779645328,-141.31071040093178,False,True,train
2026-03-11 07:18:00+00:00,sushiswap_v2,uniswap_v2,-80.40502707423663,59.61641372676497,0.00044779645328,-141.31071040093178,False,True,train
2026-03-11 07:19:00+00:00,sushiswap_v2,uniswap_v2,-80.40502707423663,59.61641372676497,0.00044779645328,-141.31071040093178,False,True,train
2026-03-11 07:20:00+00:00,sushiswap_v2,uniswap_v2,-80.40502707423663,59.61641372676497,0.00044779645328,-141.31071040093178,False,True,train
2026-03-11 07:21:00+00:00,sushiswap_v2,uniswap_v2,-80.40502707423663,59.61641372676497,0.00044779645328,-141.31071040093178,False,True,train
2026-03-11 07:22:00+00:00,sushiswap_v2,uniswap_v2,-80.40502707423663,59.61641372676497,0.00044779645328,-141.31071040093178,False,True,train
2026-03-11 07:23:00+00:00,sushiswap_v2,uniswap_v2,-80.40502707423663,59.61641372676497,0.00044779645328,-141.31071040093178,False,True,train
2026-03-11 07:24:00+00:00,sushiswap_v2,uniswap_v2,-80.40502707423663,59.61641372676497,0.00044779645328,-141.31071040093178,False,True,train
2026-03-11 07:25:00+00:00,sushiswap_v2,uniswap_v2,-80.40502707423663,59.61641372676497,0.00044779645328,-141.31071040093178,False,True,train
2026-03-11 07:26:00+00:00,sushiswap_v2,uniswap_v2,-80.40502707423663,59.61641372676497,0.00044779645328,-141.31071040093178,False,True,train
2026-03-11 07:27:00+00:00,sushiswap_v2,uniswap_v2,-80.40502707423663,59.61641372676497,0.00044779645328,-141.31071040093178,False,True,train
2026-03-11 07:28:00+00:00,sushiswap_v2,uniswap_v2,-80.40502707423663,59.61641372676497,0.00044779645328,-141.31071040093178,False,True,train
2026-03-11 07:29:00+00:00,sushiswap_v2,uniswap_v2,-80.40502707423663,59.61641372676497,0.00044779645328,-141.31071040093178,False,True,train
2026-03-11 07:30:00+00:00,sushiswap_v2,uniswap_v2,-80.40502707423663,59.61641372676497,0.00044779645328,-141.31071040093178,False,True,train
2026-03-11 07:31:00+00:00,sushiswap_v2,uniswap_v2,-80.40502707423663,59.61641372676497,0.00044779645328,-141.31071040093178,False,True,train
2026-03-11 07:32:00+00:00,sushiswap_v2,uniswap_v2,-80.40502707423663,59.61641372676497,0.00044779645328,-141.31071040093178,False,True,train
2026-03-11 07:33:00+00:00,sushiswap_v2,uniswap_v2,-80.40502707423663,59.61641372676497,0.00044779645328,-141.31071040093178,False,True,train
2026-03-11 07:34:00+00:00,sushiswap_v2,uniswap_v2,-80.40502707423663,59.61641372676497,0.00044779645328,-141.31071040093178,False,True,train
2026-03-11 07:35:00+00:00,sushiswap_v2,uniswap_v2,-80.40502707423663,59.61641372676497,0.00044779645328,-141.31071040093178,False,True,train
2026-03-11 07:36:00+00:00,sushiswap_v2,uniswap_v2,-80.33688655449805,59.61661778748103,0.00044850813326,-141.2448318670115,False,True,train
2026-03-11 07:37:00+00:00,sushiswap_v2,uniswap_v2,-80.33688655449805,59.61661778748103,0.00044850813326,-141.2448318670115,False,True,train
2026-03-11 07:38:00+00:00,uniswap_v2,sushiswap_v2,-81.29822373339306,59.477253519771466,0.00044823671244,-142.07149600317953,False,False,train
2026-03-11 07:39:00+00:00,uniswap_v2,sushiswap_v2,-81.29822373339306,59.477253519771466,0.00044823671244,-142.07149600317953,False,False,train
2026-03-11 07:40:00+00:00,uniswap_v2,sushiswap_v2,-81.29822373339306,59.477253519771466,0.00044823671244,-142.07149600317953,False,False,train
2026-03-11 07:41:00+00:00,uniswap_v2,sushiswap_v2,-81.24137827024977,59.47739074805663,0.00045107159152,-142.0225449139793,False,False,train
2026-03-11 07:42:00+00:00,uniswap_v2,sushiswap_v2,-81.24137827024977,59.47739074805663,0.00045107159152,-142.0225449139793,False,False,train
2026-03-11 07:43:00+00:00,uniswap_v2,sushiswap_v2,-81.24137827024977,59.47739074805663,0.00045107159152,-142.0225449139793,False,False,train
2026-03-11 07:44:00+00:00,uniswap_v2,sushiswap_v2,-81.24137827024977,59.47739074805663,0.00045107159152,-142.0225449139793,False,False,train
2026-03-11 07:45:00+00:00,uniswap_v2,sushiswap_v2,-81.24137827024977,59.47739074805663,0.00045107159152,-142.0225449139793,False,False,train
2026-03-11 07:46:00+00:00,uniswap_v2,sushiswap_v2,-81.24137827024977,59.47739074805663,0.00045107159152,-142.0225449139793,False,False,train
2026-03-11 07:47:00+00:00,uniswap_v2,sushiswap_v2,-81.24137827024977,59.47739074805663,0.00045107159152,-142.0225449139793,False,False,train
2026-03-11 07:48:00+00:00,uniswap_v2,sushiswap_v2,-81.24137827024977,59.47739074805663,0.00045107159152,-142.0225449139793,False,False,train
2026-03-11 07:49:00+00:00,uniswap_v2,sushiswap_v2,-81.24137827024977,59.47739074805663,0.00045107159152,-142.0225449139793,False,False,train
2026-03-11 07:50:00+00:00,uniswap_v2,sushiswap_v2,-81.24137827024977,59.47739074805663,0.00045107159152,-142.0225449139793,False,False,train
2026-03-11 07:51:00+00:00,uniswap_v2,sushiswap_v2,-81.24137827024977,59.47739074805663,0.00045107159152,-142.0225449139793,False,False,train
2026-03-11 07:52:00+00:00,uniswap_v2,sushiswap_v2,-81.24137827024977,59.47739074805663,0.00045107159152,-142.0225449139793,False,False,train
2026-03-11 07:53:00+00:00,uniswap_v2,sushiswap_v2,-81.24137827024977,59.47739074805663,0.00045107159152,-142.0225449139793,False,False,train
2026-03-11 07:54:00+00:00,uniswap_v2,sushiswap_v2,-81.24137827024977,59.47739074805663,0.00045107159152,-142.0225449139793,False,False,train
2026-03-11 07:55:00+00:00,uniswap_v2,sushiswap_v2,-81.24137827024977,59.47739074805663,0.00045107159152,-142.0225449139793,False,False,train
2026-03-11 07:56:00+00:00,uniswap_v2,sushiswap_v2,-81.24137827024977,59.47739074805663,0.00045107159152,-142.0225449139793,False,False,train
2026-03-11 07:57:00+00:00,uniswap_v2,sushiswap_v2,-81.24137827024977,59.47739074805663,0.00045107159152,-142.0225449139793,False,True,train
2026-03-11 07:58:00+00:00,uniswap_v2,sushiswap_v2,-81.24137827024977,59.47739074805663,0.00045107159152,-142.0225449139793,False,True,train
2026-03-11 07:59:00+00:00,uniswap_v2,sushiswap_v2,-81.24137827024977,59.47739074805663,0.00045107159152,-142.0225449139793,False,True,train
2026-03-11 08:00:00+00:00,uniswap_v2,sushiswap_v2,-81.24137827024977,59.47739074805663,0.00045107159152,-142.0225449139793,False,True,train
2026-03-11 08:01:00+00:00,uniswap_v2,sushiswap_v2,-81.24137827024977,59.47739074805663,0.00045107159152,-142.0225449139793,False,True,train
2026-03-11 08:02:00+00:00,uniswap_v2,sushiswap_v2,-81.24137827024977,59.47739074805663,0.00045107159152,-142.0225449139793,False,True,train
2026-03-11 08:03:00+00:00,uniswap_v2,sushiswap_v2,-81.24137827024977,59.47739074805663,0.00045107159152,-142.0225449139793,False,True,train
2026-03-11 08:04:00+00:00,uniswap_v2,sushiswap_v2,-81.24137827024977,59.47739074805663,0.00045107159152,-142.0225449139793,False,True,train
2026-03-11 08:05:00+00:00,uniswap_v2,sushiswap_v2,-81.24137827024977,59.47739074805663,0.00045107159152,-142.0225449139793,False,True,train
2026-03-11 08:06:00+00:00,uniswap_v2,sushiswap_v2,-81.24137827024977,59.47739074805663,0.00045107159152,-142.0225449139793,False,True,train
2026-03-11 08:07:00+00:00,uniswap_v2,sushiswap_v2,-81.24137827024977,59.47739074805663,0.00045107159152,-142.0225449139793,False,True,train
2026-03-11 08:08:00+00:00,uniswap_v2,sushiswap_v2,-81.24137827024977,59.47739074805663,0.00045107159152,-142.0225449139793,False,True,train
2026-03-11 08:09:00+00:00,uniswap_v2,sushiswap_v2,-81.24137827024977,59.47739074805663,0.00045107159152,-142.0225449139793,False,True,train
2026-03-11 08:10:00+00:00,uniswap_v2,sushiswap_v2,-81.24137827024977,59.47739074805663,0.00045107159152,-142.0225449139793,False,True,train
2026-03-11 08:11:00+00:00,uniswap_v2,sushiswap_v2,-81.24137827024977,59.47739074805663,0.00045107159152,-142.0225449139793,False,True,train
2026-03-11 08:12:00+00:00,uniswap_v2,sushiswap_v2,-81.24137827024977,59.47739074805663,0.00045107159152,-142.0225449139793,False,True,train
2026-03-11 08:13:00+00:00,uniswap_v2,sushiswap_v2,-81.24137827024977,59.47739074805663,0.00045107159152,-142.0225449139793,False,True,train
2026-03-11 08:14:00+00:00,uniswap_v2,sushiswap_v2,-81.24137827024977,59.47739074805663,0.00045107159152,-142.0225449139793,False,True,train
2026-03-11 08:15:00+00:00,uniswap_v2,sushiswap_v2,-81.24137827024977,59.47739074805663,0.00045107159152,-142.0225449139793,False,True,train
2026-03-11 08:16:00+00:00,uniswap_v2,sushiswap_v2,-81.24137827024977,59.47739074805663,0.00045107159152,-142.0225449139793,False,True,train
2026-03-11 08:17:00+00:00,uniswap_v2,sushiswap_v2,-81.23490120135428,59.477410055545676,0.00044877709272,-142.00945599014824,False,True,train
2026-03-11 08:18:00+00:00,uniswap_v2,sushiswap_v2,-81.23490120135428,59.477410055545676,0.00044877709272,-142.00945599014824,False,True,train
2026-03-11 08:19:00+00:00,uniswap_v2,sushiswap_v2,-81.23490120135428,59.477410055545676,0.00044877709272,-142.00945599014824,False,True,train
2026-03-11 08:20:00+00:00,uniswap_v2,sushiswap_v2,-81.23490120135428,59.477410055545676,0.00044877709272,-142.00945599014824,False,True,train
2026-03-11 08:21:00+00:00,uniswap_v2,sushiswap_v2,-81.23490120135428,59.477410055545676,0.00044877709272,-142.00945599014824,False,True,train
2026-03-11 08:22:00+00:00,uniswap_v2,sushiswap_v2,-81.23490120135428,59.477410055545676,0.00044877709272,-142.00945599014824,False,True,train
2026-03-11 08:23:00+00:00,uniswap_v2,sushiswap_v2,-81.23490120135428,59.477410055545676,0.00044877709272,-142.00945599014824,False,True,train
2026-03-11 08:24:00+00:00,uniswap_v2,sushiswap_v2,-81.23490120135428,59.477410055545676,0.00044877709272,-142.00945599014824,False,True,train
2026-03-11 08:25:00+00:00,uniswap_v2,sushiswap_v2,-81.23490120135428,59.477410055545676,0.00044877709272,-142.00945599014824,False,True,train
2026-03-11 08:26:00+00:00,uniswap_v2,sushiswap_v2,-81.23490120135428,59.477410055545676,0.00044877709272,-142.00945599014824,False,True,train
2026-03-11 08:27:00+00:00,uniswap_v2,sushiswap_v2,-81.23490120135428,59.477410055545676,0.00044877709272,-142.00945599014824,False,True,train
2026-03-11 08:28:00+00:00,uniswap_v2,sushiswap_v2,-81.23490120135428,59.477410055545676,0.00044877709272,-142.00945599014824,False,True,train
2026-03-11 08:29:00+00:00,uniswap_v2,sushiswap_v2,-81.23490120135428,59.477410055545676,0.00044877709272,-142.00945599014824,False,True,train
2026-03-11 08:30:00+00:00,uniswap_v2,sushiswap_v2,-81.23489975690865,59.47741005985131,0.0004504457936,-142.0142777610819,False,True,train
2026-03-11 08:31:00+00:00,uniswap_v2,sushiswap_v2,-81.23489975690865,59.47741005985131,0.0004504457936,-142.0142777610819,False,True,train
2026-03-11 08:32:00+00:00,uniswap_v2,sushiswap_v2,-81.23489975690865,59.47741005985131,0.0004504457936,-142.0142777610819,False,True,train
2026-03-11 08:33:00+00:00,uniswap_v2,sushiswap_v2,-81.23489975690865,59.47741005985131,0.0004504457936,-142.0142777610819,False,True,train
2026-03-11 08:34:00+00:00,uniswap_v2,sushiswap_v2,-81.23489975690865,59.47741005985131,0.0004504457936,-142.0142777610819,False,True,train
2026-03-11 08:35:00+00:00,uniswap_v2,sushiswap_v2,-81.23489975690865,59.47741005985131,0.0004504457936,-142.0142777610819,False,True,train
2026-03-11 08:36:00+00:00,uniswap_v2,sushiswap_v2,-81.23489975690865,59.47741005985131,0.0004504457936,-142.0142777610819,False,True,train
2026-03-11 08:37:00+00:00,uniswap_v2,sushiswap_v2,-81.23489975690865,59.47741005985131,0.0004504457936,-142.0142777610819,False,True,train
2026-03-11 08:38:00+00:00,uniswap_v2,sushiswap_v2,-81.23489975690865,59.47741005985131,0.0004504457936,-142.0142777610819,False,True,train
2026-03-11 08:39:00+00:00,uniswap_v2,sushiswap_v2,-81.23489975690865,59.47741005985131,0.0004504457936,-142.0142777610819,False,True,train
2026-03-11 08:40:00+00:00,uniswap_v2,sushiswap_v2,-81.23489975690865,59.47741005985131,0.0004504457936,-142.0142777610819,False,True,train
2026-03-11 08:41:00+00:00,uniswap_v2,sushiswap_v2,-81.23489975690865,59.47741005985131,0.0004504457936,-142.0142777610819,False,True,train
2026-03-11 08:42:00+00:00,uniswap_v2,sushiswap_v2,-81.23489975690865,59.47741005985131,0.0004504457936,-142.0142777610819,False,True,train
2026-03-11 08:43:00+00:00,uniswap_v2,sushiswap_v2,-81.23489975690865,59.47741005985131,0.0004504457936,-142.0142777610819,False,True,train
2026-03-11 08:44:00+00:00,uniswap_v2,sushiswap_v2,-81.23489975690865,59.47741005985131,0.0004504457936,-142.0142777610819,False,True,train
2026-03-11 08:45:00+00:00,uniswap_v2,sushiswap_v2,-81.23489975690865,59.47741005985131,0.0004504457936,-142.0142777610819,False,True,train
2026-03-11 08:46:00+00:00,uniswap_v2,sushiswap_v2,-81.23489975690865,59.47741005985131,0.0004504457936,-142.0142777610819,False,True,train
2026-03-11 08:47:00+00:00,uniswap_v2,sushiswap_v2,-81.23489975690865,59.47741005985131,0.0004504457936,-142.0142777610819,False,True,train
2026-03-11 08:48:00+00:00,uniswap_v2,sushiswap_v2,-81.23489975690865,59.47741005985131,0.0004504457936,-142.0142777610819,False,True,train
2026-03-11 08:49:00+00:00,uniswap_v2,sushiswap_v2,-81.23489975690865,59.47741005985131,0.0004504457936,-142.0142777610819,False,True,train
2026-03-11 08:50:00+00:00,uniswap_v2,sushiswap_v2,-81.23489975690865,59.47741005985131,0.0004504457936,-142.0142777610819,False,True,train
2026-03-11 08:51:00+00:00,uniswap_v2,sushiswap_v2,-81.23489975690865,59.47741005985131,0.0004504457936,-142.0142777610819,False,True,train
2026-03-11 08:52:00+00:00,uniswap_v2,sushiswap_v2,-81.23489975690865,59.47741005985131,0.0004504457936,-142.0142777610819,False,True,train
2026-03-11 08:53:00+00:00,uniswap_v2,sushiswap_v2,-80.16929309983227,59.48058652567643,0.00044887886714,-140.9474583387405,False,True,train
2026-03-11 08:54:00+00:00,uniswap_v2,sushiswap_v2,-81.22973159153996,59.477464449537216,0.00044872666036,-142.00473212444297,False,False,train
2026-03-11 08:55:00+00:00,uniswap_v2,sushiswap_v2,-81.2178559176234,59.477523228510435,0.00045012095986,-141.99727140790642,False,False,train
2026-03-11 08:56:00+00:00,uniswap_v2,sushiswap_v2,-81.2178559176234,59.477523228510435,0.00045012095986,-141.99727140790642,False,False,train
2026-03-11 08:57:00+00:00,uniswap_v2,sushiswap_v2,-81.2178559176234,59.477523228510435,0.00045012095986,-141.99727140790642,False,False,train
2026-03-11 08:58:00+00:00,uniswap_v2,sushiswap_v2,-81.2178559176234,59.477523228510435,0.00045012095986,-141.99727140790642,False,False,train
2026-03-11 08:59:00+00:00,uniswap_v2,sushiswap_v2,-81.2178559176234,59.477523228510435,0.00045012095986,-141.99727140790642,False,False,train
2026-03-11 09:00:00+00:00,uniswap_v2,sushiswap_v2,-81.2178559176234,59.477523228510435,0.00045012095986,-141.99727140790642,False,False,train
2026-03-11 09:01:00+00:00,uniswap_v2,sushiswap_v2,-81.2178559176234,59.477523228510435,0.00045012095986,-141.99727140790642,False,False,train
2026-03-11 09:02:00+00:00,uniswap_v2,sushiswap_v2,-81.2178559176234,59.477523228510435,0.00045012095986,-141.99727140790642,False,False,train
2026-03-11 09:03:00+00:00,uniswap_v2,sushiswap_v2,-81.2178559176234,59.477523228510435,0.00045012095986,-141.99727140790642,False,False,train
2026-03-11 09:04:00+00:00,uniswap_v2,sushiswap_v2,-81.2178559176234,59.477523228510435,0.00045012095986,-141.99727140790642,False,False,train
2026-03-11 09:05:00+00:00,uniswap_v2,sushiswap_v2,-81.2178559176234,59.477523228510435,0.00045012095986,-141.99727140790642,False,False,train
2026-03-11 09:06:00+00:00,uniswap_v2,sushiswap_v2,-81.2178559176234,59.477523228510435,0.00045012095986,-141.99727140790642,False,False,train
2026-03-11 09:07:00+00:00,uniswap_v2,sushiswap_v2,-81.2178559176234,59.477523228510435,0.00045012095986,-141.99727140790642,False,False,train
2026-03-11 09:08:00+00:00,uniswap_v2,sushiswap_v2,-81.2178559176234,59.477523228510435,0.00045012095986,-141.99727140790642,False,False,train
2026-03-11 09:09:00+00:00,uniswap_v2,sushiswap_v2,-81.2178559176234,59.477523228510435,0.00045012095986,-141.99727140790642,False,False,train
2026-03-11 09:10:00+00:00,uniswap_v2,sushiswap_v2,-81.2178559176234,59.477523228510435,0.00045012095986,-141.99727140790642,False,False,train
2026-03-11 09:11:00+00:00,uniswap_v2,sushiswap_v2,-81.2178559176234,59.477523228510435,0.00045012095986,-141.99727140790642,False,True,train
2026-03-11 09:12:00+00:00,uniswap_v2,sushiswap_v2,-81.2178559176234,59.477523228510435,0.00045012095986,-141.99727140790642,False,True,train
2026-03-11 09:13:00+00:00,uniswap_v2,sushiswap_v2,-81.2178559176234,59.477523228510435,0.00045012095986,-141.99727140790642,False,True,train
2026-03-11 09:14:00+00:00,uniswap_v2,sushiswap_v2,-81.2178559176234,59.477523228510435,0.00045012095986,-141.99727140790642,False,True,train
2026-03-11 09:15:00+00:00,uniswap_v2,sushiswap_v2,-81.2178559176234,59.477523228510435,0.00045012095986,-141.99727140790642,False,True,train
2026-03-11 09:16:00+00:00,uniswap_v2,sushiswap_v2,-81.2178559176234,59.477523228510435,0.00045012095986,-141.99727140790642,False,True,train
2026-03-11 09:17:00+00:00,uniswap_v2,sushiswap_v2,-81.2178559176234,59.477523228510435,0.00045012095986,-141.99727140790642,False,True,train
2026-03-11 09:18:00+00:00,uniswap_v2,sushiswap_v2,-81.2178559176234,59.477523228510435,0.00045012095986,-141.99727140790642,False,True,train
2026-03-11 09:19:00+00:00,uniswap_v2,sushiswap_v2,-81.2178559176234,59.477523228510435,0.00045012095986,-141.99727140790642,False,True,train
2026-03-11 09:20:00+00:00,uniswap_v2,sushiswap_v2,-81.2178559176234,59.477523228510435,0.00045012095986,-141.99727140790642,False,True,train
2026-03-11 09:21:00+00:00,uniswap_v2,sushiswap_v2,-81.2178559176234,59.477523228510435,0.00045012095986,-141.99727140790642,False,True,train
2026-03-11 09:22:00+00:00,uniswap_v2,sushiswap_v2,-81.2178559176234,59.477523228510435,0.00045012095986,-141.99727140790642,False,True,train
2026-03-11 09:23:00+00:00,uniswap_v2,sushiswap_v2,-81.2178559176234,59.477523228510435,0.00045012095986,-141.99727140790642,False,True,train
2026-03-11 09:24:00+00:00,uniswap_v2,sushiswap_v2,-81.2178559176234,59.477523228510435,0.00045012095986,-141.99727140790642,False,True,train
2026-03-11 09:25:00+00:00,uniswap_v2,sushiswap_v2,-81.2178559176234,59.477523228510435,0.00045012095986,-141.99727140790642,False,True,train
2026-03-11 09:26:00+00:00,uniswap_v2,sushiswap_v2,-81.2178559176234,59.477523228510435,0.00045012095986,-141.99727140790642,False,True,train
2026-03-11 09:27:00+00:00,uniswap_v2,sushiswap_v2,-81.2178559176234,59.477523228510435,0.00045012095986,-141.99727140790642,False,True,train
2026-03-11 09:28:00+00:00,uniswap_v2,sushiswap_v2,-81.2178559176234,59.477523228510435,0.00045012095986,-141.99727140790642,False,True,train
2026-03-11 09:29:00+00:00,uniswap_v2,sushiswap_v2,-81.2178559176234,59.477523228510435,0.00045012095986,-141.99727140790642,False,True,train
2026-03-11 09:30:00+00:00,uniswap_v2,sushiswap_v2,-81.2178559176234,59.477523228510435,0.00045012095986,-141.99727140790642,False,True,train
2026-03-11 09:31:00+00:00,uniswap_v2,sushiswap_v2,-81.2178559176234,59.477523228510435,0.00045012095986,-141.99727140790642,False,True,train
2026-03-11 09:32:00+00:00,uniswap_v2,sushiswap_v2,-81.2178559176234,59.477523228510435,0.00045012095986,-141.99727140790642,False,True,train
2026-03-11 09:33:00+00:00,uniswap_v2,sushiswap_v2,-81.2178559176234,59.477523228510435,0.00045012095986,-141.99727140790642,False,True,train
2026-03-11 09:34:00+00:00,uniswap_v2,sushiswap_v2,-81.2178559176234,59.477523228510435,0.00045012095986,-141.99727140790642,False,True,train
2026-03-11 09:35:00+00:00,uniswap_v2,sushiswap_v2,-81.2178559176234,59.477523228510435,0.00045012095986,-141.99727140790642,False,True,train
2026-03-11 09:36:00+00:00,uniswap_v2,sushiswap_v2,-81.2178559176234,59.477523228510435,0.00045012095986,-141.99727140790642,False,True,train
2026-03-11 09:37:00+00:00,uniswap_v2,sushiswap_v2,-81.2178559176234,59.477523228510435,0.00045012095986,-141.99727140790642,False,True,train
2026-03-11 09:38:00+00:00,uniswap_v2,sushiswap_v2,-81.20734949041692,59.47755454717509,0.00046109695632,-142.01854377154115,False,True,train
2026-03-11 09:39:00+00:00,uniswap_v2,sushiswap_v2,-81.20734949041692,59.47755454717509,0.00046109695632,-142.01854377154115,False,True,train
2026-03-11 09:40:00+00:00,uniswap_v2,sushiswap_v2,-81.20734949041692,59.47755454717509,0.00046109695632,-142.01854377154115,False,True,train
2026-03-11 09:41:00+00:00,uniswap_v2,sushiswap_v2,-81.20734949041692,59.47755454717509,0.00046109695632,-142.01854377154115,False,True,train
2026-03-11 09:42:00+00:00,uniswap_v2,sushiswap_v2,-81.20734949041692,59.47755454717509,0.00046109695632,-142.01854377154115,False,True,train
2026-03-11 09:43:00+00:00,uniswap_v2,sushiswap_v2,-81.20734949041692,59.47755454717509,0.00046109695632,-142.01854377154115,False,True,train
2026-03-11 09:44:00+00:00,uniswap_v2,sushiswap_v2,-81.20734949041692,59.47755454717509,0.00046109695632,-142.01854377154115,False,True,train
2026-03-11 09:45:00+00:00,uniswap_v2,sushiswap_v2,-81.20734949041692,59.47755454717509,0.00046109695632,-142.01854377154115,False,True,train
2026-03-11 09:46:00+00:00,uniswap_v2,sushiswap_v2,-81.20734949041692,59.47755454717509,0.00046109695632,-142.01854377154115,False,True,train
2026-03-11 09:47:00+00:00,uniswap_v2,sushiswap_v2,-81.20734949041692,59.47755454717509,0.00046109695632,-142.01854377154115,False,True,train
2026-03-11 09:48:00+00:00,uniswap_v2,sushiswap_v2,-81.20734949041692,59.47755454717509,0.00046109695632,-142.01854377154115,False,True,train
2026-03-11 09:49:00+00:00,uniswap_v2,sushiswap_v2,-81.20734949041692,59.47755454717509,0.00046109695632,-142.01854377154115,False,True,train
2026-03-11 09:50:00+00:00,uniswap_v2,sushiswap_v2,-81.20734949041692,59.47755454717509,0.00046109695632,-142.01854377154115,False,True,train
2026-03-11 09:51:00+00:00,uniswap_v2,sushiswap_v2,-81.20734949041692,59.47755454717509,0.00046109695632,-142.01854377154115,False,True,train
2026-03-11 09:52:00+00:00,uniswap_v2,sushiswap_v2,-81.20734949041692,59.47755454717509,0.00046109695632,-142.01854377154115,False,True,train
2026-03-11 09:53:00+00:00,uniswap_v2,sushiswap_v2,-81.20734949041692,59.47755454717509,0.00046109695632,-142.01854377154115,False,True,train
2026-03-11 09:54:00+00:00,uniswap_v2,sushiswap_v2,-81.20734949041692,59.47755454717509,0.00046109695632,-142.01854377154115,False,True,train
2026-03-11 09:55:00+00:00,uniswap_v2,sushiswap_v2,-81.20734949041692,59.47755454717509,0.00046109695632,-142.01854377154115,False,True,train
2026-03-11 09:56:00+00:00,uniswap_v2,sushiswap_v2,-81.20734949041692,59.47755454717509,0.00046109695632,-142.01854377154115,False,True,train
2026-03-11 09:57:00+00:00,uniswap_v2,sushiswap_v2,-81.20734949041692,59.47755454717509,0.00046109695632,-142.01854377154115,False,True,train
2026-03-11 09:58:00+00:00,uniswap_v2,sushiswap_v2,-81.20734949041692,59.47755454717509,0.00046109695632,-142.01854377154115,False,True,train
2026-03-11 09:59:00+00:00,uniswap_v2,sushiswap_v2,-81.20734949041692,59.47755454717509,0.00046109695632,-142.01854377154115,False,True,train
2026-03-11 10:00:00+00:00,uniswap_v2,sushiswap_v2,-81.20734949041692,59.47755454717509,0.00046109695632,-142.01854377154115,False,True,train
2026-03-11 10:01:00+00:00,uniswap_v2,sushiswap_v2,-81.20734949041692,59.47755454717509,0.00046109695632,-142.01854377154115,False,True,train
2026-03-11 10:02:00+00:00,uniswap_v2,sushiswap_v2,-81.20734949041692,59.47755454717509,0.00046109695632,-142.01854377154115,False,True,train
2026-03-11 10:03:00+00:00,uniswap_v2,sushiswap_v2,-81.20734949041692,59.47755454717509,0.00046109695632,-142.01854377154115,False,True,train
2026-03-11 10:04:00+00:00,uniswap_v2,sushiswap_v2,-81.20734949041692,59.47755454717509,0.00046109695632,-142.01854377154115,False,True,train
2026-03-11 10:05:00+00:00,uniswap_v2,sushiswap_v2,-81.20734949041692,59.47755454717509,0.00046109695632,-142.01854377154115,False,True,train
2026-03-11 10:06:00+00:00,uniswap_v2,sushiswap_v2,-81.20734949041692,59.47755454717509,0.00046109695632,-142.01854377154115,False,True,train
2026-03-11 10:07:00+00:00,uniswap_v2,sushiswap_v2,-78.5306334315607,59.4855335842956,0.00047320207132,-139.3851890794427,False,True,train
2026-03-11 10:08:00+00:00,uniswap_v2,sushiswap_v2,-81.20293789208998,59.477612870991535,0.00046966713816,-142.03963010366894,False,False,train
2026-03-11 10:09:00+00:00,uniswap_v2,sushiswap_v2,-81.20293789208998,59.477612870991535,0.00046966713816,-142.03963010366894,False,False,train
2026-03-11 10:10:00+00:00,uniswap_v2,sushiswap_v2,-81.20293789208998,59.477612870991535,0.00046966713816,-142.03963010366894,False,False,train
2026-03-11 10:11:00+00:00,uniswap_v2,sushiswap_v2,-78.75836171229899,59.48489993228027,0.00046672542774,-139.59416240462122,False,False,train
2026-03-11 10:12:00+00:00,uniswap_v2,sushiswap_v2,-78.75836171229899,59.48489993228027,0.00046672542774,-139.59416240462122,False,False,train
2026-03-11 10:13:00+00:00,uniswap_v2,sushiswap_v2,-78.75836171229899,59.48489993228027,0.00046672542774,-139.59416240462122,False,False,train
2026-03-11 10:14:00+00:00,uniswap_v2,sushiswap_v2,-78.75836171229899,59.48489993228027,0.00046672542774,-139.59416240462122,False,False,train
2026-03-11 10:15:00+00:00,uniswap_v2,sushiswap_v2,-81.18476999285562,59.47770823107144,0.00046089586026,-141.9967618648233,False,False,train
2026-03-11 10:16:00+00:00,uniswap_v2,sushiswap_v2,-80.65915637590541,59.47927504008589,0.00046240407994,-141.47715247291575,False,False,train
2026-03-11 10:17:00+00:00,uniswap_v2,sushiswap_v2,-80.65915637590541,59.47927504008589,0.00046240407994,-141.47715247291575,False,False,train
2026-03-11 10:18:00+00:00,uniswap_v2,sushiswap_v2,-80.65915637590541,59.47927504008589,0.00046240407994,-141.47715247291575,False,False,train
2026-03-11 10:19:00+00:00,uniswap_v2,sushiswap_v2,-80.65915637590541,59.47927504008589,0.00046240407994,-141.47715247291575,False,False,train
2026-03-11 10:20:00+00:00,uniswap_v2,sushiswap_v2,-80.65915637590541,59.47927504008589,0.00046240407994,-141.47715247291575,False,False,train
2026-03-11 10:21:00+00:00,uniswap_v2,sushiswap_v2,-80.65915637590541,59.47927504008589,0.00046240407994,-141.47715247291575,False,False,train
2026-03-11 10:22:00+00:00,uniswap_v2,sushiswap_v2,-80.65915637590541,59.47927504008589,0.00046240407994,-141.47715247291575,False,False,train
2026-03-11 10:23:00+00:00,uniswap_v2,sushiswap_v2,-80.65915637590541,59.47927504008589,0.00046240407994,-141.47715247291575,False,False,train
2026-03-11 10:24:00+00:00,uniswap_v2,sushiswap_v2,-80.65915637590541,59.47927504008589,0.00046240407994,-141.47715247291575,False,False,train
2026-03-11 10:25:00+00:00,uniswap_v2,sushiswap_v2,-80.65915637590541,59.47927504008589,0.00046240407994,-141.47715247291575,False,False,train
2026-03-11 10:26:00+00:00,uniswap_v2,sushiswap_v2,-80.65915637590541,59.47927504008589,0.00046240407994,-141.47715247291575,False,False,train
2026-03-11 10:27:00+00:00,uniswap_v2,sushiswap_v2,-80.65915637590541,59.47927504008589,0.00046240407994,-141.47715247291575,False,False,train
2026-03-11 10:28:00+00:00,uniswap_v2,sushiswap_v2,-80.65915637590541,59.47927504008589,0.00046240407994,-141.47715247291575,False,False,train
2026-03-11 10:29:00+00:00,uniswap_v2,sushiswap_v2,-80.65915637590541,59.47927504008589,0.00046240407994,-141.47715247291575,False,False,train
2026-03-11 10:30:00+00:00,uniswap_v2,sushiswap_v2,-80.65915637590541,59.47927504008589,0.00046240407994,-141.47715247291575,False,False,train
2026-03-11 10:31:00+00:00,uniswap_v2,sushiswap_v2,-80.65915637590541,59.47927504008589,0.00046240407994,-141.47715247291575,False,True,train
2026-03-11 10:32:00+00:00,uniswap_v2,sushiswap_v2,-80.65915637590541,59.47927504008589,0.00046240407994,-141.47715247291575,False,True,train
2026-03-11 10:33:00+00:00,uniswap_v2,sushiswap_v2,-80.65915637590541,59.47927504008589,0.00046240407994,-141.47715247291575,False,True,train
2026-03-11 10:34:00+00:00,uniswap_v2,sushiswap_v2,-80.65915637590541,59.47927504008589,0.00046240407994,-141.47715247291575,False,True,train
2026-03-11 10:35:00+00:00,uniswap_v2,sushiswap_v2,-80.65915637590541,59.47927504008589,0.00046240407994,-141.47715247291575,False,True,train
2026-03-11 10:36:00+00:00,uniswap_v2,sushiswap_v2,-80.65915637590541,59.47927504008589,0.00046240407994,-141.47715247291575,False,True,train
2026-03-11 10:37:00+00:00,uniswap_v2,sushiswap_v2,-80.65915637590541,59.47927504008589,0.00046240407994,-141.47715247291575,False,True,train
2026-03-11 10:38:00+00:00,uniswap_v2,sushiswap_v2,-80.65915637590541,59.47927504008589,0.00046240407994,-141.47715247291575,False,True,train
2026-03-11 10:39:00+00:00,uniswap_v2,sushiswap_v2,-80.65915637590541,59.47927504008589,0.00046240407994,-141.47715247291575,False,True,train
2026-03-11 10:40:00+00:00,uniswap_v2,sushiswap_v2,-80.65915637590541,59.47927504008589,0.00046240407994,-141.47715247291575,False,True,train
2026-03-11 10:41:00+00:00,uniswap_v2,sushiswap_v2,-80.65915637590541,59.47927504008589,0.00046240407994,-141.47715247291575,False,True,train
2026-03-11 10:42:00+00:00,uniswap_v2,sushiswap_v2,-80.65915637590541,59.47927504008589,0.00046240407994,-141.47715247291575,False,True,train
2026-03-11 10:43:00+00:00,uniswap_v2,sushiswap_v2,-75.80091983020682,59.49375702564941,0.00046631584824,-136.6453862236508,False,True,train
2026-03-11 10:44:00+00:00,uniswap_v2,sushiswap_v2,-81.15064433974409,59.47789418770623,0.00046516280162,-141.9763843194519,False,False,train
2026-03-11 10:45:00+00:00,uniswap_v2,sushiswap_v2,-81.15064433974409,59.47789418770623,0.00046516280162,-141.9763843194519,False,False,train
2026-03-11 10:46:00+00:00,uniswap_v2,sushiswap_v2,-81.15064433974409,59.47789418770623,0.00046516280162,-141.9763843194519,False,False,train
2026-03-11 10:47:00+00:00,uniswap_v2,sushiswap_v2,-81.15064433974409,59.47789418770623,0.00046516280162,-141.9763843194519,False,False,train
2026-03-11 10:48:00+00:00,uniswap_v2,sushiswap_v2,-81.15064433974409,59.47789418770623,0.00046516280162,-141.9763843194519,False,False,train
2026-03-11 10:49:00+00:00,uniswap_v2,sushiswap_v2,-81.15064433974409,59.47789418770623,0.00046516280162,-141.9763843194519,False,False,train
2026-03-11 10:50:00+00:00,uniswap_v2,sushiswap_v2,-81.15064433974409,59.47789418770623,0.00046516280162,-141.9763843194519,False,False,train
2026-03-11 10:51:00+00:00,uniswap_v2,sushiswap_v2,-81.15064433974409,59.47789418770623,0.00046516280162,-141.9763843194519,False,False,train
2026-03-11 10:52:00+00:00,uniswap_v2,sushiswap_v2,-81.15064433974409,59.47789418770623,0.00046516280162,-141.9763843194519,False,False,train
2026-03-11 10:53:00+00:00,uniswap_v2,sushiswap_v2,-81.15064433974409,59.47789418770623,0.00046516280162,-141.9763843194519,False,False,train
2026-03-11 10:54:00+00:00,uniswap_v2,sushiswap_v2,-81.15064433974409,59.47789418770623,0.00046516280162,-141.9763843194519,False,False,train
2026-03-11 10:55:00+00:00,uniswap_v2,sushiswap_v2,-79.3411095917032,59.48328827066996,0.00045671971906,-140.14802132089514,False,False,train
2026-03-11 10:56:00+00:00,uniswap_v2,sushiswap_v2,-81.13227938196877,59.47798421341131,0.00045798197676,-141.93780217454895,False,False,train
2026-03-11 10:57:00+00:00,uniswap_v2,sushiswap_v2,-81.13227938196877,59.47798421341131,0.00045798197676,-141.93780217454895,False,False,train
2026-03-11 10:58:00+00:00,uniswap_v2,sushiswap_v2,-81.13227938196877,59.47798421341131,0.00045798197676,-141.93780217454895,False,False,train
2026-03-11 10:59:00+00:00,uniswap_v2,sushiswap_v2,-81.13227938196877,59.47798421341131,0.00045798197676,-141.93780217454895,False,False,train
2026-03-11 11:00:00+00:00,uniswap_v2,sushiswap_v2,-81.13227938196877,59.47798421341131,0.00045798197676,-141.93780217454895,False,False,train
2026-03-11 11:01:00+00:00,uniswap_v2,sushiswap_v2,-79.65137108318355,59.482398691659206,0.00045747217428,-140.4600291892606,False,False,train
2026-03-11 11:02:00+00:00,uniswap_v2,sushiswap_v2,-79.65137108318355,59.482398691659206,0.00045747217428,-140.4600291892606,False,False,train
2026-03-11 11:03:00+00:00,sushiswap_v2,uniswap_v2,-80.29616782165034,59.616801450639464,0.00045579914314,-141.22838846189845,False,False,train
2026-03-11 11:04:00+00:00,sushiswap_v2,uniswap_v2,-80.29616923990912,59.61680144640113,0.00045509452604,-141.22635637746103,False,False,train
2026-03-11 11:05:00+00:00,sushiswap_v2,uniswap_v2,-80.29616923990912,59.61680144640113,0.00045509452604,-141.22635637746103,False,False,train
2026-03-11 11:06:00+00:00,sushiswap_v2,uniswap_v2,-80.29616923990912,59.61680144640113,0.00045509452604,-141.22635637746103,False,False,train
2026-03-11 11:07:00+00:00,uniswap_v2,sushiswap_v2,-80.29342720130428,59.48051016636781,0.00045423710574,-141.09108773018266,False,False,train
2026-03-11 11:08:00+00:00,uniswap_v2,sushiswap_v2,-80.29342720130428,59.48051016636781,0.00045423710574,-141.09108773018266,False,False,train
2026-03-11 11:09:00+00:00,uniswap_v2,sushiswap_v2,-81.06394357582427,59.4783372016256,0.00045491273234,-141.8630250374976,False,False,train
2026-03-11 11:10:00+00:00,uniswap_v2,sushiswap_v2,-81.06394357582427,59.4783372016256,0.00045491273234,-141.8630250374976,False,False,train
2026-03-11 11:11:00+00:00,uniswap_v2,sushiswap_v2,-77.93092116952597,59.487676557288744,0.00045440053604,-138.73827290006813,False,False,train
2026-03-11 11:12:00+00:00,uniswap_v2,sushiswap_v2,-77.93092116952597,59.487676557288744,0.00045440053604,-138.73827290006813,False,False,train
2026-03-11 11:13:00+00:00,uniswap_v2,sushiswap_v2,-77.93092116952597,59.487676557288744,0.00045440053604,-138.73827290006813,False,False,train
2026-03-11 11:14:00+00:00,uniswap_v2,sushiswap_v2,-80.26762559246734,59.48073320486568,0.00045471835684,-141.06895698934642,False,False,train
2026-03-11 11:15:00+00:00,uniswap_v2,sushiswap_v2,-80.26762559246734,59.48073320486568,0.00045471835684,-141.06895698934642,False,False,train
2026-03-11 11:16:00+00:00,uniswap_v2,sushiswap_v2,-80.26762559246734,59.48073320486568,0.00045471835684,-141.06895698934642,False,False,train
2026-03-11 11:17:00+00:00,uniswap_v2,sushiswap_v2,-80.26762559246734,59.48073320486568,0.00045471835684,-141.06895698934642,False,False,train
2026-03-11 11:18:00+00:00,uniswap_v2,sushiswap_v2,-80.26762559246734,59.48073320486568,0.00045471835684,-141.06895698934642,False,False,train
2026-03-11 11:19:00+00:00,uniswap_v2,sushiswap_v2,-80.26762559246734,59.48073320486568,0.00045471835684,-141.06895698934642,False,False,train
2026-03-11 11:20:00+00:00,uniswap_v2,sushiswap_v2,-80.26762559246734,59.48073320486568,0.00045471835684,-141.06895698934642,False,False,train
2026-03-11 11:21:00+00:00,uniswap_v2,sushiswap_v2,-80.26762559246734,59.48073320486568,0.00045471835684,-141.06895698934642,False,False,train
2026-03-11 11:22:00+00:00,uniswap_v2,sushiswap_v2,-80.26762559246734,59.48073320486568,0.00045471835684,-141.06895698934642,False,False,train
2026-03-11 11:23:00+00:00,uniswap_v2,sushiswap_v2,-80.26762559246734,59.48073320486568,0.00045471835684,-141.06895698934642,False,False,train
2026-03-11 11:24:00+00:00,uniswap_v2,sushiswap_v2,-80.26762559246734,59.48073320486568,0.00045471835684,-141.06895698934642,False,False,train
2026-03-11 11:25:00+00:00,uniswap_v2,sushiswap_v2,-80.26762559246734,59.48073320486568,0.00045471835684,-141.06895698934642,False,False,train
2026-03-11 11:26:00+00:00,uniswap_v2,sushiswap_v2,-80.26762559246734,59.48073320486568,0.00045471835684,-141.06895698934642,False,False,train
2026-03-11 11:27:00+00:00,uniswap_v2,sushiswap_v2,-80.26762559246734,59.48073320486568,0.00045471835684,-141.06895698934642,False,True,train
2026-03-11 11:28:00+00:00,uniswap_v2,sushiswap_v2,-80.26762559246734,59.48073320486568,0.00045471835684,-141.06895698934642,False,True,train
2026-03-11 11:29:00+00:00,uniswap_v2,sushiswap_v2,-80.26762559246734,59.48073320486568,0.00045471835684,-141.06895698934642,False,True,train
2026-03-11 11:30:00+00:00,uniswap_v2,sushiswap_v2,-80.26762559246734,59.48073320486568,0.00045471835684,-141.06895698934642,False,True,train
2026-03-11 11:31:00+00:00,uniswap_v2,sushiswap_v2,-80.26762559246734,59.48073320486568,0.00045471835684,-141.06895698934642,False,True,train
2026-03-11 11:32:00+00:00,uniswap_v2,sushiswap_v2,-80.26762559246734,59.48073320486568,0.00045471835684,-141.06895698934642,False,True,train
2026-03-11 11:33:00+00:00,uniswap_v2,sushiswap_v2,-80.26762559246734,59.48073320486568,0.00045471835684,-141.06895698934642,False,True,train
2026-03-11 11:34:00+00:00,uniswap_v2,sushiswap_v2,-80.26762559246734,59.48073320486568,0.00045471835684,-141.06895698934642,False,True,train
2026-03-11 11:35:00+00:00,uniswap_v2,sushiswap_v2,-80.26762559246734,59.48073320486568,0.00045471835684,-141.06895698934642,False,True,train
2026-03-11 11:36:00+00:00,uniswap_v2,sushiswap_v2,-80.26762559246734,59.48073320486568,0.00045471835684,-141.06895698934642,False,True,train
2026-03-11 11:37:00+00:00,uniswap_v2,sushiswap_v2,-80.26762559246734,59.48073320486568,0.00045471835684,-141.06895698934642,False,True,train
2026-03-11 11:38:00+00:00,uniswap_v2,sushiswap_v2,-80.26762559246734,59.48073320486568,0.00045471835684,-141.06895698934642,False,True,train
2026-03-11 11:39:00+00:00,uniswap_v2,sushiswap_v2,-80.26762559246734,59.48073320486568,0.00045471835684,-141.06895698934642,False,True,train
2026-03-11 11:40:00+00:00,uniswap_v2,sushiswap_v2,-80.26762559246734,59.48073320486568,0.00045471835684,-141.06895698934642,False,True,train
2026-03-11 11:41:00+00:00,uniswap_v2,sushiswap_v2,-80.26762559246734,59.48073320486568,0.00045471835684,-141.06895698934642,False,True,train
2026-03-11 11:42:00+00:00,uniswap_v2,sushiswap_v2,-80.26762559246734,59.48073320486568,0.00045471835684,-141.06895698934642,False,True,train
2026-03-11 11:43:00+00:00,uniswap_v2,sushiswap_v2,-80.26762559246734,59.48073320486568,0.00045471835684,-141.06895698934642,False,True,train
2026-03-11 11:44:00+00:00,uniswap_v2,sushiswap_v2,-80.26762559246734,59.48073320486568,0.00045471835684,-141.06895698934642,False,True,train
2026-03-11 11:45:00+00:00,uniswap_v2,sushiswap_v2,-80.26762559246734,59.48073320486568,0.00045471835684,-141.06895698934642,False,True,train
2026-03-11 11:46:00+00:00,uniswap_v2,sushiswap_v2,-80.26762559246734,59.48073320486568,0.00045471835684,-141.06895698934642,False,True,train
2026-03-11 11:47:00+00:00,uniswap_v2,sushiswap_v2,-80.26762559246734,59.48073320486568,0.00045471835684,-141.06895698934642,False,True,train
2026-03-11 11:48:00+00:00,uniswap_v2,sushiswap_v2,-80.26762559246734,59.48073320486568,0.00045471835684,-141.06895698934642,False,True,train
2026-03-11 11:49:00+00:00,uniswap_v2,sushiswap_v2,-80.26762559246734,59.48073320486568,0.00045471835684,-141.06895698934642,False,True,train
2026-03-11 11:50:00+00:00,uniswap_v2,sushiswap_v2,-80.26762559246734,59.48073320486568,0.00045471835684,-141.06895698934642,False,True,train
2026-03-11 11:51:00+00:00,uniswap_v2,sushiswap_v2,-80.26762559246734,59.48073320486568,0.00045471835684,-141.06895698934642,False,True,train
2026-03-11 11:52:00+00:00,uniswap_v2,sushiswap_v2,-80.26177212252868,59.480750653728386,0.00047505192636,-141.12217476729742,False,True,train
2026-03-11 11:53:00+00:00,uniswap_v2,sushiswap_v2,-80.25819286301241,59.4807613232988,0.00047284511516,-141.11219762452495,False,True,train
2026-03-11 11:54:00+00:00,uniswap_v2,sushiswap_v2,-80.25819286301241,59.4807613232988,0.00047284511516,-141.11219762452495,False,True,train
2026-03-11 11:55:00+00:00,uniswap_v2,sushiswap_v2,-80.25819286301241,59.4807613232988,0.00047284511516,-141.11219762452495,False,True,train
2026-03-11 11:56:00+00:00,uniswap_v2,sushiswap_v2,-80.25819286301241,59.4807613232988,0.00047284511516,-141.11219762452495,False,True,train
2026-03-11 11:57:00+00:00,uniswap_v2,sushiswap_v2,-80.24293464386729,59.4808068071881,0.00048157641158,-141.12234460102297,False,True,train
2026-03-11 11:58:00+00:00,uniswap_v2,sushiswap_v2,-80.24293464386729,59.4808068071881,0.00048157641158,-141.12234460102297,False,True,train
2026-03-11 11:59:00+00:00,uniswap_v2,sushiswap_v2,-80.23095828064288,59.48084250804884,0.0004762534106,-141.09494645541588,False,True,train
2026-03-11 12:00:00+00:00,uniswap_v2,sushiswap_v2,-80.20031583192075,59.480933851457586,0.00048351520536,-141.0854895656054,False,True,train
2026-03-11 12:01:00+00:00,uniswap_v2,sushiswap_v2,-80.20031583192075,59.480933851457586,0.00048351520536,-141.0854895656054,False,True,train
2026-03-11 12:02:00+00:00,uniswap_v2,sushiswap_v2,-80.20031583192075,59.480933851457586,0.00048351520536,-141.0854895656054,False,True,train
2026-03-11 12:03:00+00:00,uniswap_v2,sushiswap_v2,-80.19370660149943,59.48095355319928,0.00049454317528,-141.1109287696464,False,True,train
2026-03-11 12:04:00+00:00,uniswap_v2,sushiswap_v2,-80.14337631229215,59.481103584947036,0.00049283726382,-141.05580143192347,False,True,train
2026-03-11 12:05:00+00:00,uniswap_v2,sushiswap_v2,-80.13709245212223,59.48112231677802,0.00050256102908,-141.07777745474206,False,True,train
2026-03-11 12:06:00+00:00,uniswap_v2,sushiswap_v2,-80.10744352150823,59.481210698564276,0.00050138533764,-141.0448067698804,False,True,train
2026-03-11 12:07:00+00:00,uniswap_v2,sushiswap_v2,-80.05779178481608,59.481358707585045,0.00050207067504,-140.99730075960818,False,True,train
2026-03-11 12:08:00+00:00,uniswap_v2,sushiswap_v2,-80.05779178481608,59.481358707585045,0.00050207067504,-140.99730075960818,False,True,train
2026-03-11 12:09:00+00:00,uniswap_v2,sushiswap_v2,-80.05779178481608,59.481358707585045,0.00050207067504,-140.99730075960818,False,True,train
2026-03-11 12:10:00+00:00,uniswap_v2,sushiswap_v2,-80.05779178481608,59.481358707585045,0.00050207067504,-140.99730075960818,False,True,train
2026-03-11 12:11:00+00:00,uniswap_v2,sushiswap_v2,-80.05779178481608,59.481358707585045,0.00050207067504,-140.99730075960818,False,True,train
2026-03-11 12:12:00+00:00,uniswap_v2,sushiswap_v2,-80.05779178481608,59.481358707585045,0.00050207067504,-140.99730075960818,False,True,train
2026-03-11 12:13:00+00:00,uniswap_v2,sushiswap_v2,-80.05779178481608,59.481358707585045,0.00050207067504,-140.99730075960818,False,True,train
2026-03-11 12:14:00+00:00,uniswap_v2,sushiswap_v2,-80.05779178481608,59.481358707585045,0.00050207067504,-140.99730075960818,False,True,train
2026-03-11 12:15:00+00:00,uniswap_v2,sushiswap_v2,-80.05779178481608,59.481358707585045,0.00050207067504,-140.99730075960818,False,True,train
2026-03-11 12:16:00+00:00,uniswap_v2,sushiswap_v2,-80.05779178481608,59.481358707585045,0.00050207067504,-140.99730075960818,False,True,train
2026-03-11 12:17:00+00:00,uniswap_v2,sushiswap_v2,-80.05779178481608,59.481358707585045,0.00050207067504,-140.99730075960818,False,True,train
2026-03-11 12:18:00+00:00,uniswap_v2,sushiswap_v2,-80.05779178481608,59.481358707585045,0.00050207067504,-140.99730075960818,False,True,train
2026-03-11 12:19:00+00:00,uniswap_v2,sushiswap_v2,-80.05779178481608,59.481358707585045,0.00050207067504,-140.99730075960818,False,True,train
2026-03-11 12:20:00+00:00,uniswap_v2,sushiswap_v2,-80.05779178481608,59.481358707585045,0.00050207067504,-140.99730075960818,False,True,train
2026-03-11 12:21:00+00:00,uniswap_v2,sushiswap_v2,-80.05779178481608,59.481358707585045,0.00050207067504,-140.99730075960818,False,True,train
2026-03-11 12:22:00+00:00,uniswap_v2,sushiswap_v2,-80.05779178481608,59.481358707585045,0.00050207067504,-140.99730075960818,False,True,train
2026-03-11 12:23:00+00:00,uniswap_v2,sushiswap_v2,-80.05779178481608,59.481358707585045,0.00050207067504,-140.99730075960818,False,True,train
2026-03-11 12:24:00+00:00,uniswap_v2,sushiswap_v2,-80.05779178481608,59.481358707585045,0.00050207067504,-140.99730075960818,False,True,train
2026-03-11 12:25:00+00:00,uniswap_v2,sushiswap_v2,-80.05779178481608,59.481358707585045,0.00050207067504,-140.99730075960818,False,True,train
2026-03-11 12:26:00+00:00,uniswap_v2,sushiswap_v2,-80.05779178481608,59.481358707585045,0.00050207067504,-140.99730075960818,False,True,train
2026-03-11 12:27:00+00:00,uniswap_v2,sushiswap_v2,-80.05779178481608,59.481358707585045,0.00050207067504,-140.99730075960818,False,True,train
2026-03-11 12:28:00+00:00,uniswap_v2,sushiswap_v2,-80.05779178481608,59.481358707585045,0.00050207067504,-140.99730075960818,False,True,train
2026-03-11 12:29:00+00:00,uniswap_v2,sushiswap_v2,-80.05779178481608,59.481358707585045,0.00050207067504,-140.99730075960818,False,True,train
2026-03-11 12:30:00+00:00,uniswap_v2,sushiswap_v2,-80.05385560841768,59.481370441104325,0.00047975194586,-140.9285571904271,False,True,train
2026-03-11 12:31:00+00:00,uniswap_v2,sushiswap_v2,-80.05385560841768,59.481370441104325,0.00047975194586,-140.9285571904271,False,True,train
2026-03-11 12:32:00+00:00,uniswap_v2,sushiswap_v2,-80.05385560841768,59.481370441104325,0.00047975194586,-140.9285571904271,False,True,train
2026-03-11 12:33:00+00:00,uniswap_v2,sushiswap_v2,-80.05385560841768,59.481370441104325,0.00047975194586,-140.9285571904271,False,True,train
2026-03-11 12:34:00+00:00,uniswap_v2,sushiswap_v2,-80.05385560841768,59.481370441104325,0.00047975194586,-140.9285571904271,False,True,train
2026-03-11 12:35:00+00:00,uniswap_v2,sushiswap_v2,-80.05385560841768,59.481370441104325,0.00047975194586,-140.9285571904271,False,True,train
2026-03-11 12:36:00+00:00,uniswap_v2,sushiswap_v2,-80.05385560841768,59.481370441104325,0.00047975194586,-140.9285571904271,False,True,train
2026-03-11 12:37:00+00:00,uniswap_v2,sushiswap_v2,-80.05385560841768,59.481370441104325,0.00047975194586,-140.9285571904271,False,True,train
2026-03-11 12:38:00+00:00,uniswap_v2,sushiswap_v2,-80.05385560841768,59.481370441104325,0.00047975194586,-140.9285571904271,False,True,train
2026-03-11 12:39:00+00:00,uniswap_v2,sushiswap_v2,-80.05385560841768,59.481370441104325,0.00047975194586,-140.9285571904271,False,True,train
2026-03-11 12:40:00+00:00,uniswap_v2,sushiswap_v2,-80.05385560841768,59.481370441104325,0.00047975194586,-140.9285571904271,False,True,train
2026-03-11 12:41:00+00:00,uniswap_v2,sushiswap_v2,-80.05385560841768,59.481370441104325,0.00047975194586,-140.9285571904271,False,True,train
2026-03-11 12:42:00+00:00,uniswap_v2,sushiswap_v2,-80.05385560841768,59.481370441104325,0.00047975194586,-140.9285571904271,False,True,train
2026-03-11 12:43:00+00:00,uniswap_v2,sushiswap_v2,-80.05385560841768,59.481370441104325,0.00047975194586,-140.9285571904271,False,True,train
2026-03-11 12:44:00+00:00,uniswap_v2,sushiswap_v2,-80.05385560841768,59.481370441104325,0.00047975194586,-140.9285571904271,False,True,train
2026-03-11 12:45:00+00:00,uniswap_v2,sushiswap_v2,-80.05385560841768,59.481370441104325,0.00047975194586,-140.9285571904271,False,True,train
2026-03-11 12:46:00+00:00,uniswap_v2,sushiswap_v2,-80.05385560841768,59.481370441104325,0.00047975194586,-140.9285571904271,False,True,train
2026-03-11 12:47:00+00:00,uniswap_v2,sushiswap_v2,-80.05385560841768,59.481370441104325,0.00047975194586,-140.9285571904271,False,True,train
2026-03-11 12:48:00+00:00,uniswap_v2,sushiswap_v2,-80.05385560841768,59.481370441104325,0.00047975194586,-140.9285571904271,False,True,train
2026-03-11 12:49:00+00:00,uniswap_v2,sushiswap_v2,-79.71614974998903,59.48237712318035,0.00047464856824,-140.57708347784552,False,True,train
2026-03-11 12:50:00+00:00,uniswap_v2,sushiswap_v2,-79.71614974998903,59.48237712318035,0.00047464856824,-140.57708347784552,False,True,train
2026-03-11 12:51:00+00:00,uniswap_v2,sushiswap_v2,-79.71614974998903,59.48237712318035,0.00047464856824,-140.57708347784552,False,True,train
2026-03-11 12:52:00+00:00,uniswap_v2,sushiswap_v2,-79.71614974998903,59.48237712318035,0.00047464856824,-140.57708347784552,False,True,train
2026-03-11 12:53:00+00:00,uniswap_v2,sushiswap_v2,-79.71614974998903,59.48237712318035,0.00047464856824,-140.57708347784552,False,True,train
2026-03-11 12:54:00+00:00,uniswap_v2,sushiswap_v2,-79.71614974998903,59.48237712318035,0.00047464856824,-140.57708347784552,False,True,train
2026-03-11 12:55:00+00:00,uniswap_v2,sushiswap_v2,-79.71614974998903,59.48237712318035,0.00047464856824,-140.57708347784552,False,True,train
