timestamp,dex,pair_address,mid_price_eth_per_btc,reserve_wbtc,reserve_weth,swap_count,volume_wbtc,volume_weth,stale_state,split
2025-12-07 09:17:00+00:00,uniswap_v2,0xbb2b8038a1640196fbe3e38816f3e67cba72d940,29.36574326429693,72.82158187,2138.4598772944,1,3.554e-05,0.001046798399931185,False,
2025-12-07 09:18:00+00:00,uniswap_v2,0xbb2b8038a1640196fbe3e38816f3e67cba72d940,29.36574326429693,72.82158187,2138.4598772944,0,0.0,0.0,False,
2025-12-07 09:19:00+00:00,uniswap_v2,0xbb2b8038a1640196fbe3e38816f3e67cba72d940,29.36574326429693,72.82158187,2138.4598772944,0,0.0,0.0,False,
2025-12-07 09:20:00+00:00,uniswap_v2,0xbb2b8038a1640196fbe3e38816f3e67cba72d940,29.36574326429693,72.82158187,2138.4598772944,0,0.0,0.0,False,
2025-12-07 09:21:00+00:00,uniswap_v2,0xbb2b8038a1640196fbe3e38816f3e67cba72d940,29.36574326429693,72.82158187,2138.4598772944,0,0.0,0.0,False,
2025-12-07 09:22:00+00:00,uniswap_v2,0xbb2b8038a1640196fbe3e38816f3e67cba72d940,29.36574326429693,72.82158187,2138.4598772944,0,0.0,0.0,False,
2025-12-07 09:23:00+00:00,uniswap_v2,0xbb2b8038a1640196fbe3e38816f3e67cba72d940,29.36574326429693,72.82158187,2138.4598772944,0,0.0,0.0,False,
2025-12-07 09:24:00+00:00,uniswap_v2,0xbb2b8038a1640196fbe3e38816f3e67cba72d940,29.36574326429693,72.82158187,2138.4598772944,0,0.0,0.0,False,
2025-12-07 09:25:00+00:00,uniswap_v2,0xbb2b8038a1640196fbe3e38816f3e67cba72d940,29.36574326429693,72.82158187,2138.4598772944,0,0.0,0.0,False,
2025-12-07 09:26:00+00:00,uniswap_v2,0xbb2b8038a1640196fbe3e38816f3e67cba72d940,29.36574326429693,72.82158187,2138.4598772944,0,0.0,0.0,False,
2025-12-07 09:27:00+00:00,uniswap_v2,0xbb2b8038a1640196fbe3e38816f3e67cba72d940,29.36574326429693,72.82158187,2138.4598772944,0,0.0,0.0,False,
2025-12-07 09:28:00+00:00,uniswap_v2,0xbb2b8038a1640196fbe3e38816f3e67cba72d940,29.36574326429693,72.82158187,2138.4598772944,0,0.0,0.0,False,
2025-12-07 09:29:00+00:00,uniswap_v2,0xbb2b8038a1640196fbe3e38816f3e67cba72d940,29.36574326429693,72.82158187,2138.4598772944,0,0.0,0.0,False,
2025-12-07 09:30:00+00:00,uniswap_v2,0xbb2b8038a1640196fbe3e38816f3e67cba72d940,29.36574326429693,72.82158187,2138.4598772944,0,0.0,0.0,False,
2025-12-07 09:31:00+00:00,uniswap_v2,0xbb2b8038a1640196fbe3e38816f3e67cba72d940,29.36574326429693,72.82158187,2138.4598772944,0,0.0,0.0,False,
2025-12-07 09:32:00+00:00,uniswap_v2,0xbb2b8038a1640196fbe3e38816f3e67cba72d940,29.36574326429693,72.82158187,2138.4598772944,0,0.0,0.0,False,
2025-12-07 09:33:00+00:00,uniswap_v2,0xbb2b8038a1640196fbe3e38816f3e67cba72d940,29.36574326429693,72.82158187,2138.4598772944,0,0.0,0.0,True,
2025-12-07 09:34:00+00:00,uniswap_v2,0xbb2b8038a1640196fbe3e38816f3e67cba72d940,29.36574326429693,72.82158187,2138.4598772944,0,0.0,0.0,True,
2025-12-07 09:35:00+00:00,uniswap_v2,0xbb2b8038a1640196fbe3e38816f3e67cba72d940,29.36574326429693,72.82158187,2138.4598772944,0,0.0,0.0,True,
2025-12-07 09:36:00+00:00,uniswap_v2,0xbb2b8038a1640196fbe3e38816f3e67cba72d940,29.36574326429693,72.82158187,2138.4598772944,0,0.0,0.0,True,
2025-12-07 09:37:00+00:00,uniswap_v2,0xbb2b8038a1640196fbe3e38816f3e67cba72d940,29.36574326429693,72.82158187,2138.4598772944,0,0.0,0.0,True,
2025-12-07 09:38:00+00:00,uniswap_v2,0xbb2b8038a1640196fbe3e38816f3e67cba72d940,29.36574326429693,72.82158187,2138.4598772944,0,0.0,0.0,True,
2025-12-07 09:39:00+00:00,uniswap_v2,0xbb2b8038a1640196fbe3e38816f3e67cba72d940,29.36574326429693,72.82158187,2138.4598772944,0,0.0,0.0,True,
2025-12-07 09:40:00+00:00,uniswap_v2,0xbb2b8038a1640196fbe3e38816f3e67cba72d940,29.36574326429693,72.82158187,2138.4598772944,0,0.0,0.0,True,
2025-12-07 09:41:00+00:00,uniswap_v2,0xbb2b8038a1640196fbe3e38816f3e67cba72d940,29.36574326429693,72.82158187,2138.4598772944,0,0.0,0.0,True,
2025-12-07 09:42:00+00:00,uniswap_v2,0xbb2b8038a1640196fbe3e38816f3e67cba72d940,29.36574326429693,72.82158187,2138.4598772944,0,0.0,0.0,True,
2025-12-07 09:43:00+00:00,uniswap_v2,0xbb2b8038a1640196fbe3e38816f3e67cba72d940,29.36574326429693,72.82158187,2138.4598772944,0,0.0,0.0,True,
2025-12-07 09:44:00+00:00,uniswap_v2,0xbb2b8038a1640196fbe3e38816f3e67cba72d940,29.36574326429693,72.82158187,2138.4598772944,0,0.0,0.0,True,
2025-12-07 09:45:00+00:00,uniswap_v2,0xbb2b8038a1640196fbe3e38816f3e67cba72d940,29.36574326429693,72.82158187,2138.4598772944,0,0.0,0.0,True,
2025-12-07 09:46:00+00:00,uniswap_v2,0xbb2b8038a1640196fbe3e38816f3e67cba72d940,29.365743260514822,72.82158188,2138.459877312638,0,0.0,0.0,False,
2025-12-07 09:47:00+00:00,uniswap_v2,0xbb2b8038a1640196fbe3e38816f3e67cba72d940,29.365743260514822,72.82158188,2138.459877312638,0,0.0,0.0,False,
2025-12-07 09:48:00+00:00,uniswap_v2,0xbb2b8038a1640196fbe3e38816f3e67cba72d940,29.365743260514822,72.82158188,2138.459877312638,0,0.0,0.0,False,
2025-12-07 09:49:00+00:00,uniswap_v2,0xbb2b8038a1640196fbe3e38816f3e67cba72d940,29.365743260514822,72.82158188,2138.459877312638,0,0.0,0.0,False,
2025-12-07 09:50:00+00:00,uniswap_v2,0xbb2b8038a1640196fbe3e38816f3e67cba72d940,29.365743260514822,72.82158188,2138.459877312638,0,0.0,0.0,False,
2025-12-07 09:51:00+00:00,uniswap_v2,0xbb2b8038a1640196fbe3e38816f3e67cba72d940,29.365743260514822,72.82158188,2138.459877312638,0,0.0,0.0,False,
2025-12-07 09:52:00+00:00,uniswap_v2,0xbb2b8038a1640196fbe3e38816f3e67cba72d940,29.365743260514822,72.82158188,2138.459877312638,0,0.0,0.0,False,
2025-12-07 09:53:00+00:00,uniswap_v2,0xbb2b8038a1640196fbe3e38816f3e67cba72d940,29.365743260514822,72.82158188,2138.459877312638,0,0.0,0.0,False,
2025-12-07 09:54:00+00:00,uniswap_v2,0xbb2b8038a1640196fbe3e38816f3e67cba72d940,29.365743260514822,72.82158188,2138.459877312638,0,0.0,0.0,False,
2025-12-07 09:55:00+00:00,uniswap_v2,0xbb2b8038a1640196fbe3e38816f3e67cba72d940,29.365743260514822,72.82158188,2138.459877312638,0,0.0,0.0,False,
2025-12-07 09:56:00+00:00,uniswap_v2,0xbb2b8038a1640196fbe3e38816f3e67cba72d940,29.365743260514822,72.82158188,2138.459877312638,0,0.0,0.0,False,
2025-12-07 09:57:00+00:00,uniswap_v2,0xbb2b8038a1640196fbe3e38816f3e67cba72d940,29.365743260514822,72.82158188,2138.459877312638,0,0.0,0.0,False,
2025-12-07 09:58:00+00:00,uniswap_v2,0xbb2b8038a1640196fbe3e38816f3e67cba72d940,29.365743260514822,72.82158188,2138.459877312638,0,0.0,0.0,False,
2025-12-07 09:59:00+00:00,uniswap_v2,0xbb2b8038a1640196fbe3e38816f3e67cba72d940,29.365743260514822,72.82158188,2138.459877312638,0,0.0,0.0,False,
2025-12-07 10:00:00+00:00,uniswap_v2,0xbb2b8038a1640196fbe3e38816f3e67cba72d940,29.365743260514822,72.82158188,2138.459877312638,0,0.0,0.0,False,
2025-12-07 10:01:00+00:00,uniswap_v2,0xbb2b8038a1640196fbe3e38816f3e67cba72d940,29.365743260514822,72.82158188,2138.459877312638,0,0.0,0.0,False,
2025-12-07 10:02:00+00:00,uniswap_v2,0xbb2b8038a1640196fbe3e38816f3e67cba72d940,29.365743260514822,72.82158188,2138.459877312638,0,0.0,0.0,True,
2025-12-07 10:03:00+00:00,uniswap_v2,0xbb2b8038a1640196fbe3e38816f3e67cba72d940,29.365743260514822,72.82158188,2138.459877312638,0,0.0,0.0,True,
2025-12-07 10:04:00+00:00,uniswap_v2,0xbb2b8038a1640196fbe3e38816f3e67cba72d940,29.365743260514822,72.82158188,2138.459877312638,0,0.0,0.0,True,
2025-12-07 10:05:00+00:00,uniswap_v2,0xbb2b8038a1640196fbe3e38816f3e67cba72d940,29.365743260514822,72.82158188,2138.459877312638,0,0.0,0.0,True,
2025-12-07 10:06:00+00:00,uniswap_v2,0xbb2b8038a1640196fbe3e38816f3e67cba72d940,29.365743260514822,72.82158188,2138.459877312638,0,0.0,0.0,True,
2025-12-07 10:07:00+00:00,uniswap_v2,0xbb2b8038a1640196fbe3e38816f3e67cba72d940,29.365743260514822,72.82158188,2138.459877312638,0,0.0,0.0,True,
2025-12-07 10:08:00+00:00,uniswap_v2,0xbb2b8038a1640196fbe3e38816f3e67cba72d940,29.365743260514822,72.82158188,2138.459877312638,0,0.0,0.0,True,
2025-12-07 10:09:00+00:00,uniswap_v2,0xbb2b8038a1640196fbe3e38816f3e67cba72d940,29.365743260514822,72.82158188,2138.459877312638,0,0.0,0.0,True,
2025-12-07 10:10:00+00:00,uniswap_v2,0xbb2b8038a1640196fbe3e38816f3e67cba72d940,29.365743260514822,72.82158188,2138.459877312638,0,0.0,0.0,True,
2025-12-07 10:11:00+00:00,uniswap_v2,0xbb2b8038a1640196fbe3e38816f3e67cba72d940,29.365743260514822,72.82158188,2138.459877312638,0,0.0,0.0,True,
2025-12-07 10:12:00+00:00,uniswap_v2,0xbb2b8038a1640196fbe3e38816f3e67cba72d940,29.365743260514822,72.82158188,2138.459877312638,0,0.0,0.0,True,
2025-12-07 10:13:00+00:00,uniswap_v2,0xbb2b8038a1640196fbe3e38816f3e67cba72d940,29.365743260514822,72.82158188,2138.459877312638,0,0.0,0.0,True,
2025-12-07 10:14:00+00:00,uniswap_v2,0xbb2b8038a1640196fbe3e38816f3e67cba72d940,29.365743260514822,72.82158188,2138.459877312638,0,0.0,0.0,True,
2025-12-07 10:15:00+00:00,uniswap_v2,0xbb2b8038a1640196fbe3e38816f3e67cba72d940,29.36577164400954,72.82154674,2138.4609123304076,1,3.514e-05,0.001035017769431497,False,
2025-12-07 10:16:00+00:00,uniswap_v2,0xbb2b8038a1640196fbe3e38816f3e67cba72d940,29.36577164400954,72.82154674,2138.4609123304076,0,0.0,0.0,False,
2025-12-07 10:17:00+00:00,uniswap_v2,0xbb2b8038a1640196fbe3e38816f3e67cba72d940,29.36577164400954,72.82154674,2138.4609123304076,0,0.0,0.0,False,
2025-12-07 10:18:00+00:00,uniswap_v2,0xbb2b8038a1640196fbe3e38816f3e67cba72d940,29.36577164400954,72.82154674,2138.4609123304076,0,0.0,0.0,False,
2025-12-07 10:19:00+00:00,uniswap_v2,0xbb2b8038a1640196fbe3e38816f3e67cba72d940,29.36577164400954,72.82154674,2138.4609123304076,0,0.0,0.0,False,
2025-12-07 10:20:00+00:00,uniswap_v2,0xbb2b8038a1640196fbe3e38816f3e67cba72d940,29.36577164400954,72.82154674,2138.4609123304076,0,0.0,0.0,False,
2025-12-07 10:21:00+00:00,uniswap_v2,0xbb2b8038a1640196fbe3e38816f3e67cba72d940,29.36577164400954,72.82154674,2138.4609123304076,0,0.0,0.0,False,
2025-12-07 10:22:00+00:00,uniswap_v2,0xbb2b8038a1640196fbe3e38816f3e67cba72d940,29.36577164400954,72.82154674,2138.4609123304076,0,0.0,0.0,False,
2025-12-07 10:23:00+00:00,uniswap_v2,0xbb2b8038a1640196fbe3e38816f3e67cba72d940,29.36577164400954,72.82154674,2138.4609123304076,0,0.0,0.0,False,
2025-12-07 10:24:00+00:00,uniswap_v2,0xbb2b8038a1640196fbe3e38816f3e67cba72d940,29.36577164400954,72.82154674,2138.4609123304076,0,0.0,0.0,False,
2025-12-07 10:25:00+00:00,uniswap_v2,0xbb2b8038a1640196fbe3e38816f3e67cba72d940,29.36577164400954,72.82154674,2138.4609123304076,0,0.0,0.0,False,
2025-12-07 10:26:00+00:00,uniswap_v2,0xbb2b8038a1640196fbe3e38816f3e67cba72d940,29.36577164400954,72.82154674,2138.4609123304076,0,0.0,0.0,False,
2025-12-07 10:27:00+00:00,uniswap_v2,0xbb2b8038a1640196fbe3e38816f3e67cba72d940,29.36577164400954,72.82154674,2138.4609123304076,0,0.0,0.0,False,
2025-12-07 10:28:00+00:00,uniswap_v2,0xbb2b8038a1640196fbe3e38816f3e67cba72d940,29.36577164400954,72.82154674,2138.4609123304076,0,0.0,0.0,False,
2025-12-07 10:29:00+00:00,uniswap_v2,0xbb2b8038a1640196fbe3e38816f3e67cba72d940,29.36577164400954,72.82154674,2138.4609123304076,0,0.0,0.0,False,
2025-12-07 10:30:00+00:00,uniswap_v2,0xbb2b8038a1640196fbe3e38816f3e67cba72d940,29.36577164400954,72.82154674,2138.4609123304076,0,0.0,0.0,False,
2025-12-07 10:31:00+00:00,uniswap_v2,0xbb2b8038a1640196fbe3e38816f3e67cba72d940,29.36577164400954,72.82154674,2138.4609123304076,0,0.0,0.0,True,
2025-12-07 10:32:00+00:00,sushiswap_v2,0xceff51756c56ceffca006cd410b03ffc46dd3a58,29.36570614963924,162.24838775,4764.538477919227,1,7.268e-05,0.002140880831230995,False,train
2025-12-07 10:32:00+00:00,uniswap_v2,0xbb2b8038a1640196fbe3e38816f3e67cba72d940,29.36577164400954,72.82154674,2138.4609123304076,0,0.0,0.0,True,train
2025-12-07 10:33:00+00:00,sushiswap_v2,0xceff51756c56ceffca006cd410b03ffc46dd3a58,29.36570614963924,162.24838775,4764.538477919227,0,0.0,0.0,False,train
2025-12-07 10:33:00+00:00,uniswap_v2,0xbb2b8038a1640196fbe3e38816f3e67cba72d940,29.36577164400954,72.82154674,2138.4609123304076,0,0.0,0.0,True,train
2025-12-07 10:34:00+00:00,sushiswap_v2,0xceff51756c56ceffca006cd410b03ffc46dd3a58,29.36570614963924,162.24838775,4764.538477919227,0,0.0,0.0,False,train
2025-12-07 10:34:00+00:00,uniswap_v2,0xbb2b8038a1640196fbe3e38816f3e67cba72d940,29.36577164400954,72.82154674,2138.4609123304076,0,0.0,0.0,True,train
2025-12-07 10:35:00+00:00,sushiswap_v2,0xceff51756c56ceffca006cd410b03ffc46dd3a58,29.36570614963924,162.24838775,4764.538477919227,0,0.0,0.0,False,train
2025-12-07 10:35:00+00:00,uniswap_v2,0xbb2b8038a1640196fbe3e38816f3e67cba72d940,29.36577164400954,72.82154674,2138.4609123304076,0,0.0,0.0,True,train
2025-12-07 10:36:00+00:00,sushiswap_v2,0xceff51756c56ceffca006cd410b03ffc46dd3a58,29.36570614963924,162.24838775,4764.538477919227,0,0.0,0.0,False,train
2025-12-07 10:36:00+00:00,uniswap_v2,0xbb2b8038a1640196fbe3e38816f3e67cba72d940,29.36577164400954,72.82154674,2138.4609123304076,0,0.0,0.0,True,train
2025-12-07 10:37:00+00:00,sushiswap_v2,0xceff51756c56ceffca006cd410b03ffc46dd3a58,29.36570614963924,162.24838775,4764.538477919227,0,0.0,0.0,False,train
2025-12-07 10:37:00+00:00,uniswap_v2,0xbb2b8038a1640196fbe3e38816f3e67cba72d940,29.36577164400954,72.82154674,2138.4609123304076,0,0.0,0.0,True,train
2025-12-07 10:38:00+00:00,sushiswap_v2,0xceff51756c56ceffca006cd410b03ffc46dd3a58,29.36570614963924,162.24838775,4764.538477919227,0,0.0,0.0,False,train
2025-12-07 10:38:00+00:00,uniswap_v2,0xbb2b8038a1640196fbe3e38816f3e67cba72d940,29.36577164400954,72.82154674,2138.4609123304076,0,0.0,0.0,True,train
2025-12-07 10:39:00+00:00,sushiswap_v2,0xceff51756c56ceffca006cd410b03ffc46dd3a58,29.36570614963924,162.24838775,4764.538477919227,0,0.0,0.0,False,train
2025-12-07 10:39:00+00:00,uniswap_v2,0xbb2b8038a1640196fbe3e38816f3e67cba72d940,29.36577164400954,72.82154674,2138.4609123304076,0,0.0,0.0,True,train
2025-12-07 10:40:00+00:00,sushiswap_v2,0xceff51756c56ceffca006cd410b03ffc46dd3a58,29.36570614963924,162.24838775,4764.538477919227,0,0.0,0.0,False,train
2025-12-07 10:40:00+00:00,uniswap_v2,0xbb2b8038a1640196fbe3e38816f3e67cba72d940,29.36577164400954,72.82154674,2138.4609123304076,0,0.0,0.0,True,train
2025-12-07 10:41:00+00:00,sushiswap_v2,0xceff51756c56ceffca006cd410b03ffc46dd3a58,29.36570614963924,162.24838775,4764.538477919227,0,0.0,0.0,False,train
2025-12-07 10:41:00+00:00,uniswap_v2,0xbb2b8038a1640196fbe3e38816f3e67cba72d940,29.36577164400954,72.82154674,2138.4609123304076,0,0.0,0.0,True,train
2025-12-07 10:42:00+00:00,sushiswap_v2,0xceff51756c56ceffca006cd410b03ffc46dd3a58,29.36570614963924,162.24838775,4764.538477919227,0,0.0,0.0,False,train
2025-12-07 10:42:00+00:00,uniswap_v2,0xbb2b8038a1640196fbe3e38816f3e67cba72d940,29.36577164400954,72.82154674,2138.4609123304076,0,0.0,0.0,True,train
2025-12-07 10:43:00+00:00,sushiswap_v2,0xceff51756c56ceffca006cd410b03ffc46dd3a58,29.36570614963924,162.24838775,4764.538477919227,0,0.0,0.0,False,train
2025-12-07 10:43:00+00:00,uniswap_v2,0xbb2b8038a1640196fbe3e38816f3e67cba72d940,29.36577164400954,72.82154674,2138.4609123304076,0,0.0,0.0,True,train
2025-12-07 10:44:00+00:00,sushiswap_v2,0xceff51756c56ceffca006cd410b03ffc46dd3a58,29.36570614963924,162.24838775,4764.538477919227,0,0.0,0.0,False,train
2025-12-07 10:44:00+00:00,uniswap_v2,0xbb2b8038a1640196fbe3e38816f3e67cba72d940,29.36577164400954,72.82154674,2138.4609123304076,0,0.0,0.0,True,train
2025-12-07 10:45:00+00:00,sushiswap_v2,0xceff51756c56ceffca006cd410b03ffc46dd3a58,29.36570614963924,162.24838775,4764.538477919227,0,0.0,0.0,False,train
2025-12-07 10:45:00+00:00,uniswap_v2,0xbb2b8038a1640196fbe3e38816f3e67cba72d940,29.36577164400954,72.82154674,2138.4609123304076,0,0.0,0.0,True,train
2025-12-07 10:46:00+00:00,sushiswap_v2,0xceff51756c56ceffca006cd410b03ffc46dd3a58,29.36570614963924,162.24838775,4764.538477919227,0,0.0,0.0,False,train
2025-12-07 10:46:00+00:00,uniswap_v2,0xbb2b8038a1640196fbe3e38816f3e67cba72d940,29.365731878163434,72.82159612,2138.4594665998266,1,4.938e-05,0.001445730580966747,False,train
2025-12-07 10:47:00+00:00,sushiswap_v2,0xceff51756c56ceffca006cd410b03ffc46dd3a58,29.36570614963924,162.24838775,4764.538477919227,0,0.0,0.0,False,train
2025-12-07 10:47:00+00:00,uniswap_v2,0xbb2b8038a1640196fbe3e38816f3e67cba72d940,29.365731878163434,72.82159612,2138.4594665998266,0,0.0,0.0,False,train
2025-12-07 10:48:00+00:00,sushiswap_v2,0xceff51756c56ceffca006cd410b03ffc46dd3a58,29.36570614963924,162.24838775,4764.538477919227,0,0.0,0.0,True,train
2025-12-07 10:48:00+00:00,uniswap_v2,0xbb2b8038a1640196fbe3e38816f3e67cba72d940,29.365731878163434,72.82159612,2138.4594665998266,0,0.0,0.0,False,train
2025-12-07 10:49:00+00:00,sushiswap_v2,0xceff51756c56ceffca006cd410b03ffc46dd3a58,29.36570614963924,162.24838775,4764.538477919227,0,0.0,0.0,True,train
2025-12-07 10:49:00+00:00,uniswap_v2,0xbb2b8038a1640196fbe3e38816f3e67cba72d940,29.365731878163434,72.82159612,2138.4594665998266,0,0.0,0.0,False,train
2025-12-07 10:50:00+00:00,sushiswap_v2,0xceff51756c56ceffca006cd410b03ffc46dd3a58,29.36570614963924,162.24838775,4764.538477919227,0,0.0,0.0,True,train
2025-12-07 10:50:00+00:00,uniswap_v2,0xbb2b8038a1640196fbe3e38816f3e67cba72d940,29.365731878163434,72.82159612,2138.4594665998266,0,0.0,0.0,False,train
2025-12-07 10:51:00+00:00,sushiswap_v2,0xceff51756c56ceffca006cd410b03ffc46dd3a58,29.36570614963924,162.24838775,4764.538477919227,0,0.0,0.0,True,train
2025-12-07 10:51:00+00:00,uniswap_v2,0xbb2b8038a1640196fbe3e38816f3e67cba72d940,29.365731878163434,72.82159612,2138.4594665998266,0,0.0,0.0,False,train
2025-12-07 10:52:00+00:00,sushiswap_v2,0xceff51756c56ceffca006cd410b03ffc46dd3a58,29.36570614963924,162.24838775,4764.538477919227,0,0.0,0.0,True,train
2025-12-07 10:52:00+00:00,uniswap_v2,0xbb2b8038a1640196fbe3e38816f3e67cba72d940,29.365731878163434,72.82159612,2138.4594665998266,0,0.0,0.0,False,train
2025-12-07 10:53:00+00:00,sushiswap_v2,0xceff51756c56ceffca006cd410b03ffc46dd3a58,29.36570614963924,162.24838775,4764.538477919227,0,0.0,0.0,True,train
2025-12-07 10:53:00+00:00,uniswap_v2,0xbb2b8038a1640196fbe3e38816f3e67cba72d940,29.365731878163434,72.82159612,2138.4594665998266,0,0.0,0.0,False,train
2025-12-07 10:54:00+00:00,sushiswap_v2,0xceff51756c56ceffca006cd410b03ffc46dd3a58,29.36570614963924,162.24838775,4764.538477919227,0,0.0,0.0,True,train
2025-12-07 10:54:00+00:00,uniswap_v2,0xbb2b8038a1640196fbe3e38816f3e67cba72d940,29.365731878163434,72.82159612,2138.4594665998266,0,0.0,0.0,False,train
2025-12-07 10:55:00+00:00,sushiswap_v2,0xceff51756c56ceffca006cd410b03ffc46dd3a58,29.36570614963924,162.24838775,4764.538477919227,0,0.0,0.0,True,train
2025-12-07 10:55:00+00:00,uniswap_v2,0xbb2b8038a1640196fbe3e38816f3e67cba72d940,29.365731878163434,72.82159612,2138.4594665998266,0,0.0,0.0,False,train
2025-12-07 10:56:00+00:00,sushiswap_v2,0xceff51756c56ceffca006cd410b03ffc46dd3a58,29.36570614963924,162.24838775,4764.538477919227,0,0.0,0.0,True,train
2025-12-07 10:56:00+00:00,uniswap_v2,0xbb2b8038a1640196fbe3e38816f3e67cba72d940,29.365731878163434,72.82159612,2138.4594665998266,0,0.0,0.0,False,train
2025-12-07 10:57:00+00:00,sushiswap_v2,0xceff51756c56ceffca006cd410b03ffc46dd3a58,29.36570614963924,162.24838775,4764.538477919227,0,0.0,0.0,True,train
2025-12-07 10:57:00+00:00,uniswap_v2,0xbb2b8038a1640196fbe3e38816f3e67cba72d940,29.365731878163434,72.82159612,2138.4594665998266,0,0.0,0.0,False,train
2025-12-07 10:58:00+00:00,sushiswap_v2,0xceff51756c56ceffca006cd410b03ffc46dd3a58,29.36570614963924,162.24838775,4764.538477919227,0,0.0,0.0,True,train
2025-12-07 10:58:00+00:00,uniswap_v2,0xbb2b8038a1640196fbe3e38816f3e67cba72d940,29.365731878163434,72.82159612,2138.4594665998266,0,0.0,0.0,False,train
2025-12-07 10:59:00+00:00,sushiswap_v2,0xceff51756c56ceffca006cd410b03ffc46dd3a58,29.36570614963924,162.24838775,4764.538477919227,0,0.0,0.0,True,train
2025-12-07 10:59:00+00:00,uniswap_v2,0xbb2b8038a1640196fbe3e38816f3e67cba72d940,29.365731878163434,72.82159612,2138.4594665998266,0,0.0,0.0,False,train
2025-12-07 11:00:00+00:00,sushiswap_v2,0xceff51756c56ceffca006cd410b03ffc46dd3a58,29.36570614963924,162.24838775,4764.538477919227,0,0.0,0.0,True,train
2025-12-07 11:00:00+00:00,uniswap_v2,0xbb2b8038a1640196fbe3e38816f3e67cba72d940,29.365731878163434,72.82159612,2138.4594665998266,0,0.0,0.0,False,train
2025-12-07 11:01:00+00:00,sushiswap_v2,0xceff51756c56ceffca006cd410b03ffc46dd3a58,29.36570614963924,162.24838775,4764.538477919227,0,0.0,0.0,True,train
2025-12-07 11:01:00+00:00,uniswap_v2,0xbb2b8038a1640196fbe3e38816f3e67cba72d940,29.365731878163434,72.82159612,2138.4594665998266,0,0.0,0.0,False,train
2025-12-07 11:02:00+00:00,sushiswap_v2,0xceff51756c56ceffca006cd410b03ffc46dd3a58,29.36570614963924,162.24838775,4764.538477919227,0,0.0,0.0,True,train
2025-12-07 11:02:00+00:00,uniswap_v2,0xbb2b8038a1640196fbe3e38816f3e67cba72d940,29.365731878163434,72.82159612,2138.4594665998266,0,0.0,0.0,True,train
2025-12-07 11:03:00+00:00,sushiswap_v2,0xceff51756c56ceffca006cd410b03ffc46dd3a58,29.36570614963924,162.24838775,4764.538477919227,0,0.0,0.0,True,train
2025-12-07 11:03:00+00:00,uniswap_v2,0xbb2b8038a1640196fbe3e38816f3e67cba72d940,29.365731878163434,72.82159612,2138.4594665998266,0,0.0,0.0,True,train
2025-12-07 11:04:00+00:00,sushiswap_v2,0xceff51756c56ceffca006cd410b03ffc46dd3a58,29.36570614963924,162.24838775,4764.538477919227,0,0.0,0.0,True,train
2025-12-07 11:04:00+00:00,uniswap_v2,0xbb2b8038a1640196fbe3e38816f3e67cba72d940,29.365731878163434,72.82159612,2138.4594665998266,0,0.0,0.0,True,train
2025-12-07 11:05:00+00:00,sushiswap_v2,0xceff51756c56ceffca006cd410b03ffc46dd3a58,29.36570614963924,162.24838775,4764.538477919227,0,0.0,0.0,True,train
2025-12-07 11:05:00+00:00,uniswap_v2,0xbb2b8038a1640196fbe3e38816f3e67cba72d940,29.365731878163434,72.82159612,2138.4594665998266,0,0.0,0.0,True,train
2025-12-07 11:06:00+00:00,sushiswap_v2,0xceff51756c56ceffca006cd410b03ffc46dd3a58,29.36570614963924,162.24838775,4764.538477919227,0,0.0,0.0,True,train
2025-12-07 11:06:00+00:00,uniswap_v2,0xbb2b8038a1640196fbe3e38816f3e67cba72d940,29.365731878163434,72.82159612,2138.4594665998266,0,0.0,0.0,True,train
2025-12-07 11:07:00+00:00,sushiswap_v2,0xceff51756c56ceffca006cd410b03ffc46dd3a58,29.36570614963924,162.24838775,4764.538477919227,0,0.0,0.0,True,train
2025-12-07 11:07:00+00:00,uniswap_v2,0xbb2b8038a1640196fbe3e38816f3e67cba72d940,29.365731878163434,72.82159612,2138.4594665998266,0,0.0,0.0,True,train
2025-12-07 11:08:00+00:00,sushiswap_v2,0xceff51756c56ceffca006cd410b03ffc46dd3a58,29.36570614963924,162.24838775,4764.538477919227,0,0.0,0.0,True,train
2025-12-07 11:08:00+00:00,uniswap_v2,0xbb2b8038a1640196fbe3e38816f3e67cba72d940,29.365731878163434,72.82159612,2138.4594665998266,0,0.0,0.0,True,train
2025-12-07 11:09:00+00:00,sushiswap_v2,0xceff51756c56ceffca006cd410b03ffc46dd3a58,29.36570614963924,162.24838775,4764.538477919227,0,0.0,0.0,True,train
2025-12-07 11:09:00+00:00,uniswap_v2,0xbb2b8038a1640196fbe3e38816f3e67cba72d940,29.365731878163434,72.82159612,2138.4594665998266,0,0.0,0.0,True,train
2025-12-07 11:10:00+00:00,sushiswap_v2,0xceff51756c56ceffca006cd410b03ffc46dd3a58,29.36570614963924,162.24838775,4764.538477919227,0,0.0,0.0,True,train
2025-12-07 11:10:00+00:00,uniswap_v2,0xbb2b8038a1640196fbe3e38816f3e67cba72d940,29.365731878163434,72.82159612,2138.4594665998266,0,0.0,0.0,True,train
2025-12-07 11:11:00+00:00,sushiswap_v2,0xceff51756c56ceffca006cd410b03ffc46dd3a58,29.36570614963924,162.24838775,4764.538477919227,0,0.0,0.0,True,train
2025-12-07 11:11:00+00:00,uniswap_v2,0xbb2b8038a1640196fbe3e38816f3e67cba72d940,29.365731878163434,72.82159612,2138.4594665998266,0,0.0,0.0,True,train
2025-12-07 11:12:00+00:00,sushiswap_v2,0xceff51756c56ceffca006cd410b03ffc46dd3a58,29.36570614963924,162.24838775,4764.538477919227,0,0.0,0.0,True,train
2025-12-07 11:12:00+00:00,uniswap_v2,0xbb2b8038a1640196fbe3e38816f3e67cba72d940,29.365731878163434,72.82159612,2138.4594665998266,0,0.0,0.0,True,train
2025-12-07 11:13:00+00:00,sushiswap_v2,0xceff51756c56ceffca006cd410b03ffc46dd3a58,29.36570614963924,162.24838775,4764.538477919227,0,0.0,0.0,True,train
2025-12-07 11:13:00+00:00,uniswap_v2,0xbb2b8038a1640196fbe3e38816f3e67cba72d940,29.365731878163434,72.82159612,2138.4594665998266,0,0.0,0.0,True,train
2025-12-07 11:14:00+00:00,sushiswap_v2,0xceff51756c56ceffca006cd410b03ffc46dd3a58,29.36570614963924,162.24838775,4764.538477919227,0,0.0,0.0,True,train
2025-12-07 11:14:00+00:00,uniswap_v2,0xbb2b8038a1640196fbe3e38816f3e67cba72d940,29.365731878163434,72.82159612,2138.4594665998266,0,0.0,0.0,True,train
2025-12-07 11:15:00+00:00,sushiswap_v2,0xceff51756c56ceffca006cd410b03ffc46dd3a58,29.36570614963924,162.24838775,4764.538477919227,0,0.0,0.0,True,train
2025-12-07 11:15:00+00:00,uniswap_v2,0xbb2b8038a1640196fbe3e38816f3e67cba72d940,29.365731878163434,72.82159612,2138.4594665998266,0,0.0,0.0,True,train
2025-12-07 11:16:00+00:00,sushiswap_v2,0xceff51756c56ceffca006cd410b03ffc46dd3a58,29.36570614963924,162.24838775,4764.538477919227,0,0.0,0.0,True,train
2025-12-07 11:16:00+00:00,uniswap_v2,0xbb2b8038a1640196fbe3e38816f3e67cba72d940,29.365731878163434,72.82159612,2138.4594665998266,0,0.0,0.0,True,train
2025-12-07 11:17:00+00:00,sushiswap_v2,0xceff51756c56ceffca006cd410b03ffc46dd3a58,29.36570614963924,162.24838775,4764.538477919227,0,0.0,0.0,True,train
2025-12-07 11:17:00+00:00,uniswap_v2,0xbb2b8038a1640196fbe3e38816f3e67cba72d940,29.365731878163434,72.82159612,2138.4594665998266,0,0.0,0.0,True,train
2025-12-07 11:18:00+00:00,sushiswap_v2,0xceff51756c56ceffca006cd410b03ffc46dd3a58,29.365706149397973,162.2255094,4763.866638976799,0,0.0,0.0,False,train
2025-12-07 11:18:00+00:00,uniswap_v2,0xbb2b8038a1640196fbe3e38816f3e67cba72d940,29.365731878163434,72.82159612,2138.4594665998266,0,0.0,0.0,True,train
2025-12-07 11:19:00+00:00,sushiswap_v2,0xceff51756c56ceffca006cd410b03ffc46dd3a58,29.365706149397973,162.2255094,4763.866638976799,0,0.0,0.0,False,train
2025-12-07 11:19:00+00:00,uniswap_v2,0xbb2b8038a1640196fbe3e38816f3e67cba72d940,29.365731878163434,72.82159612,2138.4594665998266,0,0.0,0.0,True,train
2025-12-07 11:20:00+00:00,sushiswap_v2,0xceff51756c56ceffca006cd410b03ffc46dd3a58,29.365706149397973,162.2255094,4763.866638976799,0,0.0,0.0,False,train
2025-12-07 11:20:00+00:00,uniswap_v2,0xbb2b8038a1640196fbe3e38816f3e67cba72d940,29.365731878163434,72.82159612,2138.4594665998266,0,0.0,0.0,True,train
2025-12-07 11:21:00+00:00,sushiswap_v2,0xceff51756c56ceffca006cd410b03ffc46dd3a58,29.365706149397973,162.2255094,4763.866638976799,0,0.0,0.0,False,train
2025-12-07 11:21:00+00:00,uniswap_v2,0xbb2b8038a1640196fbe3e38816f3e67cba72d940,29.365731878163434,72.82159612,2138.4594665998266,0,0.0,0.0,True,train
2025-12-07 11:22:00+00:00,sushiswap_v2,0xceff51756c56ceffca006cd410b03ffc46dd3a58,29.365706149397973,162.2255094,4763.866638976799,0,0.0,0.0,False,train
2025-12-07 11:22:00+00:00,uniswap_v2,0xbb2b8038a1640196fbe3e38816f3e67cba72d940,29.365731878163434,72.82159612,2138.4594665998266,0,0.0,0.0,True,train
2025-12-07 11:23:00+00:00,sushiswap_v2,0xceff51756c56ceffca006cd410b03ffc46dd3a58,29.365706149397973,162.2255094,4763.866638976799,0,0.0,0.0,False,train
2025-12-07 11:23:00+00:00,uniswap_v2,0xbb2b8038a1640196fbe3e38816f3e67cba72d940,29.365731878163434,72.82159612,2138.4594665998266,0,0.0,0.0,True,train
2025-12-07 11:24:00+00:00,sushiswap_v2,0xceff51756c56ceffca006cd410b03ffc46dd3a58,29.365706149397973,162.2255094,4763.866638976799,0,0.0,0.0,False,train
2025-12-07 11:24:00+00:00,uniswap_v2,0xbb2b8038a1640196fbe3e38816f3e67cba72d940,29.365731878163434,72.82159612,2138.4594665998266,0,0.0,0.0,True,train
2025-12-07 11:25:00+00:00,sushiswap_v2,0xceff51756c56ceffca006cd410b03ffc46dd3a58,29.365706149397973,162.2255094,4763.866638976799,0,0.0,0.0,False,train
2025-12-07 11:25:00+00:00,uniswap_v2,0xbb2b8038a1640196fbe3e38816f3e67cba72d940,29.365731878163434,72.82159612,2138.4594665998266,0,0.0,0.0,True,train
2025-12-07 11:26:00+00:00,sushiswap_v2,0xceff51756c56ceffca006cd410b03ffc46dd3a58,29.365706149397973,162.2255094,4763.866638976799,0,0.0,0.0,False,train
2025-12-07 11:26:00+00:00,uniswap_v2,0xbb2b8038a1640196fbe3e38816f3e67cba72d940,29.365731878163434,72.82159612,2138.4594665998266,0,0.0,0.0,True,train
2025-12-07 11:27:00+00:00,sushiswap_v2,0xceff51756c56ceffca006cd410b03ffc46dd3a58,29.365706149397973,162.2255094,4763.866638976799,0,0.0,0.0,False,train
2025-12-07 11:27:00+00:00,uniswap_v2,0xbb2b8038a1640196fbe3e38816f3e67cba72d940,29.365731878163434,72.82159612,2138.4594665998266,0,0.0,0.0,True,train
2025-12-07 11:28:00+00:00,sushiswap_v2,0xceff51756c56ceffca006cd410b03ffc46dd3a58,29.365706149397973,162.2255094,4763.866638976799,0,0.0,0.0,False,train
2025-12-07 11:28:00+00:00,uniswap_v2,0xbb2b8038a1640196fbe3e38816f3e67cba72d940,29.36573187443271,72.82159613,2138.4594666218068,0,0.0,0.0,False,train
2025-12-07 11:29:00+00:00,sushiswap_v2,0xceff51756c56ceffca006cd410b03ffc46dd3a58,29.365706149397973,162.2255094,4763.866638976799,0,0.0,0.0,False,train
2025-12-07 11:29:00+00:00,uniswap_v2,0xbb2b8038a1640196fbe3e38816f3e67cba72d940,29.36573187443271,72.82159613,2138.4594666218068,0,0.0,0.0,False,train
2025-12-07 11:30:00+00:00,sushiswap_v2,0xceff51756c56ceffca006cd410b03ffc46dd3a58,29.365706149397973,162.2255094,4763.866638976799,0,0.0,0.0,False,train
2025-12-07 11:30:00+00:00,uniswap_v2,0xbb2b8038a1640196fbe3e38816f3e67cba72d940,29.36573187443271,72.82159613,2138.4594666218068,0,0.0,0.0,False,train
2025-12-07 11:31:00+00:00,sushiswap_v2,0xceff51756c56ceffca006cd410b03ffc46dd3a58,29.365706149397973,162.2255094,4763.866638976799,0,0.0,0.0,False,train
2025-12-07 11:31:00+00:00,uniswap_v2,0xbb2b8038a1640196fbe3e38816f3e67cba72d940,29.36573187443271,72.82159613,2138.4594666218068,0,0.0,0.0,False,train
2025-12-07 11:32:00+00:00,sushiswap_v2,0xceff51756c56ceffca006cd410b03ffc46dd3a58,29.365706149397973,162.2255094,4763.866638976799,0,0.0,0.0,False,train
2025-12-07 11:32:00+00:00,uniswap_v2,0xbb2b8038a1640196fbe3e38816f3e67cba72d940,29.36573187443271,72.82159613,2138.4594666218068,0,0.0,0.0,False,train
2025-12-07 11:33:00+00:00,sushiswap_v2,0xceff51756c56ceffca006cd410b03ffc46dd3a58,29.365706149397973,162.2255094,4763.866638976799,0,0.0,0.0,False,train
2025-12-07 11:33:00+00:00,uniswap_v2,0xbb2b8038a1640196fbe3e38816f3e67cba72d940,29.36573187443271,72.82159613,2138.4594666218068,0,0.0,0.0,False,train
2025-12-07 11:34:00+00:00,sushiswap_v2,0xceff51756c56ceffca006cd410b03ffc46dd3a58,29.365706149397973,162.2255094,4763.866638976799,0,0.0,0.0,True,train
2025-12-07 11:34:00+00:00,uniswap_v2,0xbb2b8038a1640196fbe3e38816f3e67cba72d940,29.36573187443271,72.82159613,2138.4594666218068,0,0.0,0.0,False,train
2025-12-07 11:35:00+00:00,sushiswap_v2,0xceff51756c56ceffca006cd410b03ffc46dd3a58,29.365706149397973,162.2255094,4763.866638976799,0,0.0,0.0,True,train
2025-12-07 11:35:00+00:00,uniswap_v2,0xbb2b8038a1640196fbe3e38816f3e67cba72d940,29.36573187443271,72.82159613,2138.4594666218068,0,0.0,0.0,False,train
2025-12-07 11:36:00+00:00,sushiswap_v2,0xceff51756c56ceffca006cd410b03ffc46dd3a58,29.365706149397973,162.2255094,4763.866638976799,0,0.0,0.0,True,train
2025-12-07 11:36:00+00:00,uniswap_v2,0xbb2b8038a1640196fbe3e38816f3e67cba72d940,29.36573187443271,72.82159613,2138.4594666218068,0,0.0,0.0,False,train
2025-12-07 11:37:00+00:00,sushiswap_v2,0xceff51756c56ceffca006cd410b03ffc46dd3a58,29.365706149397973,162.2255094,4763.866638976799,0,0.0,0.0,True,train
2025-12-07 11:37:00+00:00,uniswap_v2,0xbb2b8038a1640196fbe3e38816f3e67cba72d940,29.36573187443271,72.82159613,2138.4594666218068,0,0.0,0.0,False,train
2025-12-07 11:38:00+00:00,sushiswap_v2,0xceff51756c56ceffca006cd410b03ffc46dd3a58,29.365706149397973,162.2255094,4763.866638976799,0,0.0,0.0,True,train
2025-12-07 11:38:00+00:00,uniswap_v2,0xbb2b8038a1640196fbe3e38816f3e67cba72d940,29.36573187443271,72.82159613,2138.4594666218068,0,0.0,0.0,False,train
2025-12-07 11:39:00+00:00,sushiswap_v2,0xceff51756c56ceffca006cd410b03ffc46dd3a58,29.365706149397973,162.2255094,4763.866638976799,0,0.0,0.0,True,train
2025-12-07 11:39:00+00:00,uniswap_v2,0xbb2b8038a1640196fbe3e38816f3e67cba72d940,29.36573187443271,72.82159613,2138.4594666218068,0,0.0,0.0,False,train
2025-12-07 11:40:00+00:00,sushiswap_v2,0xceff51756c56ceffca006cd410b03ffc46dd3a58,29.365706149397973,162.2255094,4763.866638976799,0,0.0,0.0,True,train
2025-12-07 11:40:00+00:00,uniswap_v2,0xbb2b8038a1640196fbe3e38816f3e67cba72d940,29.36573187443271,72.82159613,2138.4594666218068,0,0.0,0.0,False,train
2025-12-07 11:41:00+00:00,sushiswap_v2,0xceff51756c56ceffca006cd410b03ffc46dd3a58,29.365706149397973,162.2255094,4763.866638976799,0,0.0,0.0,True,train
2025-12-07 11:41:00+00:00,uniswap_v2,0xbb2b8038a1640196fbe3e38816f3e67cba72d940,29.36573187443271,72.82159613,2138.4594666218068,0,0.0,0.0,False,train
2025-12-07 11:42:00+00:00,sushiswap_v2,0xceff51756c56ceffca006cd410b03ffc46dd3a58,29.365706149397973,162.2255094,4763.866638976799,0,0.0,0.0,True,train
2025-12-07 11:42:00+00:00,uniswap_v2,0xbb2b8038a1640196fbe3e38816f3e67cba72d940,29.36573187443271,72.82159613,2138.4594666218068,0,0.0,0.0,False,train
2025-12-07 11:43:00+00:00,sushiswap_v2,0xceff51756c56ceffca006cd410b03ffc46dd3a58,29.365706149397973,162.2255094,4763.866638976799,0,0.0,0.0,True,train
2025-12-07 11:43:00+00:00,uniswap_v2,0xbb2b8038a1640196fbe3e38816f3e67cba72d940,29.36573187443271,72.82159613,2138.4594666218068,0,0.0,0.0,False,train
2025-12-07 11:44:00+00:00,sushiswap_v2,0xceff51756c56ceffca006cd410b03ffc46dd3a58,29.365706149397973,162.2255094,4763.866638976799,0,0.0,0.0,True,train
2025-12-07 11:44:00+00:00,uniswap_v2,0xbb2b8038a1640196fbe3e38816f3e67cba72d940,29.36573187443271,72.82159613,2138.4594666218068,0,0.0,0.0,True,train
2025-12-07 11:45:00+00:00,sushiswap_v2,0xceff51756c56ceffca006cd410b03ffc46dd3a58,29.365706149397973,162.2255094,4763.866638976799,0,0.0,0.0,True,train
2025-12-07 11:45:00+00:00,uniswap_v2,0xbb2b8038a1640196fbe3e38816f3e67cba72d940,29.36573187443271,72.82159613,2138.4594666218068,0,0.0,0.0,True,train
2025-12-07 11:46:00+00:00,sushiswap_v2,0xceff51756c56ceffca006cd410b03ffc46dd3a58,29.365706149397973,162.2255094,4763.866638976799,0,0.0,0.0,True,train
2025-12-07 11:46:00+00:00,uniswap_v2,0xbb2b8038a1640196fbe3e38816f3e67cba72d940,29.36573187443271,72.82159613,2138.4594666218068,0,0.0,0.0,True,train
2025-12-07 11:47:00+00:00,sushiswap_v2,0xceff51756c56ceffca006cd410b03ffc46dd3a58,29.365706149397973,162.2255094,4763.866638976799,0,0.0,0.0,True,train
2025-12-07 11:47:00+00:00,uniswap_v2,0xbb2b8038a1640196fbe3e38816f3e67cba72d940,29.36573187443271,72.82159613,2138.4594666218068,0,0.0,0.0,True,train
2025-12-07 11:48:00+00:00,sushiswap_v2,0xceff51756c56ceffca006cd410b03ffc46dd3a58,29.365706149397973,162.2255094,4763.866638976799,0,0.0,0.0,True,train
2025-12-07 11:48:00+00:00,uniswap_v2,0xbb2b8038a1640196fbe3e38816f3e67cba72d940,29.36573187443271,72.82159613,2138.4594666218068,0,0.0,0.0,True,train
2025-12-07 11:49:00+00:00,sushiswap_v2,0xceff51756c56ceffca006cd410b03ffc46dd3a58,29.365706149397973,162.2255094,4763.866638976799,0,0.0,0.0,True,train
2025-12-07 11:49:00+00:00,uniswap_v2,0xbb2b8038a1640196fbe3e38816f3e67cba72d940,29.36573187443271,72.82159613,2138.4594666218068,0,0.0,0.0,True,train
2025-12-07 11:50:00+00:00,sushiswap_v2,0xceff51756c56ceffca006cd410b03ffc46dd3a58,29.365706149397973,162.2255094,4763.866638976799,0,0.0,0.0,True,train
2025-12-07 11:50:00+00:00,uniswap_v2,0xbb2b8038a1640196fbe3e38816f3e67cba72d940,29.36573187443271,72.82159613,2138.4594666218068,0,0.0,0.0,True,train
2025-12-07 11:51:00+00:00,sushiswap_v2,0xceff51756c56ceffca006cd410b03ffc46dd3a58,29.365706149397973,162.2255094,4763.866638976799,0,0.0,0.0,True,train
2025-12-07 11:51:00+00:00,uniswap_v2,0xbb2b8038a1640196fbe3e38816f3e67cba72d940,29.36573187443271,72.82159613,2138.4594666218068,0,0.0,0.0,True,train
2025-12-07 11:52:00+00:00,sushiswap_v2,0xceff51756c56ceffca006cd410b03ffc46dd3a58,29.365706149397973,162.2255094,4763.866638976799,0,0.0,0.0,True,train
2025-12-07 11:52:00+00:00,uniswap_v2,0xbb2b8038a1640196fbe3e38816f3e67cba72d940,29.36573187443271,72.82159613,2138.4594666218068,0,0.0,0.0,True,train
2025-12-07 11:53:00+00:00,sushiswap_v2,0xceff51756c56ceffca006cd410b03ffc46dd3a58,29.365706149397973,162.2255094,4763.866638976799,0,0.0,0.0,True,train
2025-12-07 11:53:00+00:00,uniswap_v2,0xbb2b8038a1640196fbe3e38816f3e67cba72d940,29.36573187443271,72.82159613,2138.4594666218068,0,0.0,0.0,True,train
2025-12-07 11:54:00+00:00,sushiswap_v2,0xceff51756c56ceffca006cd410b03ffc46dd3a58,29.365706149397973,162.2255094,4763.866638976799,0,0.0,0.0,True,train
2025-12-07 11:54:00+00:00,uniswap_v2,0xbb2b8038a1640196fbe3e38816f3e67cba72d940,29.36573187443271,72.82159613,2138.4594666218068,0,0.0,0.0,True,train
2025-12-07 11:55:00+00:00,sushiswap_v2,0xceff51756c56ceffca006cd410b03ffc46dd3a58,29.365706149397973,162.2255094,4763.866638976799,0,0.0,0.0,True,train
2025-12-07 11:55:00+00:00,uniswap_v2,0xbb2b8038a1640196fbe3e38816f3e67cba72d940,29.36573187443271,72.82159613,2138.4594666218068,0,0.0,0.0,True,train
2025-12-07 11:56:00+00:00,sushiswap_v2,0xceff51756c56ceffca006cd410b03ffc46dd3a58,29.365706149397973,162.2255094,4763.866638976799,0,0.0,0.0,True,train
2025-12-07 11:56:00+00:00,uniswap_v2,0xbb2b8038a1640196fbe3e38816f3e67cba72d940,29.36573187443271,72.82159613,2138.4594666218068,0,0.0,0.0,True,train
2025-12-07 11:57:00+00:00,sushiswap_v2,0xceff51756c56ceffca006cd410b03ffc46dd3a58,29.365706149397973,162.2255094,4763.866638976799,0,0.0,0.0,True,train
2025-12-07 11:57:00+00:00,uniswap_v2,0xbb2b8038a1640196fbe3e38816f3e67cba72d940,29.36573187443271,72.82159613,2138.4594666218068,0,0.0,0.0,True,train
2025-12-07 11:58:00+00:00,sushiswap_v2,0xceff51756c56ceffca006cd410b03ffc46dd3a58,29.365706149397973,162.2255094,4763.866638976799,0,0.0,0.0,True,train
2025-12-07 11:58:00+00:00,uniswap_v2,0xbb2b8038a1640196fbe3e38816f3e67cba72d940,29.36573187443271,72.82159613,2138.4594666218068,0,0.0,0.0,True,train
2025-12-07 11:59:00+00:00,sushiswap_v2,0xceff51756c56ceffca006cd410b03ffc46dd3a58,29.365706149397973,162.2255094,4763.866638976799,0,0.0,0.0,True,train
2025-12-07 11:59:00+00:00,uniswap_v2,0xbb2b8038a1640196fbe3e38816f3e67cba72d940,29.36573187443271,72.82159613,2138.4594666218068,0,0.0,0.0,True,train
2025-12-07 12:00:00+00:00,sushiswap_v2,0xceff51756c56ceffca006cd410b03ffc46dd3a58,29.365706149397973,162.2255094,4763.866638976799,0,0.0,0.0,True,train
2025-12-07 12:00:00+00:00,uniswap_v2,0xbb2b8038a1640196fbe3e38816f3e67cba72d940,29.36573187443271,72.82159613,2138.4594666218068,0,0.0,0.0,True,train
2025-12-07 12:01:00+00:00,sushiswap_v2,0xceff51756c56ceffca006cd410b03ffc46dd3a58,29.365706149397973,162.2255094,4763.866638976799,0,0.0,0.0,True,train
2025-12-07 12:01:00+00:00,uniswap_v2,0xbb2b8038a1640196fbe3e38816f3e67cba72d940,29.36573187443271,72.82159613,2138.4594666218068,0,0.0,0.0,True,train
2025-12-07 12:02:00+00:00,sushiswap_v2,0xceff51756c56ceffca006cd410b03ffc46dd3a58,29.365706149397973,162.2255094,4763.866638976799,0,0.0,0.0,True,train
2025-12-07 12:02:00+00:00,uniswap_v2,0xbb2b8038a1640196fbe3e38816f3e67cba72d940,29.36573187443271,72.82159613,2138.4594666218068,0,0.0,0.0,True,train
2025-12-07 12:03:00+00:00,sushiswap_v2,0xceff51756c56ceffca006cd410b03ffc46dd3a58,29.365706149397973,162.2255094,4763.866638976799,0,0.0,0.0,True,train
2025-12-07 12:03:00+00:00,uniswap_v2,0xbb2b8038a1640196fbe3e38816f3e67cba72d940,29.36573187443271,72.82159613,2138.4594666218068,0,0.0,0.0,True,train
2025-12-07 12:04:00+00:00,sushiswap_v2,0xceff51756c56ceffca006cd410b03ffc46dd3a58,29.365706149397973,162.2255094,4763.866638976799,0,0.0,0.0,True,train
2025-12-07 12:04:00+00:00,uniswap_v2,0xbb2b8038a1640196fbe3e38816f3e67cba72d940,29.36573187443271,72.82159613,2138.4594666218068,0,0.0,0.0,True,train
2025-12-07 12:05:00+00:00,sushiswap_v2,0xceff51756c56ceffca006cd410b03ffc46dd3a58,29.365706149397973,162.2255094,4763.866638976799,0,0.0,0.0,True,train
2025-12-07 12:05:00+00:00,uniswap_v2,0xbb2b8038a1640196fbe3e38816f3e67cba72d940,29.36573187443271,72.82159613,2138.4594666218068,0,0.0,0.0,True,train
2025-12-07 12:06:00+00:00,sushiswap_v2,0xceff51756c56ceffca006cd410b03ffc46dd3a58,29.365706149397973,162.2255094,4763.866638976799,0,0.0,0.0,True,train
2025-12-07 12:06:00+00:00,uniswap_v2,0xbb2b8038a1640196fbe3e38816f3e67cba72d940,29.36573187443271,72.82159613,2138.4594666218068,0,0.0,0.0,True,train
2025-12-07 12:07:00+00:00,sushiswap_v2,0xceff51756c56ceffca006cd410b03ffc46dd3a58,29.365706149397973,162.2255094,4763.866638976799,0,0.0,0.0,True,train
2025-12-07 12:07:00+00:00,uniswap_v2,0xbb2b8038a1640196fbe3e38816f3e67cba72d940,29.36573187443271,72.82159613,2138.4594666218068,0,0.0,0.0,True,train
2025-12-07 12:08:00+00:00,sushiswap_v2,0xceff51756c56ceffca006cd410b03ffc46dd3a58,29.365706149397973,162.2255094,4763.866638976799,0,0.0,0.0,True,train
2025-12-07 12:08:00+00:00,uniswap_v2,0xbb2b8038a1640196fbe3e38816f3e67cba72d940,29.36573187443271,72.82159613,2138.4594666218068,0,0.0,0.0,True,train
2025-12-07 12:09:00+00:00,sushiswap_v2,0xceff51756c56ceffca006cd410b03ffc46dd3a58,29.365706149397973,162.2255094,4763.866638976799,0,0.0,0.0,True,train
2025-12-07 12:09:00+00:00,uniswap_v2,0xbb2b8038a1640196fbe3e38816f3e67cba72d940,29.36573187443271,72.82159613,2138.4594666218068,0,0.0,0.0,True,train
2025-12-07 12:10:00+00:00,sushiswap_v2,0xceff51756c56ceffca006cd410b03ffc46dd3a58,29.365706149397973,162.2255094,4763.866638976799,0,0.0,0.0,True,train
2025-12-07 12:10:00+00:00,uniswap_v2,0xbb2b8038a1640196fbe3e38816f3e67cba72d940,29.36573187443271,72.82159613,2138.4594666218068,0,0.0,0.0,True,train
2025-12-07 12:11:00+00:00,sushiswap_v2,0xceff51756c56ceffca006cd410b03ffc46dd3a58,29.365706149397973,162.2255094,4763.866638976799,0,0.0,0.0,True,train
2025-12-07 12:11:00+00:00,uniswap_v2,0xbb2b8038a1640196fbe3e38816f3e67cba72d940,29.36573187443271,72.82159613,2138.4594666218068,0,0.0,0.0,True,train
2025-12-07 12:12:00+00:00,sushiswap_v2,0xceff51756c56ceffca006cd410b03ffc46dd3a58,29.365706149397973,162.2255094,4763.866638976799,0,0.0,0.0,True,train
2025-12-07 12:12:00+00:00,uniswap_v2,0xbb2b8038a1640196fbe3e38816f3e67cba72d940,29.36573187443271,72.82159613,2138.4594666218068,0,0.0,0.0,True,train
2025-12-07 12:13:00+00:00,sushiswap_v2,0xceff51756c56ceffca006cd410b03ffc46dd3a58,29.365706149397973,162.2255094,4763.866638976799,0,0.0,0.0,True,train
2025-12-07 12:13:00+00:00,uniswap_v2,0xbb2b8038a1640196fbe3e38816f3e67cba72d940,29.36573187443271,72.82159613,2138.4594666218068,0,0.0,0.0,True,train
2025-12-07 12:14:00+00:00,sushiswap_v2,0xceff51756c56ceffca006cd410b03ffc46dd3a58,29.365706149397973,162.2255094,4763.866638976799,0,0.0,0.0,True,train
2025-12-07 12:14:00+00:00,uniswap_v2,0xbb2b8038a1640196fbe3e38816f3e67cba72d940,29.36573187443271,72.82159613,2138.4594666218068,0,0.0,0.0,True,train
2025-12-07 12:15:00+00:00,sushiswap_v2,0xceff51756c56ceffca006cd410b03ffc46dd3a58,29.365706149397973,162.2255094,4763.866638976799,0,0.0,0.0,True,train
2025-12-07 12:15:00+00:00,uniswap_v2,0xbb2b8038a1640196fbe3e38816f3e67cba72d940,29.36573187443271,72.82159613,2138.4594666218068,0,0.0,0.0,True,train
2025-12-07 12:16:00+00:00,sushiswap_v2,0xceff51756c56ceffca006cd410b03ffc46dd3a58,29.365706149397973,162.2255094,4763.866638976799,0,0.0,0.0,True,train
2025-12-07 12:16:00+00:00,uniswap_v2,0xbb2b8038a1640196fbe3e38816f3e67cba72d940,29.36573187443271,72.82159613,2138.4594666218068,0,0.0,0.0,True,train
2025-12-07 12:17:00+00:00,sushiswap_v2,0xceff51756c56ceffca006cd410b03ffc46dd3a58,29.365706149397973,162.2255094,4763.866638976799,0,0.0,0.0,True,train
2025-12-07 12:17:00+00:00,uniswap_v2,0xbb2b8038a1640196fbe3e38816f3e67cba72d940,29.36573187443271,72.82159613,2138.4594666218068,0,0.0,0.0,True,train
2025-12-07 12:18:00+00:00,sushiswap_v2,0xceff51756c56ceffca006cd410b03ffc46dd3a58,29.365706149397973,162.2255094,4763.866638976799,0,0.0,0.0,True,train
2025-12-07 12:18:00+00:00,uniswap_v2,0xbb2b8038a1640196fbe3e38816f3e67cba72d940,29.36573187443271,72.82159613,2138.4594666218068,0,0.0,0.0,True,train
2025-12-07 12:19:00+00:00,sushiswap_v2,0xceff51756c56ceffca006cd410b03ffc46dd3a58,29.365706149397973,162.2255094,4763.866638976799,0,0.0,0.0,True,train
2025-12-07 12:19:00+00:00,uniswap_v2,0xbb2b8038a1640196fbe3e38816f3e67cba72d940,29.36573187443271,72.82159613,2138.4594666218068,0,0.0,0.0,True,train
2025-12-07 12:20:00+00:00,sushiswap_v2,0xceff51756c56ceffca006cd410b03ffc46dd3a58,29.365706149397973,162.2255094,4763.866638976799,0,0.0,0.0,True,train
2025-12-07 12:20:00+00:00,uniswap_v2,0xbb2b8038a1640196fbe3e38816f3e67cba72d940,29.36573187443271,72.82159613,2138.4594666218068,0,0.0,0.0,True,train
2025-12-07 12:21:00+00:00,sushiswap_v2,0xceff51756c56ceffca006cd410b03ffc46dd3a58,29.365706149397973,162.2255094,4763.866638976799,0,0.0,0.0,True,train
2025-12-07 12:21:00+00:00,uniswap_v2,0xbb2b8038a1640196fbe3e38816f3e67cba72d940,29.365678048130615,72.82166297,2138.4575097064953,1,6.684e-05,0.001956915311146666,False,train
2025-12-07 12:22:00+00:00,sushiswap_v2,0xceff51756c56ceffca006cd410b03ffc46dd3a58,29.365706149397973,162.2255094,4763.866638976799,0,0.0,0.0,True,train
2025-12-07 12:22:00+00:00,uniswap_v2,0xbb2b8038a1640196fbe3e38816f3e67cba72d940,29.365678048130615,72.82166297,2138.4575097064953,0,0.0,0.0,False,train
2025-12-07 12:23:00+00:00,sushiswap_v2,0xceff51756c56ceffca006cd410b03ffc46dd3a58,29.365706149397973,162.2255094,4763.866638976799,0,0.0,0.0,True,train
2025-12-07 12:23:00+00:00,uniswap_v2,0xbb2b8038a1640196fbe3e38816f3e67cba72d940,29.365678048130615,72.82166297,2138.4575097064953,0,0.0,0.0,False,train
2025-12-07 12:24:00+00:00,sushiswap_v2,0xceff51756c56ceffca006cd410b03ffc46dd3a58,29.365706149397973,162.2255094,4763.866638976799,0,0.0,0.0,True,train
2025-12-07 12:24:00+00:00,uniswap_v2,0xbb2b8038a1640196fbe3e38816f3e67cba72d940,29.365678048130615,72.82166297,2138.4575097064953,0,0.0,0.0,False,train
2025-12-07 12:25:00+00:00,sushiswap_v2,0xceff51756c56ceffca006cd410b03ffc46dd3a58,29.365706149397973,162.2255094,4763.866638976799,0,0.0,0.0,True,train
2025-12-07 12:25:00+00:00,uniswap_v2,0xbb2b8038a1640196fbe3e38816f3e67cba72d940,29.365678048130615,72.82166297,2138.4575097064953,0,0.0,0.0,False,train
2025-12-07 12:26:00+00:00,sushiswap_v2,0xceff51756c56ceffca006cd410b03ffc46dd3a58,29.365706149397973,162.2255094,4763.866638976799,0,0.0,0.0,True,train
2025-12-07 12:26:00+00:00,uniswap_v2,0xbb2b8038a1640196fbe3e38816f3e67cba72d940,29.365678048130615,72.82166297,2138.4575097064953,0,0.0,0.0,False,train
2025-12-07 12:27:00+00:00,sushiswap_v2,0xceff51756c56ceffca006cd410b03ffc46dd3a58,29.365706149397973,162.2255094,4763.866638976799,0,0.0,0.0,True,train
2025-12-07 12:27:00+00:00,uniswap_v2,0xbb2b8038a1640196fbe3e38816f3e67cba72d940,29.365678048130615,72.82166297,2138.4575097064953,0,0.0,0.0,False,train
2025-12-07 12:28:00+00:00,sushiswap_v2,0xceff51756c56ceffca006cd410b03ffc46dd3a58,29.365706149397973,162.2255094,4763.866638976799,0,0.0,0.0,True,train
2025-12-07 12:28:00+00:00,uniswap_v2,0xbb2b8038a1640196fbe3e38816f3e67cba72d940,29.365678048130615,72.82166297,2138.4575097064953,0,0.0,0.0,False,train
2025-12-07 12:29:00+00:00,sushiswap_v2,0xceff51756c56ceffca006cd410b03ffc46dd3a58,29.365706149397973,162.2255094,4763.866638976799,0,0.0,0.0,True,train
2025-12-07 12:29:00+00:00,uniswap_v2,0xbb2b8038a1640196fbe3e38816f3e67cba72d940,29.365678048130615,72.82166297,2138.4575097064953,0,0.0,0.0,False,train
2025-12-07 12:30:00+00:00,sushiswap_v2,0xceff51756c56ceffca006cd410b03ffc46dd3a58,29.365706149397973,162.2255094,4763.866638976799,0,0.0,0.0,True,train
2025-12-07 12:30:00+00:00,uniswap_v2,0xbb2b8038a1640196fbe3e38816f3e67cba72d940,29.365678048130615,72.82166297,2138.4575097064953,0,0.0,0.0,False,train
2025-12-07 12:31:00+00:00,sushiswap_v2,0xceff51756c56ceffca006cd410b03ffc46dd3a58,29.365706149397973,162.2255094,4763.866638976799,0,0.0,0.0,True,train
2025-12-07 12:31:00+00:00,uniswap_v2,0xbb2b8038a1640196fbe3e38816f3e67cba72d940,29.365678048130615,72.82166297,2138.4575097064953,0,0.0,0.0,False,train
2025-12-07 12:32:00+00:00,sushiswap_v2,0xceff51756c56ceffca006cd410b03ffc46dd3a58,29.365706149397973,162.2255094,4763.866638976799,0,0.0,0.0,True,train
2025-12-07 12:32:00+00:00,uniswap_v2,0xbb2b8038a1640196fbe3e38816f3e67cba72d940,29.365678048130615,72.82166297,2138.4575097064953,0,0.0,0.0,False,train
2025-12-07 12:33:00+00:00,sushiswap_v2,0xceff51756c56ceffca006cd410b03ffc46dd3a58,29.365706149397973,162.2255094,4763.866638976799,0,0.0,0.0,True,train
2025-12-07 12:33:00+00:00,uniswap_v2,0xbb2b8038a1640196fbe3e38816f3e67cba72d940,29.365678048130615,72.82166297,2138.4575097064953,0,0.0,0.0,False,train
2025-12-07 12:34:00+00:00,sushiswap_v2,0xceff51756c56ceffca006cd410b03ffc46dd3a58,29.365706149397973,162.2255094,4763.866638976799,0,0.0,0.0,True,train
2025-12-07 12:34:00+00:00,uniswap_v2,0xbb2b8038a1640196fbe3e38816f3e67cba72d940,29.365678048130615,72.82166297,2138.4575097064953,0,0.0,0.0,False,train
2025-12-07 12:35:00+00:00,sushiswap_v2,0xceff51756c56ceffca006cd410b03ffc46dd3a58,29.365706149397973,162.2255094,4763.866638976799,0,0.0,0.0,True,train
2025-12-07 12:35:00+00:00,uniswap_v2,0xbb2b8038a1640196fbe3e38816f3e67cba72d940,29.365678048130615,72.82166297,2138.4575097064953,0,0.0,0.0,False,train
2025-12-07 12:36:00+00:00,sushiswap_v2,0xceff51756c56ceffca006cd410b03ffc46dd3a58,29.365706149397973,162.2255094,4763.866638976799,0,0.0,0.0,True,train
2025-12-07 12:36:00+00:00,uniswap_v2,0xbb2b8038a1640196fbe3e38816f3e67cba72d940,29.365678048130615,72.82166297,2138.4575097064953,0,0.0,0.0,False,train
2025-12-07 12:37:00+00:00,sushiswap_v2,0xceff51756c56ceffca006cd410b03ffc46dd3a58,29.365706149397973,162.2255094,4763.866638976799,0,0.0,0.0,True,train
2025-12-07 12:37:00+00:00,uniswap_v2,0xbb2b8038a1640196fbe3e38816f3e67cba72d940,29.365678048130615,72.82166297,2138.4575097064953,0,0.0,0.0,True,train
2025-12-07 12:38:00+00:00,sushiswap_v2,0xceff51756c56ceffca006cd410b03ffc46dd3a58,29.365706149397973,162.2255094,4763.866638976799,0,0.0,0.0,True,train
2025-12-07 12:38:00+00:00,uniswap_v2,0xbb2b8038a1640196fbe3e38816f3e67cba72d940,29.365678048130615,72.82166297,2138.4575097064953,0,0.0,0.0,True,train
2025-12-07 12:39:00+00:00,sushiswap_v2,0xceff51756c56ceffca006cd410b03ffc46dd3a58,29.365706149397973,162.2255094,4763.866638976799,0,0.0,0.0,True,train
2025-12-07 12:39:00+00:00,uniswap_v2,0xbb2b8038a1640196fbe3e38816f3e67cba72d940,29.365678048130615,72.82166297,2138.4575097064953,0,0.0,0.0,True,train
2025-12-07 12:40:00+00:00,sushiswap_v2,0xceff51756c56ceffca006cd410b03ffc46dd3a58,29.365706149397973,162.2255094,4763.866638976799,0,0.0,0.0,True,train
2025-12-07 12:40:00+00:00,uniswap_v2,0xbb2b8038a1640196fbe3e38816f3e67cba72d940,29.365678048130615,72.82166297,2138.4575097064953,0,0.0,0.0,True,train
2025-12-07 12:41:00+00:00,sushiswap_v2,0xceff51756c56ceffca006cd410b03ffc46dd3a58,29.365706149397973,162.2255094,4763.866638976799,0,0.0,0.0,True,train
2025-12-07 12:41:00+00:00,uniswap_v2,0xbb2b8038a1640196fbe3e38816f3e67cba72d940,29.365678048130615,72.82166297,2138.4575097064953,0,0.0,0.0,True,train
2025-12-07 12:42:00+00:00,sushiswap_v2,0xceff51756c56ceffca006cd410b03ffc46dd3a58,29.365706149397973,162.2255094,4763.866638976799,0,0.0,0.0,True,train
2025-12-07 12:42:00+00:00,uniswap_v2,0xbb2b8038a1640196fbe3e38816f3e67cba72d940,29.365678048130615,72.82166297,2138.4575097064953,0,0.0,0.0,True,train
2025-12-07 12:43:00+00:00,sushiswap_v2,0xceff51756c56ceffca006cd410b03ffc46dd3a58,29.365706149397973,162.2255094,4763.866638976799,0,0.0,0.0,True,train
2025-12-07 12:43:00+00:00,uniswap_v2,0xbb2b8038a1640196fbe3e38816f3e67cba72d940,29.365678048130615,72.82166297,2138.4575097064953,0,0.0,0.0,True,train
2025-12-07 12:44:00+00:00,sushiswap_v2,0xceff51756c56ceffca006cd410b03ffc46dd3a58,29.365706149397973,162.2255094,4763.866638976799,0,0.0,0.0,True,train
2025-12-07 12:44:00+00:00,uniswap_v2,0xbb2b8038a1640196fbe3e38816f3e67cba72d940,29.365678048130615,72.82166297,2138.4575097064953,0,0.0,0.0,True,train
2025-12-07 12:45:00+00:00,sushiswap_v2,0xceff51756c56ceffca006cd410b03ffc46dd3a58,29.365706149397973,162.2255094,4763.866638976799,0,0.0,0.0,True,train
2025-12-07 12:45:00+00:00,uniswap_v2,0xbb2b8038a1640196fbe3e38816f3e67cba72d940,29.365678048130615,72.82166297,2138.4575097064953,0,0.0,0.0,True,train
2025-12-07 12:46:00+00:00,sushiswap_v2,0xceff51756c56ceffca006cd410b03ffc46dd3a58,29.365706149397973,162.2255094,4763.866638976799,0,0.0,0.0,True,train
2025-12-07 12:46:00+00:00,uniswap_v2,0xbb2b8038a1640196fbe3e38816f3e67cba72d940,29.365678048130615,72.82166297,2138.4575097064953,0,0.0,0.0,True,train
2025-12-07 12:47:00+00:00,sushiswap_v2,0xceff51756c56ceffca006cd410b03ffc46dd3a58,29.365706149397973,162.2255094,4763.866638976799,0,0.0,0.0,True,train
2025-12-07 12:47:00+00:00,uniswap_v2,0xbb2b8038a1640196fbe3e38816f3e67cba72d940,29.365678048130615,72.82166297,2138.4575097064953,0,0.0,0.0,True,train
2025-12-07 12:48:00+00:00,sushiswap_v2,0xceff51756c56ceffca006cd410b03ffc46dd3a58,29.365706149397973,162.2255094,4763.866638976799,0,0.0,0.0,True,train
2025-12-07 12:48:00+00:00,uniswap_v2,0xbb2b8038a1640196fbe3e38816f3e67cba72d940,29.365678048130615,72.82166297,2138.4575097064953,0,0.0,0.0,True,train
2025-12-07 12:49:00+00:00,sushiswap_v2,0xceff51756c56ceffca006cd410b03ffc46dd3a58,29.365706149397973,162.2255094,4763.866638976799,0,0.0,0.0,True,train
2025-12-07 12:49:00+00:00,uniswap_v2,0xbb2b8038a1640196fbe3e38816f3e67cba72d940,29.365678048130615,72.82166297,2138.4575097064953,0,0.0,0.0,True,train
2025-12-07 12:50:00+00:00,sushiswap_v2,0xceff51756c56ceffca006cd410b03ffc46dd3a58,29.365706149397973,162.2255094,4763.866638976799,0,0.0,0.0,True,train
2025-12-07 12:50:00+00:00,uniswap_v2,0xbb2b8038a1640196fbe3e38816f3e67cba72d940,29.365678048130615,72.82166297,2138.4575097064953,0,0.0,0.0,True,train
2025-12-07 12:51:00+00:00,sushiswap_v2,0xceff51756c56ceffca006cd410b03ffc46dd3a58,29.365706149397973,162.2255094,4763.866638976799,0,0.0,0.0,True,train
2025-12-07 12:51:00+00:00,uniswap_v2,0xbb2b8038a1640196fbe3e38816f3e67cba72d940,29.365678048130615,72.82166297,2138.4575097064953,0,0.0,0.0,True,train
2025-12-07 12:52:00+00:00,sushiswap_v2,0xceff51756c56ceffca006cd410b03ffc46dd3a58,29.365706149397973,162.2255094,4763.866638976799,0,0.0,0.0,True,train
2025-12-07 12:52:00+00:00,uniswap_v2,0xbb2b8038a1640196fbe3e38816f3e67cba72d940,29.365678048130615,72.82166297,2138.4575097064953,0,0.0,0.0,True,train
2025-12-07 12:53:00+00:00,sushiswap_v2,0xceff51756c56ceffca006cd410b03ffc46dd3a58,29.365706149397973,162.2255094,4763.866638976799,0,0.0,0.0,True,train
2025-12-07 12:53:00+00:00,uniswap_v2,0xbb2b8038a1640196fbe3e38816f3e67cba72d940,29.365678048130615,72.82166297,2138.4575097064953,0,0.0,0.0,True,train
2025-12-07 12:54:00+00:00,sushiswap_v2,0xceff51756c56ceffca006cd410b03ffc46dd3a58,29.365706149397973,162.2255094,4763.866638976799,0,0.0,0.0,True,train
2025-12-07 12:54:00+00:00,uniswap_v2,0xbb2b8038a1640196fbe3e38816f3e67cba72d940,29.365678048130615,72.82166297,2138.4575097064953,0,0.0,0.0,True,train
2025-12-07 12:55:00+00:00,sushiswap_v2,0xceff51756c56ceffca006cd410b03ffc46dd3a58,29.365706149397973,162.2255094,4763.866638976799,0,0.0,0.0,True,train
2025-12-07 12:55:00+00:00,uniswap_v2,0xbb2b8038a1640196fbe3e38816f3e67cba72d940,29.365678048130615,72.82166297,2138.4575097064953,0,0.0,0.0,True,train
2025-12-07 12:56:00+00:00,sushiswap_v2,0xceff51756c56ceffca006cd410b03ffc46dd3a58,29.365706149397973,162.2255094,4763.866638976799,0,0.0,0.0,True,train
2025-12-07 12:56:00+00:00,uniswap_v2,0xbb2b8038a1640196fbe3e38816f3e67cba72d940,29.365678048130615,72.82166297,2138.4575097064953,0,0.0,0.0,True,train
2025-12-07 12:57:00+00:00,sushiswap_v2,0xceff51756c56ceffca006cd410b03ffc46dd3a58,29.365706149397973,162.2255094,4763.866638976799,0,0.0,0.0,True,train
2025-12-07 12:57:00+00:00,uniswap_v2,0xbb2b8038a1640196fbe3e38816f3e67cba72d940,29.365678048130615,72.82166297,2138.4575097064953,0,0.0,0.0,True,train
2025-12-07 12:58:00+00:00,sushiswap_v2,0xceff51756c56ceffca006cd410b03ffc46dd3a58,29.365706149397973,162.2255094,4763.866638976799,0,0.0,0.0,True,train
2025-12-07 12:58:00+00:00,uniswap_v2,0xbb2b8038a1640196fbe3e38816f3e67cba72d940,29.365678048130615,72.82166297,2138.4575097064953,0,0.0,0.0,True,train
2025-12-07 12:59:00+00:00,sushiswap_v2,0xceff51756c56ceffca006cd410b03ffc46dd3a58,29.365706149397973,162.2255094,4763.866638976799,0,0.0,0.0,True,train
2025-12-07 12:59:00+00:00,uniswap_v2,0xbb2b8038a1640196fbe3e38816f3e67cba72d940,29.365678048130615,72.82166297,2138.4575097064953,0,0.0,0.0,True,train
2025-12-07 13:00:00+00:00,sushiswap_v2,0xceff51756c56ceffca006cd410b03ffc46dd3a58,29.365706149397973,162.2255094,4763.866638976799,0,0.0,0.0,True,train
2025-12-07 13:00:00+00:00,uniswap_v2,0xbb2b8038a1640196fbe3e38816f3e67cba72d940,29.365678048130615,72.82166297,2138.4575097064953,0,0.0,0.0,True,train
2025-12-07 13:01:00+00:00,sushiswap_v2,0xceff51756c56ceffca006cd410b03ffc46dd3a58,29.365706149397973,162.2255094,4763.866638976799,0,0.0,0.0,True,train
2025-12-07 13:01:00+00:00,uniswap_v2,0xbb2b8038a1640196fbe3e38816f3e67cba72d940,29.365678048130615,72.82166297,2138.4575097064953,0,0.0,0.0,True,train
2025-12-07 13:02:00+00:00,sushiswap_v2,0xceff51756c56ceffca006cd410b03ffc46dd3a58,29.365706149397973,162.2255094,4763.866638976799,0,0.0,0.0,True,train
2025-12-07 13:02:00+00:00,uniswap_v2,0xbb2b8038a1640196fbe3e38816f3e67cba72d940,29.365678048130615,72.82166297,2138.4575097064953,0,0.0,0.0,True,train
2025-12-07 13:03:00+00:00,sushiswap_v2,0xceff51756c56ceffca006cd410b03ffc46dd3a58,29.365706149397973,162.2255094,4763.866638976799,0,0.0,0.0,True,train
2025-12-07 13:03:00+00:00,uniswap_v2,0xbb2b8038a1640196fbe3e38816f3e67cba72d940,29.365678048130615,72.82166297,2138.4575097064953,0,0.0,0.0,True,train
2025-12-07 13:04:00+00:00,sushiswap_v2,0xceff51756c56ceffca006cd410b03ffc46dd3a58,29.365706149397973,162.2255094,4763.866638976799,0,0.0,0.0,True,train
2025-12-07 13:04:00+00:00,uniswap_v2,0xbb2b8038a1640196fbe3e38816f3e67cba72d940,29.365678048130615,72.82166297,2138.4575097064953,0,0.0,0.0,True,train
2025-12-07 13:05:00+00:00,sushiswap_v2,0xceff51756c56ceffca006cd410b03ffc46dd3a58,29.365706149397973,162.2255094,4763.866638976799,0,0.0,0.0,True,train
2025-12-07 13:05:00+00:00,uniswap_v2,0xbb2b8038a1640196fbe3e38816f3e67cba72d940,29.365678048130615,72.82166297,2138.4575097064953,0,0.0,0.0,True,train
2025-12-07 13:06:00+00:00,sushiswap_v2,0xceff51756c56ceffca006cd410b03ffc46dd3a58,29.365706149397973,162.2255094,4763.866638976799,0,0.0,0.0,True,train
2025-12-07 13:06:00+00:00,uniswap_v2,0xbb2b8038a1640196fbe3e38816f3e67cba72d940,29.365678048130615,72.82166297,2138.4575097064953,0,0.0,0.0,True,train
2025-12-07 13:07:00+00:00,sushiswap_v2,0xceff51756c56ceffca006cd410b03ffc46dd3a58,29.365706149397973,162.2255094,4763.866638976799,0,0.0,0.0,True,train
2025-12-07 13:07:00+00:00,uniswap_v2,0xbb2b8038a1640196fbe3e38816f3e67cba72d940,29.365678048130615,72.82166297,2138.4575097064953,0,0.0,0.0,True,train
2025-12-07 13:08:00+00:00,sushiswap_v2,0xceff51756c56ceffca006cd410b03ffc46dd3a58,29.365706149397973,162.2255094,4763.866638976799,0,0.0,0.0,True,train
2025-12-07 13:08:00+00:00,uniswap_v2,0xbb2b8038a1640196fbe3e38816f3e67cba72d940,29.365678048130615,72.82166297,2138.4575097064953,0,0.0,0.0,True,train
2025-12-07 13:09:00+00:00,sushiswap_v2,0xceff51756c56ceffca006cd410b03ffc46dd3a58,29.365706149397973,162.2255094,4763.866638976799,0,0.0,0.0,True,train
2025-12-07 13:09:00+00:00,uniswap_v2,0xbb2b8038a1640196fbe3e38816f3e67cba72d940,29.365678048130615,72.82166297,2138.4575097064953,0,0.0,0.0,True,train
2025-12-07 13:10:00+00:00,sushiswap_v2,0xceff51756c56ceffca006cd410b03ffc46dd3a58,29.365706149397973,162.2255094,4763.866638976799,0,0.0,0.0,True,train
2025-12-07 13:10:00+00:00,uniswap_v2,0xbb2b8038a1640196fbe3e38816f3e67cba72d940,29.365678048130615,72.82166297,2138.4575097064953,0,0.0,0.0,True,train
2025-12-07 13:11:00+00:00,sushiswap_v2,0xceff51756c56ceffca006cd410b03ffc46dd3a58,29.365706149397973,162.2255094,4763.866638976799,0,0.0,0.0,True,train
2025-12-07 13:11:00+00:00,uniswap_v2,0xbb2b8038a1640196fbe3e38816f3e67cba72d940,29.365678048130615,72.82166297,2138.4575097064953,0,0.0,0.0,True,train
2025-12-07 13:12:00+00:00,sushiswap_v2,0xceff51756c56ceffca006cd410b03ffc46dd3a58,29.365706149397973,162.2255094,4763.866638976799,0,0.0,0.0,True,train
2025-12-07 13:12:00+00:00,uniswap_v2,0xbb2b8038a1640196fbe3e38816f3e67cba72d940,29.365678048130615,72.82166297,2138.4575097064953,0,0.0,0.0,True,train
2025-12-07 13:13:00+00:00,sushiswap_v2,0xceff51756c56ceffca006cd410b03ffc46dd3a58,29.365706149397973,162.2255094,4763.866638976799,0,0.0,0.0,True,train
2025-12-07 13:13:00+00:00,uniswap_v2,0xbb2b8038a1640196fbe3e38816f3e67cba72d940,29.365678048130615,72.82166297,2138.4575097064953,0,0.0,0.0,True,train
2025-12-07 13:14:00+00:00,sushiswap_v2,0xceff51756c56ceffca006cd410b03ffc46dd3a58,29.365706149397973,162.2255094,4763.866638976799,0,0.0,0.0,True,train
2025-12-07 13:14:00+00:00,uniswap_v2,0xbb2b8038a1640196fbe3e38816f3e67cba72d940,29.365678048130615,72.82166297,2138.4575097064953,0,0.0,0.0,True,train
2025-12-07 13:15:00+00:00,sushiswap_v2,0xceff51756c56ceffca006cd410b03ffc46dd3a58,29.365706149397973,162.2255094,4763.866638976799,0,0.0,0.0,True,train
2025-12-07 13:15:00+00:00,uniswap_v2,0xbb2b8038a1640196fbe3e38816f3e67cba72d940,29.365678048130615,72.82166297,2138.4575097064953,0,0.0,0.0,True,train
2025-12-07 13:16:00+00:00,sushiswap_v2,0xceff51756c56ceffca006cd410b03ffc46dd3a58,29.365706149397973,162.2255094,4763.866638976799,0,0.0,0.0,True,train
2025-12-07 13:16:00+00:00,uniswap_v2,0xbb2b8038a1640196fbe3e38816f3e67cba72d940,29.365678048130615,72.82166297,2138.4575097064953,0,0.0,0.0,True,train
2025-12-07 13:17:00+00:00,sushiswap_v2,0xceff51756c56ceffca006cd410b03ffc46dd3a58,29.365706149397973,162.2255094,4763.866638976799,0,0.0,0.0,True,train
2025-12-07 13:17:00+00:00,uniswap_v2,0xbb2b8038a1640196fbe3e38816f3e67cba72d940,29.365678048130615,72.82166297,2138.4575097064953,0,0.0,0.0,True,train
2025-12-07 13:18:00+00:00,sushiswap_v2,0xceff51756c56ceffca006cd410b03ffc46dd3a58,29.365706149397973,162.2255094,4763.866638976799,0,0.0,0.0,True,train
2025-12-07 13:18:00+00:00,uniswap_v2,0xbb2b8038a1640196fbe3e38816f3e67cba72d940,29.365678048130615,72.82166297,2138.4575097064953,0,0.0,0.0,True,train
2025-12-07 13:19:00+00:00,sushiswap_v2,0xceff51756c56ceffca006cd410b03ffc46dd3a58,29.365706149397973,162.2255094,4763.866638976799,0,0.0,0.0,True,train
2025-12-07 13:19:00+00:00,uniswap_v2,0xbb2b8038a1640196fbe3e38816f3e67cba72d940,29.365678048130615,72.82166297,2138.4575097064953,0,0.0,0.0,True,train
2025-12-07 13:20:00+00:00,sushiswap_v2,0xceff51756c56ceffca006cd410b03ffc46dd3a58,29.365706149397973,162.2255094,4763.866638976799,0,0.0,0.0,True,train
2025-12-07 13:20:00+00:00,uniswap_v2,0xbb2b8038a1640196fbe3e38816f3e67cba72d940,29.365678048130615,72.82166297,2138.4575097064953,0,0.0,0.0,True,train
2025-12-07 13:21:00+00:00,sushiswap_v2,0xceff51756c56ceffca006cd410b03ffc46dd3a58,29.365706149397973,162.2255094,4763.866638976799,0,0.0,0.0,True,train
2025-12-07 13:21:00+00:00,uniswap_v2,0xbb2b8038a1640196fbe3e38816f3e67cba72d940,29.365678048130615,72.82166297,2138.4575097064953,0,0.0,0.0,True,train
2025-12-07 13:22:00+00:00,sushiswap_v2,0xceff51756c56ceffca006cd410b03ffc46dd3a58,29.355842511678254,162.25280221,4763.067708755241,1,0.02729281,0.7989302215577633,False,train
2025-12-07 13:22:00+00:00,uniswap_v2,0xbb2b8038a1640196fbe3e38816f3e67cba72d940,29.365678048130615,72.82166297,2138.4575097064953,0,0.0,0.0,True,train
2025-12-07 13:23:00+00:00,sushiswap_v2,0xceff51756c56ceffca006cd410b03ffc46dd3a58,29.355842511678254,162.25280221,4763.067708755241,0,0.0,0.0,False,train
2025-12-07 13:23:00+00:00,uniswap_v2,0xbb2b8038a1640196fbe3e38816f3e67cba72d940,29.35263991138361,72.83785878,2137.983440685551,1,0.01619581,0.47406902094430414,False,train
2025-12-07 13:24:00+00:00,sushiswap_v2,0xceff51756c56ceffca006cd410b03ffc46dd3a58,29.355842511678254,162.25280221,4763.067708755241,0,0.0,0.0,False,train
2025-12-07 13:24:00+00:00,uniswap_v2,0xbb2b8038a1640196fbe3e38816f3e67cba72d940,29.35263991138361,72.83785878,2137.983440685551,0,0.0,0.0,False,train
2025-12-07 13:25:00+00:00,sushiswap_v2,0xceff51756c56ceffca006cd410b03ffc46dd3a58,29.355842511678254,162.25280221,4763.067708755241,0,0.0,0.0,False,train
2025-12-07 13:25:00+00:00,uniswap_v2,0xbb2b8038a1640196fbe3e38816f3e67cba72d940,29.35263991138361,72.83785878,2137.983440685551,0,0.0,0.0,False,train
2025-12-07 13:26:00+00:00,sushiswap_v2,0xceff51756c56ceffca006cd410b03ffc46dd3a58,29.355842511678254,162.25280221,4763.067708755241,0,0.0,0.0,False,train
2025-12-07 13:26:00+00:00,uniswap_v2,0xbb2b8038a1640196fbe3e38816f3e67cba72d940,29.35263990839252,72.83424939,2137.8774953427273,0,0.0,0.0,False,train
2025-12-07 13:27:00+00:00,sushiswap_v2,0xceff51756c56ceffca006cd410b03ffc46dd3a58,29.355842511678254,162.25280221,4763.067708755241,0,0.0,0.0,False,train
2025-12-07 13:27:00+00:00,uniswap_v2,0xbb2b8038a1640196fbe3e38816f3e67cba72d940,29.35263990839252,72.83424939,2137.8774953427273,0,0.0,0.0,False,train
2025-12-07 13:28:00+00:00,sushiswap_v2,0xceff51756c56ceffca006cd410b03ffc46dd3a58,29.355842511678254,162.25280221,4763.067708755241,0,0.0,0.0,False,train
2025-12-07 13:28:00+00:00,uniswap_v2,0xbb2b8038a1640196fbe3e38816f3e67cba72d940,29.35263990839252,72.83424939,2137.8774953427273,0,0.0,0.0,False,train
2025-12-07 13:29:00+00:00,sushiswap_v2,0xceff51756c56ceffca006cd410b03ffc46dd3a58,29.355842511678254,162.25280221,4763.067708755241,0,0.0,0.0,False,train
2025-12-07 13:29:00+00:00,uniswap_v2,0xbb2b8038a1640196fbe3e38816f3e67cba72d940,29.35263990839252,72.83424939,2137.8774953427273,0,0.0,0.0,False,train
2025-12-07 13:30:00+00:00,sushiswap_v2,0xceff51756c56ceffca006cd410b03ffc46dd3a58,29.355842511678254,162.25280221,4763.067708755241,0,0.0,0.0,False,train
2025-12-07 13:30:00+00:00,uniswap_v2,0xbb2b8038a1640196fbe3e38816f3e67cba72d940,29.35263990839252,72.83424939,2137.8774953427273,0,0.0,0.0,False,train
2025-12-07 13:31:00+00:00,sushiswap_v2,0xceff51756c56ceffca006cd410b03ffc46dd3a58,29.355842511678254,162.25280221,4763.067708755241,0,0.0,0.0,False,train
2025-12-07 13:31:00+00:00,uniswap_v2,0xbb2b8038a1640196fbe3e38816f3e67cba72d940,29.35263990839252,72.83424939,2137.8774953427273,0,0.0,0.0,False,train
2025-12-07 13:32:00+00:00,sushiswap_v2,0xceff51756c56ceffca006cd410b03ffc46dd3a58,29.355842511678254,162.25280221,4763.067708755241,0,0.0,0.0,False,train
2025-12-07 13:32:00+00:00,uniswap_v2,0xbb2b8038a1640196fbe3e38816f3e67cba72d940,29.35263990839252,72.83424939,2137.8774953427273,0,0.0,0.0,False,train
2025-12-07 13:33:00+00:00,sushiswap_v2,0xceff51756c56ceffca006cd410b03ffc46dd3a58,29.355842511678254,162.25280221,4763.067708755241,0,0.0,0.0,False,train
2025-12-07 13:33:00+00:00,uniswap_v2,0xbb2b8038a1640196fbe3e38816f3e67cba72d940,29.35263990839252,72.83424939,2137.8774953427273,0,0.0,0.0,False,train
2025-12-07 13:34:00+00:00,sushiswap_v2,0xceff51756c56ceffca006cd410b03ffc46dd3a58,29.35581717661259,162.25287233,4763.065656499743,1,7.012e-05,0.00205225549763564,False,train
2025-12-07 13:34:00+00:00,uniswap_v2,0xbb2b8038a1640196fbe3e38816f3e67cba72d940,29.35263990839252,72.83424939,2137.8774953427273,0,0.0,0.0,False,train
2025-12-07 13:35:00+00:00,sushiswap_v2,0xceff51756c56ceffca006cd410b03ffc46dd3a58,29.35581717661259,162.25287233,4763.065656499743,0,0.0,0.0,False,train
2025-12-07 13:35:00+00:00,uniswap_v2,0xbb2b8038a1640196fbe3e38816f3e67cba72d940,29.35263990839252,72.83424939,2137.8774953427273,0,0.0,0.0,False,train
2025-12-07 13:36:00+00:00,sushiswap_v2,0xceff51756c56ceffca006cd410b03ffc46dd3a58,29.35581717661259,162.25287233,4763.065656499743,0,0.0,0.0,False,train
2025-12-07 13:36:00+00:00,uniswap_v2,0xbb2b8038a1640196fbe3e38816f3e67cba72d940,29.35263990839252,72.83424939,2137.8774953427273,0,0.0,0.0,False,train
2025-12-07 13:37:00+00:00,sushiswap_v2,0xceff51756c56ceffca006cd410b03ffc46dd3a58,29.35581717661259,162.25287233,4763.065656499743,0,0.0,0.0,False,train
2025-12-07 13:37:00+00:00,uniswap_v2,0xbb2b8038a1640196fbe3e38816f3e67cba72d940,29.35263990839252,72.83424939,2137.8774953427273,0,0.0,0.0,False,train
2025-12-07 13:38:00+00:00,sushiswap_v2,0xceff51756c56ceffca006cd410b03ffc46dd3a58,29.35581717661259,162.25287233,4763.065656499743,0,0.0,0.0,False,train
2025-12-07 13:38:00+00:00,uniswap_v2,0xbb2b8038a1640196fbe3e38816f3e67cba72d940,29.35263990839252,72.83424939,2137.8774953427273,0,0.0,0.0,False,train
2025-12-07 13:39:00+00:00,sushiswap_v2,0xceff51756c56ceffca006cd410b03ffc46dd3a58,29.35581717661259,162.25287233,4763.065656499743,0,0.0,0.0,False,train
2025-12-07 13:39:00+00:00,uniswap_v2,0xbb2b8038a1640196fbe3e38816f3e67cba72d940,29.35263990839252,72.83424939,2137.8774953427273,0,0.0,0.0,False,train
2025-12-07 13:40:00+00:00,sushiswap_v2,0xceff51756c56ceffca006cd410b03ffc46dd3a58,29.35581717661259,162.25287233,4763.065656499743,0,0.0,0.0,False,train
2025-12-07 13:40:00+00:00,uniswap_v2,0xbb2b8038a1640196fbe3e38816f3e67cba72d940,29.35263990839252,72.83424939,2137.8774953427273,0,0.0,0.0,False,train
2025-12-07 13:41:00+00:00,sushiswap_v2,0xceff51756c56ceffca006cd410b03ffc46dd3a58,29.35581717661259,162.25287233,4763.065656499743,0,0.0,0.0,False,train
2025-12-07 13:41:00+00:00,uniswap_v2,0xbb2b8038a1640196fbe3e38816f3e67cba72d940,29.35263990839252,72.83424939,2137.8774953427273,0,0.0,0.0,False,train
2025-12-07 13:42:00+00:00,sushiswap_v2,0xceff51756c56ceffca006cd410b03ffc46dd3a58,29.35581717661259,162.25287233,4763.065656499743,0,0.0,0.0,False,train
2025-12-07 13:42:00+00:00,uniswap_v2,0xbb2b8038a1640196fbe3e38816f3e67cba72d940,29.35263990839252,72.83424939,2137.8774953427273,0,0.0,0.0,True,train
2025-12-07 13:43:00+00:00,sushiswap_v2,0xceff51756c56ceffca006cd410b03ffc46dd3a58,29.35581717661259,162.25287233,4763.065656499743,0,0.0,0.0,False,train
2025-12-07 13:43:00+00:00,uniswap_v2,0xbb2b8038a1640196fbe3e38816f3e67cba72d940,29.35263990839252,72.83424939,2137.8774953427273,0,0.0,0.0,True,train
2025-12-07 13:44:00+00:00,sushiswap_v2,0xceff51756c56ceffca006cd410b03ffc46dd3a58,29.35581717661259,162.25287233,4763.065656499743,0,0.0,0.0,False,train
2025-12-07 13:44:00+00:00,uniswap_v2,0xbb2b8038a1640196fbe3e38816f3e67cba72d940,29.35263990839252,72.83424939,2137.8774953427273,0,0.0,0.0,True,train
2025-12-07 13:45:00+00:00,sushiswap_v2,0xceff51756c56ceffca006cd410b03ffc46dd3a58,29.35581717661259,162.25287233,4763.065656499743,0,0.0,0.0,False,train
2025-12-07 13:45:00+00:00,uniswap_v2,0xbb2b8038a1640196fbe3e38816f3e67cba72d940,29.35263990839252,72.83424939,2137.8774953427273,0,0.0,0.0,True,train
2025-12-07 13:46:00+00:00,sushiswap_v2,0xceff51756c56ceffca006cd410b03ffc46dd3a58,29.35581717661259,162.25287233,4763.065656499743,0,0.0,0.0,False,train
2025-12-07 13:46:00+00:00,uniswap_v2,0xbb2b8038a1640196fbe3e38816f3e67cba72d940,29.35263990839252,72.83424939,2137.8774953427273,0,0.0,0.0,True,train
2025-12-07 13:47:00+00:00,sushiswap_v2,0xceff51756c56ceffca006cd410b03ffc46dd3a58,29.35581717661259,162.25287233,4763.065656499743,0,0.0,0.0,False,train
2025-12-07 13:47:00+00:00,uniswap_v2,0xbb2b8038a1640196fbe3e38816f3e67cba72d940,29.35263990839252,72.83424939,2137.8774953427273,0,0.0,0.0,True,train
2025-12-07 13:48:00+00:00,sushiswap_v2,0xceff51756c56ceffca006cd410b03ffc46dd3a58,29.35581717661259,162.25287233,4763.065656499743,0,0.0,0.0,False,train
2025-12-07 13:48:00+00:00,uniswap_v2,0xbb2b8038a1640196fbe3e38816f3e67cba72d940,29.35263990839252,72.83424939,2137.8774953427273,0,0.0,0.0,True,train
2025-12-07 13:49:00+00:00,sushiswap_v2,0xceff51756c56ceffca006cd410b03ffc46dd3a58,29.35581717661259,162.25287233,4763.065656499743,0,0.0,0.0,False,train
2025-12-07 13:49:00+00:00,uniswap_v2,0xbb2b8038a1640196fbe3e38816f3e67cba72d940,29.35263990839252,72.83424939,2137.8774953427273,0,0.0,0.0,True,train
2025-12-07 13:50:00+00:00,sushiswap_v2,0xceff51756c56ceffca006cd410b03ffc46dd3a58,29.35581717661259,162.25287233,4763.065656499743,0,0.0,0.0,True,train
2025-12-07 13:50:00+00:00,uniswap_v2,0xbb2b8038a1640196fbe3e38816f3e67cba72d940,29.35263990839252,72.83424939,2137.8774953427273,0,0.0,0.0,True,train
2025-12-07 13:51:00+00:00,sushiswap_v2,0xceff51756c56ceffca006cd410b03ffc46dd3a58,29.35581717661259,162.25287233,4763.065656499743,0,0.0,0.0,True,train
2025-12-07 13:51:00+00:00,uniswap_v2,0xbb2b8038a1640196fbe3e38816f3e67cba72d940,29.35263990839252,72.83424939,2137.8774953427273,0,0.0,0.0,True,train
2025-12-07 13:52:00+00:00,sushiswap_v2,0xceff51756c56ceffca006cd410b03ffc46dd3a58,29.35581717661259,162.25287233,4763.065656499743,0,0.0,0.0,True,train
2025-12-07 13:52:00+00:00,uniswap_v2,0xbb2b8038a1640196fbe3e38816f3e67cba72d940,29.35263990839252,72.83424939,2137.8774953427273,0,0.0,0.0,True,train
2025-12-07 13:53:00+00:00,sushiswap_v2,0xceff51756c56ceffca006cd410b03ffc46dd3a58,29.35581717661259,162.25287233,4763.065656499743,0,0.0,0.0,True,train
2025-12-07 13:53:00+00:00,uniswap_v2,0xbb2b8038a1640196fbe3e38816f3e67cba72d940,29.35263990469816,72.8342494,2137.877495367178,0,0.0,0.0,False,train
2025-12-07 13:54:00+00:00,sushiswap_v2,0xceff51756c56ceffca006cd410b03ffc46dd3a58,29.35581717661259,162.25287233,4763.065656499743,0,0.0,0.0,True,train
2025-12-07 13:54:00+00:00,uniswap_v2,0xbb2b8038a1640196fbe3e38816f3e67cba72d940,29.35263990469816,72.8342494,2137.877495367178,0,0.0,0.0,False,train
2025-12-07 13:55:00+00:00,sushiswap_v2,0xceff51756c56ceffca006cd410b03ffc46dd3a58,29.35581717661259,162.25287233,4763.065656499743,0,0.0,0.0,True,train
2025-12-07 13:55:00+00:00,uniswap_v2,0xbb2b8038a1640196fbe3e38816f3e67cba72d940,29.35263990469816,72.8342494,2137.877495367178,0,0.0,0.0,False,train
2025-12-07 13:56:00+00:00,sushiswap_v2,0xceff51756c56ceffca006cd410b03ffc46dd3a58,29.35581717661259,162.25287233,4763.065656499743,0,0.0,0.0,True,train
2025-12-07 13:56:00+00:00,uniswap_v2,0xbb2b8038a1640196fbe3e38816f3e67cba72d940,29.35263990469816,72.8342494,2137.877495367178,0,0.0,0.0,False,train
2025-12-07 13:57:00+00:00,sushiswap_v2,0xceff51756c56ceffca006cd410b03ffc46dd3a58,29.35581717661259,162.25287233,4763.065656499743,0,0.0,0.0,True,train
2025-12-07 13:57:00+00:00,uniswap_v2,0xbb2b8038a1640196fbe3e38816f3e67cba72d940,29.35263990469816,72.8342494,2137.877495367178,0,0.0,0.0,False,train
2025-12-07 13:58:00+00:00,sushiswap_v2,0xceff51756c56ceffca006cd410b03ffc46dd3a58,29.35581717661259,162.25287233,4763.065656499743,0,0.0,0.0,True,train
2025-12-07 13:58:00+00:00,uniswap_v2,0xbb2b8038a1640196fbe3e38816f3e67cba72d940,29.35263990469816,72.8342494,2137.877495367178,0,0.0,0.0,False,train
2025-12-07 13:59:00+00:00,sushiswap_v2,0xceff51756c56ceffca006cd410b03ffc46dd3a58,29.35581717661259,162.25287233,4763.065656499743,0,0.0,0.0,True,train
2025-12-07 13:59:00+00:00,uniswap_v2,0xbb2b8038a1640196fbe3e38816f3e67cba72d940,29.35263990469816,72.8342494,2137.877495367178,0,0.0,0.0,False,train
2025-12-07 14:00:00+00:00,sushiswap_v2,0xceff51756c56ceffca006cd410b03ffc46dd3a58,29.35581717661259,162.25287233,4763.065656499743,0,0.0,0.0,True,train
2025-12-07 14:00:00+00:00,uniswap_v2,0xbb2b8038a1640196fbe3e38816f3e67cba72d940,29.35263990469816,72.8342494,2137.877495367178,0,0.0,0.0,False,train
2025-12-07 14:01:00+00:00,sushiswap_v2,0xceff51756c56ceffca006cd410b03ffc46dd3a58,29.35581717661259,162.25287233,4763.065656499743,0,0.0,0.0,True,train
2025-12-07 14:01:00+00:00,uniswap_v2,0xbb2b8038a1640196fbe3e38816f3e67cba72d940,29.35263990469816,72.8342494,2137.877495367178,0,0.0,0.0,False,train
2025-12-07 14:02:00+00:00,sushiswap_v2,0xceff51756c56ceffca006cd410b03ffc46dd3a58,29.35581717661259,162.25287233,4763.065656499743,0,0.0,0.0,True,train
2025-12-07 14:02:00+00:00,uniswap_v2,0xbb2b8038a1640196fbe3e38816f3e67cba72d940,29.35263990469816,72.8342494,2137.877495367178,0,0.0,0.0,False,train
2025-12-07 14:03:00+00:00,sushiswap_v2,0xceff51756c56ceffca006cd410b03ffc46dd3a58,29.35581717661259,162.25287233,4763.065656499743,0,0.0,0.0,True,train
2025-12-07 14:03:00+00:00,uniswap_v2,0xbb2b8038a1640196fbe3e38816f3e67cba72d940,29.35263990469816,72.8342494,2137.877495367178,0,0.0,0.0,False,train
2025-12-07 14:04:00+00:00,sushiswap_v2,0xceff51756c56ceffca006cd410b03ffc46dd3a58,29.35581717661259,162.25287233,4763.065656499743,0,0.0,0.0,True,train
2025-12-07 14:04:00+00:00,uniswap_v2,0xbb2b8038a1640196fbe3e38816f3e67cba72d940,29.35263990469816,72.8342494,2137.877495367178,0,0.0,0.0,False,train
2025-12-07 14:05:00+00:00,sushiswap_v2,0xceff51756c56ceffca006cd410b03ffc46dd3a58,29.35581717661259,162.25287233,4763.065656499743,0,0.0,0.0,True,train
2025-12-07 14:05:00+00:00,uniswap_v2,0xbb2b8038a1640196fbe3e38816f3e67cba72d940,29.35263990469816,72.8342494,2137.877495367178,0,0.0,0.0,False,train
2025-12-07 14:06:00+00:00,sushiswap_v2,0xceff51756c56ceffca006cd410b03ffc46dd3a58,29.35581717661259,162.25287233,4763.065656499743,0,0.0,0.0,True,train
2025-12-07 14:06:00+00:00,uniswap_v2,0xbb2b8038a1640196fbe3e38816f3e67cba72d940,29.35263990469816,72.8342494,2137.877495367178,0,0.0,0.0,False,train
2025-12-07 14:07:00+00:00,sushiswap_v2,0xceff51756c56ceffca006cd410b03ffc46dd3a58,29.35581717661259,162.25287233,4763.065656499743,0,0.0,0.0,True,train
2025-12-07 14:07:00+00:00,uniswap_v2,0xbb2b8038a1640196fbe3e38816f3e67cba72d940,29.35263990469816,72.8342494,2137.877495367178,0,0.0,0.0,False,train
2025-12-07 14:08:00+00:00,sushiswap_v2,0xceff51756c56ceffca006cd410b03ffc46dd3a58,29.35581717661259,162.25287233,4763.065656499743,0,0.0,0.0,True,train
2025-12-07 14:08:00+00:00,uniswap_v2,0xbb2b8038a1640196fbe3e38816f3e67cba72d940,29.35263990469816,72.8342494,2137.877495367178,0,0.0,0.0,False,train
2025-12-07 14:09:00+00:00,sushiswap_v2,0xceff51756c56ceffca006cd410b03ffc46dd3a58,29.35581717661259,162.25287233,4763.065656499743,0,0.0,0.0,True,train
2025-12-07 14:09:00+00:00,uniswap_v2,0xbb2b8038a1640196fbe3e38816f3e67cba72d940,29.35263990469816,72.8342494,2137.877495367178,0,0.0,0.0,True,train
2025-12-07 14:10:00+00:00,sushiswap_v2,0xceff51756c56ceffca006cd410b03ffc46dd3a58,29.35581717661259,162.25287233,4763.065656499743,0,0.0,0.0,True,train
2025-12-07 14:10:00+00:00,uniswap_v2,0xbb2b8038a1640196fbe3e38816f3e67cba72d940,29.35263990469816,72.8342494,2137.877495367178,0,0.0,0.0,True,train
2025-12-07 14:11:00+00:00,sushiswap_v2,0xceff51756c56ceffca006cd410b03ffc46dd3a58,29.35581717661259,162.25287233,4763.065656499743,0,0.0,0.0,True,train
2025-12-07 14:11:00+00:00,uniswap_v2,0xbb2b8038a1640196fbe3e38816f3e67cba72d940,29.35263990469816,72.8342494,2137.877495367178,0,0.0,0.0,True,train
2025-12-07 14:12:00+00:00,sushiswap_v2,0xceff51756c56ceffca006cd410b03ffc46dd3a58,29.35581717661259,162.25287233,4763.065656499743,0,0.0,0.0,True,train
2025-12-07 14:12:00+00:00,uniswap_v2,0xbb2b8038a1640196fbe3e38816f3e67cba72d940,29.35263990469816,72.8342494,2137.877495367178,0,0.0,0.0,True,train
2025-12-07 14:13:00+00:00,sushiswap_v2,0xceff51756c56ceffca006cd410b03ffc46dd3a58,29.35581717661259,162.25287233,4763.065656499743,0,0.0,0.0,True,train
2025-12-07 14:13:00+00:00,uniswap_v2,0xbb2b8038a1640196fbe3e38816f3e67cba72d940,29.35263990469816,72.8342494,2137.877495367178,0,0.0,0.0,True,train
2025-12-07 14:14:00+00:00,sushiswap_v2,0xceff51756c56ceffca006cd410b03ffc46dd3a58,29.35581717661259,162.25287233,4763.065656499743,0,0.0,0.0,True,train
2025-12-07 14:14:00+00:00,uniswap_v2,0xbb2b8038a1640196fbe3e38816f3e67cba72d940,29.35263990469816,72.8342494,2137.877495367178,0,0.0,0.0,True,train
2025-12-07 14:15:00+00:00,sushiswap_v2,0xceff51756c56ceffca006cd410b03ffc46dd3a58,29.35581717661259,162.25287233,4763.065656499743,0,0.0,0.0,True,train
2025-12-07 14:15:00+00:00,uniswap_v2,0xbb2b8038a1640196fbe3e38816f3e67cba72d940,29.35263990469816,72.8342494,2137.877495367178,0,0.0,0.0,True,train
2025-12-07 14:16:00+00:00,sushiswap_v2,0xceff51756c56ceffca006cd410b03ffc46dd3a58,29.35581717661259,162.25287233,4763.065656499743,0,0.0,0.0,True,train
2025-12-07 14:16:00+00:00,uniswap_v2,0xbb2b8038a1640196fbe3e38816f3e67cba72d940,29.35263990469816,72.8342494,2137.877495367178,0,0.0,0.0,True,train
2025-12-07 14:17:00+00:00,sushiswap_v2,0xceff51756c56ceffca006cd410b03ffc46dd3a58,29.35581717661259,162.25287233,4763.065656499743,0,0.0,0.0,True,train
2025-12-07 14:17:00+00:00,uniswap_v2,0xbb2b8038a1640196fbe3e38816f3e67cba72d940,29.35263990469816,72.8342494,2137.877495367178,0,0.0,0.0,True,train
2025-12-07 14:18:00+00:00,sushiswap_v2,0xceff51756c56ceffca006cd410b03ffc46dd3a58,29.35581717661259,162.25287233,4763.065656499743,0,0.0,0.0,True,train
2025-12-07 14:18:00+00:00,uniswap_v2,0xbb2b8038a1640196fbe3e38816f3e67cba72d940,29.35263990469816,72.8342494,2137.877495367178,0,0.0,0.0,True,train
2025-12-07 14:19:00+00:00,sushiswap_v2,0xceff51756c56ceffca006cd410b03ffc46dd3a58,29.35581717661259,162.25287233,4763.065656499743,0,0.0,0.0,True,train
2025-12-07 14:19:00+00:00,uniswap_v2,0xbb2b8038a1640196fbe3e38816f3e67cba72d940,29.35263990469816,72.8342494,2137.877495367178,0,0.0,0.0,True,train
2025-12-07 14:20:00+00:00,sushiswap_v2,0xceff51756c56ceffca006cd410b03ffc46dd3a58,29.35581717661259,162.25287233,4763.065656499743,0,0.0,0.0,True,train
2025-12-07 14:20:00+00:00,uniswap_v2,0xbb2b8038a1640196fbe3e38816f3e67cba72d940,29.35263990469816,72.8342494,2137.877495367178,0,0.0,0.0,True,train
2025-12-07 14:21:00+00:00,sushiswap_v2,0xceff51756c56ceffca006cd410b03ffc46dd3a58,29.35581717661259,162.25287233,4763.065656499743,0,0.0,0.0,True,train
2025-12-07 14:21:00+00:00,uniswap_v2,0xbb2b8038a1640196fbe3e38816f3e67cba72d940,29.35263990469816,72.8342494,2137.877495367178,0,0.0,0.0,True,train
2025-12-07 14:22:00+00:00,sushiswap_v2,0xceff51756c56ceffca006cd410b03ffc46dd3a58,29.35581717661259,162.25287233,4763.065656499743,0,0.0,0.0,True,train
2025-12-07 14:22:00+00:00,uniswap_v2,0xbb2b8038a1640196fbe3e38816f3e67cba72d940,29.35263990469816,72.8342494,2137.877495367178,0,0.0,0.0,True,train
2025-12-07 14:23:00+00:00,sushiswap_v2,0xceff51756c56ceffca006cd410b03ffc46dd3a58,29.35581717661259,162.25287233,4763.065656499743,0,0.0,0.0,True,train
2025-12-07 14:23:00+00:00,uniswap_v2,0xbb2b8038a1640196fbe3e38816f3e67cba72d940,29.35263990469816,72.8342494,2137.877495367178,0,0.0,0.0,True,train
2025-12-07 14:24:00+00:00,sushiswap_v2,0xceff51756c56ceffca006cd410b03ffc46dd3a58,29.654879251917908,161.4338881,4787.302458773127,4,0.81898423,24.236802273384292,False,train
2025-12-07 14:24:00+00:00,uniswap_v2,0xbb2b8038a1640196fbe3e38816f3e67cba72d940,29.624912250581215,72.49928231,2147.784876663865,3,0.33496709,9.90738129668679,False,train
2025-12-07 14:25:00+00:00,sushiswap_v2,0xceff51756c56ceffca006cd410b03ffc46dd3a58,29.922940436425726,160.71154357,4808.961945691148,4,1.58467021,47.454462904766125,False,train
2025-12-07 14:25:00+00:00,uniswap_v2,0xbb2b8038a1640196fbe3e38816f3e67cba72d940,29.925787783328648,72.13498078,2158.696126576771,3,0.71746609,21.47406423762254,False,train
2025-12-07 14:26:00+00:00,sushiswap_v2,0xceff51756c56ceffca006cd410b03ffc46dd3a58,29.86150611932323,160.8770237,4804.0302276760585,2,0.16548013,4.931718015088498,False,train
2025-12-07 14:26:00+00:00,uniswap_v2,0xbb2b8038a1640196fbe3e38816f3e67cba72d940,29.854531647051054,72.22114405,2156.128430626958,3,0.08616327,2.5676959498126575,False,train
2025-12-07 14:27:00+00:00,sushiswap_v2,0xceff51756c56ceffca006cd410b03ffc46dd3a58,29.86150611932323,160.8770237,4804.0302276760585,0,0.0,0.0,False,train
2025-12-07 14:27:00+00:00,uniswap_v2,0xbb2b8038a1640196fbe3e38816f3e67cba72d940,29.854531647051054,72.22114405,2156.128430626958,0,0.0,0.0,False,train
2025-12-07 14:28:00+00:00,sushiswap_v2,0xceff51756c56ceffca006cd410b03ffc46dd3a58,29.86150611932323,160.8770237,4804.0302276760585,0,0.0,0.0,False,train
2025-12-07 14:28:00+00:00,uniswap_v2,0xbb2b8038a1640196fbe3e38816f3e67cba72d940,29.854531647051054,72.22114405,2156.128430626958,0,0.0,0.0,False,train
2025-12-07 14:29:00+00:00,sushiswap_v2,0xceff51756c56ceffca006cd410b03ffc46dd3a58,29.86150611932323,160.8770237,4804.0302276760585,0,0.0,0.0,False,train
2025-12-07 14:29:00+00:00,uniswap_v2,0xbb2b8038a1640196fbe3e38816f3e67cba72d940,29.854531647051054,72.22114405,2156.128430626958,0,0.0,0.0,False,train
2025-12-07 14:30:00+00:00,sushiswap_v2,0xceff51756c56ceffca006cd410b03ffc46dd3a58,29.86150611932323,160.8770237,4804.0302276760585,0,0.0,0.0,False,train
2025-12-07 14:30:00+00:00,uniswap_v2,0xbb2b8038a1640196fbe3e38816f3e67cba72d940,29.854531647051054,72.22114405,2156.128430626958,0,0.0,0.0,False,train
2025-12-07 14:31:00+00:00,sushiswap_v2,0xceff51756c56ceffca006cd410b03ffc46dd3a58,29.86150611932323,160.8770237,4804.0302276760585,0,0.0,0.0,False,train
2025-12-07 14:31:00+00:00,uniswap_v2,0xbb2b8038a1640196fbe3e38816f3e67cba72d940,29.854531647051054,72.22114405,2156.128430626958,0,0.0,0.0,False,train
2025-12-07 14:32:00+00:00,sushiswap_v2,0xceff51756c56ceffca006cd410b03ffc46dd3a58,29.86150611932323,160.8770237,4804.0302276760585,0,0.0,0.0,False,train
2025-12-07 14:32:00+00:00,uniswap_v2,0xbb2b8038a1640196fbe3e38816f3e67cba72d940,29.854531647051054,72.22114405,2156.128430626958,0,0.0,0.0,False,train
2025-12-07 14:33:00+00:00,sushiswap_v2,0xceff51756c56ceffca006cd410b03ffc46dd3a58,29.86150611932323,160.8770237,4804.0302276760585,0,0.0,0.0,False,train
2025-12-07 14:33:00+00:00,uniswap_v2,0xbb2b8038a1640196fbe3e38816f3e67cba72d940,29.854531647051054,72.22114405,2156.128430626958,0,0.0,0.0,False,train
2025-12-07 14:34:00+00:00,sushiswap_v2,0xceff51756c56ceffca006cd410b03ffc46dd3a58,29.86150611932323,160.8770237,4804.0302276760585,0,0.0,0.0,False,train
2025-12-07 14:34:00+00:00,uniswap_v2,0xbb2b8038a1640196fbe3e38816f3e67cba72d940,29.854531647051054,72.22114405,2156.128430626958,0,0.0,0.0,False,train
2025-12-07 14:35:00+00:00,sushiswap_v2,0xceff51756c56ceffca006cd410b03ffc46dd3a58,29.86150611932323,160.8770237,4804.0302276760585,0,0.0,0.0,False,train
2025-12-07 14:35:00+00:00,uniswap_v2,0xbb2b8038a1640196fbe3e38816f3e67cba72d940,29.854531647051054,72.22114405,2156.128430626958,0,0.0,0.0,False,train
2025-12-07 14:36:00+00:00,sushiswap_v2,0xceff51756c56ceffca006cd410b03ffc46dd3a58,29.86150611932323,160.8770237,4804.0302276760585,0,0.0,0.0,False,train
2025-12-07 14:36:00+00:00,uniswap_v2,0xbb2b8038a1640196fbe3e38816f3e67cba72d940,29.854531647051054,72.22114405,2156.128430626958,0,0.0,0.0,False,train
2025-12-07 14:37:00+00:00,sushiswap_v2,0xceff51756c56ceffca006cd410b03ffc46dd3a58,29.86150611932323,160.8770237,4804.0302276760585,0,0.0,0.0,False,train
2025-12-07 14:37:00+00:00,uniswap_v2,0xbb2b8038a1640196fbe3e38816f3e67cba72d940,29.854531647051054,72.22114405,2156.128430626958,0,0.0,0.0,False,train
2025-12-07 14:38:00+00:00,sushiswap_v2,0xceff51756c56ceffca006cd410b03ffc46dd3a58,29.86150611932323,160.8770237,4804.0302276760585,0,0.0,0.0,False,train
2025-12-07 14:38:00+00:00,uniswap_v2,0xbb2b8038a1640196fbe3e38816f3e67cba72d940,29.854531647051054,72.22114405,2156.128430626958,0,0.0,0.0,False,train
2025-12-07 14:39:00+00:00,sushiswap_v2,0xceff51756c56ceffca006cd410b03ffc46dd3a58,29.86150611932323,160.8770237,4804.0302276760585,0,0.0,0.0,False,train
2025-12-07 14:39:00+00:00,uniswap_v2,0xbb2b8038a1640196fbe3e38816f3e67cba72d940,29.854531647051054,72.22114405,2156.128430626958,0,0.0,0.0,False,train
2025-12-07 14:40:00+00:00,sushiswap_v2,0xceff51756c56ceffca006cd410b03ffc46dd3a58,29.86150611932323,160.8770237,4804.0302276760585,0,0.0,0.0,False,train
2025-12-07 14:40:00+00:00,uniswap_v2,0xbb2b8038a1640196fbe3e38816f3e67cba72d940,29.865610342019867,72.20776766,2156.529052600664,1,0.01337639,0.40062197370571023,False,train
2025-12-07 14:41:00+00:00,sushiswap_v2,0xceff51756c56ceffca006cd410b03ffc46dd3a58,29.86150611932323,160.8770237,4804.0302276760585,0,0.0,0.0,False,train
2025-12-07 14:41:00+00:00,uniswap_v2,0xbb2b8038a1640196fbe3e38816f3e67cba72d940,29.865610342019867,72.20776766,2156.529052600664,0,0.0,0.0,False,train
2025-12-07 14:42:00+00:00,sushiswap_v2,0xceff51756c56ceffca006cd410b03ffc46dd3a58,29.86163770124929,160.87666979,4804.0408278524965,1,0.00035391,0.010600176438328671,False,train
2025-12-07 14:42:00+00:00,uniswap_v2,0xbb2b8038a1640196fbe3e38816f3e67cba72d940,29.865610342019867,72.20776766,2156.529052600664,0,0.0,0.0,False,train
2025-12-07 14:43:00+00:00,sushiswap_v2,0xceff51756c56ceffca006cd410b03ffc46dd3a58,29.86163770124929,160.87666979,4804.0408278524965,0,0.0,0.0,False,train
2025-12-07 14:43:00+00:00,uniswap_v2,0xbb2b8038a1640196fbe3e38816f3e67cba72d940,29.865610342019867,72.20776766,2156.529052600664,0,0.0,0.0,False,train
2025-12-07 14:44:00+00:00,sushiswap_v2,0xceff51756c56ceffca006cd410b03ffc46dd3a58,29.86163770124929,160.87666979,4804.0408278524965,0,0.0,0.0,False,train
2025-12-07 14:44:00+00:00,uniswap_v2,0xbb2b8038a1640196fbe3e38816f3e67cba72d940,29.865610342019867,72.20776766,2156.529052600664,0,0.0,0.0,False,train
2025-12-07 14:45:00+00:00,sushiswap_v2,0xceff51756c56ceffca006cd410b03ffc46dd3a58,29.86163770124929,160.87666979,4804.0408278524965,0,0.0,0.0,False,train
2025-12-07 14:45:00+00:00,uniswap_v2,0xbb2b8038a1640196fbe3e38816f3e67cba72d940,29.865610342019867,72.20776766,2156.529052600664,0,0.0,0.0,False,train
2025-12-07 14:46:00+00:00,sushiswap_v2,0xceff51756c56ceffca006cd410b03ffc46dd3a58,29.86163770124929,160.87666979,4804.0408278524965,0,0.0,0.0,False,train
2025-12-07 14:46:00+00:00,uniswap_v2,0xbb2b8038a1640196fbe3e38816f3e67cba72d940,29.865610342019867,72.20776766,2156.529052600664,0,0.0,0.0,False,train
2025-12-07 14:47:00+00:00,sushiswap_v2,0xceff51756c56ceffca006cd410b03ffc46dd3a58,29.86163770124929,160.87666979,4804.0408278524965,0,0.0,0.0,False,train
2025-12-07 14:47:00+00:00,uniswap_v2,0xbb2b8038a1640196fbe3e38816f3e67cba72d940,29.865610342019867,72.20776766,2156.529052600664,0,0.0,0.0,False,train
2025-12-07 14:48:00+00:00,sushiswap_v2,0xceff51756c56ceffca006cd410b03ffc46dd3a58,29.86163770124929,160.87666979,4804.0408278524965,0,0.0,0.0,False,train
2025-12-07 14:48:00+00:00,uniswap_v2,0xbb2b8038a1640196fbe3e38816f3e67cba72d940,29.865610342019867,72.20776766,2156.529052600664,0,0.0,0.0,False,train
2025-12-07 14:49:00+00:00,sushiswap_v2,0xceff51756c56ceffca006cd410b03ffc46dd3a58,29.86163770124929,160.87666979,4804.0408278524965,0,0.0,0.0,False,train
2025-12-07 14:49:00+00:00,uniswap_v2,0xbb2b8038a1640196fbe3e38816f3e67cba72d940,29.865610342019867,72.20776766,2156.529052600664,0,0.0,0.0,False,train
2025-12-07 14:50:00+00:00,sushiswap_v2,0xceff51756c56ceffca006cd410b03ffc46dd3a58,29.86163770124929,160.87666979,4804.0408278524965,0,0.0,0.0,False,train
2025-12-07 14:50:00+00:00,uniswap_v2,0xbb2b8038a1640196fbe3e38816f3e67cba72d940,29.865610342019867,72.20776766,2156.529052600664,0,0.0,0.0,False,train
2025-12-07 14:51:00+00:00,sushiswap_v2,0xceff51756c56ceffca006cd410b03ffc46dd3a58,29.86163770124929,160.87666979,4804.0408278524965,0,0.0,0.0,False,train
2025-12-07 14:51:00+00:00,uniswap_v2,0xbb2b8038a1640196fbe3e38816f3e67cba72d940,29.865610342019867,72.20776766,2156.529052600664,0,0.0,0.0,False,train
2025-12-07 14:52:00+00:00,sushiswap_v2,0xceff51756c56ceffca006cd410b03ffc46dd3a58,29.86163770124929,160.87666979,4804.0408278524965,0,0.0,0.0,False,train
2025-12-07 14:52:00+00:00,uniswap_v2,0xbb2b8038a1640196fbe3e38816f3e67cba72d940,29.865610342019867,72.20776766,2156.529052600664,0,0.0,0.0,False,train
2025-12-07 14:53:00+00:00,sushiswap_v2,0xceff51756c56ceffca006cd410b03ffc46dd3a58,29.86163770124929,160.87666979,4804.0408278524965,0,0.0,0.0,False,train
2025-12-07 14:53:00+00:00,uniswap_v2,0xbb2b8038a1640196fbe3e38816f3e67cba72d940,29.865610342019867,72.20776766,2156.529052600664,0,0.0,0.0,False,train
2025-12-07 14:54:00+00:00,sushiswap_v2,0xceff51756c56ceffca006cd410b03ffc46dd3a58,29.86163770124929,160.87666979,4804.0408278524965,0,0.0,0.0,False,train
2025-12-07 14:54:00+00:00,uniswap_v2,0xbb2b8038a1640196fbe3e38816f3e67cba72d940,29.865610342019867,72.20776766,2156.529052600664,0,0.0,0.0,False,train
2025-12-07 14:55:00+00:00,sushiswap_v2,0xceff51756c56ceffca006cd410b03ffc46dd3a58,29.86163770124929,160.87666979,4804.0408278524965,0,0.0,0.0,False,train
2025-12-07 14:55:00+00:00,uniswap_v2,0xbb2b8038a1640196fbe3e38816f3e67cba72d940,29.865610342019867,72.20776766,2156.529052600664,0,0.0,0.0,False,train
2025-12-07 14:56:00+00:00,sushiswap_v2,0xceff51756c56ceffca006cd410b03ffc46dd3a58,29.86163770124929,160.87666979,4804.0408278524965,0,0.0,0.0,False,train
2025-12-07 14:56:00+00:00,uniswap_v2,0xbb2b8038a1640196fbe3e38816f3e67cba72d940,29.865610342019867,72.20776766,2156.529052600664,0,0.0,0.0,True,train
2025-12-07 14:57:00+00:00,sushiswap_v2,0xceff51756c56ceffca006cd410b03ffc46dd3a58,29.86163770124929,160.87666979,4804.0408278524965,0,0.0,0.0,False,train
2025-12-07 14:57:00+00:00,uniswap_v2,0xbb2b8038a1640196fbe3e38816f3e67cba72d940,29.865610342019867,72.20776766,2156.529052600664,0,0.0,0.0,True,train
2025-12-07 14:58:00+00:00,sushiswap_v2,0xceff51756c56ceffca006cd410b03ffc46dd3a58,29.86163770124929,160.87666979,4804.0408278524965,0,0.0,0.0,True,train
2025-12-07 14:58:00+00:00,uniswap_v2,0xbb2b8038a1640196fbe3e38816f3e67cba72d940,29.865610342019867,72.20776766,2156.529052600664,0,0.0,0.0,True,train
2025-12-07 14:59:00+00:00,sushiswap_v2,0xceff51756c56ceffca006cd410b03ffc46dd3a58,29.86163770124929,160.87666979,4804.0408278524965,0,0.0,0.0,True,train
2025-12-07 14:59:00+00:00,uniswap_v2,0xbb2b8038a1640196fbe3e38816f3e67cba72d940,29.865610342019867,72.20776766,2156.529052600664,0,0.0,0.0,True,train
2025-12-07 15:00:00+00:00,sushiswap_v2,0xceff51756c56ceffca006cd410b03ffc46dd3a58,29.86163770124929,160.87666979,4804.0408278524965,0,0.0,0.0,True,train
2025-12-07 15:00:00+00:00,uniswap_v2,0xbb2b8038a1640196fbe3e38816f3e67cba72d940,29.865610342019867,72.20776766,2156.529052600664,0,0.0,0.0,True,train
2025-12-07 15:01:00+00:00,sushiswap_v2,0xceff51756c56ceffca006cd410b03ffc46dd3a58,29.86163770124929,160.87666979,4804.0408278524965,0,0.0,0.0,True,train
2025-12-07 15:01:00+00:00,uniswap_v2,0xbb2b8038a1640196fbe3e38816f3e67cba72d940,29.865610342019867,72.20776766,2156.529052600664,0,0.0,0.0,True,train
2025-12-07 15:02:00+00:00,sushiswap_v2,0xceff51756c56ceffca006cd410b03ffc46dd3a58,29.86163770124929,160.87666979,4804.0408278524965,0,0.0,0.0,True,train
2025-12-07 15:02:00+00:00,uniswap_v2,0xbb2b8038a1640196fbe3e38816f3e67cba72d940,29.865610342019867,72.20776766,2156.529052600664,0,0.0,0.0,True,train
2025-12-07 15:03:00+00:00,sushiswap_v2,0xceff51756c56ceffca006cd410b03ffc46dd3a58,29.86163770124929,160.87666979,4804.0408278524965,0,0.0,0.0,True,train
2025-12-07 15:03:00+00:00,uniswap_v2,0xbb2b8038a1640196fbe3e38816f3e67cba72d940,29.865610342019867,72.20776766,2156.529052600664,0,0.0,0.0,True,train
2025-12-07 15:04:00+00:00,sushiswap_v2,0xceff51756c56ceffca006cd410b03ffc46dd3a58,29.86163770124929,160.87666979,4804.0408278524965,0,0.0,0.0,True,train
2025-12-07 15:04:00+00:00,uniswap_v2,0xbb2b8038a1640196fbe3e38816f3e67cba72d940,29.865610342019867,72.20776766,2156.529052600664,0,0.0,0.0,True,train
2025-12-07 15:05:00+00:00,sushiswap_v2,0xceff51756c56ceffca006cd410b03ffc46dd3a58,29.86163770124929,160.87666979,4804.0408278524965,0,0.0,0.0,True,train
2025-12-07 15:05:00+00:00,uniswap_v2,0xbb2b8038a1640196fbe3e38816f3e67cba72d940,29.865610342019867,72.20776766,2156.529052600664,0,0.0,0.0,True,train
2025-12-07 15:06:00+00:00,sushiswap_v2,0xceff51756c56ceffca006cd410b03ffc46dd3a58,29.86163770124929,160.87666979,4804.0408278524965,0,0.0,0.0,True,train
2025-12-07 15:06:00+00:00,uniswap_v2,0xbb2b8038a1640196fbe3e38816f3e67cba72d940,29.865610342019867,72.20776766,2156.529052600664,0,0.0,0.0,True,train
2025-12-07 15:07:00+00:00,sushiswap_v2,0xceff51756c56ceffca006cd410b03ffc46dd3a58,29.86163770124929,160.87666979,4804.0408278524965,0,0.0,0.0,True,train
2025-12-07 15:07:00+00:00,uniswap_v2,0xbb2b8038a1640196fbe3e38816f3e67cba72d940,29.865610342019867,72.20776766,2156.529052600664,0,0.0,0.0,True,train
2025-12-07 15:08:00+00:00,sushiswap_v2,0xceff51756c56ceffca006cd410b03ffc46dd3a58,29.883042546302036,160.81912905,4805.764875660388,1,0.05754074,1.724047807890526,False,train
2025-12-07 15:08:00+00:00,uniswap_v2,0xbb2b8038a1640196fbe3e38816f3e67cba72d940,29.882965751231353,72.18682772,2157.156500446798,1,0.02093994,0.6274478461340957,False,train
2025-12-07 15:09:00+00:00,sushiswap_v2,0xceff51756c56ceffca006cd410b03ffc46dd3a58,29.897436218633853,160.78047056,4806.923863769538,1,0.03865849,1.1589881091508454,False,train
2025-12-07 15:09:00+00:00,uniswap_v2,0xbb2b8038a1640196fbe3e38816f3e67cba72d940,29.897436349357307,72.16938235,2157.679515181556,1,0.01744537,0.5230147347579809,False,train
2025-12-07 15:10:00+00:00,sushiswap_v2,0xceff51756c56ceffca006cd410b03ffc46dd3a58,29.897436218633853,160.78047056,4806.923863769538,0,0.0,0.0,False,train
2025-12-07 15:10:00+00:00,uniswap_v2,0xbb2b8038a1640196fbe3e38816f3e67cba72d940,29.897436349357307,72.16938235,2157.679515181556,0,0.0,0.0,False,train
2025-12-07 15:11:00+00:00,sushiswap_v2,0xceff51756c56ceffca006cd410b03ffc46dd3a58,29.897436218633853,160.78047056,4806.923863769538,0,0.0,0.0,False,train
2025-12-07 15:11:00+00:00,uniswap_v2,0xbb2b8038a1640196fbe3e38816f3e67cba72d940,29.897436349357307,72.16938235,2157.679515181556,0,0.0,0.0,False,train
2025-12-07 15:12:00+00:00,sushiswap_v2,0xceff51756c56ceffca006cd410b03ffc46dd3a58,29.897436218633853,160.78047056,4806.923863769538,0,0.0,0.0,False,train
2025-12-07 15:12:00+00:00,uniswap_v2,0xbb2b8038a1640196fbe3e38816f3e67cba72d940,29.897436349357307,72.16938235,2157.679515181556,0,0.0,0.0,False,train
2025-12-07 15:13:00+00:00,sushiswap_v2,0xceff51756c56ceffca006cd410b03ffc46dd3a58,29.897436218633853,160.78047056,4806.923863769538,0,0.0,0.0,False,train
2025-12-07 15:13:00+00:00,uniswap_v2,0xbb2b8038a1640196fbe3e38816f3e67cba72d940,29.897436349357307,72.16938235,2157.679515181556,0,0.0,0.0,False,train
2025-12-07 15:14:00+00:00,sushiswap_v2,0xceff51756c56ceffca006cd410b03ffc46dd3a58,29.897436218633853,160.78047056,4806.923863769538,0,0.0,0.0,False,train
2025-12-07 15:14:00+00:00,uniswap_v2,0xbb2b8038a1640196fbe3e38816f3e67cba72d940,29.897436349357307,72.16938235,2157.679515181556,0,0.0,0.0,False,train
2025-12-07 15:15:00+00:00,sushiswap_v2,0xceff51756c56ceffca006cd410b03ffc46dd3a58,29.897436218633853,160.78047056,4806.923863769538,0,0.0,0.0,False,train
2025-12-07 15:15:00+00:00,uniswap_v2,0xbb2b8038a1640196fbe3e38816f3e67cba72d940,29.897436349357307,72.16938235,2157.679515181556,0,0.0,0.0,False,train
2025-12-07 15:16:00+00:00,sushiswap_v2,0xceff51756c56ceffca006cd410b03ffc46dd3a58,29.897436218633853,160.78047056,4806.923863769538,0,0.0,0.0,False,train
2025-12-07 15:16:00+00:00,uniswap_v2,0xbb2b8038a1640196fbe3e38816f3e67cba72d940,29.897436349357307,72.16938235,2157.679515181556,0,0.0,0.0,False,train
2025-12-07 15:17:00+00:00,sushiswap_v2,0xceff51756c56ceffca006cd410b03ffc46dd3a58,29.897436218633853,160.78047056,4806.923863769538,0,0.0,0.0,False,train
2025-12-07 15:17:00+00:00,uniswap_v2,0xbb2b8038a1640196fbe3e38816f3e67cba72d940,29.897436349357307,72.16938235,2157.679515181556,0,0.0,0.0,False,train
2025-12-07 15:18:00+00:00,sushiswap_v2,0xceff51756c56ceffca006cd410b03ffc46dd3a58,29.904147197081535,160.76245581,4807.464142306556,1,0.01801475,0.5402785370176919,False,train
2025-12-07 15:18:00+00:00,uniswap_v2,0xbb2b8038a1640196fbe3e38816f3e67cba72d940,29.897436349357307,72.16938235,2157.679515181556,0,0.0,0.0,False,train
2025-12-07 15:19:00+00:00,sushiswap_v2,0xceff51756c56ceffca006cd410b03ffc46dd3a58,29.904147197081535,160.76245581,4807.464142306556,0,0.0,0.0,False,train
2025-12-07 15:19:00+00:00,uniswap_v2,0xbb2b8038a1640196fbe3e38816f3e67cba72d940,29.897436349357307,72.16938235,2157.679515181556,0,0.0,0.0,False,train
2025-12-07 15:20:00+00:00,sushiswap_v2,0xceff51756c56ceffca006cd410b03ffc46dd3a58,29.904147197081535,160.76245581,4807.464142306556,0,0.0,0.0,False,train
2025-12-07 15:20:00+00:00,uniswap_v2,0xbb2b8038a1640196fbe3e38816f3e67cba72d940,29.897436349357307,72.16938235,2157.679515181556,0,0.0,0.0,False,train
2025-12-07 15:21:00+00:00,sushiswap_v2,0xceff51756c56ceffca006cd410b03ffc46dd3a58,29.904147197081535,160.76245581,4807.464142306556,0,0.0,0.0,False,train
2025-12-07 15:21:00+00:00,uniswap_v2,0xbb2b8038a1640196fbe3e38816f3e67cba72d940,29.897436349357307,72.16938235,2157.679515181556,0,0.0,0.0,False,train
2025-12-07 15:22:00+00:00,sushiswap_v2,0xceff51756c56ceffca006cd410b03ffc46dd3a58,29.904147197081535,160.76245581,4807.464142306556,0,0.0,0.0,False,train
2025-12-07 15:22:00+00:00,uniswap_v2,0xbb2b8038a1640196fbe3e38816f3e67cba72d940,29.897436349357307,72.16938235,2157.679515181556,0,0.0,0.0,False,train
2025-12-07 15:23:00+00:00,sushiswap_v2,0xceff51756c56ceffca006cd410b03ffc46dd3a58,29.904147197081535,160.76245581,4807.464142306556,0,0.0,0.0,False,train
2025-12-07 15:23:00+00:00,uniswap_v2,0xbb2b8038a1640196fbe3e38816f3e67cba72d940,29.897436349357307,72.16938235,2157.679515181556,0,0.0,0.0,False,train
2025-12-07 15:24:00+00:00,sushiswap_v2,0xceff51756c56ceffca006cd410b03ffc46dd3a58,29.904147197081535,160.76245581,4807.464142306556,0,0.0,0.0,False,train
2025-12-07 15:24:00+00:00,uniswap_v2,0xbb2b8038a1640196fbe3e38816f3e67cba72d940,29.897436349357307,72.16938235,2157.679515181556,0,0.0,0.0,False,train
2025-12-07 15:25:00+00:00,sushiswap_v2,0xceff51756c56ceffca006cd410b03ffc46dd3a58,29.904147197081535,160.76245581,4807.464142306556,0,0.0,0.0,False,train
2025-12-07 15:25:00+00:00,uniswap_v2,0xbb2b8038a1640196fbe3e38816f3e67cba72d940,29.897436349357307,72.16938235,2157.679515181556,0,0.0,0.0,True,train
2025-12-07 15:26:00+00:00,sushiswap_v2,0xceff51756c56ceffca006cd410b03ffc46dd3a58,29.904147197081535,160.76245581,4807.464142306556,0,0.0,0.0,False,train
2025-12-07 15:26:00+00:00,uniswap_v2,0xbb2b8038a1640196fbe3e38816f3e67cba72d940,29.897436349357307,72.16938235,2157.679515181556,0,0.0,0.0,True,train
2025-12-07 15:27:00+00:00,sushiswap_v2,0xceff51756c56ceffca006cd410b03ffc46dd3a58,29.904147197081535,160.76245581,4807.464142306556,0,0.0,0.0,False,train
2025-12-07 15:27:00+00:00,uniswap_v2,0xbb2b8038a1640196fbe3e38816f3e67cba72d940,29.897436349357307,72.16938235,2157.679515181556,0,0.0,0.0,True,train
2025-12-07 15:28:00+00:00,sushiswap_v2,0xceff51756c56ceffca006cd410b03ffc46dd3a58,29.904147197081535,160.76245581,4807.464142306556,0,0.0,0.0,False,train
2025-12-07 15:28:00+00:00,uniswap_v2,0xbb2b8038a1640196fbe3e38816f3e67cba72d940,29.897436349357307,72.16938235,2157.679515181556,0,0.0,0.0,True,train
2025-12-07 15:29:00+00:00,sushiswap_v2,0xceff51756c56ceffca006cd410b03ffc46dd3a58,29.904147197081535,160.76245581,4807.464142306556,0,0.0,0.0,False,train
2025-12-07 15:29:00+00:00,uniswap_v2,0xbb2b8038a1640196fbe3e38816f3e67cba72d940,29.897436349357307,72.16938235,2157.679515181556,0,0.0,0.0,True,train
2025-12-07 15:30:00+00:00,sushiswap_v2,0xceff51756c56ceffca006cd410b03ffc46dd3a58,29.904147197081535,160.76245581,4807.464142306556,0,0.0,0.0,False,train
2025-12-07 15:30:00+00:00,uniswap_v2,0xbb2b8038a1640196fbe3e38816f3e67cba72d940,29.897436349357307,72.16938235,2157.679515181556,0,0.0,0.0,True,train
2025-12-07 15:31:00+00:00,sushiswap_v2,0xceff51756c56ceffca006cd410b03ffc46dd3a58,29.904147197081535,160.76245581,4807.464142306556,0,0.0,0.0,False,train
2025-12-07 15:31:00+00:00,uniswap_v2,0xbb2b8038a1640196fbe3e38816f3e67cba72d940,29.897436349357307,72.16938235,2157.679515181556,0,0.0,0.0,True,train
2025-12-07 15:32:00+00:00,sushiswap_v2,0xceff51756c56ceffca006cd410b03ffc46dd3a58,29.904147197081535,160.76245581,4807.464142306556,0,0.0,0.0,False,train
2025-12-07 15:32:00+00:00,uniswap_v2,0xbb2b8038a1640196fbe3e38816f3e67cba72d940,29.897436349357307,72.16938235,2157.679515181556,0,0.0,0.0,True,train
2025-12-07 15:33:00+00:00,sushiswap_v2,0xceff51756c56ceffca006cd410b03ffc46dd3a58,29.904147197081535,160.76245581,4807.464142306556,0,0.0,0.0,False,train
2025-12-07 15:33:00+00:00,uniswap_v2,0xbb2b8038a1640196fbe3e38816f3e67cba72d940,29.897436349357307,72.16938235,2157.679515181556,0,0.0,0.0,True,train
2025-12-07 15:34:00+00:00,sushiswap_v2,0xceff51756c56ceffca006cd410b03ffc46dd3a58,29.904147197081535,160.76245581,4807.464142306556,0,0.0,0.0,True,train
2025-12-07 15:34:00+00:00,uniswap_v2,0xbb2b8038a1640196fbe3e38816f3e67cba72d940,29.897436349357307,72.16938235,2157.679515181556,0,0.0,0.0,True,train
2025-12-07 15:35:00+00:00,sushiswap_v2,0xceff51756c56ceffca006cd410b03ffc46dd3a58,29.904147197081535,160.76245581,4807.464142306556,0,0.0,0.0,True,train
2025-12-07 15:35:00+00:00,uniswap_v2,0xbb2b8038a1640196fbe3e38816f3e67cba72d940,29.897436349357307,72.16938235,2157.679515181556,0,0.0,0.0,True,train
2025-12-07 15:36:00+00:00,sushiswap_v2,0xceff51756c56ceffca006cd410b03ffc46dd3a58,29.904147197081535,160.76245581,4807.464142306556,0,0.0,0.0,True,train
2025-12-07 15:36:00+00:00,uniswap_v2,0xbb2b8038a1640196fbe3e38816f3e67cba72d940,29.897436349357307,72.16938235,2157.679515181556,0,0.0,0.0,True,train
2025-12-07 15:37:00+00:00,sushiswap_v2,0xceff51756c56ceffca006cd410b03ffc46dd3a58,29.904147197081535,160.76245581,4807.464142306556,0,0.0,0.0,True,train
2025-12-07 15:37:00+00:00,uniswap_v2,0xbb2b8038a1640196fbe3e38816f3e67cba72d940,29.897436349357307,72.16938235,2157.679515181556,0,0.0,0.0,True,train
2025-12-07 15:38:00+00:00,sushiswap_v2,0xceff51756c56ceffca006cd410b03ffc46dd3a58,29.904147197081535,160.76245581,4807.464142306556,0,0.0,0.0,True,train
2025-12-07 15:38:00+00:00,uniswap_v2,0xbb2b8038a1640196fbe3e38816f3e67cba72d940,29.897436349357307,72.16938235,2157.679515181556,0,0.0,0.0,True,train
2025-12-07 15:39:00+00:00,sushiswap_v2,0xceff51756c56ceffca006cd410b03ffc46dd3a58,29.904147197081535,160.76245581,4807.464142306556,0,0.0,0.0,True,train
2025-12-07 15:39:00+00:00,uniswap_v2,0xbb2b8038a1640196fbe3e38816f3e67cba72d940,29.897436349357307,72.16938235,2157.679515181556,0,0.0,0.0,True,train
2025-12-07 15:40:00+00:00,sushiswap_v2,0xceff51756c56ceffca006cd410b03ffc46dd3a58,29.904147197081535,160.76245581,4807.464142306556,0,0.0,0.0,True,train
2025-12-07 15:40:00+00:00,uniswap_v2,0xbb2b8038a1640196fbe3e38816f3e67cba72d940,29.897436349357307,72.16938235,2157.679515181556,0,0.0,0.0,True,train
2025-12-07 15:41:00+00:00,sushiswap_v2,0xceff51756c56ceffca006cd410b03ffc46dd3a58,29.904147197081535,160.76245581,4807.464142306556,0,0.0,0.0,True,train
2025-12-07 15:41:00+00:00,uniswap_v2,0xbb2b8038a1640196fbe3e38816f3e67cba72d940,29.897436349357307,72.16938235,2157.679515181556,0,0.0,0.0,True,train
2025-12-07 15:42:00+00:00,sushiswap_v2,0xceff51756c56ceffca006cd410b03ffc46dd3a58,29.89642500531431,160.78324803,4806.844316839745,1,0.02079222,0.6198254668106422,False,train
2025-12-07 15:42:00+00:00,uniswap_v2,0xbb2b8038a1640196fbe3e38816f3e67cba72d940,29.897436349357307,72.16938235,2157.679515181556,0,0.0,0.0,True,train
2025-12-07 15:43:00+00:00,sushiswap_v2,0xceff51756c56ceffca006cd410b03ffc46dd3a58,29.89642500531431,160.78324803,4806.844316839745,0,0.0,0.0,False,train
2025-12-07 15:43:00+00:00,uniswap_v2,0xbb2b8038a1640196fbe3e38816f3e67cba72d940,29.897436349357307,72.16938235,2157.679515181556,0,0.0,0.0,True,train
2025-12-07 15:44:00+00:00,sushiswap_v2,0xceff51756c56ceffca006cd410b03ffc46dd3a58,29.89642500531431,160.78324803,4806.844316839745,0,0.0,0.0,False,train
2025-12-07 15:44:00+00:00,uniswap_v2,0xbb2b8038a1640196fbe3e38816f3e67cba72d940,29.897436349357307,72.16938235,2157.679515181556,0,0.0,0.0,True,train
2025-12-07 15:45:00+00:00,sushiswap_v2,0xceff51756c56ceffca006cd410b03ffc46dd3a58,29.89642500531431,160.78324803,4806.844316839745,0,0.0,0.0,False,train
2025-12-07 15:45:00+00:00,uniswap_v2,0xbb2b8038a1640196fbe3e38816f3e67cba72d940,29.897436349357307,72.16938235,2157.679515181556,0,0.0,0.0,True,train
2025-12-07 15:46:00+00:00,sushiswap_v2,0xceff51756c56ceffca006cd410b03ffc46dd3a58,29.89642500531431,160.78324803,4806.844316839745,0,0.0,0.0,False,train
2025-12-07 15:46:00+00:00,uniswap_v2,0xbb2b8038a1640196fbe3e38816f3e67cba72d940,29.897436349357307,72.16938235,2157.679515181556,0,0.0,0.0,True,train
2025-12-07 15:47:00+00:00,sushiswap_v2,0xceff51756c56ceffca006cd410b03ffc46dd3a58,29.89642500531431,160.78324803,4806.844316839745,0,0.0,0.0,False,train
2025-12-07 15:47:00+00:00,uniswap_v2,0xbb2b8038a1640196fbe3e38816f3e67cba72d940,29.897436349357307,72.16938235,2157.679515181556,0,0.0,0.0,True,train
2025-12-07 15:48:00+00:00,sushiswap_v2,0xceff51756c56ceffca006cd410b03ffc46dd3a58,29.89642500531431,160.78324803,4806.844316839745,0,0.0,0.0,False,train
2025-12-07 15:48:00+00:00,uniswap_v2,0xbb2b8038a1640196fbe3e38816f3e67cba72d940,29.897436349357307,72.16938235,2157.679515181556,0,0.0,0.0,True,train
2025-12-07 15:49:00+00:00,sushiswap_v2,0xceff51756c56ceffca006cd410b03ffc46dd3a58,29.89642500531431,160.78324803,4806.844316839745,0,0.0,0.0,False,train
2025-12-07 15:49:00+00:00,uniswap_v2,0xbb2b8038a1640196fbe3e38816f3e67cba72d940,29.897436349357307,72.16938235,2157.679515181556,0,0.0,0.0,True,train
2025-12-07 15:50:00+00:00,sushiswap_v2,0xceff51756c56ceffca006cd410b03ffc46dd3a58,29.89642500531431,160.78324803,4806.844316839745,0,0.0,0.0,False,train
2025-12-07 15:50:00+00:00,uniswap_v2,0xbb2b8038a1640196fbe3e38816f3e67cba72d940,29.897436349357307,72.16938235,2157.679515181556,0,0.0,0.0,True,train
2025-12-07 15:51:00+00:00,sushiswap_v2,0xceff51756c56ceffca006cd410b03ffc46dd3a58,29.89642500531431,160.78324803,4806.844316839745,0,0.0,0.0,False,train
2025-12-07 15:51:00+00:00,uniswap_v2,0xbb2b8038a1640196fbe3e38816f3e67cba72d940,29.897436349357307,72.16938235,2157.679515181556,0,0.0,0.0,True,train
2025-12-07 15:52:00+00:00,sushiswap_v2,0xceff51756c56ceffca006cd410b03ffc46dd3a58,29.89642500531431,160.78324803,4806.844316839745,0,0.0,0.0,False,train
2025-12-07 15:52:00+00:00,uniswap_v2,0xbb2b8038a1640196fbe3e38816f3e67cba72d940,29.897436349357307,72.16938235,2157.679515181556,0,0.0,0.0,True,train
2025-12-07 15:53:00+00:00,sushiswap_v2,0xceff51756c56ceffca006cd410b03ffc46dd3a58,29.87132098352608,160.85089704,4804.828775969945,1,0.06764901,2.0155408698002932,False,train
2025-12-07 15:53:00+00:00,uniswap_v2,0xbb2b8038a1640196fbe3e38816f3e67cba72d940,29.871210012437796,72.20110471,2156.7343619224216,1,0.03172236,0.9451532591342169,False,train
2025-12-07 15:54:00+00:00,sushiswap_v2,0xceff51756c56ceffca006cd410b03ffc46dd3a58,29.797409445740847,161.05056592,4798.889654186517,4,0.19966888,5.939121783428341,False,train
2025-12-07 15:54:00+00:00,uniswap_v2,0xbb2b8038a1640196fbe3e38816f3e67cba72d940,29.797393647514095,72.29061475,2154.071904726539,4,0.08951004,2.6624571958827974,False,train
2025-12-07 15:55:00+00:00,sushiswap_v2,0xceff51756c56ceffca006cd410b03ffc46dd3a58,29.597723012531663,161.59374747,4782.80697817405,2,0.54318155,16.08267601246707,False,train
2025-12-07 15:55:00+00:00,uniswap_v2,0xbb2b8038a1640196fbe3e38816f3e67cba72d940,29.596343323711547,72.53610606,2146.8034983169136,2,0.24549131000000002,7.268406409625257,False,train
2025-12-07 15:56:00+00:00,sushiswap_v2,0xceff51756c56ceffca006cd410b03ffc46dd3a58,29.597723012531663,161.59374747,4782.80697817405,0,0.0,0.0,False,train
2025-12-07 15:56:00+00:00,uniswap_v2,0xbb2b8038a1640196fbe3e38816f3e67cba72d940,29.596323010249886,72.53613099,2146.802762693837,1,2.493e-05,0.000735623076474467,False,train
2025-12-07 15:57:00+00:00,sushiswap_v2,0xceff51756c56ceffca006cd410b03ffc46dd3a58,29.597723012531663,161.59374747,4782.80697817405,0,0.0,0.0,False,train
2025-12-07 15:57:00+00:00,uniswap_v2,0xbb2b8038a1640196fbe3e38816f3e67cba72d940,29.596323010249886,72.53613099,2146.802762693837,0,0.0,0.0,False,train
2025-12-07 15:58:00+00:00,sushiswap_v2,0xceff51756c56ceffca006cd410b03ffc46dd3a58,29.597723012531663,161.59374747,4782.80697817405,0,0.0,0.0,False,train
2025-12-07 15:58:00+00:00,uniswap_v2,0xbb2b8038a1640196fbe3e38816f3e67cba72d940,29.596323010249886,72.53613099,2146.802762693837,0,0.0,0.0,False,train
2025-12-07 15:59:00+00:00,sushiswap_v2,0xceff51756c56ceffca006cd410b03ffc46dd3a58,29.597723012531663,161.59374747,4782.80697817405,0,0.0,0.0,False,train
2025-12-07 15:59:00+00:00,uniswap_v2,0xbb2b8038a1640196fbe3e38816f3e67cba72d940,29.596323010249886,72.53613099,2146.802762693837,0,0.0,0.0,False,train
2025-12-07 16:00:00+00:00,sushiswap_v2,0xceff51756c56ceffca006cd410b03ffc46dd3a58,29.597723012531663,161.59374747,4782.80697817405,0,0.0,0.0,False,train
2025-12-07 16:00:00+00:00,uniswap_v2,0xbb2b8038a1640196fbe3e38816f3e67cba72d940,29.596323010249886,72.53613099,2146.802762693837,0,0.0,0.0,False,train
2025-12-07 16:01:00+00:00,sushiswap_v2,0xceff51756c56ceffca006cd410b03ffc46dd3a58,29.597723012531663,161.59374747,4782.80697817405,0,0.0,0.0,False,train
2025-12-07 16:01:00+00:00,uniswap_v2,0xbb2b8038a1640196fbe3e38816f3e67cba72d940,29.596323010249886,72.53613099,2146.802762693837,0,0.0,0.0,False,train
2025-12-07 16:02:00+00:00,sushiswap_v2,0xceff51756c56ceffca006cd410b03ffc46dd3a58,29.597723012531663,161.59374747,4782.80697817405,0,0.0,0.0,False,train
2025-12-07 16:02:00+00:00,uniswap_v2,0xbb2b8038a1640196fbe3e38816f3e67cba72d940,29.596323010249886,72.53613099,2146.802762693837,0,0.0,0.0,False,train
2025-12-07 16:03:00+00:00,sushiswap_v2,0xceff51756c56ceffca006cd410b03ffc46dd3a58,29.597723012531663,161.59374747,4782.80697817405,0,0.0,0.0,False,train
2025-12-07 16:03:00+00:00,uniswap_v2,0xbb2b8038a1640196fbe3e38816f3e67cba72d940,29.596323010249886,72.53613099,2146.802762693837,0,0.0,0.0,False,train
2025-12-07 16:04:00+00:00,sushiswap_v2,0xceff51756c56ceffca006cd410b03ffc46dd3a58,29.597723012531663,161.59374747,4782.80697817405,0,0.0,0.0,False,train
2025-12-07 16:04:00+00:00,uniswap_v2,0xbb2b8038a1640196fbe3e38816f3e67cba72d940,29.596255486269964,72.53621386,2146.8003174072765,1,8.287e-05,0.002445286560722176,False,train
2025-12-07 16:05:00+00:00,sushiswap_v2,0xceff51756c56ceffca006cd410b03ffc46dd3a58,29.597723012531663,161.59374747,4782.80697817405,0,0.0,0.0,False,train
2025-12-07 16:05:00+00:00,uniswap_v2,0xbb2b8038a1640196fbe3e38816f3e67cba72d940,29.596255486269964,72.53621386,2146.8003174072765,0,0.0,0.0,False,train
2025-12-07 16:06:00+00:00,sushiswap_v2,0xceff51756c56ceffca006cd410b03ffc46dd3a58,29.597723012531663,161.59374747,4782.80697817405,0,0.0,0.0,False,train
2025-12-07 16:06:00+00:00,uniswap_v2,0xbb2b8038a1640196fbe3e38816f3e67cba72d940,29.596255486269964,72.53621386,2146.8003174072765,0,0.0,0.0,False,train
2025-12-07 16:07:00+00:00,sushiswap_v2,0xceff51756c56ceffca006cd410b03ffc46dd3a58,29.614197710046874,161.54886056,4784.139896456634,1,0.04488691,1.3329182825842798,False,train
2025-12-07 16:07:00+00:00,uniswap_v2,0xbb2b8038a1640196fbe3e38816f3e67cba72d940,29.614199885284446,72.51426728,2147.4520057648615,1,0.02194658,0.6516883575851886,False,train
2025-12-07 16:08:00+00:00,sushiswap_v2,0xceff51756c56ceffca006cd410b03ffc46dd3a58,29.6298816100903,161.50616303,4785.408489878843,1,0.04269753,1.2685934222090387,False,train
2025-12-07 16:08:00+00:00,uniswap_v2,0xbb2b8038a1640196fbe3e38816f3e67cba72d940,29.62988160532283,72.49510435,2148.021358856024,1,0.01916293,0.5693530911625243,False,train
2025-12-07 16:09:00+00:00,sushiswap_v2,0xceff51756c56ceffca006cd410b03ffc46dd3a58,29.6298816100903,161.50616303,4785.408489878843,0,0.0,0.0,False,train
2025-12-07 16:09:00+00:00,uniswap_v2,0xbb2b8038a1640196fbe3e38816f3e67cba72d940,29.62988160532283,72.49510435,2148.021358856024,0,0.0,0.0,False,train
2025-12-07 16:10:00+00:00,sushiswap_v2,0xceff51756c56ceffca006cd410b03ffc46dd3a58,29.6298816100903,161.50616303,4785.408489878843,0,0.0,0.0,False,train
2025-12-07 16:10:00+00:00,uniswap_v2,0xbb2b8038a1640196fbe3e38816f3e67cba72d940,29.62988160532283,72.49510435,2148.021358856024,0,0.0,0.0,False,train
2025-12-07 16:11:00+00:00,sushiswap_v2,0xceff51756c56ceffca006cd410b03ffc46dd3a58,29.6298816100903,161.50616303,4785.408489878843,0,0.0,0.0,False,train
2025-12-07 16:11:00+00:00,uniswap_v2,0xbb2b8038a1640196fbe3e38816f3e67cba72d940,29.62988160532283,72.49510435,2148.021358856024,0,0.0,0.0,False,train
2025-12-07 16:12:00+00:00,sushiswap_v2,0xceff51756c56ceffca006cd410b03ffc46dd3a58,29.6298816100903,161.50616303,4785.408489878843,0,0.0,0.0,False,train
2025-12-07 16:12:00+00:00,uniswap_v2,0xbb2b8038a1640196fbe3e38816f3e67cba72d940,29.62988160532283,72.49510435,2148.021358856024,0,0.0,0.0,False,train
2025-12-07 16:13:00+00:00,sushiswap_v2,0xceff51756c56ceffca006cd410b03ffc46dd3a58,29.6298816100903,161.50616303,4785.408489878843,0,0.0,0.0,False,train
2025-12-07 16:13:00+00:00,uniswap_v2,0xbb2b8038a1640196fbe3e38816f3e67cba72d940,29.62988160532283,72.49510435,2148.021358856024,0,0.0,0.0,False,train
2025-12-07 16:14:00+00:00,sushiswap_v2,0xceff51756c56ceffca006cd410b03ffc46dd3a58,29.6298816100903,161.50616303,4785.408489878843,0,0.0,0.0,False,train
2025-12-07 16:14:00+00:00,uniswap_v2,0xbb2b8038a1640196fbe3e38816f3e67cba72d940,29.62988160532283,72.49510435,2148.021358856024,0,0.0,0.0,False,train
2025-12-07 16:15:00+00:00,sushiswap_v2,0xceff51756c56ceffca006cd410b03ffc46dd3a58,29.6298816100903,161.50616303,4785.408489878843,0,0.0,0.0,False,train
2025-12-07 16:15:00+00:00,uniswap_v2,0xbb2b8038a1640196fbe3e38816f3e67cba72d940,29.62988160532283,72.49510435,2148.021358856024,0,0.0,0.0,False,train
2025-12-07 16:16:00+00:00,sushiswap_v2,0xceff51756c56ceffca006cd410b03ffc46dd3a58,29.6298816100903,161.50616303,4785.408489878843,0,0.0,0.0,False,train
2025-12-07 16:16:00+00:00,uniswap_v2,0xbb2b8038a1640196fbe3e38816f3e67cba72d940,29.62988160532283,72.49510435,2148.021358856024,0,0.0,0.0,False,train
2025-12-07 16:17:00+00:00,sushiswap_v2,0xceff51756c56ceffca006cd410b03ffc46dd3a58,29.6298816100903,161.50616303,4785.408489878843,0,0.0,0.0,False,train
2025-12-07 16:17:00+00:00,uniswap_v2,0xbb2b8038a1640196fbe3e38816f3e67cba72d940,29.62988160532283,72.49510435,2148.021358856024,0,0.0,0.0,False,train
2025-12-07 16:18:00+00:00,sushiswap_v2,0xceff51756c56ceffca006cd410b03ffc46dd3a58,29.6298816100903,161.50616303,4785.408489878843,0,0.0,0.0,False,train
2025-12-07 16:18:00+00:00,uniswap_v2,0xbb2b8038a1640196fbe3e38816f3e67cba72d940,29.62988160532283,72.49510435,2148.021358856024,0,0.0,0.0,False,train
2025-12-07 16:19:00+00:00,sushiswap_v2,0xceff51756c56ceffca006cd410b03ffc46dd3a58,29.608606502390636,161.56426447,4783.692731540403,2,0.05810144,1.7157583384400588,False,train
2025-12-07 16:19:00+00:00,uniswap_v2,0xbb2b8038a1640196fbe3e38816f3e67cba72d940,29.62988160532283,72.49510435,2148.021358856024,0,0.0,0.0,False,train
2025-12-07 16:20:00+00:00,sushiswap_v2,0xceff51756c56ceffca006cd410b03ffc46dd3a58,29.608606502390636,161.56426447,4783.692731540403,0,0.0,0.0,False,train
2025-12-07 16:20:00+00:00,uniswap_v2,0xbb2b8038a1640196fbe3e38816f3e67cba72d940,29.62988160532283,72.49510435,2148.021358856024,0,0.0,0.0,False,train
2025-12-07 16:21:00+00:00,sushiswap_v2,0xceff51756c56ceffca006cd410b03ffc46dd3a58,29.608606502390636,161.56426447,4783.692731540403,0,0.0,0.0,False,train
2025-12-07 16:21:00+00:00,uniswap_v2,0xbb2b8038a1640196fbe3e38816f3e67cba72d940,29.62988160532283,72.49510435,2148.021358856024,0,0.0,0.0,False,train
2025-12-07 16:22:00+00:00,sushiswap_v2,0xceff51756c56ceffca006cd410b03ffc46dd3a58,29.608606502390636,161.56426447,4783.692731540403,0,0.0,0.0,False,train
2025-12-07 16:22:00+00:00,uniswap_v2,0xbb2b8038a1640196fbe3e38816f3e67cba72d940,29.62988160532283,72.49510435,2148.021358856024,0,0.0,0.0,False,train
2025-12-07 16:23:00+00:00,sushiswap_v2,0xceff51756c56ceffca006cd410b03ffc46dd3a58,29.608606502390636,161.56426447,4783.692731540403,0,0.0,0.0,False,train
2025-12-07 16:23:00+00:00,uniswap_v2,0xbb2b8038a1640196fbe3e38816f3e67cba72d940,29.621789512287524,72.50502067,2147.728460870796,1,0.00991632,0.2928979852282809,False,train
2025-12-07 16:24:00+00:00,sushiswap_v2,0xceff51756c56ceffca006cd410b03ffc46dd3a58,29.608606502390636,161.56426447,4783.692731540403,0,0.0,0.0,False,train
2025-12-07 16:24:00+00:00,uniswap_v2,0xbb2b8038a1640196fbe3e38816f3e67cba72d940,29.621789512287524,72.50502067,2147.728460870796,0,0.0,0.0,False,train
2025-12-07 16:25:00+00:00,sushiswap_v2,0xceff51756c56ceffca006cd410b03ffc46dd3a58,29.608606502390636,161.56426447,4783.692731540403,0,0.0,0.0,False,train
2025-12-07 16:25:00+00:00,uniswap_v2,0xbb2b8038a1640196fbe3e38816f3e67cba72d940,29.621789512287524,72.50502067,2147.728460870796,0,0.0,0.0,False,train
2025-12-07 16:26:00+00:00,sushiswap_v2,0xceff51756c56ceffca006cd410b03ffc46dd3a58,29.608606502390636,161.56426447,4783.692731540403,0,0.0,0.0,False,train
2025-12-07 16:26:00+00:00,uniswap_v2,0xbb2b8038a1640196fbe3e38816f3e67cba72d940,29.621789512287524,72.50502067,2147.728460870796,0,0.0,0.0,False,train
2025-12-07 16:27:00+00:00,sushiswap_v2,0xceff51756c56ceffca006cd410b03ffc46dd3a58,29.608606502390636,161.56426447,4783.692731540403,0,0.0,0.0,False,train
2025-12-07 16:27:00+00:00,uniswap_v2,0xbb2b8038a1640196fbe3e38816f3e67cba72d940,29.621789512287524,72.50502067,2147.728460870796,0,0.0,0.0,False,train
2025-12-07 16:28:00+00:00,sushiswap_v2,0xceff51756c56ceffca006cd410b03ffc46dd3a58,29.608606502390636,161.56426447,4783.692731540403,0,0.0,0.0,False,train
2025-12-07 16:28:00+00:00,uniswap_v2,0xbb2b8038a1640196fbe3e38816f3e67cba72d940,29.621789512287524,72.50502067,2147.728460870796,0,0.0,0.0,False,train
2025-12-07 16:29:00+00:00,sushiswap_v2,0xceff51756c56ceffca006cd410b03ffc46dd3a58,29.608606502390636,161.56426447,4783.692731540403,0,0.0,0.0,False,train
2025-12-07 16:29:00+00:00,uniswap_v2,0xbb2b8038a1640196fbe3e38816f3e67cba72d940,29.621789512287524,72.50502067,2147.728460870796,0,0.0,0.0,False,train
2025-12-07 16:30:00+00:00,sushiswap_v2,0xceff51756c56ceffca006cd410b03ffc46dd3a58,29.608606502390636,161.56426447,4783.692731540403,0,0.0,0.0,False,train
2025-12-07 16:30:00+00:00,uniswap_v2,0xbb2b8038a1640196fbe3e38816f3e67cba72d940,29.621789512287524,72.50502067,2147.728460870796,0,0.0,0.0,False,train
2025-12-07 16:31:00+00:00,sushiswap_v2,0xceff51756c56ceffca006cd410b03ffc46dd3a58,29.608606502390636,161.56426447,4783.692731540403,0,0.0,0.0,False,train
2025-12-07 16:31:00+00:00,uniswap_v2,0xbb2b8038a1640196fbe3e38816f3e67cba72d940,29.621789512287524,72.50502067,2147.728460870796,0,0.0,0.0,False,train
2025-12-07 16:32:00+00:00,sushiswap_v2,0xceff51756c56ceffca006cd410b03ffc46dd3a58,29.608606502390636,161.56426447,4783.692731540403,0,0.0,0.0,False,train
2025-12-07 16:32:00+00:00,uniswap_v2,0xbb2b8038a1640196fbe3e38816f3e67cba72d940,29.621789512287524,72.50502067,2147.728460870796,0,0.0,0.0,False,train
2025-12-07 16:33:00+00:00,sushiswap_v2,0xceff51756c56ceffca006cd410b03ffc46dd3a58,29.608606502390636,161.56426447,4783.692731540403,0,0.0,0.0,False,train
2025-12-07 16:33:00+00:00,uniswap_v2,0xbb2b8038a1640196fbe3e38816f3e67cba72d940,29.621789512287524,72.50502067,2147.728460870796,0,0.0,0.0,False,train
2025-12-07 16:34:00+00:00,sushiswap_v2,0xceff51756c56ceffca006cd410b03ffc46dd3a58,29.608606502390636,161.56426447,4783.692731540403,0,0.0,0.0,False,train
2025-12-07 16:34:00+00:00,uniswap_v2,0xbb2b8038a1640196fbe3e38816f3e67cba72d940,29.621789512287524,72.50502067,2147.728460870796,0,0.0,0.0,False,train
2025-12-07 16:35:00+00:00,sushiswap_v2,0xceff51756c56ceffca006cd410b03ffc46dd3a58,29.608606502390636,161.56426447,4783.692731540403,0,0.0,0.0,True,train
2025-12-07 16:35:00+00:00,uniswap_v2,0xbb2b8038a1640196fbe3e38816f3e67cba72d940,29.621789512287524,72.50502067,2147.728460870796,0,0.0,0.0,False,train
2025-12-07 16:36:00+00:00,sushiswap_v2,0xceff51756c56ceffca006cd410b03ffc46dd3a58,29.608606502390636,161.56426447,4783.692731540403,0,0.0,0.0,True,train
2025-12-07 16:36:00+00:00,uniswap_v2,0xbb2b8038a1640196fbe3e38816f3e67cba72d940,29.621789512287524,72.50502067,2147.728460870796,0,0.0,0.0,False,train
2025-12-07 16:37:00+00:00,sushiswap_v2,0xceff51756c56ceffca006cd410b03ffc46dd3a58,29.608606502390636,161.56426447,4783.692731540403,0,0.0,0.0,True,train
2025-12-07 16:37:00+00:00,uniswap_v2,0xbb2b8038a1640196fbe3e38816f3e67cba72d940,29.621789512287524,72.50502067,2147.728460870796,0,0.0,0.0,False,train
2025-12-07 16:38:00+00:00,sushiswap_v2,0xceff51756c56ceffca006cd410b03ffc46dd3a58,29.608606502390636,161.56426447,4783.692731540403,0,0.0,0.0,True,train
2025-12-07 16:38:00+00:00,uniswap_v2,0xbb2b8038a1640196fbe3e38816f3e67cba72d940,29.621789512287524,72.50502067,2147.728460870796,0,0.0,0.0,False,train
2025-12-07 16:39:00+00:00,sushiswap_v2,0xceff51756c56ceffca006cd410b03ffc46dd3a58,29.608606502390636,161.56426447,4783.692731540403,0,0.0,0.0,True,train
2025-12-07 16:39:00+00:00,uniswap_v2,0xbb2b8038a1640196fbe3e38816f3e67cba72d940,29.621789512287524,72.50502067,2147.728460870796,0,0.0,0.0,True,train
2025-12-07 16:40:00+00:00,sushiswap_v2,0xceff51756c56ceffca006cd410b03ffc46dd3a58,29.608606502390636,161.56426447,4783.692731540403,0,0.0,0.0,True,train
2025-12-07 16:40:00+00:00,uniswap_v2,0xbb2b8038a1640196fbe3e38816f3e67cba72d940,29.621789512287524,72.50502067,2147.728460870796,0,0.0,0.0,True,train
2025-12-07 16:41:00+00:00,sushiswap_v2,0xceff51756c56ceffca006cd410b03ffc46dd3a58,29.608606502390636,161.56426447,4783.692731540403,0,0.0,0.0,True,train
2025-12-07 16:41:00+00:00,uniswap_v2,0xbb2b8038a1640196fbe3e38816f3e67cba72d940,29.621789512287524,72.50502067,2147.728460870796,0,0.0,0.0,True,train
2025-12-07 16:42:00+00:00,sushiswap_v2,0xceff51756c56ceffca006cd410b03ffc46dd3a58,29.608606502390636,161.56426447,4783.692731540403,0,0.0,0.0,True,train
2025-12-07 16:42:00+00:00,uniswap_v2,0xbb2b8038a1640196fbe3e38816f3e67cba72d940,29.621789512287524,72.50502067,2147.728460870796,0,0.0,0.0,True,train
2025-12-07 16:43:00+00:00,sushiswap_v2,0xceff51756c56ceffca006cd410b03ffc46dd3a58,29.608606502390636,161.56426447,4783.692731540403,0,0.0,0.0,True,train
2025-12-07 16:43:00+00:00,uniswap_v2,0xbb2b8038a1640196fbe3e38816f3e67cba72d940,29.621789512287524,72.50502067,2147.728460870796,0,0.0,0.0,True,train
2025-12-07 16:44:00+00:00,sushiswap_v2,0xceff51756c56ceffca006cd410b03ffc46dd3a58,29.608606502390636,161.56426447,4783.692731540403,0,0.0,0.0,True,train
2025-12-07 16:44:00+00:00,uniswap_v2,0xbb2b8038a1640196fbe3e38816f3e67cba72d940,29.621789512287524,72.50502067,2147.728460870796,0,0.0,0.0,True,train
2025-12-07 16:45:00+00:00,sushiswap_v2,0xceff51756c56ceffca006cd410b03ffc46dd3a58,29.608606502390636,161.56426447,4783.692731540403,0,0.0,0.0,True,train
2025-12-07 16:45:00+00:00,uniswap_v2,0xbb2b8038a1640196fbe3e38816f3e67cba72d940,29.621789512287524,72.50502067,2147.728460870796,0,0.0,0.0,True,train
2025-12-07 16:46:00+00:00,sushiswap_v2,0xceff51756c56ceffca006cd410b03ffc46dd3a58,29.608606502390636,161.56426447,4783.692731540403,0,0.0,0.0,True,train
2025-12-07 16:46:00+00:00,uniswap_v2,0xbb2b8038a1640196fbe3e38816f3e67cba72d940,29.621789512287524,72.50502067,2147.728460870796,0,0.0,0.0,True,train
2025-12-07 16:47:00+00:00,sushiswap_v2,0xceff51756c56ceffca006cd410b03ffc46dd3a58,29.608606502390636,161.56426447,4783.692731540403,0,0.0,0.0,True,train
2025-12-07 16:47:00+00:00,uniswap_v2,0xbb2b8038a1640196fbe3e38816f3e67cba72d940,29.621789512287524,72.50502067,2147.728460870796,0,0.0,0.0,True,train
2025-12-07 16:48:00+00:00,sushiswap_v2,0xceff51756c56ceffca006cd410b03ffc46dd3a58,29.608606502390636,161.56426447,4783.692731540403,0,0.0,0.0,True,train
2025-12-07 16:48:00+00:00,uniswap_v2,0xbb2b8038a1640196fbe3e38816f3e67cba72d940,29.621789512287524,72.50502067,2147.728460870796,0,0.0,0.0,True,train
2025-12-07 16:49:00+00:00,sushiswap_v2,0xceff51756c56ceffca006cd410b03ffc46dd3a58,29.608606502390636,161.56426447,4783.692731540403,0,0.0,0.0,True,train
2025-12-07 16:49:00+00:00,uniswap_v2,0xbb2b8038a1640196fbe3e38816f3e67cba72d940,29.621789512287524,72.50502067,2147.728460870796,0,0.0,0.0,True,train
2025-12-07 16:50:00+00:00,sushiswap_v2,0xceff51756c56ceffca006cd410b03ffc46dd3a58,29.608606502390636,161.56426447,4783.692731540403,0,0.0,0.0,True,train
2025-12-07 16:50:00+00:00,uniswap_v2,0xbb2b8038a1640196fbe3e38816f3e67cba72d940,29.621789512287524,72.50502067,2147.728460870796,0,0.0,0.0,True,train
2025-12-07 16:51:00+00:00,sushiswap_v2,0xceff51756c56ceffca006cd410b03ffc46dd3a58,29.608606502390636,161.56426447,4783.692731540403,0,0.0,0.0,True,train
2025-12-07 16:51:00+00:00,uniswap_v2,0xbb2b8038a1640196fbe3e38816f3e67cba72d940,29.621789512287524,72.50502067,2147.728460870796,0,0.0,0.0,True,train
2025-12-07 16:52:00+00:00,sushiswap_v2,0xceff51756c56ceffca006cd410b03ffc46dd3a58,29.608606502390636,161.56426447,4783.692731540403,0,0.0,0.0,True,train
2025-12-07 16:52:00+00:00,uniswap_v2,0xbb2b8038a1640196fbe3e38816f3e67cba72d940,29.621789512287524,72.50502067,2147.728460870796,0,0.0,0.0,True,train
2025-12-07 16:53:00+00:00,sushiswap_v2,0xceff51756c56ceffca006cd410b03ffc46dd3a58,29.608606502390636,161.56426447,4783.692731540403,0,0.0,0.0,True,train
2025-12-07 16:53:00+00:00,uniswap_v2,0xbb2b8038a1640196fbe3e38816f3e67cba72d940,29.621789512287524,72.50502067,2147.728460870796,0,0.0,0.0,True,train
2025-12-07 16:54:00+00:00,sushiswap_v2,0xceff51756c56ceffca006cd410b03ffc46dd3a58,29.608606502390636,161.56426447,4783.692731540403,0,0.0,0.0,True,train
2025-12-07 16:54:00+00:00,uniswap_v2,0xbb2b8038a1640196fbe3e38816f3e67cba72d940,29.621789512287524,72.50502067,2147.728460870796,0,0.0,0.0,True,train
2025-12-07 16:55:00+00:00,sushiswap_v2,0xceff51756c56ceffca006cd410b03ffc46dd3a58,29.608606502390636,161.56426447,4783.692731540403,0,0.0,0.0,True,train
2025-12-07 16:55:00+00:00,uniswap_v2,0xbb2b8038a1640196fbe3e38816f3e67cba72d940,29.621789512287524,72.50502067,2147.728460870796,0,0.0,0.0,True,train
2025-12-07 16:56:00+00:00,sushiswap_v2,0xceff51756c56ceffca006cd410b03ffc46dd3a58,29.608606502390636,161.56426447,4783.692731540403,0,0.0,0.0,True,train
2025-12-07 16:56:00+00:00,uniswap_v2,0xbb2b8038a1640196fbe3e38816f3e67cba72d940,29.621789512287524,72.50502067,2147.728460870796,0,0.0,0.0,True,train
2025-12-07 16:57:00+00:00,sushiswap_v2,0xceff51756c56ceffca006cd410b03ffc46dd3a58,29.608606502390636,161.56426447,4783.692731540403,0,0.0,0.0,True,train
2025-12-07 16:57:00+00:00,uniswap_v2,0xbb2b8038a1640196fbe3e38816f3e67cba72d940,29.621789512287524,72.50502067,2147.728460870796,0,0.0,0.0,True,train
2025-12-07 16:58:00+00:00,sushiswap_v2,0xceff51756c56ceffca006cd410b03ffc46dd3a58,29.608606502390636,161.56426447,4783.692731540403,0,0.0,0.0,True,train
2025-12-07 16:58:00+00:00,uniswap_v2,0xbb2b8038a1640196fbe3e38816f3e67cba72d940,29.621789512287524,72.50502067,2147.728460870796,0,0.0,0.0,True,train
2025-12-07 16:59:00+00:00,sushiswap_v2,0xceff51756c56ceffca006cd410b03ffc46dd3a58,29.608606502390636,161.56426447,4783.692731540403,0,0.0,0.0,True,train
2025-12-07 16:59:00+00:00,uniswap_v2,0xbb2b8038a1640196fbe3e38816f3e67cba72d940,29.612716774502374,72.51614354,2147.40002022918,1,0.01112287,0.32844064161574316,False,train
2025-12-07 17:00:00+00:00,sushiswap_v2,0xceff51756c56ceffca006cd410b03ffc46dd3a58,29.593858403454465,161.6045777,4782.502989803855,1,0.04031323,1.1897417365480085,False,train
2025-12-07 17:00:00+00:00,uniswap_v2,0xbb2b8038a1640196fbe3e38816f3e67cba72d940,29.588045257833972,72.54641586,2146.506635759324,2,0.03027232,0.893384469855911,False,train
2025-12-07 17:01:00+00:00,sushiswap_v2,0xceff51756c56ceffca006cd410b03ffc46dd3a58,29.593858403454465,161.6045777,4782.502989803855,0,0.0,0.0,False,train
2025-12-07 17:01:00+00:00,uniswap_v2,0xbb2b8038a1640196fbe3e38816f3e67cba72d940,29.588045257833972,72.54641586,2146.506635759324,0,0.0,0.0,False,train
2025-12-07 17:02:00+00:00,sushiswap_v2,0xceff51756c56ceffca006cd410b03ffc46dd3a58,29.593858403454465,161.6045777,4782.502989803855,0,0.0,0.0,False,train
2025-12-07 17:02:00+00:00,uniswap_v2,0xbb2b8038a1640196fbe3e38816f3e67cba72d940,29.588045257833972,72.54641586,2146.506635759324,0,0.0,0.0,False,train
2025-12-07 17:03:00+00:00,sushiswap_v2,0xceff51756c56ceffca006cd410b03ffc46dd3a58,29.593858403454465,161.6045777,4782.502989803855,0,0.0,0.0,False,train
2025-12-07 17:03:00+00:00,uniswap_v2,0xbb2b8038a1640196fbe3e38816f3e67cba72d940,29.588045257833972,72.54641586,2146.506635759324,0,0.0,0.0,False,train
2025-12-07 17:04:00+00:00,sushiswap_v2,0xceff51756c56ceffca006cd410b03ffc46dd3a58,29.593858403454465,161.6045777,4782.502989803855,0,0.0,0.0,False,train
2025-12-07 17:04:00+00:00,uniswap_v2,0xbb2b8038a1640196fbe3e38816f3e67cba72d940,29.588045257833972,72.54641586,2146.506635759324,0,0.0,0.0,False,train
2025-12-07 17:05:00+00:00,sushiswap_v2,0xceff51756c56ceffca006cd410b03ffc46dd3a58,29.593858403454465,161.6045777,4782.502989803855,0,0.0,0.0,False,train
2025-12-07 17:05:00+00:00,uniswap_v2,0xbb2b8038a1640196fbe3e38816f3e67cba72d940,29.58803535380633,72.54642802,2146.506277048126,1,1.216e-05,0.0003587111984986,False,train
2025-12-07 17:06:00+00:00,sushiswap_v2,0xceff51756c56ceffca006cd410b03ffc46dd3a58,29.581746678845466,161.63770716,4781.525706956526,1,0.03312946,0.9772828473287568,False,train
2025-12-07 17:06:00+00:00,uniswap_v2,0xbb2b8038a1640196fbe3e38816f3e67cba72d940,29.58803535380633,72.54642802,2146.506277048126,0,0.0,0.0,False,train
2025-12-07 17:07:00+00:00,sushiswap_v2,0xceff51756c56ceffca006cd410b03ffc46dd3a58,29.581746678845466,161.63770716,4781.525706956526,0,0.0,0.0,False,train
2025-12-07 17:07:00+00:00,uniswap_v2,0xbb2b8038a1640196fbe3e38816f3e67cba72d940,29.58803535380633,72.54642802,2146.506277048126,0,0.0,0.0,False,train
2025-12-07 17:08:00+00:00,sushiswap_v2,0xceff51756c56ceffca006cd410b03ffc46dd3a58,29.581746678845466,161.63770716,4781.525706956526,0,0.0,0.0,False,train
2025-12-07 17:08:00+00:00,uniswap_v2,0xbb2b8038a1640196fbe3e38816f3e67cba72d940,29.58803535380633,72.54642802,2146.506277048126,0,0.0,0.0,False,train
2025-12-07 17:09:00+00:00,sushiswap_v2,0xceff51756c56ceffca006cd410b03ffc46dd3a58,29.581746678845466,161.63770716,4781.525706956526,0,0.0,0.0,False,train
2025-12-07 17:09:00+00:00,uniswap_v2,0xbb2b8038a1640196fbe3e38816f3e67cba72d940,29.58803535380633,72.54642802,2146.506277048126,0,0.0,0.0,False,train
2025-12-07 17:10:00+00:00,sushiswap_v2,0xceff51756c56ceffca006cd410b03ffc46dd3a58,29.581746678845466,161.63770716,4781.525706956526,0,0.0,0.0,False,train
2025-12-07 17:10:00+00:00,uniswap_v2,0xbb2b8038a1640196fbe3e38816f3e67cba72d940,29.58803535380633,72.54642802,2146.506277048126,0,0.0,0.0,False,train
2025-12-07 17:11:00+00:00,sushiswap_v2,0xceff51756c56ceffca006cd410b03ffc46dd3a58,29.581746678845466,161.63770716,4781.525706956526,0,0.0,0.0,False,train
2025-12-07 17:11:00+00:00,uniswap_v2,0xbb2b8038a1640196fbe3e38816f3e67cba72d940,29.58803535380633,72.54642802,2146.506277048126,0,0.0,0.0,False,train
2025-12-07 17:12:00+00:00,sushiswap_v2,0xceff51756c56ceffca006cd410b03ffc46dd3a58,29.581746678845466,161.63770716,4781.525706956526,0,0.0,0.0,False,train
2025-12-07 17:12:00+00:00,uniswap_v2,0xbb2b8038a1640196fbe3e38816f3e67cba72d940,29.58803535380633,72.54642802,2146.506277048126,0,0.0,0.0,False,train
2025-12-07 17:13:00+00:00,sushiswap_v2,0xceff51756c56ceffca006cd410b03ffc46dd3a58,29.581746678845466,161.63770716,4781.525706956526,0,0.0,0.0,False,train
2025-12-07 17:13:00+00:00,uniswap_v2,0xbb2b8038a1640196fbe3e38816f3e67cba72d940,29.569882815372498,72.56872567,2145.8487141228143,1,0.02229765,0.6575629253113321,False,train
2025-12-07 17:14:00+00:00,sushiswap_v2,0xceff51756c56ceffca006cd410b03ffc46dd3a58,29.581746678845466,161.63770716,4781.525706956526,0,0.0,0.0,False,train
2025-12-07 17:14:00+00:00,uniswap_v2,0xbb2b8038a1640196fbe3e38816f3e67cba72d940,29.569882815372498,72.56872567,2145.8487141228143,0,0.0,0.0,False,train
2025-12-07 17:15:00+00:00,sushiswap_v2,0xceff51756c56ceffca006cd410b03ffc46dd3a58,29.581746678845466,161.63770716,4781.525706956526,0,0.0,0.0,False,train
2025-12-07 17:15:00+00:00,uniswap_v2,0xbb2b8038a1640196fbe3e38816f3e67cba72d940,29.569882815372498,72.56872567,2145.8487141228143,0,0.0,0.0,False,train
2025-12-07 17:16:00+00:00,sushiswap_v2,0xceff51756c56ceffca006cd410b03ffc46dd3a58,29.46480686225667,161.95862477,4772.079598524749,4,0.32091760999999996,9.446108431776688,False,train
2025-12-07 17:16:00+00:00,uniswap_v2,0xbb2b8038a1640196fbe3e38816f3e67cba72d940,29.464806564938304,72.69820072,2142.0384218338586,3,0.12947505,3.8102922889555604,False,train
2025-12-07 17:17:00+00:00,sushiswap_v2,0xceff51756c56ceffca006cd410b03ffc46dd3a58,29.46480686225667,161.95862477,4772.079598524749,0,0.0,0.0,False,train
2025-12-07 17:17:00+00:00,uniswap_v2,0xbb2b8038a1640196fbe3e38816f3e67cba72d940,29.464806564938304,72.69820072,2142.0384218338586,0,0.0,0.0,False,train
2025-12-07 17:18:00+00:00,sushiswap_v2,0xceff51756c56ceffca006cd410b03ffc46dd3a58,29.360992604101163,162.24512776,4763.6779962128085,3,0.28650299,8.401602311941003,False,train
2025-12-07 17:18:00+00:00,uniswap_v2,0xbb2b8038a1640196fbe3e38816f3e67cba72d940,29.360985132921506,72.82681192,2138.2669420611905,2,0.1286112,3.771479772668247,False,train
2025-12-07 17:19:00+00:00,sushiswap_v2,0xceff51756c56ceffca006cd410b03ffc46dd3a58,29.360992604101163,162.24512776,4763.6779962128085,0,0.0,0.0,False,train
2025-12-07 17:19:00+00:00,uniswap_v2,0xbb2b8038a1640196fbe3e38816f3e67cba72d940,29.360985132921506,72.82681192,2138.2669420611905,0,0.0,0.0,False,train
2025-12-07 17:20:00+00:00,sushiswap_v2,0xceff51756c56ceffca006cd410b03ffc46dd3a58,29.360992604101163,162.24512776,4763.6779962128085,0,0.0,0.0,False,train
2025-12-07 17:20:00+00:00,uniswap_v2,0xbb2b8038a1640196fbe3e38816f3e67cba72d940,29.360985132921506,72.82681192,2138.2669420611905,0,0.0,0.0,False,train
2025-12-07 17:21:00+00:00,sushiswap_v2,0xceff51756c56ceffca006cd410b03ffc46dd3a58,29.360992604101163,162.24512776,4763.6779962128085,0,0.0,0.0,False,train
2025-12-07 17:21:00+00:00,uniswap_v2,0xbb2b8038a1640196fbe3e38816f3e67cba72d940,29.360985129050448,72.82681193,2138.266942072884,0,0.0,0.0,False,train
2025-12-07 17:22:00+00:00,sushiswap_v2,0xceff51756c56ceffca006cd410b03ffc46dd3a58,29.360992604101163,162.24512776,4763.6779962128085,0,0.0,0.0,False,train
2025-12-07 17:22:00+00:00,uniswap_v2,0xbb2b8038a1640196fbe3e38816f3e67cba72d940,29.360985129050448,72.82681193,2138.266942072884,0,0.0,0.0,False,train
2025-12-07 17:23:00+00:00,sushiswap_v2,0xceff51756c56ceffca006cd410b03ffc46dd3a58,29.32583091441405,162.34251094,4760.829026047853,1,0.09738318,2.8489701649540917,False,train
2025-12-07 17:23:00+00:00,uniswap_v2,0xbb2b8038a1640196fbe3e38816f3e67cba72d940,29.325995803472278,72.87030976,2136.994398219485,1,0.04349783,1.2725438533991045,False,train
2025-12-07 17:24:00+00:00,sushiswap_v2,0xceff51756c56ceffca006cd410b03ffc46dd3a58,29.293457777583463,162.43232586,4758.204479294588,2,0.08981491999999999,2.6245467532660633,False,train
2025-12-07 17:24:00+00:00,uniswap_v2,0xbb2b8038a1640196fbe3e38816f3e67cba72d940,29.306820720821136,72.89418073,2136.296686245245,1,0.02387097,0.6977119742400594,False,train
2025-12-07 17:25:00+00:00,sushiswap_v2,0xceff51756c56ceffca006cd410b03ffc46dd3a58,29.293457777583463,162.43232586,4758.204479294588,0,0.0,0.0,False,train
2025-12-07 17:25:00+00:00,uniswap_v2,0xbb2b8038a1640196fbe3e38816f3e67cba72d940,29.306820720821136,72.89418073,2136.296686245245,0,0.0,0.0,False,train
2025-12-07 17:26:00+00:00,sushiswap_v2,0xceff51756c56ceffca006cd410b03ffc46dd3a58,29.293457777583463,162.43232586,4758.204479294588,0,0.0,0.0,False,train
2025-12-07 17:26:00+00:00,uniswap_v2,0xbb2b8038a1640196fbe3e38816f3e67cba72d940,29.304259280788575,72.89737123,2136.2034674118177,1,0.0031905,0.09321883342729587,False,train
2025-12-07 17:27:00+00:00,sushiswap_v2,0xceff51756c56ceffca006cd410b03ffc46dd3a58,29.293457777583463,162.43232586,4758.204479294588,0,0.0,0.0,False,train
2025-12-07 17:27:00+00:00,uniswap_v2,0xbb2b8038a1640196fbe3e38816f3e67cba72d940,29.304259280788575,72.89737123,2136.2034674118177,0,0.0,0.0,False,train
2025-12-07 17:28:00+00:00,sushiswap_v2,0xceff51756c56ceffca006cd410b03ffc46dd3a58,29.26003884440967,162.52519864,4755.493625401798,3,0.09287278,2.7108538927890393,False,train
2025-12-07 17:28:00+00:00,uniswap_v2,0xbb2b8038a1640196fbe3e38816f3e67cba72d940,29.259793362659607,72.95282429,2134.5845639478143,2,0.05545306,1.6189034640032816,False,train
2025-12-07 17:29:00+00:00,sushiswap_v2,0xceff51756c56ceffca006cd410b03ffc46dd3a58,29.2520884690441,162.54731654,4754.848483833795,1,0.0221179,0.6451415680038436,False,train
2025-12-07 17:29:00+00:00,uniswap_v2,0xbb2b8038a1640196fbe3e38816f3e67cba72d940,29.259793362659607,72.95282429,2134.5845639478143,0,0.0,0.0,False,train
2025-12-07 17:30:00+00:00,sushiswap_v2,0xceff51756c56ceffca006cd410b03ffc46dd3a58,29.15355334979904,162.82219145,4746.845444968768,4,0.27487491000000003,8.00303886502798,False,train
2025-12-07 17:30:00+00:00,uniswap_v2,0xbb2b8038a1640196fbe3e38816f3e67cba72d940,29.155584856960495,73.08327853,2130.785728806294,3,0.13045424,3.798835141520131,False,train
2025-12-07 17:31:00+00:00,sushiswap_v2,0xceff51756c56ceffca006cd410b03ffc46dd3a58,29.15355334979904,162.82219145,4746.845444968768,0,0.0,0.0,False,train
2025-12-07 17:31:00+00:00,uniswap_v2,0xbb2b8038a1640196fbe3e38816f3e67cba72d940,29.155584856960495,73.08327853,2130.785728806294,0,0.0,0.0,False,train
2025-12-07 17:32:00+00:00,sushiswap_v2,0xceff51756c56ceffca006cd410b03ffc46dd3a58,29.15355334979904,162.82219145,4746.845444968768,0,0.0,0.0,False,train
2025-12-07 17:32:00+00:00,uniswap_v2,0xbb2b8038a1640196fbe3e38816f3e67cba72d940,29.155584856960495,73.08327853,2130.785728806294,0,0.0,0.0,False,train
2025-12-07 17:33:00+00:00,sushiswap_v2,0xceff51756c56ceffca006cd410b03ffc46dd3a58,29.15355334979904,162.82219145,4746.845444968768,0,0.0,0.0,False,train
2025-12-07 17:33:00+00:00,uniswap_v2,0xbb2b8038a1640196fbe3e38816f3e67cba72d940,29.155584856960495,73.08327853,2130.785728806294,0,0.0,0.0,False,train
2025-12-07 17:34:00+00:00,sushiswap_v2,0xceff51756c56ceffca006cd410b03ffc46dd3a58,29.133440163125684,162.87847102,4745.210189322571,1,0.05627957,1.6352556461966612,False,train
2025-12-07 17:34:00+00:00,uniswap_v2,0xbb2b8038a1640196fbe3e38816f3e67cba72d940,29.133736969513368,73.11071782,2129.988422620194,1,0.02743929,0.7973061861002504,False,train
2025-12-07 17:35:00+00:00,sushiswap_v2,0xceff51756c56ceffca006cd410b03ffc46dd3a58,29.133440163125684,162.87847102,4745.210189322571,0,0.0,0.0,False,train
2025-12-07 17:35:00+00:00,uniswap_v2,0xbb2b8038a1640196fbe3e38816f3e67cba72d940,29.133736881977526,73.11071793,2129.9884194250967,1,1.1e-07,3.195096928653e-06,False,train
2025-12-07 17:36:00+00:00,sushiswap_v2,0xceff51756c56ceffca006cd410b03ffc46dd3a58,29.133440163125684,162.87847102,4745.210189322571,0,0.0,0.0,False,train
2025-12-07 17:36:00+00:00,uniswap_v2,0xbb2b8038a1640196fbe3e38816f3e67cba72d940,29.133736881977526,73.11071793,2129.9884194250967,0,0.0,0.0,False,train
2025-12-07 17:37:00+00:00,sushiswap_v2,0xceff51756c56ceffca006cd410b03ffc46dd3a58,29.133440163125684,162.87847102,4745.210189322571,0,0.0,0.0,False,train
2025-12-07 17:37:00+00:00,uniswap_v2,0xbb2b8038a1640196fbe3e38816f3e67cba72d940,29.133736881977526,73.11071793,2129.9884194250967,0,0.0,0.0,False,train
2025-12-07 17:38:00+00:00,sushiswap_v2,0xceff51756c56ceffca006cd410b03ffc46dd3a58,29.133440163125684,162.87847102,4745.210189322571,0,0.0,0.0,False,train
2025-12-07 17:38:00+00:00,uniswap_v2,0xbb2b8038a1640196fbe3e38816f3e67cba72d940,29.133736881977526,73.11071793,2129.9884194250967,0,0.0,0.0,False,train
2025-12-07 17:39:00+00:00,sushiswap_v2,0xceff51756c56ceffca006cd410b03ffc46dd3a58,29.133440163125684,162.87847102,4745.210189322571,0,0.0,0.0,False,train
2025-12-07 17:39:00+00:00,uniswap_v2,0xbb2b8038a1640196fbe3e38816f3e67cba72d940,29.133736881977526,73.11071793,2129.9884194250967,0,0.0,0.0,False,train
2025-12-07 17:40:00+00:00,sushiswap_v2,0xceff51756c56ceffca006cd410b03ffc46dd3a58,29.133440163125684,162.87847102,4745.210189322571,0,0.0,0.0,False,train
2025-12-07 17:40:00+00:00,uniswap_v2,0xbb2b8038a1640196fbe3e38816f3e67cba72d940,29.133736881977526,73.11071793,2129.9884194250967,0,0.0,0.0,False,train
2025-12-07 17:41:00+00:00,sushiswap_v2,0xceff51756c56ceffca006cd410b03ffc46dd3a58,29.133440163125684,162.87847102,4745.210189322571,0,0.0,0.0,False,train
2025-12-07 17:41:00+00:00,uniswap_v2,0xbb2b8038a1640196fbe3e38816f3e67cba72d940,29.133736881977526,73.11071793,2129.9884194250967,0,0.0,0.0,False,train
2025-12-07 17:42:00+00:00,sushiswap_v2,0xceff51756c56ceffca006cd410b03ffc46dd3a58,29.133440163125684,162.87847102,4745.210189322571,0,0.0,0.0,False,train
2025-12-07 17:42:00+00:00,uniswap_v2,0xbb2b8038a1640196fbe3e38816f3e67cba72d940,29.133736881977526,73.11071793,2129.9884194250967,0,0.0,0.0,False,train
2025-12-07 17:43:00+00:00,sushiswap_v2,0xceff51756c56ceffca006cd410b03ffc46dd3a58,29.133440163125684,162.87847102,4745.210189322571,0,0.0,0.0,False,train
2025-12-07 17:43:00+00:00,uniswap_v2,0xbb2b8038a1640196fbe3e38816f3e67cba72d940,29.133736881977526,73.11071793,2129.9884194250967,0,0.0,0.0,False,train
2025-12-07 17:44:00+00:00,sushiswap_v2,0xceff51756c56ceffca006cd410b03ffc46dd3a58,29.133440163125684,162.87847102,4745.210189322571,0,0.0,0.0,False,train
2025-12-07 17:44:00+00:00,uniswap_v2,0xbb2b8038a1640196fbe3e38816f3e67cba72d940,29.133736881977526,73.11071793,2129.9884194250967,0,0.0,0.0,False,train
2025-12-07 17:45:00+00:00,sushiswap_v2,0xceff51756c56ceffca006cd410b03ffc46dd3a58,29.133440163125684,162.87847102,4745.210189322571,0,0.0,0.0,False,train
2025-12-07 17:45:00+00:00,uniswap_v2,0xbb2b8038a1640196fbe3e38816f3e67cba72d940,29.133736881977526,73.11071793,2129.9884194250967,0,0.0,0.0,False,train
2025-12-07 17:46:00+00:00,sushiswap_v2,0xceff51756c56ceffca006cd410b03ffc46dd3a58,29.133440163125684,162.87847102,4745.210189322571,0,0.0,0.0,False,train
2025-12-07 17:46:00+00:00,uniswap_v2,0xbb2b8038a1640196fbe3e38816f3e67cba72d940,29.133736881977526,73.11071793,2129.9884194250967,0,0.0,0.0,False,train
2025-12-07 17:47:00+00:00,sushiswap_v2,0xceff51756c56ceffca006cd410b03ffc46dd3a58,29.133440163125684,162.87847102,4745.210189322571,0,0.0,0.0,False,train
2025-12-07 17:47:00+00:00,uniswap_v2,0xbb2b8038a1640196fbe3e38816f3e67cba72d940,29.133736881977526,73.11071793,2129.9884194250967,0,0.0,0.0,False,train
2025-12-07 17:48:00+00:00,sushiswap_v2,0xceff51756c56ceffca006cd410b03ffc46dd3a58,29.133440163125684,162.87847102,4745.210189322571,0,0.0,0.0,False,train
2025-12-07 17:48:00+00:00,uniswap_v2,0xbb2b8038a1640196fbe3e38816f3e67cba72d940,29.133736881977526,73.11071793,2129.9884194250967,0,0.0,0.0,False,train
2025-12-07 17:49:00+00:00,sushiswap_v2,0xceff51756c56ceffca006cd410b03ffc46dd3a58,29.133440163125684,162.87847102,4745.210189322571,0,0.0,0.0,False,train
2025-12-07 17:49:00+00:00,uniswap_v2,0xbb2b8038a1640196fbe3e38816f3e67cba72d940,29.133736881977526,73.11071793,2129.9884194250967,0,0.0,0.0,False,train
2025-12-07 17:50:00+00:00,sushiswap_v2,0xceff51756c56ceffca006cd410b03ffc46dd3a58,29.133440163125684,162.87847102,4745.210189322571,0,0.0,0.0,True,train
2025-12-07 17:50:00+00:00,uniswap_v2,0xbb2b8038a1640196fbe3e38816f3e67cba72d940,29.133736881977526,73.11071793,2129.9884194250967,0,0.0,0.0,False,train
2025-12-07 17:51:00+00:00,sushiswap_v2,0xceff51756c56ceffca006cd410b03ffc46dd3a58,29.133440163125684,162.87847102,4745.210189322571,0,0.0,0.0,True,train
2025-12-07 17:51:00+00:00,uniswap_v2,0xbb2b8038a1640196fbe3e38816f3e67cba72d940,29.133736881977526,73.11071793,2129.9884194250967,0,0.0,0.0,True,train
2025-12-07 17:52:00+00:00,sushiswap_v2,0xceff51756c56ceffca006cd410b03ffc46dd3a58,29.133440163125684,162.87847102,4745.210189322571,0,0.0,0.0,True,train
2025-12-07 17:52:00+00:00,uniswap_v2,0xbb2b8038a1640196fbe3e38816f3e67cba72d940,29.133736881977526,73.11071793,2129.9884194250967,0,0.0,0.0,True,train
2025-12-07 17:53:00+00:00,sushiswap_v2,0xceff51756c56ceffca006cd410b03ffc46dd3a58,29.133440163125684,162.87847102,4745.210189322571,0,0.0,0.0,True,train
2025-12-07 17:53:00+00:00,uniswap_v2,0xbb2b8038a1640196fbe3e38816f3e67cba72d940,29.133736881977526,73.11071793,2129.9884194250967,0,0.0,0.0,True,train
2025-12-07 17:54:00+00:00,sushiswap_v2,0xceff51756c56ceffca006cd410b03ffc46dd3a58,29.133440163125684,162.87847102,4745.210189322571,0,0.0,0.0,True,train
2025-12-07 17:54:00+00:00,uniswap_v2,0xbb2b8038a1640196fbe3e38816f3e67cba72d940,29.133736881977526,73.11071793,2129.9884194250967,0,0.0,0.0,True,train
2025-12-07 17:55:00+00:00,sushiswap_v2,0xceff51756c56ceffca006cd410b03ffc46dd3a58,29.133440163125684,162.87847102,4745.210189322571,0,0.0,0.0,True,train
2025-12-07 17:55:00+00:00,uniswap_v2,0xbb2b8038a1640196fbe3e38816f3e67cba72d940,29.133736881977526,73.11071793,2129.9884194250967,0,0.0,0.0,True,train
2025-12-07 17:56:00+00:00,sushiswap_v2,0xceff51756c56ceffca006cd410b03ffc46dd3a58,29.133440163125684,162.87847102,4745.210189322571,0,0.0,0.0,True,train
2025-12-07 17:56:00+00:00,uniswap_v2,0xbb2b8038a1640196fbe3e38816f3e67cba72d940,29.133736881977526,73.11071793,2129.9884194250967,0,0.0,0.0,True,train
2025-12-07 17:57:00+00:00,sushiswap_v2,0xceff51756c56ceffca006cd410b03ffc46dd3a58,29.133440163125684,162.87847102,4745.210189322571,0,0.0,0.0,True,train
2025-12-07 17:57:00+00:00,uniswap_v2,0xbb2b8038a1640196fbe3e38816f3e67cba72d940,29.133736881977526,73.11071793,2129.9884194250967,0,0.0,0.0,True,train
2025-12-07 17:58:00+00:00,sushiswap_v2,0xceff51756c56ceffca006cd410b03ffc46dd3a58,29.133440163125684,162.87847102,4745.210189322571,0,0.0,0.0,True,train
2025-12-07 17:58:00+00:00,uniswap_v2,0xbb2b8038a1640196fbe3e38816f3e67cba72d940,29.13373506759842,73.11072021,2129.9883531994533,1,2.28e-06,6.6225643271546e-05,False,train
2025-12-07 17:59:00+00:00,sushiswap_v2,0xceff51756c56ceffca006cd410b03ffc46dd3a58,29.133440163125684,162.87847102,4745.210189322571,0,0.0,0.0,True,train
2025-12-07 17:59:00+00:00,uniswap_v2,0xbb2b8038a1640196fbe3e38816f3e67cba72d940,29.13373506759842,73.11072021,2129.9883531994533,0,0.0,0.0,False,train
2025-12-07 18:00:00+00:00,sushiswap_v2,0xceff51756c56ceffca006cd410b03ffc46dd3a58,29.133440163125684,162.87847102,4745.210189322571,0,0.0,0.0,True,train
2025-12-07 18:00:00+00:00,uniswap_v2,0xbb2b8038a1640196fbe3e38816f3e67cba72d940,29.13373506759842,73.11072021,2129.9883531994533,0,0.0,0.0,False,train
2025-12-07 18:01:00+00:00,sushiswap_v2,0xceff51756c56ceffca006cd410b03ffc46dd3a58,29.133440163125684,162.87847102,4745.210189322571,0,0.0,0.0,True,train
2025-12-07 18:01:00+00:00,uniswap_v2,0xbb2b8038a1640196fbe3e38816f3e67cba72d940,29.13373506759842,73.11072021,2129.9883531994533,0,0.0,0.0,False,train
2025-12-07 18:02:00+00:00,sushiswap_v2,0xceff51756c56ceffca006cd410b03ffc46dd3a58,29.133440163125684,162.87847102,4745.210189322571,0,0.0,0.0,True,train
2025-12-07 18:02:00+00:00,uniswap_v2,0xbb2b8038a1640196fbe3e38816f3e67cba72d940,29.13373506759842,73.11072021,2129.9883531994533,0,0.0,0.0,False,train
2025-12-07 18:03:00+00:00,sushiswap_v2,0xceff51756c56ceffca006cd410b03ffc46dd3a58,29.133440163125684,162.87847102,4745.210189322571,0,0.0,0.0,True,train
2025-12-07 18:03:00+00:00,uniswap_v2,0xbb2b8038a1640196fbe3e38816f3e67cba72d940,29.13373506759842,73.11072021,2129.9883531994533,0,0.0,0.0,False,train
2025-12-07 18:04:00+00:00,sushiswap_v2,0xceff51756c56ceffca006cd410b03ffc46dd3a58,29.133440163125684,162.87847102,4745.210189322571,0,0.0,0.0,True,train
2025-12-07 18:04:00+00:00,uniswap_v2,0xbb2b8038a1640196fbe3e38816f3e67cba72d940,29.13373506759842,73.11072021,2129.9883531994533,0,0.0,0.0,False,train
2025-12-07 18:05:00+00:00,sushiswap_v2,0xceff51756c56ceffca006cd410b03ffc46dd3a58,29.133440163125684,162.87847102,4745.210189322571,0,0.0,0.0,True,train
2025-12-07 18:05:00+00:00,uniswap_v2,0xbb2b8038a1640196fbe3e38816f3e67cba72d940,29.13373506759842,73.11072021,2129.9883531994533,0,0.0,0.0,False,train
2025-12-07 18:06:00+00:00,sushiswap_v2,0xceff51756c56ceffca006cd410b03ffc46dd3a58,29.133440163125684,162.87847102,4745.210189322571,0,0.0,0.0,True,train
2025-12-07 18:06:00+00:00,uniswap_v2,0xbb2b8038a1640196fbe3e38816f3e67cba72d940,29.13373506759842,73.11072021,2129.9883531994533,0,0.0,0.0,False,train
2025-12-07 18:07:00+00:00,sushiswap_v2,0xceff51756c56ceffca006cd410b03ffc46dd3a58,29.133440163125684,162.87847102,4745.210189322571,0,0.0,0.0,True,train
2025-12-07 18:07:00+00:00,uniswap_v2,0xbb2b8038a1640196fbe3e38816f3e67cba72d940,29.13373506759842,73.11072021,2129.9883531994533,0,0.0,0.0,False,train
2025-12-07 18:08:00+00:00,sushiswap_v2,0xceff51756c56ceffca006cd410b03ffc46dd3a58,29.133440163125684,162.87847102,4745.210189322571,0,0.0,0.0,True,train
2025-12-07 18:08:00+00:00,uniswap_v2,0xbb2b8038a1640196fbe3e38816f3e67cba72d940,29.13373506759842,73.11072021,2129.9883531994533,0,0.0,0.0,False,train
2025-12-07 18:09:00+00:00,sushiswap_v2,0xceff51756c56ceffca006cd410b03ffc46dd3a58,29.133440163125684,162.87847102,4745.210189322571,0,0.0,0.0,True,train
2025-12-07 18:09:00+00:00,uniswap_v2,0xbb2b8038a1640196fbe3e38816f3e67cba72d940,29.13373506759842,73.11072021,2129.9883531994533,0,0.0,0.0,False,train
2025-12-07 18:10:00+00:00,sushiswap_v2,0xceff51756c56ceffca006cd410b03ffc46dd3a58,29.133440163125684,162.87847102,4745.210189322571,0,0.0,0.0,True,train
2025-12-07 18:10:00+00:00,uniswap_v2,0xbb2b8038a1640196fbe3e38816f3e67cba72d940,29.13373506759842,73.11072021,2129.9883531994533,0,0.0,0.0,False,train
2025-12-07 18:11:00+00:00,sushiswap_v2,0xceff51756c56ceffca006cd410b03ffc46dd3a58,29.133440163125684,162.87847102,4745.210189322571,0,0.0,0.0,True,train
2025-12-07 18:11:00+00:00,uniswap_v2,0xbb2b8038a1640196fbe3e38816f3e67cba72d940,29.13373506759842,73.11072021,2129.9883531994533,0,0.0,0.0,False,train
2025-12-07 18:12:00+00:00,sushiswap_v2,0xceff51756c56ceffca006cd410b03ffc46dd3a58,29.133440163125684,162.87847102,4745.210189322571,0,0.0,0.0,True,train
2025-12-07 18:12:00+00:00,uniswap_v2,0xbb2b8038a1640196fbe3e38816f3e67cba72d940,29.13373506759842,73.11072021,2129.9883531994533,0,0.0,0.0,False,train
2025-12-07 18:13:00+00:00,sushiswap_v2,0xceff51756c56ceffca006cd410b03ffc46dd3a58,29.133440163125684,162.87847102,4745.210189322571,0,0.0,0.0,True,train
2025-12-07 18:13:00+00:00,uniswap_v2,0xbb2b8038a1640196fbe3e38816f3e67cba72d940,29.13373506759842,73.11072021,2129.9883531994533,0,0.0,0.0,False,train
2025-12-07 18:14:00+00:00,sushiswap_v2,0xceff51756c56ceffca006cd410b03ffc46dd3a58,29.133440163125684,162.87847102,4745.210189322571,0,0.0,0.0,True,train
2025-12-07 18:14:00+00:00,uniswap_v2,0xbb2b8038a1640196fbe3e38816f3e67cba72d940,29.13373506759842,73.11072021,2129.9883531994533,0,0.0,0.0,True,train
2025-12-07 18:15:00+00:00,sushiswap_v2,0xceff51756c56ceffca006cd410b03ffc46dd3a58,29.133440163125684,162.87847102,4745.210189322571,0,0.0,0.0,True,train
2025-12-07 18:15:00+00:00,uniswap_v2,0xbb2b8038a1640196fbe3e38816f3e67cba72d940,29.13373506759842,73.11072021,2129.9883531994533,0,0.0,0.0,True,train
2025-12-07 18:16:00+00:00,sushiswap_v2,0xceff51756c56ceffca006cd410b03ffc46dd3a58,29.14532242213671,162.84531554,4746.17922634789,1,0.03315548,0.9690370253194539,False,train
2025-12-07 18:16:00+00:00,uniswap_v2,0xbb2b8038a1640196fbe3e38816f3e67cba72d940,29.143859920120253,73.09803851,2130.3589947709957,1,0.0126817,0.37064157154205485,False,train
2025-12-07 18:17:00+00:00,sushiswap_v2,0xceff51756c56ceffca006cd410b03ffc46dd3a58,29.14532242213671,162.84531554,4746.17922634789,0,0.0,0.0,False,train
2025-12-07 18:17:00+00:00,uniswap_v2,0xbb2b8038a1640196fbe3e38816f3e67cba72d940,29.143859920120253,73.09803851,2130.3589947709957,0,0.0,0.0,False,train
2025-12-07 18:18:00+00:00,sushiswap_v2,0xceff51756c56ceffca006cd410b03ffc46dd3a58,29.14532242213671,162.84531554,4746.17922634789,0,0.0,0.0,False,train
2025-12-07 18:18:00+00:00,uniswap_v2,0xbb2b8038a1640196fbe3e38816f3e67cba72d940,29.143859920120253,73.09803851,2130.3589947709957,0,0.0,0.0,False,train
2025-12-07 18:19:00+00:00,sushiswap_v2,0xceff51756c56ceffca006cd410b03ffc46dd3a58,29.14532242213671,162.84531554,4746.17922634789,0,0.0,0.0,False,train
2025-12-07 18:19:00+00:00,uniswap_v2,0xbb2b8038a1640196fbe3e38816f3e67cba72d940,29.143859920120253,73.09803851,2130.3589947709957,0,0.0,0.0,False,train
2025-12-07 18:20:00+00:00,sushiswap_v2,0xceff51756c56ceffca006cd410b03ffc46dd3a58,29.14532242213671,162.84531554,4746.17922634789,0,0.0,0.0,False,train
2025-12-07 18:20:00+00:00,uniswap_v2,0xbb2b8038a1640196fbe3e38816f3e67cba72d940,29.143859920120253,73.09803851,2130.3589947709957,0,0.0,0.0,False,train
2025-12-07 18:21:00+00:00,sushiswap_v2,0xceff51756c56ceffca006cd410b03ffc46dd3a58,29.14532242213671,162.84531554,4746.17922634789,0,0.0,0.0,False,train
2025-12-07 18:21:00+00:00,uniswap_v2,0xbb2b8038a1640196fbe3e38816f3e67cba72d940,29.143859920120253,73.09803851,2130.3589947709957,0,0.0,0.0,False,train
2025-12-07 18:22:00+00:00,sushiswap_v2,0xceff51756c56ceffca006cd410b03ffc46dd3a58,29.14532242213671,162.84531554,4746.17922634789,0,0.0,0.0,False,train
2025-12-07 18:22:00+00:00,uniswap_v2,0xbb2b8038a1640196fbe3e38816f3e67cba72d940,29.143859920120253,73.09803851,2130.3589947709957,0,0.0,0.0,False,train
2025-12-07 18:23:00+00:00,sushiswap_v2,0xceff51756c56ceffca006cd410b03ffc46dd3a58,29.14532242213671,162.84531554,4746.17922634789,0,0.0,0.0,False,train
2025-12-07 18:23:00+00:00,uniswap_v2,0xbb2b8038a1640196fbe3e38816f3e67cba72d940,29.143859920120253,73.09803851,2130.3589947709957,0,0.0,0.0,False,train
2025-12-07 18:24:00+00:00,sushiswap_v2,0xceff51756c56ceffca006cd410b03ffc46dd3a58,29.14532242213671,162.84531554,4746.17922634789,0,0.0,0.0,False,train
2025-12-07 18:24:00+00:00,uniswap_v2,0xbb2b8038a1640196fbe3e38816f3e67cba72d940,29.143859920120253,73.09803851,2130.3589947709957,0,0.0,0.0,False,train
2025-12-07 18:25:00+00:00,sushiswap_v2,0xceff51756c56ceffca006cd410b03ffc46dd3a58,29.14532242213671,162.84531554,4746.17922634789,0,0.0,0.0,False,train
2025-12-07 18:25:00+00:00,uniswap_v2,0xbb2b8038a1640196fbe3e38816f3e67cba72d940,29.143859920120253,73.09803851,2130.3589947709957,0,0.0,0.0,False,train
2025-12-07 18:26:00+00:00,sushiswap_v2,0xceff51756c56ceffca006cd410b03ffc46dd3a58,29.138808633117442,162.86354337,4745.649623569853,2,0.01822783,0.5296027780369847,False,train
2025-12-07 18:26:00+00:00,uniswap_v2,0xbb2b8038a1640196fbe3e38816f3e67cba72d940,29.143053996471146,73.09905075,2130.3295830980346,1,0.00101224,0.029411672960957116,False,train
2025-12-07 18:27:00+00:00,sushiswap_v2,0xceff51756c56ceffca006cd410b03ffc46dd3a58,29.13833149042648,162.86487882,4745.610827205299,1,0.00133545,0.038796364554706315,False,train
2025-12-07 18:27:00+00:00,uniswap_v2,0xbb2b8038a1640196fbe3e38816f3e67cba72d940,29.143053996471146,73.09905075,2130.3295830980346,0,0.0,0.0,False,train
2025-12-07 18:28:00+00:00,sushiswap_v2,0xceff51756c56ceffca006cd410b03ffc46dd3a58,29.129078658691633,162.89078258,4744.858418548657,1,0.02590376,0.7524086566409038,False,train
2025-12-07 18:28:00+00:00,uniswap_v2,0xbb2b8038a1640196fbe3e38816f3e67cba72d940,29.143053996471146,73.09905075,2130.3295830980346,0,0.0,0.0,False,train
2025-12-07 18:29:00+00:00,sushiswap_v2,0xceff51756c56ceffca006cd410b03ffc46dd3a58,29.129078658691633,162.89078258,4744.858418548657,0,0.0,0.0,False,train
2025-12-07 18:29:00+00:00,uniswap_v2,0xbb2b8038a1640196fbe3e38816f3e67cba72d940,29.143053996471146,73.09905075,2130.3295830980346,0,0.0,0.0,False,train
2025-12-07 18:30:00+00:00,sushiswap_v2,0xceff51756c56ceffca006cd410b03ffc46dd3a58,29.129078658691633,162.89078258,4744.858418548657,0,0.0,0.0,False,train
2025-12-07 18:30:00+00:00,uniswap_v2,0xbb2b8038a1640196fbe3e38816f3e67cba72d940,29.143053996471146,73.09905075,2130.3295830980346,0,0.0,0.0,False,train
2025-12-07 18:31:00+00:00,sushiswap_v2,0xceff51756c56ceffca006cd410b03ffc46dd3a58,29.129078658691633,162.89078258,4744.858418548657,0,0.0,0.0,False,train
2025-12-07 18:31:00+00:00,uniswap_v2,0xbb2b8038a1640196fbe3e38816f3e67cba72d940,29.143053996471146,73.09905075,2130.3295830980346,0,0.0,0.0,False,train
2025-12-07 18:32:00+00:00,sushiswap_v2,0xceff51756c56ceffca006cd410b03ffc46dd3a58,29.129078658691633,162.89078258,4744.858418548657,0,0.0,0.0,False,train
2025-12-07 18:32:00+00:00,uniswap_v2,0xbb2b8038a1640196fbe3e38816f3e67cba72d940,29.143053996471146,73.09905075,2130.3295830980346,0,0.0,0.0,False,train
2025-12-07 18:33:00+00:00,sushiswap_v2,0xceff51756c56ceffca006cd410b03ffc46dd3a58,29.129078658691633,162.89078258,4744.858418548657,0,0.0,0.0,False,train
2025-12-07 18:33:00+00:00,uniswap_v2,0xbb2b8038a1640196fbe3e38816f3e67cba72d940,29.143053996471146,73.09905075,2130.3295830980346,0,0.0,0.0,False,train
2025-12-07 18:34:00+00:00,sushiswap_v2,0xceff51756c56ceffca006cd410b03ffc46dd3a58,29.129078658691633,162.89078258,4744.858418548657,0,0.0,0.0,False,train
2025-12-07 18:34:00+00:00,uniswap_v2,0xbb2b8038a1640196fbe3e38816f3e67cba72d940,29.143053996471146,73.09905075,2130.3295830980346,0,0.0,0.0,False,train
2025-12-07 18:35:00+00:00,sushiswap_v2,0xceff51756c56ceffca006cd410b03ffc46dd3a58,29.129078658691633,162.89078258,4744.858418548657,0,0.0,0.0,False,train
2025-12-07 18:35:00+00:00,uniswap_v2,0xbb2b8038a1640196fbe3e38816f3e67cba72d940,29.143053996471146,73.09905075,2130.3295830980346,0,0.0,0.0,False,train
2025-12-07 18:36:00+00:00,sushiswap_v2,0xceff51756c56ceffca006cd410b03ffc46dd3a58,29.129078658691633,162.89078258,4744.858418548657,0,0.0,0.0,False,train
2025-12-07 18:36:00+00:00,uniswap_v2,0xbb2b8038a1640196fbe3e38816f3e67cba72d940,29.143053996471146,73.09905075,2130.3295830980346,0,0.0,0.0,False,train
2025-12-07 18:37:00+00:00,sushiswap_v2,0xceff51756c56ceffca006cd410b03ffc46dd3a58,29.129078658691633,162.89078258,4744.858418548657,0,0.0,0.0,False,train
2025-12-07 18:37:00+00:00,uniswap_v2,0xbb2b8038a1640196fbe3e38816f3e67cba72d940,29.143053996471146,73.09905075,2130.3295830980346,0,0.0,0.0,False,train
2025-12-07 18:38:00+00:00,sushiswap_v2,0xceff51756c56ceffca006cd410b03ffc46dd3a58,29.129078658691633,162.89078258,4744.858418548657,0,0.0,0.0,False,train
2025-12-07 18:38:00+00:00,uniswap_v2,0xbb2b8038a1640196fbe3e38816f3e67cba72d940,29.143053996471146,73.09905075,2130.3295830980346,0,0.0,0.0,False,train
2025-12-07 18:39:00+00:00,sushiswap_v2,0xceff51756c56ceffca006cd410b03ffc46dd3a58,29.129078658691633,162.89078258,4744.858418548657,0,0.0,0.0,False,train
2025-12-07 18:39:00+00:00,uniswap_v2,0xbb2b8038a1640196fbe3e38816f3e67cba72d940,29.143053996471146,73.09905075,2130.3295830980346,0,0.0,0.0,False,train
2025-12-07 18:40:00+00:00,sushiswap_v2,0xceff51756c56ceffca006cd410b03ffc46dd3a58,29.11157004560544,162.93983261,4743.43435024524,1,0.04905003,1.4240683034172692,False,train
2025-12-07 18:40:00+00:00,uniswap_v2,0xbb2b8038a1640196fbe3e38816f3e67cba72d940,29.143053996471146,73.09905075,2130.3295830980346,0,0.0,0.0,False,train
2025-12-07 18:41:00+00:00,sushiswap_v2,0xceff51756c56ceffca006cd410b03ffc46dd3a58,29.11157004560544,162.93983261,4743.43435024524,0,0.0,0.0,False,train
2025-12-07 18:41:00+00:00,uniswap_v2,0xbb2b8038a1640196fbe3e38816f3e67cba72d940,29.143053996471146,73.09905075,2130.3295830980346,0,0.0,0.0,False,train
2025-12-07 18:42:00+00:00,sushiswap_v2,0xceff51756c56ceffca006cd410b03ffc46dd3a58,29.11157004560544,162.93983261,4743.43435024524,0,0.0,0.0,False,train
2025-12-07 18:42:00+00:00,uniswap_v2,0xbb2b8038a1640196fbe3e38816f3e67cba72d940,29.143053996471146,73.09905075,2130.3295830980346,0,0.0,0.0,True,train
2025-12-07 18:43:00+00:00,sushiswap_v2,0xceff51756c56ceffca006cd410b03ffc46dd3a58,29.11157004560544,162.93983261,4743.43435024524,0,0.0,0.0,False,train
2025-12-07 18:43:00+00:00,uniswap_v2,0xbb2b8038a1640196fbe3e38816f3e67cba72d940,29.143053996471146,73.09905075,2130.3295830980346,0,0.0,0.0,True,train
2025-12-07 18:44:00+00:00,sushiswap_v2,0xceff51756c56ceffca006cd410b03ffc46dd3a58,29.11157004560544,162.93983261,4743.43435024524,0,0.0,0.0,False,train
2025-12-07 18:44:00+00:00,uniswap_v2,0xbb2b8038a1640196fbe3e38816f3e67cba72d940,29.143053996471146,73.09905075,2130.3295830980346,0,0.0,0.0,True,train
2025-12-07 18:45:00+00:00,sushiswap_v2,0xceff51756c56ceffca006cd410b03ffc46dd3a58,29.11157004560544,162.93983261,4743.43435024524,0,0.0,0.0,False,train
2025-12-07 18:45:00+00:00,uniswap_v2,0xbb2b8038a1640196fbe3e38816f3e67cba72d940,29.143053996471146,73.09905075,2130.3295830980346,0,0.0,0.0,True,train
2025-12-07 18:46:00+00:00,sushiswap_v2,0xceff51756c56ceffca006cd410b03ffc46dd3a58,29.11157004560544,162.93983261,4743.43435024524,0,0.0,0.0,False,train
2025-12-07 18:46:00+00:00,uniswap_v2,0xbb2b8038a1640196fbe3e38816f3e67cba72d940,29.143053996471146,73.09905075,2130.3295830980346,0,0.0,0.0,True,train
2025-12-07 18:47:00+00:00,sushiswap_v2,0xceff51756c56ceffca006cd410b03ffc46dd3a58,29.11157004560544,162.93983261,4743.43435024524,0,0.0,0.0,False,train
2025-12-07 18:47:00+00:00,uniswap_v2,0xbb2b8038a1640196fbe3e38816f3e67cba72d940,29.143053996471146,73.09905075,2130.3295830980346,0,0.0,0.0,True,train
2025-12-07 18:48:00+00:00,sushiswap_v2,0xceff51756c56ceffca006cd410b03ffc46dd3a58,29.11157004560544,162.93983261,4743.43435024524,0,0.0,0.0,False,train
2025-12-07 18:48:00+00:00,uniswap_v2,0xbb2b8038a1640196fbe3e38816f3e67cba72d940,29.143053996471146,73.09905075,2130.3295830980346,0,0.0,0.0,True,train
2025-12-07 18:49:00+00:00,sushiswap_v2,0xceff51756c56ceffca006cd410b03ffc46dd3a58,29.11157004560544,162.93983261,4743.43435024524,0,0.0,0.0,False,train
2025-12-07 18:49:00+00:00,uniswap_v2,0xbb2b8038a1640196fbe3e38816f3e67cba72d940,29.143053996471146,73.09905075,2130.3295830980346,0,0.0,0.0,True,train
2025-12-07 18:50:00+00:00,sushiswap_v2,0xceff51756c56ceffca006cd410b03ffc46dd3a58,29.11157004560544,162.93983261,4743.43435024524,0,0.0,0.0,False,train
2025-12-07 18:50:00+00:00,uniswap_v2,0xbb2b8038a1640196fbe3e38816f3e67cba72d940,29.143053996471146,73.09905075,2130.3295830980346,0,0.0,0.0,True,train
2025-12-07 18:51:00+00:00,sushiswap_v2,0xceff51756c56ceffca006cd410b03ffc46dd3a58,29.11157004560544,162.93983261,4743.43435024524,0,0.0,0.0,False,train
2025-12-07 18:51:00+00:00,uniswap_v2,0xbb2b8038a1640196fbe3e38816f3e67cba72d940,29.143053996471146,73.09905075,2130.3295830980346,0,0.0,0.0,True,train
2025-12-07 18:52:00+00:00,sushiswap_v2,0xceff51756c56ceffca006cd410b03ffc46dd3a58,29.11157004560544,162.93983261,4743.43435024524,0,0.0,0.0,False,train
2025-12-07 18:52:00+00:00,uniswap_v2,0xbb2b8038a1640196fbe3e38816f3e67cba72d940,29.143053996471146,73.09905075,2130.3295830980346,0,0.0,0.0,True,train
2025-12-07 18:53:00+00:00,sushiswap_v2,0xceff51756c56ceffca006cd410b03ffc46dd3a58,29.11157004560544,162.93983261,4743.43435024524,0,0.0,0.0,False,train
2025-12-07 18:53:00+00:00,uniswap_v2,0xbb2b8038a1640196fbe3e38816f3e67cba72d940,29.143053996471146,73.09905075,2130.3295830980346,0,0.0,0.0,True,train
2025-12-07 18:54:00+00:00,sushiswap_v2,0xceff51756c56ceffca006cd410b03ffc46dd3a58,29.11157004560544,162.93983261,4743.43435024524,0,0.0,0.0,False,train
2025-12-07 18:54:00+00:00,uniswap_v2,0xbb2b8038a1640196fbe3e38816f3e67cba72d940,29.143053996471146,73.09905075,2130.3295830980346,0,0.0,0.0,True,train
2025-12-07 18:55:00+00:00,sushiswap_v2,0xceff51756c56ceffca006cd410b03ffc46dd3a58,29.11157004560544,162.93983261,4743.43435024524,0,0.0,0.0,False,train
2025-12-07 18:55:00+00:00,uniswap_v2,0xbb2b8038a1640196fbe3e38816f3e67cba72d940,29.143053996471146,73.09905075,2130.3295830980346,0,0.0,0.0,True,train
2025-12-07 18:56:00+00:00,sushiswap_v2,0xceff51756c56ceffca006cd410b03ffc46dd3a58,29.11157004560544,162.93983261,4743.43435024524,0,0.0,0.0,True,train
2025-12-07 18:56:00+00:00,uniswap_v2,0xbb2b8038a1640196fbe3e38816f3e67cba72d940,29.143053996471146,73.09905075,2130.3295830980346,0,0.0,0.0,True,train
2025-12-07 18:57:00+00:00,sushiswap_v2,0xceff51756c56ceffca006cd410b03ffc46dd3a58,29.11157004560544,162.93983261,4743.43435024524,0,0.0,0.0,True,train
2025-12-07 18:57:00+00:00,uniswap_v2,0xbb2b8038a1640196fbe3e38816f3e67cba72d940,29.143053996471146,73.09905075,2130.3295830980346,0,0.0,0.0,True,train
2025-12-07 18:58:00+00:00,sushiswap_v2,0xceff51756c56ceffca006cd410b03ffc46dd3a58,29.11157004560544,162.93983261,4743.43435024524,0,0.0,0.0,True,train
2025-12-07 18:58:00+00:00,uniswap_v2,0xbb2b8038a1640196fbe3e38816f3e67cba72d940,29.143053996471146,73.09905075,2130.3295830980346,0,0.0,0.0,True,train
2025-12-07 18:59:00+00:00,sushiswap_v2,0xceff51756c56ceffca006cd410b03ffc46dd3a58,29.11157004560544,162.93983261,4743.43435024524,0,0.0,0.0,True,train
2025-12-07 18:59:00+00:00,uniswap_v2,0xbb2b8038a1640196fbe3e38816f3e67cba72d940,29.143053996471146,73.09905075,2130.3295830980346,0,0.0,0.0,True,train
2025-12-07 19:00:00+00:00,sushiswap_v2,0xceff51756c56ceffca006cd410b03ffc46dd3a58,29.11157004560544,162.93983261,4743.43435024524,0,0.0,0.0,True,train
2025-12-07 19:00:00+00:00,uniswap_v2,0xbb2b8038a1640196fbe3e38816f3e67cba72d940,29.143053996471146,73.09905075,2130.3295830980346,0,0.0,0.0,True,train
2025-12-07 19:01:00+00:00,sushiswap_v2,0xceff51756c56ceffca006cd410b03ffc46dd3a58,29.11157004560544,162.93983261,4743.43435024524,0,0.0,0.0,True,train
2025-12-07 19:01:00+00:00,uniswap_v2,0xbb2b8038a1640196fbe3e38816f3e67cba72d940,29.143053996471146,73.09905075,2130.3295830980346,0,0.0,0.0,True,train
2025-12-07 19:02:00+00:00,sushiswap_v2,0xceff51756c56ceffca006cd410b03ffc46dd3a58,29.11157004560544,162.93983261,4743.43435024524,0,0.0,0.0,True,train
2025-12-07 19:02:00+00:00,uniswap_v2,0xbb2b8038a1640196fbe3e38816f3e67cba72d940,29.142739523028965,73.09944574,2130.318106478609,1,0.00039499,0.011476619425613429,False,train
2025-12-07 19:03:00+00:00,sushiswap_v2,0xceff51756c56ceffca006cd410b03ffc46dd3a58,29.11157004560544,162.93983261,4743.43435024524,0,0.0,0.0,True,train
2025-12-07 19:03:00+00:00,uniswap_v2,0xbb2b8038a1640196fbe3e38816f3e67cba72d940,29.142739523028965,73.09944574,2130.318106478609,0,0.0,0.0,False,train
2025-12-07 19:04:00+00:00,sushiswap_v2,0xceff51756c56ceffca006cd410b03ffc46dd3a58,29.11157004560544,162.93983261,4743.43435024524,0,0.0,0.0,True,train
2025-12-07 19:04:00+00:00,uniswap_v2,0xbb2b8038a1640196fbe3e38816f3e67cba72d940,29.142739523028965,73.09944574,2130.318106478609,0,0.0,0.0,False,train
2025-12-07 19:05:00+00:00,sushiswap_v2,0xceff51756c56ceffca006cd410b03ffc46dd3a58,29.11157004560544,162.93983261,4743.43435024524,0,0.0,0.0,True,train
2025-12-07 19:05:00+00:00,uniswap_v2,0xbb2b8038a1640196fbe3e38816f3e67cba72d940,29.142739523028965,73.09944574,2130.318106478609,0,0.0,0.0,False,train
2025-12-07 19:06:00+00:00,sushiswap_v2,0xceff51756c56ceffca006cd410b03ffc46dd3a58,29.11157004560544,162.93983261,4743.43435024524,0,0.0,0.0,True,train
2025-12-07 19:06:00+00:00,uniswap_v2,0xbb2b8038a1640196fbe3e38816f3e67cba72d940,29.142739523028965,73.09944574,2130.318106478609,0,0.0,0.0,False,train
2025-12-07 19:07:00+00:00,sushiswap_v2,0xceff51756c56ceffca006cd410b03ffc46dd3a58,29.11157004560544,162.93983261,4743.43435024524,0,0.0,0.0,True,train
2025-12-07 19:07:00+00:00,uniswap_v2,0xbb2b8038a1640196fbe3e38816f3e67cba72d940,29.142739523028965,73.09944574,2130.318106478609,0,0.0,0.0,False,train
2025-12-07 19:08:00+00:00,sushiswap_v2,0xceff51756c56ceffca006cd410b03ffc46dd3a58,29.11157004560544,162.93983261,4743.43435024524,0,0.0,0.0,True,train
2025-12-07 19:08:00+00:00,uniswap_v2,0xbb2b8038a1640196fbe3e38816f3e67cba72d940,29.142739523028965,73.09944574,2130.318106478609,0,0.0,0.0,False,train
2025-12-07 19:09:00+00:00,sushiswap_v2,0xceff51756c56ceffca006cd410b03ffc46dd3a58,29.11157004560544,162.93983261,4743.43435024524,0,0.0,0.0,True,train
2025-12-07 19:09:00+00:00,uniswap_v2,0xbb2b8038a1640196fbe3e38816f3e67cba72d940,29.142739523028965,73.09944574,2130.318106478609,0,0.0,0.0,False,train
2025-12-07 19:10:00+00:00,sushiswap_v2,0xceff51756c56ceffca006cd410b03ffc46dd3a58,29.11157004560544,162.93983261,4743.43435024524,0,0.0,0.0,True,train
2025-12-07 19:10:00+00:00,uniswap_v2,0xbb2b8038a1640196fbe3e38816f3e67cba72d940,29.142739523028965,73.09944574,2130.318106478609,0,0.0,0.0,False,train
2025-12-07 19:11:00+00:00,sushiswap_v2,0xceff51756c56ceffca006cd410b03ffc46dd3a58,29.11157004560544,162.93983261,4743.43435024524,0,0.0,0.0,True,train
2025-12-07 19:11:00+00:00,uniswap_v2,0xbb2b8038a1640196fbe3e38816f3e67cba72d940,29.142739523028965,73.09944574,2130.318106478609,0,0.0,0.0,False,train
2025-12-07 19:12:00+00:00,sushiswap_v2,0xceff51756c56ceffca006cd410b03ffc46dd3a58,29.11157004560544,162.93983261,4743.43435024524,0,0.0,0.0,True,train
2025-12-07 19:12:00+00:00,uniswap_v2,0xbb2b8038a1640196fbe3e38816f3e67cba72d940,29.142739523028965,73.09944574,2130.318106478609,0,0.0,0.0,False,train
2025-12-07 19:13:00+00:00,sushiswap_v2,0xceff51756c56ceffca006cd410b03ffc46dd3a58,29.11157004560544,162.93983261,4743.43435024524,0,0.0,0.0,True,train
2025-12-07 19:13:00+00:00,uniswap_v2,0xbb2b8038a1640196fbe3e38816f3e67cba72d940,29.142739523028965,73.09944574,2130.318106478609,0,0.0,0.0,False,train
2025-12-07 19:14:00+00:00,sushiswap_v2,0xceff51756c56ceffca006cd410b03ffc46dd3a58,29.11157004560544,162.93983261,4743.43435024524,0,0.0,0.0,True,train
2025-12-07 19:14:00+00:00,uniswap_v2,0xbb2b8038a1640196fbe3e38816f3e67cba72d940,29.142739523028965,73.09944574,2130.318106478609,0,0.0,0.0,False,train
2025-12-07 19:15:00+00:00,sushiswap_v2,0xceff51756c56ceffca006cd410b03ffc46dd3a58,29.11157004560544,162.93983261,4743.43435024524,0,0.0,0.0,True,train
2025-12-07 19:15:00+00:00,uniswap_v2,0xbb2b8038a1640196fbe3e38816f3e67cba72d940,29.142739519476525,73.09944575,2130.3181065103554,0,0.0,0.0,False,train
2025-12-07 19:16:00+00:00,sushiswap_v2,0xceff51756c56ceffca006cd410b03ffc46dd3a58,29.11157004560544,162.93983261,4743.43435024524,0,0.0,0.0,True,train
2025-12-07 19:16:00+00:00,uniswap_v2,0xbb2b8038a1640196fbe3e38816f3e67cba72d940,29.142739519476525,73.09944575,2130.3181065103554,0,0.0,0.0,False,train
2025-12-07 19:17:00+00:00,sushiswap_v2,0xceff51756c56ceffca006cd410b03ffc46dd3a58,29.11157004560544,162.93983261,4743.43435024524,0,0.0,0.0,True,train
2025-12-07 19:17:00+00:00,uniswap_v2,0xbb2b8038a1640196fbe3e38816f3e67cba72d940,29.142739519476525,73.09944575,2130.3181065103554,0,0.0,0.0,False,train
2025-12-07 19:18:00+00:00,sushiswap_v2,0xceff51756c56ceffca006cd410b03ffc46dd3a58,29.11157004560544,162.93983261,4743.43435024524,0,0.0,0.0,True,train
2025-12-07 19:18:00+00:00,uniswap_v2,0xbb2b8038a1640196fbe3e38816f3e67cba72d940,29.142739519476525,73.09944575,2130.3181065103554,0,0.0,0.0,False,train
2025-12-07 19:19:00+00:00,sushiswap_v2,0xceff51756c56ceffca006cd410b03ffc46dd3a58,29.11157004560544,162.93983261,4743.43435024524,0,0.0,0.0,True,train
2025-12-07 19:19:00+00:00,uniswap_v2,0xbb2b8038a1640196fbe3e38816f3e67cba72d940,29.142739519476525,73.09944575,2130.3181065103554,0,0.0,0.0,False,train
2025-12-07 19:20:00+00:00,sushiswap_v2,0xceff51756c56ceffca006cd410b03ffc46dd3a58,29.11157004560544,162.93983261,4743.43435024524,0,0.0,0.0,True,train
2025-12-07 19:20:00+00:00,uniswap_v2,0xbb2b8038a1640196fbe3e38816f3e67cba72d940,29.142739519476525,73.09944575,2130.3181065103554,0,0.0,0.0,False,train
2025-12-07 19:21:00+00:00,sushiswap_v2,0xceff51756c56ceffca006cd410b03ffc46dd3a58,29.11157004560544,162.93983261,4743.43435024524,0,0.0,0.0,True,train
2025-12-07 19:21:00+00:00,uniswap_v2,0xbb2b8038a1640196fbe3e38816f3e67cba72d940,29.142739519476525,73.09944575,2130.3181065103554,0,0.0,0.0,False,train
2025-12-07 19:22:00+00:00,sushiswap_v2,0xceff51756c56ceffca006cd410b03ffc46dd3a58,29.11157004560544,162.93983261,4743.43435024524,0,0.0,0.0,True,train
2025-12-07 19:22:00+00:00,uniswap_v2,0xbb2b8038a1640196fbe3e38816f3e67cba72d940,29.142739519476525,73.09944575,2130.3181065103554,0,0.0,0.0,False,train
2025-12-07 19:23:00+00:00,sushiswap_v2,0xceff51756c56ceffca006cd410b03ffc46dd3a58,29.11157004560544,162.93983261,4743.43435024524,0,0.0,0.0,True,train
2025-12-07 19:23:00+00:00,uniswap_v2,0xbb2b8038a1640196fbe3e38816f3e67cba72d940,29.142739519476525,73.09944575,2130.3181065103554,0,0.0,0.0,False,train
2025-12-07 19:24:00+00:00,sushiswap_v2,0xceff51756c56ceffca006cd410b03ffc46dd3a58,29.11157004560544,162.93983261,4743.43435024524,0,0.0,0.0,True,train
2025-12-07 19:24:00+00:00,uniswap_v2,0xbb2b8038a1640196fbe3e38816f3e67cba72d940,29.142739519476525,73.09944575,2130.3181065103554,0,0.0,0.0,False,train
2025-12-07 19:25:00+00:00,sushiswap_v2,0xceff51756c56ceffca006cd410b03ffc46dd3a58,29.11157004560544,162.93983261,4743.43435024524,0,0.0,0.0,True,train
2025-12-07 19:25:00+00:00,uniswap_v2,0xbb2b8038a1640196fbe3e38816f3e67cba72d940,29.142739519476525,73.09944575,2130.3181065103554,0,0.0,0.0,False,train
2025-12-07 19:26:00+00:00,sushiswap_v2,0xceff51756c56ceffca006cd410b03ffc46dd3a58,29.11157004560544,162.93983261,4743.43435024524,0,0.0,0.0,True,train
2025-12-07 19:26:00+00:00,uniswap_v2,0xbb2b8038a1640196fbe3e38816f3e67cba72d940,29.142739519476525,73.09944575,2130.3181065103554,0,0.0,0.0,False,train
2025-12-07 19:27:00+00:00,sushiswap_v2,0xceff51756c56ceffca006cd410b03ffc46dd3a58,29.11157004560544,162.93983261,4743.43435024524,0,0.0,0.0,True,train
2025-12-07 19:27:00+00:00,uniswap_v2,0xbb2b8038a1640196fbe3e38816f3e67cba72d940,29.142739519476525,73.09944575,2130.3181065103554,0,0.0,0.0,False,train
2025-12-07 19:28:00+00:00,sushiswap_v2,0xceff51756c56ceffca006cd410b03ffc46dd3a58,29.11157004560544,162.93983261,4743.43435024524,0,0.0,0.0,True,train
2025-12-07 19:28:00+00:00,uniswap_v2,0xbb2b8038a1640196fbe3e38816f3e67cba72d940,29.142739519476525,73.09944575,2130.3181065103554,0,0.0,0.0,False,train
2025-12-07 19:29:00+00:00,sushiswap_v2,0xceff51756c56ceffca006cd410b03ffc46dd3a58,29.11157004560544,162.93983261,4743.43435024524,0,0.0,0.0,True,train
2025-12-07 19:29:00+00:00,uniswap_v2,0xbb2b8038a1640196fbe3e38816f3e67cba72d940,29.142739519476525,73.09944575,2130.3181065103554,0,0.0,0.0,False,train
2025-12-07 19:30:00+00:00,sushiswap_v2,0xceff51756c56ceffca006cd410b03ffc46dd3a58,29.11157004560544,162.93983261,4743.43435024524,0,0.0,0.0,True,train
2025-12-07 19:30:00+00:00,uniswap_v2,0xbb2b8038a1640196fbe3e38816f3e67cba72d940,29.142739519476525,73.09944575,2130.3181065103554,0,0.0,0.0,False,train
2025-12-07 19:31:00+00:00,sushiswap_v2,0xceff51756c56ceffca006cd410b03ffc46dd3a58,29.11157004560544,162.93983261,4743.43435024524,0,0.0,0.0,True,train
2025-12-07 19:31:00+00:00,uniswap_v2,0xbb2b8038a1640196fbe3e38816f3e67cba72d940,29.142739519476525,73.09944575,2130.3181065103554,0,0.0,0.0,True,train
2025-12-07 19:32:00+00:00,sushiswap_v2,0xceff51756c56ceffca006cd410b03ffc46dd3a58,29.11157004560544,162.93983261,4743.43435024524,0,0.0,0.0,True,train
2025-12-07 19:32:00+00:00,uniswap_v2,0xbb2b8038a1640196fbe3e38816f3e67cba72d940,29.142739519476525,73.09944575,2130.3181065103554,0,0.0,0.0,True,train
2025-12-07 19:33:00+00:00,sushiswap_v2,0xceff51756c56ceffca006cd410b03ffc46dd3a58,29.11157004560544,162.93983261,4743.43435024524,0,0.0,0.0,True,train
2025-12-07 19:33:00+00:00,uniswap_v2,0xbb2b8038a1640196fbe3e38816f3e67cba72d940,29.142739519476525,73.09944575,2130.3181065103554,0,0.0,0.0,True,train
2025-12-07 19:34:00+00:00,sushiswap_v2,0xceff51756c56ceffca006cd410b03ffc46dd3a58,29.11157004560544,162.93983261,4743.43435024524,0,0.0,0.0,True,train
2025-12-07 19:34:00+00:00,uniswap_v2,0xbb2b8038a1640196fbe3e38816f3e67cba72d940,29.142739519476525,73.09944575,2130.3181065103554,0,0.0,0.0,True,train
2025-12-07 19:35:00+00:00,sushiswap_v2,0xceff51756c56ceffca006cd410b03ffc46dd3a58,29.11157004560544,162.93983261,4743.43435024524,0,0.0,0.0,True,train
2025-12-07 19:35:00+00:00,uniswap_v2,0xbb2b8038a1640196fbe3e38816f3e67cba72d940,29.142739519476525,73.09944575,2130.3181065103554,0,0.0,0.0,True,train
2025-12-07 19:36:00+00:00,sushiswap_v2,0xceff51756c56ceffca006cd410b03ffc46dd3a58,29.11157004560544,162.93983261,4743.43435024524,0,0.0,0.0,True,train
2025-12-07 19:36:00+00:00,uniswap_v2,0xbb2b8038a1640196fbe3e38816f3e67cba72d940,29.142739519476525,73.09944575,2130.3181065103554,0,0.0,0.0,True,train
2025-12-07 19:37:00+00:00,sushiswap_v2,0xceff51756c56ceffca006cd410b03ffc46dd3a58,29.11157004560544,162.93983261,4743.43435024524,0,0.0,0.0,True,train
2025-12-07 19:37:00+00:00,uniswap_v2,0xbb2b8038a1640196fbe3e38816f3e67cba72d940,29.142739519476525,73.09944575,2130.3181065103554,0,0.0,0.0,True,train
2025-12-07 19:38:00+00:00,sushiswap_v2,0xceff51756c56ceffca006cd410b03ffc46dd3a58,29.11157004560544,162.93983261,4743.43435024524,0,0.0,0.0,True,train
2025-12-07 19:38:00+00:00,uniswap_v2,0xbb2b8038a1640196fbe3e38816f3e67cba72d940,29.142739519476525,73.09944575,2130.3181065103554,0,0.0,0.0,True,train
2025-12-07 19:39:00+00:00,sushiswap_v2,0xceff51756c56ceffca006cd410b03ffc46dd3a58,29.11157004560544,162.93983261,4743.43435024524,0,0.0,0.0,True,train
2025-12-07 19:39:00+00:00,uniswap_v2,0xbb2b8038a1640196fbe3e38816f3e67cba72d940,29.142739519476525,73.09944575,2130.3181065103554,0,0.0,0.0,True,train
2025-12-07 19:40:00+00:00,sushiswap_v2,0xceff51756c56ceffca006cd410b03ffc46dd3a58,29.11157004560544,162.93983261,4743.43435024524,0,0.0,0.0,True,train
2025-12-07 19:40:00+00:00,uniswap_v2,0xbb2b8038a1640196fbe3e38816f3e67cba72d940,29.142739519476525,73.09944575,2130.3181065103554,0,0.0,0.0,True,train
2025-12-07 19:41:00+00:00,sushiswap_v2,0xceff51756c56ceffca006cd410b03ffc46dd3a58,29.11157004560544,162.93983261,4743.43435024524,0,0.0,0.0,True,train
2025-12-07 19:41:00+00:00,uniswap_v2,0xbb2b8038a1640196fbe3e38816f3e67cba72d940,29.142739519476525,73.09944575,2130.3181065103554,0,0.0,0.0,True,train
2025-12-07 19:42:00+00:00,sushiswap_v2,0xceff51756c56ceffca006cd410b03ffc46dd3a58,29.11157004560544,162.93983261,4743.43435024524,0,0.0,0.0,True,train
2025-12-07 19:42:00+00:00,uniswap_v2,0xbb2b8038a1640196fbe3e38816f3e67cba72d940,29.142739519476525,73.09944575,2130.3181065103554,0,0.0,0.0,True,train
2025-12-07 19:43:00+00:00,sushiswap_v2,0xceff51756c56ceffca006cd410b03ffc46dd3a58,29.11157004560544,162.93983261,4743.43435024524,0,0.0,0.0,True,train
2025-12-07 19:43:00+00:00,uniswap_v2,0xbb2b8038a1640196fbe3e38816f3e67cba72d940,29.142739519476525,73.09944575,2130.3181065103554,0,0.0,0.0,True,train
2025-12-07 19:44:00+00:00,sushiswap_v2,0xceff51756c56ceffca006cd410b03ffc46dd3a58,29.11157004560544,162.93983261,4743.43435024524,0,0.0,0.0,True,train
2025-12-07 19:44:00+00:00,uniswap_v2,0xbb2b8038a1640196fbe3e38816f3e67cba72d940,29.142739519476525,73.09944575,2130.3181065103554,0,0.0,0.0,True,train
2025-12-07 19:45:00+00:00,sushiswap_v2,0xceff51756c56ceffca006cd410b03ffc46dd3a58,29.11157004560544,162.93983261,4743.43435024524,0,0.0,0.0,True,train
2025-12-07 19:45:00+00:00,uniswap_v2,0xbb2b8038a1640196fbe3e38816f3e67cba72d940,29.142739519476525,73.09944575,2130.3181065103554,0,0.0,0.0,True,train
2025-12-07 19:46:00+00:00,sushiswap_v2,0xceff51756c56ceffca006cd410b03ffc46dd3a58,29.11157004560544,162.93983261,4743.43435024524,0,0.0,0.0,True,train
2025-12-07 19:46:00+00:00,uniswap_v2,0xbb2b8038a1640196fbe3e38816f3e67cba72d940,29.142739519476525,73.09944575,2130.3181065103554,0,0.0,0.0,True,train
2025-12-07 19:47:00+00:00,sushiswap_v2,0xceff51756c56ceffca006cd410b03ffc46dd3a58,29.11157004560544,162.93983261,4743.43435024524,0,0.0,0.0,True,train
2025-12-07 19:47:00+00:00,uniswap_v2,0xbb2b8038a1640196fbe3e38816f3e67cba72d940,29.142739519476525,73.09944575,2130.3181065103554,0,0.0,0.0,True,train
2025-12-07 19:48:00+00:00,sushiswap_v2,0xceff51756c56ceffca006cd410b03ffc46dd3a58,29.11157004560544,162.93983261,4743.43435024524,0,0.0,0.0,True,train
2025-12-07 19:48:00+00:00,uniswap_v2,0xbb2b8038a1640196fbe3e38816f3e67cba72d940,29.142739519476525,73.09944575,2130.3181065103554,0,0.0,0.0,True,train
2025-12-07 19:49:00+00:00,sushiswap_v2,0xceff51756c56ceffca006cd410b03ffc46dd3a58,29.11157004560544,162.93983261,4743.43435024524,0,0.0,0.0,True,train
2025-12-07 19:49:00+00:00,uniswap_v2,0xbb2b8038a1640196fbe3e38816f3e67cba72d940,29.142739519476525,73.09944575,2130.3181065103554,0,0.0,0.0,True,train
2025-12-07 19:50:00+00:00,sushiswap_v2,0xceff51756c56ceffca006cd410b03ffc46dd3a58,29.11157004560544,162.93983261,4743.43435024524,0,0.0,0.0,True,train
2025-12-07 19:50:00+00:00,uniswap_v2,0xbb2b8038a1640196fbe3e38816f3e67cba72d940,29.142739519476525,73.09944575,2130.3181065103554,0,0.0,0.0,True,train
2025-12-07 19:51:00+00:00,sushiswap_v2,0xceff51756c56ceffca006cd410b03ffc46dd3a58,29.11157004560544,162.93983261,4743.43435024524,0,0.0,0.0,True,train
2025-12-07 19:51:00+00:00,uniswap_v2,0xbb2b8038a1640196fbe3e38816f3e67cba72d940,29.142739519476525,73.09944575,2130.3181065103554,0,0.0,0.0,True,train
2025-12-07 19:52:00+00:00,sushiswap_v2,0xceff51756c56ceffca006cd410b03ffc46dd3a58,29.11157004560544,162.93983261,4743.43435024524,0,0.0,0.0,True,train
2025-12-07 19:52:00+00:00,uniswap_v2,0xbb2b8038a1640196fbe3e38816f3e67cba72d940,29.142739519476525,73.09944575,2130.3181065103554,0,0.0,0.0,True,train
2025-12-07 19:53:00+00:00,sushiswap_v2,0xceff51756c56ceffca006cd410b03ffc46dd3a58,29.11157004560544,162.93983261,4743.43435024524,0,0.0,0.0,True,train
2025-12-07 19:53:00+00:00,uniswap_v2,0xbb2b8038a1640196fbe3e38816f3e67cba72d940,29.142739519476525,73.09944575,2130.3181065103554,0,0.0,0.0,True,train
2025-12-07 19:54:00+00:00,sushiswap_v2,0xceff51756c56ceffca006cd410b03ffc46dd3a58,29.11157004560544,162.93983261,4743.43435024524,0,0.0,0.0,True,train
2025-12-07 19:54:00+00:00,uniswap_v2,0xbb2b8038a1640196fbe3e38816f3e67cba72d940,29.142739519476525,73.09944575,2130.3181065103554,0,0.0,0.0,True,train
2025-12-07 19:55:00+00:00,sushiswap_v2,0xceff51756c56ceffca006cd410b03ffc46dd3a58,29.11157004560544,162.93983261,4743.43435024524,0,0.0,0.0,True,train
2025-12-07 19:55:00+00:00,uniswap_v2,0xbb2b8038a1640196fbe3e38816f3e67cba72d940,29.142739519476525,73.09944575,2130.3181065103554,0,0.0,0.0,True,train
2025-12-07 19:56:00+00:00,sushiswap_v2,0xceff51756c56ceffca006cd410b03ffc46dd3a58,29.11157004560544,162.93983261,4743.43435024524,0,0.0,0.0,True,train
2025-12-07 19:56:00+00:00,uniswap_v2,0xbb2b8038a1640196fbe3e38816f3e67cba72d940,29.142739519476525,73.09944575,2130.3181065103554,0,0.0,0.0,True,train
2025-12-07 19:57:00+00:00,sushiswap_v2,0xceff51756c56ceffca006cd410b03ffc46dd3a58,29.11157004560544,162.93983261,4743.43435024524,0,0.0,0.0,True,train
2025-12-07 19:57:00+00:00,uniswap_v2,0xbb2b8038a1640196fbe3e38816f3e67cba72d940,29.142739519476525,73.09944575,2130.3181065103554,0,0.0,0.0,True,train
2025-12-07 19:58:00+00:00,sushiswap_v2,0xceff51756c56ceffca006cd410b03ffc46dd3a58,29.11157004560544,162.93983261,4743.43435024524,0,0.0,0.0,True,train
2025-12-07 19:58:00+00:00,uniswap_v2,0xbb2b8038a1640196fbe3e38816f3e67cba72d940,29.142739519476525,73.09944575,2130.3181065103554,0,0.0,0.0,True,train
2025-12-07 19:59:00+00:00,sushiswap_v2,0xceff51756c56ceffca006cd410b03ffc46dd3a58,29.11157004560544,162.93983261,4743.43435024524,0,0.0,0.0,True,train
2025-12-07 19:59:00+00:00,uniswap_v2,0xbb2b8038a1640196fbe3e38816f3e67cba72d940,29.142739519476525,73.09944575,2130.3181065103554,0,0.0,0.0,True,train
2025-12-07 20:00:00+00:00,sushiswap_v2,0xceff51756c56ceffca006cd410b03ffc46dd3a58,29.11157004560544,162.93983261,4743.43435024524,0,0.0,0.0,True,train
2025-12-07 20:00:00+00:00,uniswap_v2,0xbb2b8038a1640196fbe3e38816f3e67cba72d940,29.142739519476525,73.09944575,2130.3181065103554,0,0.0,0.0,True,train
2025-12-07 20:01:00+00:00,sushiswap_v2,0xceff51756c56ceffca006cd410b03ffc46dd3a58,29.11157004560544,162.93983261,4743.43435024524,0,0.0,0.0,True,train
2025-12-07 20:01:00+00:00,uniswap_v2,0xbb2b8038a1640196fbe3e38816f3e67cba72d940,29.142739519476525,73.09944575,2130.3181065103554,0,0.0,0.0,True,train
2025-12-07 20:02:00+00:00,sushiswap_v2,0xceff51756c56ceffca006cd410b03ffc46dd3a58,29.11157004560544,162.93983261,4743.43435024524,0,0.0,0.0,True,train
2025-12-07 20:02:00+00:00,uniswap_v2,0xbb2b8038a1640196fbe3e38816f3e67cba72d940,29.142739519476525,73.09944575,2130.3181065103554,0,0.0,0.0,True,train
2025-12-07 20:03:00+00:00,sushiswap_v2,0xceff51756c56ceffca006cd410b03ffc46dd3a58,29.11157004560544,162.93983261,4743.43435024524,0,0.0,0.0,True,train
2025-12-07 20:03:00+00:00,uniswap_v2,0xbb2b8038a1640196fbe3e38816f3e67cba72d940,29.142739519476525,73.09944575,2130.3181065103554,0,0.0,0.0,True,train
2025-12-07 20:04:00+00:00,sushiswap_v2,0xceff51756c56ceffca006cd410b03ffc46dd3a58,29.11157004560544,162.93983261,4743.43435024524,0,0.0,0.0,True,train
2025-12-07 20:04:00+00:00,uniswap_v2,0xbb2b8038a1640196fbe3e38816f3e67cba72d940,29.14273781571774,73.09944789,2130.318044331991,1,2.14e-06,6.2178364369142e-05,False,train
2025-12-07 20:05:00+00:00,sushiswap_v2,0xceff51756c56ceffca006cd410b03ffc46dd3a58,29.11157004560544,162.93983261,4743.43435024524,0,0.0,0.0,True,train
2025-12-07 20:05:00+00:00,uniswap_v2,0xbb2b8038a1640196fbe3e38816f3e67cba72d940,29.14273781571774,73.09944789,2130.318044331991,0,0.0,0.0,False,train
2025-12-07 20:06:00+00:00,sushiswap_v2,0xceff51756c56ceffca006cd410b03ffc46dd3a58,29.11157004560544,162.93983261,4743.43435024524,0,0.0,0.0,True,train
2025-12-07 20:06:00+00:00,uniswap_v2,0xbb2b8038a1640196fbe3e38816f3e67cba72d940,29.14273781571774,73.09944789,2130.318044331991,0,0.0,0.0,False,train
2025-12-07 20:07:00+00:00,sushiswap_v2,0xceff51756c56ceffca006cd410b03ffc46dd3a58,29.11157004560544,162.93983261,4743.43435024524,0,0.0,0.0,True,train
2025-12-07 20:07:00+00:00,uniswap_v2,0xbb2b8038a1640196fbe3e38816f3e67cba72d940,29.14273781571774,73.09944789,2130.318044331991,0,0.0,0.0,False,train
2025-12-07 20:08:00+00:00,sushiswap_v2,0xceff51756c56ceffca006cd410b03ffc46dd3a58,29.11157004560544,162.93983261,4743.43435024524,0,0.0,0.0,True,train
2025-12-07 20:08:00+00:00,uniswap_v2,0xbb2b8038a1640196fbe3e38816f3e67cba72d940,29.14273781571774,73.09944789,2130.318044331991,0,0.0,0.0,False,train
2025-12-07 20:09:00+00:00,sushiswap_v2,0xceff51756c56ceffca006cd410b03ffc46dd3a58,29.11157004560544,162.93983261,4743.43435024524,0,0.0,0.0,True,train
2025-12-07 20:09:00+00:00,uniswap_v2,0xbb2b8038a1640196fbe3e38816f3e67cba72d940,29.14273781571774,73.09944789,2130.318044331991,0,0.0,0.0,False,train
2025-12-07 20:10:00+00:00,sushiswap_v2,0xceff51756c56ceffca006cd410b03ffc46dd3a58,29.11157004560544,162.93983261,4743.43435024524,0,0.0,0.0,True,train
2025-12-07 20:10:00+00:00,uniswap_v2,0xbb2b8038a1640196fbe3e38816f3e67cba72d940,29.14273781571774,73.09944789,2130.318044331991,0,0.0,0.0,False,train
2025-12-07 20:11:00+00:00,sushiswap_v2,0xceff51756c56ceffca006cd410b03ffc46dd3a58,29.11157004560544,162.93983261,4743.43435024524,0,0.0,0.0,True,train
2025-12-07 20:11:00+00:00,uniswap_v2,0xbb2b8038a1640196fbe3e38816f3e67cba72d940,29.14273781571774,73.09944789,2130.318044331991,0,0.0,0.0,False,train
2025-12-07 20:12:00+00:00,sushiswap_v2,0xceff51756c56ceffca006cd410b03ffc46dd3a58,29.11157004560544,162.93983261,4743.43435024524,0,0.0,0.0,True,train
2025-12-07 20:12:00+00:00,uniswap_v2,0xbb2b8038a1640196fbe3e38816f3e67cba72d940,29.14273781571774,73.09944789,2130.318044331991,0,0.0,0.0,False,train
2025-12-07 20:13:00+00:00,sushiswap_v2,0xceff51756c56ceffca006cd410b03ffc46dd3a58,29.11157004560544,162.93983261,4743.43435024524,0,0.0,0.0,True,train
2025-12-07 20:13:00+00:00,uniswap_v2,0xbb2b8038a1640196fbe3e38816f3e67cba72d940,29.14273781571774,73.09944789,2130.318044331991,0,0.0,0.0,False,train
2025-12-07 20:14:00+00:00,sushiswap_v2,0xceff51756c56ceffca006cd410b03ffc46dd3a58,29.11157004560544,162.93983261,4743.43435024524,0,0.0,0.0,True,train
2025-12-07 20:14:00+00:00,uniswap_v2,0xbb2b8038a1640196fbe3e38816f3e67cba72d940,29.14273781571774,73.09944789,2130.318044331991,0,0.0,0.0,False,train
2025-12-07 20:15:00+00:00,sushiswap_v2,0xceff51756c56ceffca006cd410b03ffc46dd3a58,29.11157004560544,162.93983261,4743.43435024524,0,0.0,0.0,True,train
2025-12-07 20:15:00+00:00,uniswap_v2,0xbb2b8038a1640196fbe3e38816f3e67cba72d940,29.14273781571774,73.09944789,2130.318044331991,0,0.0,0.0,False,train
2025-12-07 20:16:00+00:00,sushiswap_v2,0xceff51756c56ceffca006cd410b03ffc46dd3a58,29.11157004560544,162.93983261,4743.43435024524,0,0.0,0.0,True,train
2025-12-07 20:16:00+00:00,uniswap_v2,0xbb2b8038a1640196fbe3e38816f3e67cba72d940,29.14273781571774,73.09944789,2130.318044331991,0,0.0,0.0,False,train
2025-12-07 20:17:00+00:00,sushiswap_v2,0xceff51756c56ceffca006cd410b03ffc46dd3a58,29.11157004560544,162.93983261,4743.43435024524,0,0.0,0.0,True,train
2025-12-07 20:17:00+00:00,uniswap_v2,0xbb2b8038a1640196fbe3e38816f3e67cba72d940,29.14273781571774,73.09944789,2130.318044331991,0,0.0,0.0,False,train
2025-12-07 20:18:00+00:00,sushiswap_v2,0xceff51756c56ceffca006cd410b03ffc46dd3a58,29.11157004560544,162.93983261,4743.43435024524,0,0.0,0.0,True,train
2025-12-07 20:18:00+00:00,uniswap_v2,0xbb2b8038a1640196fbe3e38816f3e67cba72d940,29.14273781571774,73.09944789,2130.318044331991,0,0.0,0.0,False,train
2025-12-07 20:19:00+00:00,sushiswap_v2,0xceff51756c56ceffca006cd410b03ffc46dd3a58,29.11157004560544,162.93983261,4743.43435024524,0,0.0,0.0,True,train
2025-12-07 20:19:00+00:00,uniswap_v2,0xbb2b8038a1640196fbe3e38816f3e67cba72d940,29.14273781571774,73.09944789,2130.318044331991,0,0.0,0.0,False,train
2025-12-07 20:20:00+00:00,sushiswap_v2,0xceff51756c56ceffca006cd410b03ffc46dd3a58,29.11157004560544,162.93983261,4743.43435024524,0,0.0,0.0,True,train
2025-12-07 20:20:00+00:00,uniswap_v2,0xbb2b8038a1640196fbe3e38816f3e67cba72d940,29.14273781571774,73.09944789,2130.318044331991,0,0.0,0.0,True,train
2025-12-07 20:21:00+00:00,sushiswap_v2,0xceff51756c56ceffca006cd410b03ffc46dd3a58,29.11157004560544,162.93983261,4743.43435024524,0,0.0,0.0,True,train
2025-12-07 20:21:00+00:00,uniswap_v2,0xbb2b8038a1640196fbe3e38816f3e67cba72d940,29.14273781571774,73.09944789,2130.318044331991,0,0.0,0.0,True,train
2025-12-07 20:22:00+00:00,sushiswap_v2,0xceff51756c56ceffca006cd410b03ffc46dd3a58,29.11157004560544,162.93983261,4743.43435024524,0,0.0,0.0,True,train
2025-12-07 20:22:00+00:00,uniswap_v2,0xbb2b8038a1640196fbe3e38816f3e67cba72d940,29.14273781571774,73.09944789,2130.318044331991,0,0.0,0.0,True,train
2025-12-07 20:23:00+00:00,sushiswap_v2,0xceff51756c56ceffca006cd410b03ffc46dd3a58,29.11157004560544,162.93983261,4743.43435024524,0,0.0,0.0,True,train
2025-12-07 20:23:00+00:00,uniswap_v2,0xbb2b8038a1640196fbe3e38816f3e67cba72d940,29.12562943978082,73.12094627,2129.6935853461437,1,0.02149838,0.6244589858473393,False,train
2025-12-07 20:24:00+00:00,sushiswap_v2,0xceff51756c56ceffca006cd410b03ffc46dd3a58,29.11157004560544,162.93983261,4743.43435024524,0,0.0,0.0,True,train
2025-12-07 20:24:00+00:00,uniswap_v2,0xbb2b8038a1640196fbe3e38816f3e67cba72d940,29.11664016316737,73.13224979,2129.3654014583026,1,0.01130352,0.32818388784075947,False,train
2025-12-07 20:25:00+00:00,sushiswap_v2,0xceff51756c56ceffca006cd410b03ffc46dd3a58,29.11157004560544,162.93983261,4743.43435024524,0,0.0,0.0,True,train
2025-12-07 20:25:00+00:00,uniswap_v2,0xbb2b8038a1640196fbe3e38816f3e67cba72d940,29.11664016316737,73.13224979,2129.3654014583026,0,0.0,0.0,False,train
2025-12-07 20:26:00+00:00,sushiswap_v2,0xceff51756c56ceffca006cd410b03ffc46dd3a58,29.11157004560544,162.93983261,4743.43435024524,0,0.0,0.0,True,train
2025-12-07 20:26:00+00:00,uniswap_v2,0xbb2b8038a1640196fbe3e38816f3e67cba72d940,29.11664016316737,73.13224979,2129.3654014583026,0,0.0,0.0,False,train
2025-12-07 20:27:00+00:00,sushiswap_v2,0xceff51756c56ceffca006cd410b03ffc46dd3a58,29.11157004560544,162.93983261,4743.43435024524,0,0.0,0.0,True,train
2025-12-07 20:27:00+00:00,uniswap_v2,0xbb2b8038a1640196fbe3e38816f3e67cba72d940,29.11664016316737,73.13224979,2129.3654014583026,0,0.0,0.0,False,train
2025-12-07 20:28:00+00:00,sushiswap_v2,0xceff51756c56ceffca006cd410b03ffc46dd3a58,29.11157004560544,162.93983261,4743.43435024524,0,0.0,0.0,True,train
2025-12-07 20:28:00+00:00,uniswap_v2,0xbb2b8038a1640196fbe3e38816f3e67cba72d940,29.11664016316737,73.13224979,2129.3654014583026,0,0.0,0.0,False,train
2025-12-07 20:29:00+00:00,sushiswap_v2,0xceff51756c56ceffca006cd410b03ffc46dd3a58,29.11157004560544,162.93983261,4743.43435024524,0,0.0,0.0,True,train
2025-12-07 20:29:00+00:00,uniswap_v2,0xbb2b8038a1640196fbe3e38816f3e67cba72d940,29.11664016316737,73.13224979,2129.3654014583026,0,0.0,0.0,False,train
2025-12-07 20:30:00+00:00,sushiswap_v2,0xceff51756c56ceffca006cd410b03ffc46dd3a58,29.11157004560544,162.93983261,4743.43435024524,0,0.0,0.0,True,train
2025-12-07 20:30:00+00:00,uniswap_v2,0xbb2b8038a1640196fbe3e38816f3e67cba72d940,29.11664016316737,73.13224979,2129.3654014583026,0,0.0,0.0,False,train
2025-12-07 20:31:00+00:00,sushiswap_v2,0xceff51756c56ceffca006cd410b03ffc46dd3a58,29.11157004560544,162.93983261,4743.43435024524,0,0.0,0.0,True,train
2025-12-07 20:31:00+00:00,uniswap_v2,0xbb2b8038a1640196fbe3e38816f3e67cba72d940,29.11664016316737,73.13224979,2129.3654014583026,0,0.0,0.0,False,train
2025-12-07 20:32:00+00:00,sushiswap_v2,0xceff51756c56ceffca006cd410b03ffc46dd3a58,29.11157004560544,162.93983261,4743.43435024524,0,0.0,0.0,True,train
2025-12-07 20:32:00+00:00,uniswap_v2,0xbb2b8038a1640196fbe3e38816f3e67cba72d940,29.11664016316737,73.13224979,2129.3654014583026,0,0.0,0.0,False,train
2025-12-07 20:33:00+00:00,sushiswap_v2,0xceff51756c56ceffca006cd410b03ffc46dd3a58,29.11157004560544,162.93983261,4743.43435024524,0,0.0,0.0,True,train
2025-12-07 20:33:00+00:00,uniswap_v2,0xbb2b8038a1640196fbe3e38816f3e67cba72d940,29.11664016316737,73.13224979,2129.3654014583026,0,0.0,0.0,False,train
2025-12-07 20:34:00+00:00,sushiswap_v2,0xceff51756c56ceffca006cd410b03ffc46dd3a58,29.11157004560544,162.93983261,4743.43435024524,0,0.0,0.0,True,train
2025-12-07 20:34:00+00:00,uniswap_v2,0xbb2b8038a1640196fbe3e38816f3e67cba72d940,29.11664016316737,73.13224979,2129.3654014583026,0,0.0,0.0,False,train
2025-12-07 20:35:00+00:00,sushiswap_v2,0xceff51756c56ceffca006cd410b03ffc46dd3a58,29.11157004560544,162.93983261,4743.43435024524,0,0.0,0.0,True,train
2025-12-07 20:35:00+00:00,uniswap_v2,0xbb2b8038a1640196fbe3e38816f3e67cba72d940,29.11664016316737,73.13224979,2129.3654014583026,0,0.0,0.0,False,train
2025-12-07 20:36:00+00:00,sushiswap_v2,0xceff51756c56ceffca006cd410b03ffc46dd3a58,29.11157004560544,162.93983261,4743.43435024524,0,0.0,0.0,True,train
2025-12-07 20:36:00+00:00,uniswap_v2,0xbb2b8038a1640196fbe3e38816f3e67cba72d940,29.11664016316737,73.13224979,2129.3654014583026,0,0.0,0.0,False,train
2025-12-07 20:37:00+00:00,sushiswap_v2,0xceff51756c56ceffca006cd410b03ffc46dd3a58,29.11157004560544,162.93983261,4743.43435024524,0,0.0,0.0,True,train
2025-12-07 20:37:00+00:00,uniswap_v2,0xbb2b8038a1640196fbe3e38816f3e67cba72d940,29.11664016316737,73.13224979,2129.3654014583026,0,0.0,0.0,False,train
2025-12-07 20:38:00+00:00,sushiswap_v2,0xceff51756c56ceffca006cd410b03ffc46dd3a58,29.11157004560544,162.93983261,4743.43435024524,0,0.0,0.0,True,train
2025-12-07 20:38:00+00:00,uniswap_v2,0xbb2b8038a1640196fbe3e38816f3e67cba72d940,29.11664016316737,73.13224979,2129.3654014583026,0,0.0,0.0,False,train
2025-12-07 20:39:00+00:00,sushiswap_v2,0xceff51756c56ceffca006cd410b03ffc46dd3a58,29.11157004560544,162.93983261,4743.43435024524,0,0.0,0.0,True,train
2025-12-07 20:39:00+00:00,uniswap_v2,0xbb2b8038a1640196fbe3e38816f3e67cba72d940,29.11664016316737,73.13224979,2129.3654014583026,0,0.0,0.0,False,train
2025-12-07 20:40:00+00:00,sushiswap_v2,0xceff51756c56ceffca006cd410b03ffc46dd3a58,29.11157004560544,162.93983261,4743.43435024524,0,0.0,0.0,True,train
2025-12-07 20:40:00+00:00,uniswap_v2,0xbb2b8038a1640196fbe3e38816f3e67cba72d940,29.11664016316737,73.13224979,2129.3654014583026,0,0.0,0.0,True,train
2025-12-07 20:41:00+00:00,sushiswap_v2,0xceff51756c56ceffca006cd410b03ffc46dd3a58,29.11157004560544,162.93983261,4743.43435024524,0,0.0,0.0,True,train
2025-12-07 20:41:00+00:00,uniswap_v2,0xbb2b8038a1640196fbe3e38816f3e67cba72d940,29.11664016316737,73.13224979,2129.3654014583026,0,0.0,0.0,True,train
2025-12-07 20:42:00+00:00,sushiswap_v2,0xceff51756c56ceffca006cd410b03ffc46dd3a58,29.11157004560544,162.93983261,4743.43435024524,0,0.0,0.0,True,train
2025-12-07 20:42:00+00:00,uniswap_v2,0xbb2b8038a1640196fbe3e38816f3e67cba72d940,29.11664016316737,73.13224979,2129.3654014583026,0,0.0,0.0,True,train
2025-12-07 20:43:00+00:00,sushiswap_v2,0xceff51756c56ceffca006cd410b03ffc46dd3a58,29.11157004560544,162.93983261,4743.43435024524,0,0.0,0.0,True,train
2025-12-07 20:43:00+00:00,uniswap_v2,0xbb2b8038a1640196fbe3e38816f3e67cba72d940,29.11664016316737,73.13224979,2129.3654014583026,0,0.0,0.0,True,train
2025-12-07 20:44:00+00:00,sushiswap_v2,0xceff51756c56ceffca006cd410b03ffc46dd3a58,29.11157004560544,162.93983261,4743.43435024524,0,0.0,0.0,True,train
2025-12-07 20:44:00+00:00,uniswap_v2,0xbb2b8038a1640196fbe3e38816f3e67cba72d940,29.11664016316737,73.13224979,2129.3654014583026,0,0.0,0.0,True,train
2025-12-07 20:45:00+00:00,sushiswap_v2,0xceff51756c56ceffca006cd410b03ffc46dd3a58,29.11157004560544,162.93983261,4743.43435024524,0,0.0,0.0,True,train
2025-12-07 20:45:00+00:00,uniswap_v2,0xbb2b8038a1640196fbe3e38816f3e67cba72d940,29.11664016316737,73.13224979,2129.3654014583026,0,0.0,0.0,True,train
2025-12-07 20:46:00+00:00,sushiswap_v2,0xceff51756c56ceffca006cd410b03ffc46dd3a58,29.11157004560544,162.93983261,4743.43435024524,0,0.0,0.0,True,train
2025-12-07 20:46:00+00:00,uniswap_v2,0xbb2b8038a1640196fbe3e38816f3e67cba72d940,29.11664016316737,73.13224979,2129.3654014583026,0,0.0,0.0,True,train
2025-12-07 20:47:00+00:00,sushiswap_v2,0xceff51756c56ceffca006cd410b03ffc46dd3a58,29.11157004560544,162.93983261,4743.43435024524,0,0.0,0.0,True,train
2025-12-07 20:47:00+00:00,uniswap_v2,0xbb2b8038a1640196fbe3e38816f3e67cba72d940,29.11664016316737,73.13224979,2129.3654014583026,0,0.0,0.0,True,train
2025-12-07 20:48:00+00:00,sushiswap_v2,0xceff51756c56ceffca006cd410b03ffc46dd3a58,29.11157004560544,162.93983261,4743.43435024524,0,0.0,0.0,True,train
2025-12-07 20:48:00+00:00,uniswap_v2,0xbb2b8038a1640196fbe3e38816f3e67cba72d940,29.11664016316737,73.13224979,2129.3654014583026,0,0.0,0.0,True,train
2025-12-07 20:49:00+00:00,sushiswap_v2,0xceff51756c56ceffca006cd410b03ffc46dd3a58,29.11157004560544,162.93983261,4743.43435024524,0,0.0,0.0,True,train
2025-12-07 20:49:00+00:00,uniswap_v2,0xbb2b8038a1640196fbe3e38816f3e67cba72d940,29.11664016316737,73.13224979,2129.3654014583026,0,0.0,0.0,True,train
2025-12-07 20:50:00+00:00,sushiswap_v2,0xceff51756c56ceffca006cd410b03ffc46dd3a58,29.11157004560544,162.93983261,4743.43435024524,0,0.0,0.0,True,train
2025-12-07 20:50:00+00:00,uniswap_v2,0xbb2b8038a1640196fbe3e38816f3e67cba72d940,29.11664016316737,73.13224979,2129.3654014583026,0,0.0,0.0,True,train
2025-12-07 20:51:00+00:00,sushiswap_v2,0xceff51756c56ceffca006cd410b03ffc46dd3a58,29.11157004560544,162.93983261,4743.43435024524,0,0.0,0.0,True,train
2025-12-07 20:51:00+00:00,uniswap_v2,0xbb2b8038a1640196fbe3e38816f3e67cba72d940,29.11664016316737,73.13224979,2129.3654014583026,0,0.0,0.0,True,train
2025-12-07 20:52:00+00:00,sushiswap_v2,0xceff51756c56ceffca006cd410b03ffc46dd3a58,29.11157004560544,162.93983261,4743.43435024524,0,0.0,0.0,True,train
2025-12-07 20:52:00+00:00,uniswap_v2,0xbb2b8038a1640196fbe3e38816f3e67cba72d940,29.11664016316737,73.13224979,2129.3654014583026,0,0.0,0.0,True,train
2025-12-07 20:53:00+00:00,sushiswap_v2,0xceff51756c56ceffca006cd410b03ffc46dd3a58,29.11157004560544,162.93983261,4743.43435024524,0,0.0,0.0,True,train
2025-12-07 20:53:00+00:00,uniswap_v2,0xbb2b8038a1640196fbe3e38816f3e67cba72d940,29.11664016316737,73.13224979,2129.3654014583026,0,0.0,0.0,True,train
2025-12-07 20:54:00+00:00,sushiswap_v2,0xceff51756c56ceffca006cd410b03ffc46dd3a58,29.11157004560544,162.93983261,4743.43435024524,0,0.0,0.0,True,train
2025-12-07 20:54:00+00:00,uniswap_v2,0xbb2b8038a1640196fbe3e38816f3e67cba72d940,29.11664016316737,73.13224979,2129.3654014583026,0,0.0,0.0,True,train
2025-12-07 20:55:00+00:00,sushiswap_v2,0xceff51756c56ceffca006cd410b03ffc46dd3a58,29.11157004560544,162.93983261,4743.43435024524,0,0.0,0.0,True,train
2025-12-07 20:55:00+00:00,uniswap_v2,0xbb2b8038a1640196fbe3e38816f3e67cba72d940,29.11664016316737,73.13224979,2129.3654014583026,0,0.0,0.0,True,train
2025-12-07 20:56:00+00:00,sushiswap_v2,0xceff51756c56ceffca006cd410b03ffc46dd3a58,29.11157004560544,162.93983261,4743.43435024524,0,0.0,0.0,True,train
2025-12-07 20:56:00+00:00,uniswap_v2,0xbb2b8038a1640196fbe3e38816f3e67cba72d940,29.11664016316737,73.13224979,2129.3654014583026,0,0.0,0.0,True,train
2025-12-07 20:57:00+00:00,sushiswap_v2,0xceff51756c56ceffca006cd410b03ffc46dd3a58,29.11157004560544,162.93983261,4743.43435024524,0,0.0,0.0,True,train
2025-12-07 20:57:00+00:00,uniswap_v2,0xbb2b8038a1640196fbe3e38816f3e67cba72d940,29.11664016316737,73.13224979,2129.3654014583026,0,0.0,0.0,True,train
2025-12-07 20:58:00+00:00,sushiswap_v2,0xceff51756c56ceffca006cd410b03ffc46dd3a58,29.11157004560544,162.93983261,4743.43435024524,0,0.0,0.0,True,train
2025-12-07 20:58:00+00:00,uniswap_v2,0xbb2b8038a1640196fbe3e38816f3e67cba72d940,29.11664016316737,73.13224979,2129.3654014583026,0,0.0,0.0,True,train
2025-12-07 20:59:00+00:00,sushiswap_v2,0xceff51756c56ceffca006cd410b03ffc46dd3a58,29.11157004560544,162.93983261,4743.43435024524,0,0.0,0.0,True,train
2025-12-07 20:59:00+00:00,uniswap_v2,0xbb2b8038a1640196fbe3e38816f3e67cba72d940,29.11664016316737,73.13224979,2129.3654014583026,0,0.0,0.0,True,train
2025-12-07 21:00:00+00:00,sushiswap_v2,0xceff51756c56ceffca006cd410b03ffc46dd3a58,29.11157004560544,162.93983261,4743.43435024524,0,0.0,0.0,True,train
2025-12-07 21:00:00+00:00,uniswap_v2,0xbb2b8038a1640196fbe3e38816f3e67cba72d940,29.11664016316737,73.13224979,2129.3654014583026,0,0.0,0.0,True,train
2025-12-07 21:01:00+00:00,sushiswap_v2,0xceff51756c56ceffca006cd410b03ffc46dd3a58,29.11157004560544,162.93983261,4743.43435024524,0,0.0,0.0,True,train
2025-12-07 21:01:00+00:00,uniswap_v2,0xbb2b8038a1640196fbe3e38816f3e67cba72d940,29.11664016316737,73.13224979,2129.3654014583026,0,0.0,0.0,True,train
2025-12-07 21:02:00+00:00,sushiswap_v2,0xceff51756c56ceffca006cd410b03ffc46dd3a58,29.11157004560544,162.93983261,4743.43435024524,0,0.0,0.0,True,train
2025-12-07 21:02:00+00:00,uniswap_v2,0xbb2b8038a1640196fbe3e38816f3e67cba72d940,29.11664016316737,73.13224979,2129.3654014583026,0,0.0,0.0,True,train
2025-12-07 21:03:00+00:00,sushiswap_v2,0xceff51756c56ceffca006cd410b03ffc46dd3a58,29.11157004560544,162.93983261,4743.43435024524,0,0.0,0.0,True,train
2025-12-07 21:03:00+00:00,uniswap_v2,0xbb2b8038a1640196fbe3e38816f3e67cba72d940,29.11664016316737,73.13224979,2129.3654014583026,0,0.0,0.0,True,train
2025-12-07 21:04:00+00:00,sushiswap_v2,0xceff51756c56ceffca006cd410b03ffc46dd3a58,29.11157004560544,162.93983261,4743.43435024524,0,0.0,0.0,True,train
2025-12-07 21:04:00+00:00,uniswap_v2,0xbb2b8038a1640196fbe3e38816f3e67cba72d940,29.11664016316737,73.13224979,2129.3654014583026,0,0.0,0.0,True,train
2025-12-07 21:05:00+00:00,sushiswap_v2,0xceff51756c56ceffca006cd410b03ffc46dd3a58,29.11157004560544,162.93983261,4743.43435024524,0,0.0,0.0,True,train
2025-12-07 21:05:00+00:00,uniswap_v2,0xbb2b8038a1640196fbe3e38816f3e67cba72d940,29.11664016316737,73.13224979,2129.3654014583026,0,0.0,0.0,True,train
2025-12-07 21:06:00+00:00,sushiswap_v2,0xceff51756c56ceffca006cd410b03ffc46dd3a58,29.11157004560544,162.93983261,4743.43435024524,0,0.0,0.0,True,train
2025-12-07 21:06:00+00:00,uniswap_v2,0xbb2b8038a1640196fbe3e38816f3e67cba72d940,29.11664016316737,73.13224979,2129.3654014583026,0,0.0,0.0,True,train
2025-12-07 21:07:00+00:00,sushiswap_v2,0xceff51756c56ceffca006cd410b03ffc46dd3a58,29.11157004560544,162.93983261,4743.43435024524,0,0.0,0.0,True,train
2025-12-07 21:07:00+00:00,uniswap_v2,0xbb2b8038a1640196fbe3e38816f3e67cba72d940,29.11664016316737,73.13224979,2129.3654014583026,0,0.0,0.0,True,train
2025-12-07 21:08:00+00:00,sushiswap_v2,0xceff51756c56ceffca006cd410b03ffc46dd3a58,29.11157004560544,162.93983261,4743.43435024524,0,0.0,0.0,True,train
2025-12-07 21:08:00+00:00,uniswap_v2,0xbb2b8038a1640196fbe3e38816f3e67cba72d940,29.11664016316737,73.13224979,2129.3654014583026,0,0.0,0.0,True,train
2025-12-07 21:09:00+00:00,sushiswap_v2,0xceff51756c56ceffca006cd410b03ffc46dd3a58,29.11157004560544,162.93983261,4743.43435024524,0,0.0,0.0,True,train
2025-12-07 21:09:00+00:00,uniswap_v2,0xbb2b8038a1640196fbe3e38816f3e67cba72d940,29.11664016316737,73.13224979,2129.3654014583026,0,0.0,0.0,True,train
2025-12-07 21:10:00+00:00,sushiswap_v2,0xceff51756c56ceffca006cd410b03ffc46dd3a58,29.11157004560544,162.93983261,4743.43435024524,0,0.0,0.0,True,train
2025-12-07 21:10:00+00:00,uniswap_v2,0xbb2b8038a1640196fbe3e38816f3e67cba72d940,29.11664016316737,73.13224979,2129.3654014583026,0,0.0,0.0,True,train
2025-12-07 21:11:00+00:00,sushiswap_v2,0xceff51756c56ceffca006cd410b03ffc46dd3a58,29.11157004560544,162.93983261,4743.43435024524,0,0.0,0.0,True,train
2025-12-07 21:11:00+00:00,uniswap_v2,0xbb2b8038a1640196fbe3e38816f3e67cba72d940,29.11664016316737,73.13224979,2129.3654014583026,0,0.0,0.0,True,train
2025-12-07 21:12:00+00:00,sushiswap_v2,0xceff51756c56ceffca006cd410b03ffc46dd3a58,29.11157004560544,162.93983261,4743.43435024524,0,0.0,0.0,True,train
2025-12-07 21:12:00+00:00,uniswap_v2,0xbb2b8038a1640196fbe3e38816f3e67cba72d940,29.11664016316737,73.13224979,2129.3654014583026,0,0.0,0.0,True,train
2025-12-07 21:13:00+00:00,sushiswap_v2,0xceff51756c56ceffca006cd410b03ffc46dd3a58,29.11157004560544,162.93983261,4743.43435024524,0,0.0,0.0,True,train
2025-12-07 21:13:00+00:00,uniswap_v2,0xbb2b8038a1640196fbe3e38816f3e67cba72d940,29.11664016316737,73.13224979,2129.3654014583026,0,0.0,0.0,True,train
2025-12-07 21:14:00+00:00,sushiswap_v2,0xceff51756c56ceffca006cd410b03ffc46dd3a58,29.11157004560544,162.93983261,4743.43435024524,0,0.0,0.0,True,train
2025-12-07 21:14:00+00:00,uniswap_v2,0xbb2b8038a1640196fbe3e38816f3e67cba72d940,29.11664016316737,73.13224979,2129.3654014583026,0,0.0,0.0,True,train
2025-12-07 21:15:00+00:00,sushiswap_v2,0xceff51756c56ceffca006cd410b03ffc46dd3a58,29.11157004560544,162.93983261,4743.43435024524,0,0.0,0.0,True,train
2025-12-07 21:15:00+00:00,uniswap_v2,0xbb2b8038a1640196fbe3e38816f3e67cba72d940,29.11664016316737,73.13224979,2129.3654014583026,0,0.0,0.0,True,train
2025-12-07 21:16:00+00:00,sushiswap_v2,0xceff51756c56ceffca006cd410b03ffc46dd3a58,29.11157004560544,162.93983261,4743.43435024524,0,0.0,0.0,True,train
2025-12-07 21:16:00+00:00,uniswap_v2,0xbb2b8038a1640196fbe3e38816f3e67cba72d940,29.11664016316737,73.13224979,2129.3654014583026,0,0.0,0.0,True,train
2025-12-07 21:17:00+00:00,sushiswap_v2,0xceff51756c56ceffca006cd410b03ffc46dd3a58,29.11157004560544,162.93983261,4743.43435024524,0,0.0,0.0,True,train
2025-12-07 21:17:00+00:00,uniswap_v2,0xbb2b8038a1640196fbe3e38816f3e67cba72d940,29.11664016316737,73.13224979,2129.3654014583026,0,0.0,0.0,True,train
2025-12-07 21:18:00+00:00,sushiswap_v2,0xceff51756c56ceffca006cd410b03ffc46dd3a58,29.11157004560544,162.93983261,4743.43435024524,0,0.0,0.0,True,train
2025-12-07 21:18:00+00:00,uniswap_v2,0xbb2b8038a1640196fbe3e38816f3e67cba72d940,29.11664016316737,73.13224979,2129.3654014583026,0,0.0,0.0,True,train
2025-12-07 21:19:00+00:00,sushiswap_v2,0xceff51756c56ceffca006cd410b03ffc46dd3a58,29.11157004560544,162.93983261,4743.43435024524,0,0.0,0.0,True,train
2025-12-07 21:19:00+00:00,uniswap_v2,0xbb2b8038a1640196fbe3e38816f3e67cba72d940,29.11664016316737,73.13224979,2129.3654014583026,0,0.0,0.0,True,train
2025-12-07 21:20:00+00:00,sushiswap_v2,0xceff51756c56ceffca006cd410b03ffc46dd3a58,29.11157004560544,162.93983261,4743.43435024524,0,0.0,0.0,True,train
2025-12-07 21:20:00+00:00,uniswap_v2,0xbb2b8038a1640196fbe3e38816f3e67cba72d940,29.11664016316737,73.13224979,2129.3654014583026,0,0.0,0.0,True,train
2025-12-07 21:21:00+00:00,sushiswap_v2,0xceff51756c56ceffca006cd410b03ffc46dd3a58,29.11157004560544,162.93983261,4743.43435024524,0,0.0,0.0,True,train
2025-12-07 21:21:00+00:00,uniswap_v2,0xbb2b8038a1640196fbe3e38816f3e67cba72d940,29.11664016316737,73.13224979,2129.3654014583026,0,0.0,0.0,True,train
2025-12-07 21:22:00+00:00,sushiswap_v2,0xceff51756c56ceffca006cd410b03ffc46dd3a58,29.11157004560544,162.93983261,4743.43435024524,0,0.0,0.0,True,train
2025-12-07 21:22:00+00:00,uniswap_v2,0xbb2b8038a1640196fbe3e38816f3e67cba72d940,29.11664016316737,73.13224979,2129.3654014583026,0,0.0,0.0,True,train
2025-12-07 21:23:00+00:00,sushiswap_v2,0xceff51756c56ceffca006cd410b03ffc46dd3a58,29.11157004560544,162.93983261,4743.43435024524,0,0.0,0.0,True,train
2025-12-07 21:23:00+00:00,uniswap_v2,0xbb2b8038a1640196fbe3e38816f3e67cba72d940,29.11664016316737,73.13224979,2129.3654014583026,0,0.0,0.0,True,train
2025-12-07 21:24:00+00:00,sushiswap_v2,0xceff51756c56ceffca006cd410b03ffc46dd3a58,29.11157004560544,162.93983261,4743.43435024524,0,0.0,0.0,True,train
2025-12-07 21:24:00+00:00,uniswap_v2,0xbb2b8038a1640196fbe3e38816f3e67cba72d940,29.11664016316737,73.13224979,2129.3654014583026,0,0.0,0.0,True,train
2025-12-07 21:25:00+00:00,sushiswap_v2,0xceff51756c56ceffca006cd410b03ffc46dd3a58,29.11157004560544,162.93983261,4743.43435024524,0,0.0,0.0,True,train
2025-12-07 21:25:00+00:00,uniswap_v2,0xbb2b8038a1640196fbe3e38816f3e67cba72d940,29.11664016316737,73.13224979,2129.3654014583026,0,0.0,0.0,True,train
2025-12-07 21:26:00+00:00,sushiswap_v2,0xceff51756c56ceffca006cd410b03ffc46dd3a58,29.11157004560544,162.93983261,4743.43435024524,0,0.0,0.0,True,train
2025-12-07 21:26:00+00:00,uniswap_v2,0xbb2b8038a1640196fbe3e38816f3e67cba72d940,29.11645175416454,73.13248676,2129.3585224096173,1,0.00023697,0.006879048685536695,False,train
2025-12-07 21:27:00+00:00,sushiswap_v2,0xceff51756c56ceffca006cd410b03ffc46dd3a58,29.11157004560544,162.93983261,4743.43435024524,0,0.0,0.0,True,train
2025-12-07 21:27:00+00:00,uniswap_v2,0xbb2b8038a1640196fbe3e38816f3e67cba72d940,29.11645175416454,73.13248676,2129.3585224096173,0,0.0,0.0,False,train
2025-12-07 21:28:00+00:00,sushiswap_v2,0xceff51756c56ceffca006cd410b03ffc46dd3a58,29.11157004560544,162.93983261,4743.43435024524,0,0.0,0.0,True,train
2025-12-07 21:28:00+00:00,uniswap_v2,0xbb2b8038a1640196fbe3e38816f3e67cba72d940,29.11645175416454,73.13248676,2129.3585224096173,0,0.0,0.0,False,train
2025-12-07 21:29:00+00:00,sushiswap_v2,0xceff51756c56ceffca006cd410b03ffc46dd3a58,29.11157004560544,162.93983261,4743.43435024524,0,0.0,0.0,True,train
2025-12-07 21:29:00+00:00,uniswap_v2,0xbb2b8038a1640196fbe3e38816f3e67cba72d940,29.11645175416454,73.13248676,2129.3585224096173,0,0.0,0.0,False,train
2025-12-07 21:30:00+00:00,sushiswap_v2,0xceff51756c56ceffca006cd410b03ffc46dd3a58,29.11157004560544,162.93983261,4743.43435024524,0,0.0,0.0,True,train
2025-12-07 21:30:00+00:00,uniswap_v2,0xbb2b8038a1640196fbe3e38816f3e67cba72d940,29.11645175416454,73.13248676,2129.3585224096173,0,0.0,0.0,False,train
2025-12-07 21:31:00+00:00,sushiswap_v2,0xceff51756c56ceffca006cd410b03ffc46dd3a58,29.11157004560544,162.93983261,4743.43435024524,0,0.0,0.0,True,train
2025-12-07 21:31:00+00:00,uniswap_v2,0xbb2b8038a1640196fbe3e38816f3e67cba72d940,29.11645175416454,73.13248676,2129.3585224096173,0,0.0,0.0,False,train
2025-12-07 21:32:00+00:00,sushiswap_v2,0xceff51756c56ceffca006cd410b03ffc46dd3a58,29.11157004560544,162.93983261,4743.43435024524,0,0.0,0.0,True,train
2025-12-07 21:32:00+00:00,uniswap_v2,0xbb2b8038a1640196fbe3e38816f3e67cba72d940,29.11645175416454,73.13248676,2129.3585224096173,0,0.0,0.0,False,train
2025-12-07 21:33:00+00:00,sushiswap_v2,0xceff51756c56ceffca006cd410b03ffc46dd3a58,29.11157004560544,162.93983261,4743.43435024524,0,0.0,0.0,True,train
2025-12-07 21:33:00+00:00,uniswap_v2,0xbb2b8038a1640196fbe3e38816f3e67cba72d940,29.11645175416454,73.13248676,2129.3585224096173,0,0.0,0.0,False,train
2025-12-07 21:34:00+00:00,sushiswap_v2,0xceff51756c56ceffca006cd410b03ffc46dd3a58,29.11157004560544,162.93983261,4743.43435024524,0,0.0,0.0,True,train
2025-12-07 21:34:00+00:00,uniswap_v2,0xbb2b8038a1640196fbe3e38816f3e67cba72d940,29.11645175416454,73.13248676,2129.3585224096173,0,0.0,0.0,False,train
2025-12-07 21:35:00+00:00,sushiswap_v2,0xceff51756c56ceffca006cd410b03ffc46dd3a58,29.11157004560544,162.93983261,4743.43435024524,0,0.0,0.0,True,train
2025-12-07 21:35:00+00:00,uniswap_v2,0xbb2b8038a1640196fbe3e38816f3e67cba72d940,29.11645175416454,73.13248676,2129.3585224096173,0,0.0,0.0,False,train
2025-12-07 21:36:00+00:00,sushiswap_v2,0xceff51756c56ceffca006cd410b03ffc46dd3a58,29.11157004560544,162.93983261,4743.43435024524,0,0.0,0.0,True,train
2025-12-07 21:36:00+00:00,uniswap_v2,0xbb2b8038a1640196fbe3e38816f3e67cba72d940,29.11645175416454,73.13248676,2129.3585224096173,0,0.0,0.0,False,train
2025-12-07 21:37:00+00:00,sushiswap_v2,0xceff51756c56ceffca006cd410b03ffc46dd3a58,29.11157004560544,162.93983261,4743.43435024524,0,0.0,0.0,True,train
2025-12-07 21:37:00+00:00,uniswap_v2,0xbb2b8038a1640196fbe3e38816f3e67cba72d940,29.11645175042843,73.13248677,2129.3585224275503,0,0.0,0.0,False,train
2025-12-07 21:38:00+00:00,sushiswap_v2,0xceff51756c56ceffca006cd410b03ffc46dd3a58,29.11157004560544,162.93983261,4743.43435024524,0,0.0,0.0,True,train
2025-12-07 21:38:00+00:00,uniswap_v2,0xbb2b8038a1640196fbe3e38816f3e67cba72d940,29.11645175042843,73.13248677,2129.3585224275503,0,0.0,0.0,False,train
2025-12-07 21:39:00+00:00,sushiswap_v2,0xceff51756c56ceffca006cd410b03ffc46dd3a58,29.11157004560544,162.93983261,4743.43435024524,0,0.0,0.0,True,train
2025-12-07 21:39:00+00:00,uniswap_v2,0xbb2b8038a1640196fbe3e38816f3e67cba72d940,29.11645175042843,73.13248677,2129.3585224275503,0,0.0,0.0,False,train
2025-12-07 21:40:00+00:00,sushiswap_v2,0xceff51756c56ceffca006cd410b03ffc46dd3a58,29.11157004560544,162.93983261,4743.43435024524,0,0.0,0.0,True,train
2025-12-07 21:40:00+00:00,uniswap_v2,0xbb2b8038a1640196fbe3e38816f3e67cba72d940,29.11645175042843,73.13248677,2129.3585224275503,0,0.0,0.0,False,train
2025-12-07 21:41:00+00:00,sushiswap_v2,0xceff51756c56ceffca006cd410b03ffc46dd3a58,29.11157004560544,162.93983261,4743.43435024524,0,0.0,0.0,True,train
2025-12-07 21:41:00+00:00,uniswap_v2,0xbb2b8038a1640196fbe3e38816f3e67cba72d940,29.11645175042843,73.13248677,2129.3585224275503,0,0.0,0.0,False,train
2025-12-07 21:42:00+00:00,sushiswap_v2,0xceff51756c56ceffca006cd410b03ffc46dd3a58,29.11157004560544,162.93983261,4743.43435024524,0,0.0,0.0,True,train
2025-12-07 21:42:00+00:00,uniswap_v2,0xbb2b8038a1640196fbe3e38816f3e67cba72d940,29.11645175042843,73.13248677,2129.3585224275503,0,0.0,0.0,False,train
2025-12-07 21:43:00+00:00,sushiswap_v2,0xceff51756c56ceffca006cd410b03ffc46dd3a58,29.11157004560544,162.93983261,4743.43435024524,0,0.0,0.0,True,train
2025-12-07 21:43:00+00:00,uniswap_v2,0xbb2b8038a1640196fbe3e38816f3e67cba72d940,29.11645175042843,73.13248677,2129.3585224275503,0,0.0,0.0,False,train
2025-12-07 21:44:00+00:00,sushiswap_v2,0xceff51756c56ceffca006cd410b03ffc46dd3a58,29.11157004560544,162.93983261,4743.43435024524,0,0.0,0.0,True,train
2025-12-07 21:44:00+00:00,uniswap_v2,0xbb2b8038a1640196fbe3e38816f3e67cba72d940,29.11645175042843,73.13248677,2129.3585224275503,0,0.0,0.0,False,train
2025-12-07 21:45:00+00:00,sushiswap_v2,0xceff51756c56ceffca006cd410b03ffc46dd3a58,29.11157004560544,162.93983261,4743.43435024524,0,0.0,0.0,True,train
2025-12-07 21:45:00+00:00,uniswap_v2,0xbb2b8038a1640196fbe3e38816f3e67cba72d940,29.11645175042843,73.13248677,2129.3585224275503,0,0.0,0.0,False,train
2025-12-07 21:46:00+00:00,sushiswap_v2,0xceff51756c56ceffca006cd410b03ffc46dd3a58,29.11157004560544,162.93983261,4743.43435024524,0,0.0,0.0,True,train
2025-12-07 21:46:00+00:00,uniswap_v2,0xbb2b8038a1640196fbe3e38816f3e67cba72d940,29.11645175042843,73.13248677,2129.3585224275503,0,0.0,0.0,False,train
2025-12-07 21:47:00+00:00,sushiswap_v2,0xceff51756c56ceffca006cd410b03ffc46dd3a58,29.11157004560544,162.93983261,4743.43435024524,0,0.0,0.0,True,train
2025-12-07 21:47:00+00:00,uniswap_v2,0xbb2b8038a1640196fbe3e38816f3e67cba72d940,29.11645175042843,73.13248677,2129.3585224275503,0,0.0,0.0,False,train
2025-12-07 21:48:00+00:00,sushiswap_v2,0xceff51756c56ceffca006cd410b03ffc46dd3a58,29.11157004560544,162.93983261,4743.43435024524,0,0.0,0.0,True,train
2025-12-07 21:48:00+00:00,uniswap_v2,0xbb2b8038a1640196fbe3e38816f3e67cba72d940,29.11645175042843,73.13248677,2129.3585224275503,0,0.0,0.0,False,train
2025-12-07 21:49:00+00:00,sushiswap_v2,0xceff51756c56ceffca006cd410b03ffc46dd3a58,29.11157004560544,162.93983261,4743.43435024524,0,0.0,0.0,True,train
2025-12-07 21:49:00+00:00,uniswap_v2,0xbb2b8038a1640196fbe3e38816f3e67cba72d940,29.11645175042843,73.13248677,2129.3585224275503,0,0.0,0.0,False,train
2025-12-07 21:50:00+00:00,sushiswap_v2,0xceff51756c56ceffca006cd410b03ffc46dd3a58,29.13149407202204,162.88418671,4745.059719568496,1,0.0556459,1.6253693232562276,False,train
2025-12-07 21:50:00+00:00,uniswap_v2,0xbb2b8038a1640196fbe3e38816f3e67cba72d940,29.12950712824442,73.11612115,2129.8365722285075,1,0.01636562,0.478049800957714,False,train
2025-12-07 21:51:00+00:00,sushiswap_v2,0xceff51756c56ceffca006cd410b03ffc46dd3a58,29.13149407202204,162.88418671,4745.059719568496,0,0.0,0.0,False,train
2025-12-07 21:51:00+00:00,uniswap_v2,0xbb2b8038a1640196fbe3e38816f3e67cba72d940,29.12950712824442,73.11612115,2129.8365722285075,0,0.0,0.0,False,train
2025-12-07 21:52:00+00:00,sushiswap_v2,0xceff51756c56ceffca006cd410b03ffc46dd3a58,29.13288192759193,162.88031269,4745.172917927024,1,0.00387402,0.1131983585275456,False,train
2025-12-07 21:52:00+00:00,uniswap_v2,0xbb2b8038a1640196fbe3e38816f3e67cba72d940,29.134144942205715,73.11031005,2130.006369766299,1,0.0058111,0.1697975377913184,False,train
2025-12-07 21:53:00+00:00,sushiswap_v2,0xceff51756c56ceffca006cd410b03ffc46dd3a58,29.13288192759193,162.88031269,4745.172917927024,0,0.0,0.0,False,train
2025-12-07 21:53:00+00:00,uniswap_v2,0xbb2b8038a1640196fbe3e38816f3e67cba72d940,29.134144942205715,73.11031005,2130.006369766299,0,0.0,0.0,False,train
2025-12-07 21:54:00+00:00,sushiswap_v2,0xceff51756c56ceffca006cd410b03ffc46dd3a58,29.13288192759193,162.88031269,4745.172917927024,0,0.0,0.0,False,train
2025-12-07 21:54:00+00:00,uniswap_v2,0xbb2b8038a1640196fbe3e38816f3e67cba72d940,29.134144942205715,73.11031005,2130.006369766299,0,0.0,0.0,False,train
2025-12-07 21:55:00+00:00,sushiswap_v2,0xceff51756c56ceffca006cd410b03ffc46dd3a58,29.1503340588794,162.83162089,4746.596144292306,1,0.0486918,1.4232263652824153,False,train
2025-12-07 21:55:00+00:00,uniswap_v2,0xbb2b8038a1640196fbe3e38816f3e67cba72d940,29.143864568239366,73.09813602,2130.36217635762,1,0.01217403,0.3558065913206038,False,train
2025-12-07 21:56:00+00:00,sushiswap_v2,0xceff51756c56ceffca006cd410b03ffc46dd3a58,29.1503340588794,162.83162089,4746.596144292306,0,0.0,0.0,False,train
2025-12-07 21:56:00+00:00,uniswap_v2,0xbb2b8038a1640196fbe3e38816f3e67cba72d940,29.151706153682042,73.08831871,2130.6491903005813,1,0.00981731,0.28701394296140237,False,train
2025-12-07 21:57:00+00:00,sushiswap_v2,0xceff51756c56ceffca006cd410b03ffc46dd3a58,29.156604250444644,162.81413761,4747.107376672205,2,0.01748328,0.511232379898707,False,train
2025-12-07 21:57:00+00:00,uniswap_v2,0xbb2b8038a1640196fbe3e38816f3e67cba72d940,29.151706153682042,73.08831871,2130.6491903005813,0,0.0,0.0,False,train
2025-12-07 21:58:00+00:00,sushiswap_v2,0xceff51756c56ceffca006cd410b03ffc46dd3a58,29.156604250444644,162.81413761,4747.107376672205,0,0.0,0.0,False,train
2025-12-07 21:58:00+00:00,uniswap_v2,0xbb2b8038a1640196fbe3e38816f3e67cba72d940,29.151706153682042,73.08831871,2130.6491903005813,0,0.0,0.0,False,train
2025-12-07 21:59:00+00:00,sushiswap_v2,0xceff51756c56ceffca006cd410b03ffc46dd3a58,29.156604250444644,162.81413761,4747.107376672205,0,0.0,0.0,False,train
2025-12-07 21:59:00+00:00,uniswap_v2,0xbb2b8038a1640196fbe3e38816f3e67cba72d940,29.151706153682042,73.08831871,2130.6491903005813,0,0.0,0.0,False,train
2025-12-07 22:00:00+00:00,sushiswap_v2,0xceff51756c56ceffca006cd410b03ffc46dd3a58,29.156604250444644,162.81413761,4747.107376672205,0,0.0,0.0,False,train
2025-12-07 22:00:00+00:00,uniswap_v2,0xbb2b8038a1640196fbe3e38816f3e67cba72d940,29.151706153682042,73.08831871,2130.6491903005813,0,0.0,0.0,False,train
2025-12-07 22:01:00+00:00,sushiswap_v2,0xceff51756c56ceffca006cd410b03ffc46dd3a58,29.156604250444644,162.81413761,4747.107376672205,0,0.0,0.0,False,train
2025-12-07 22:01:00+00:00,uniswap_v2,0xbb2b8038a1640196fbe3e38816f3e67cba72d940,29.151706153682042,73.08831871,2130.6491903005813,0,0.0,0.0,False,train
2025-12-07 22:02:00+00:00,sushiswap_v2,0xceff51756c56ceffca006cd410b03ffc46dd3a58,29.156604250444644,162.81413761,4747.107376672205,0,0.0,0.0,False,train
2025-12-07 22:02:00+00:00,uniswap_v2,0xbb2b8038a1640196fbe3e38816f3e67cba72d940,29.151706153682042,73.08831871,2130.6491903005813,0,0.0,0.0,False,train
2025-12-07 22:03:00+00:00,sushiswap_v2,0xceff51756c56ceffca006cd410b03ffc46dd3a58,29.175677263774066,162.76099062,4748.662133461278,2,0.05314699,1.5547567890729868,False,train
2025-12-07 22:03:00+00:00,uniswap_v2,0xbb2b8038a1640196fbe3e38816f3e67cba72d940,29.175663772497373,73.0583494,2131.525837868035,3,0.02996931,0.8766475674537425,False,train
2025-12-07 22:04:00+00:00,sushiswap_v2,0xceff51756c56ceffca006cd410b03ffc46dd3a58,29.210576554100015,162.66387851,4751.505675803179,3,0.09711211,2.843542341900691,False,train
2025-12-07 22:04:00+00:00,uniswap_v2,0xbb2b8038a1640196fbe3e38816f3e67cba72d940,29.204917636810677,73.02180485,2132.595796335512,3,0.03654455,1.0699584674771514,False,train
2025-12-07 22:05:00+00:00,sushiswap_v2,0xceff51756c56ceffca006cd410b03ffc46dd3a58,29.28119191206913,162.46791229,4757.254119316704,4,0.19596622,5.748443513525137,False,train
2025-12-07 22:05:00+00:00,uniswap_v2,0xbb2b8038a1640196fbe3e38816f3e67cba72d940,29.269898857689725,72.94082481,2134.970564785165,4,0.08098004,2.37476844965313,False,train
2025-12-07 22:06:00+00:00,sushiswap_v2,0xceff51756c56ceffca006cd410b03ffc46dd3a58,29.292359995186366,162.43698439,4758.162623284348,1,0.0309279,0.9085039676440783,False,train
2025-12-07 22:06:00+00:00,uniswap_v2,0xbb2b8038a1640196fbe3e38816f3e67cba72d940,29.29777246399723,72.90617109,2135.988411816073,2,0.03465372,1.0178470309078969,False,train
2025-12-07 22:07:00+00:00,sushiswap_v2,0xceff51756c56ceffca006cd410b03ffc46dd3a58,29.314704134471388,162.37515953,4759.979760409542,1,0.06182486,1.8171371251944481,False,train
2025-12-07 22:07:00+00:00,uniswap_v2,0xbb2b8038a1640196fbe3e38816f3e67cba72d940,29.310217251772645,72.89071513,2136.4426960973715,1,0.01545596,0.45428428129861204,False,train
2025-12-07 22:08:00+00:00,sushiswap_v2,0xceff51756c56ceffca006cd410b03ffc46dd3a58,29.321560426699968,162.35620276,4760.537209876892,1,0.01895677,0.557449467349768,False,train
2025-12-07 22:08:00+00:00,uniswap_v2,0xbb2b8038a1640196fbe3e38816f3e67cba72d940,29.321129571994305,72.87717053,2136.840959950455,1,0.0135446,0.39826385308304096,False,train
2025-12-07 22:09:00+00:00,sushiswap_v2,0xceff51756c56ceffca006cd410b03ffc46dd3a58,29.321560426699968,162.35620276,4760.537209876892,0,0.0,0.0,False,train
2025-12-07 22:09:00+00:00,uniswap_v2,0xbb2b8038a1640196fbe3e38816f3e67cba72d940,29.321129571994305,72.87717053,2136.840959950455,0,0.0,0.0,False,train
2025-12-07 22:10:00+00:00,sushiswap_v2,0xceff51756c56ceffca006cd410b03ffc46dd3a58,29.321560426699968,162.35620276,4760.537209876892,0,0.0,0.0,False,train
2025-12-07 22:10:00+00:00,uniswap_v2,0xbb2b8038a1640196fbe3e38816f3e67cba72d940,29.321129571994305,72.87717053,2136.840959950455,0,0.0,0.0,False,train
2025-12-07 22:11:00+00:00,sushiswap_v2,0xceff51756c56ceffca006cd410b03ffc46dd3a58,29.321560426699968,162.35620276,4760.537209876892,0,0.0,0.0,False,train
2025-12-07 22:11:00+00:00,uniswap_v2,0xbb2b8038a1640196fbe3e38816f3e67cba72d940,29.321129571994305,72.87717053,2136.840959950455,0,0.0,0.0,False,train
2025-12-07 22:12:00+00:00,sushiswap_v2,0xceff51756c56ceffca006cd410b03ffc46dd3a58,29.321560426699968,162.35620276,4760.537209876892,0,0.0,0.0,False,train
2025-12-07 22:12:00+00:00,uniswap_v2,0xbb2b8038a1640196fbe3e38816f3e67cba72d940,29.321129571994305,72.87717053,2136.840959950455,0,0.0,0.0,False,train
2025-12-07 22:13:00+00:00,sushiswap_v2,0xceff51756c56ceffca006cd410b03ffc46dd3a58,29.321560426699968,162.35620276,4760.537209876892,0,0.0,0.0,False,train
2025-12-07 22:13:00+00:00,uniswap_v2,0xbb2b8038a1640196fbe3e38816f3e67cba72d940,29.321129571994305,72.87717053,2136.840959950455,0,0.0,0.0,False,train
2025-12-07 22:14:00+00:00,sushiswap_v2,0xceff51756c56ceffca006cd410b03ffc46dd3a58,29.321560426699968,162.35620276,4760.537209876892,0,0.0,0.0,False,train
2025-12-07 22:14:00+00:00,uniswap_v2,0xbb2b8038a1640196fbe3e38816f3e67cba72d940,29.321129571994305,72.87717053,2136.840959950455,0,0.0,0.0,False,train
2025-12-07 22:15:00+00:00,sushiswap_v2,0xceff51756c56ceffca006cd410b03ffc46dd3a58,29.321560426699968,162.35620276,4760.537209876892,0,0.0,0.0,False,train
2025-12-07 22:15:00+00:00,uniswap_v2,0xbb2b8038a1640196fbe3e38816f3e67cba72d940,29.321129571994305,72.87717053,2136.840959950455,0,0.0,0.0,False,train
2025-12-07 22:16:00+00:00,sushiswap_v2,0xceff51756c56ceffca006cd410b03ffc46dd3a58,29.334150208876633,162.32141092,4761.560650044068,1,0.03479184,1.023440167176255,False,train
2025-12-07 22:16:00+00:00,uniswap_v2,0xbb2b8038a1640196fbe3e38816f3e67cba72d940,29.33305366902178,72.86237873,2137.276065739681,1,0.0147918,0.43510578922630494,False,train
2025-12-07 22:17:00+00:00,sushiswap_v2,0xceff51756c56ceffca006cd410b03ffc46dd3a58,29.334150208876633,162.32141092,4761.560650044068,0,0.0,0.0,False,train
2025-12-07 22:17:00+00:00,uniswap_v2,0xbb2b8038a1640196fbe3e38816f3e67cba72d940,29.33305366902178,72.86237873,2137.276065739681,0,0.0,0.0,False,train
2025-12-07 22:18:00+00:00,sushiswap_v2,0xceff51756c56ceffca006cd410b03ffc46dd3a58,29.334150208876633,162.32141092,4761.560650044068,0,0.0,0.0,False,train
2025-12-07 22:18:00+00:00,uniswap_v2,0xbb2b8038a1640196fbe3e38816f3e67cba72d940,29.33305366902178,72.86237873,2137.276065739681,0,0.0,0.0,False,train
2025-12-07 22:19:00+00:00,sushiswap_v2,0xceff51756c56ceffca006cd410b03ffc46dd3a58,29.334150208876633,162.32141092,4761.560650044068,0,0.0,0.0,False,train
2025-12-07 22:19:00+00:00,uniswap_v2,0xbb2b8038a1640196fbe3e38816f3e67cba72d940,29.33305366902178,72.86237873,2137.276065739681,0,0.0,0.0,False,train
2025-12-07 22:20:00+00:00,sushiswap_v2,0xceff51756c56ceffca006cd410b03ffc46dd3a58,29.334150208876633,162.32141092,4761.560650044068,0,0.0,0.0,False,train
2025-12-07 22:20:00+00:00,uniswap_v2,0xbb2b8038a1640196fbe3e38816f3e67cba72d940,29.33305366902178,72.86237873,2137.276065739681,0,0.0,0.0,False,train
2025-12-07 22:21:00+00:00,sushiswap_v2,0xceff51756c56ceffca006cd410b03ffc46dd3a58,29.334150208876633,162.32141092,4761.560650044068,0,0.0,0.0,False,train
2025-12-07 22:21:00+00:00,uniswap_v2,0xbb2b8038a1640196fbe3e38816f3e67cba72d940,29.33305366902178,72.86237873,2137.276065739681,0,0.0,0.0,False,train
2025-12-07 22:22:00+00:00,sushiswap_v2,0xceff51756c56ceffca006cd410b03ffc46dd3a58,29.334150208876633,162.32141092,4761.560650044068,0,0.0,0.0,False,train
2025-12-07 22:22:00+00:00,uniswap_v2,0xbb2b8038a1640196fbe3e38816f3e67cba72d940,29.33305366902178,72.86237873,2137.276065739681,0,0.0,0.0,False,train
2025-12-07 22:23:00+00:00,sushiswap_v2,0xceff51756c56ceffca006cd410b03ffc46dd3a58,29.334150208876633,162.32141092,4761.560650044068,0,0.0,0.0,False,train
2025-12-07 22:23:00+00:00,uniswap_v2,0xbb2b8038a1640196fbe3e38816f3e67cba72d940,29.335477883538495,72.85937261,2137.364513809145,1,0.00300612,0.08844806946420568,False,train
2025-12-07 22:24:00+00:00,sushiswap_v2,0xceff51756c56ceffca006cd410b03ffc46dd3a58,29.355198499802295,162.26329398,4763.271204014674,2,0.05811693999999999,1.7105539706061488,False,train
2025-12-07 22:24:00+00:00,uniswap_v2,0xbb2b8038a1640196fbe3e38816f3e67cba72d940,29.355198500755677,72.83493206,2138.0838884103537,2,0.02444055,0.719374601208282,False,train
2025-12-07 22:25:00+00:00,sushiswap_v2,0xceff51756c56ceffca006cd410b03ffc46dd3a58,29.365671362136585,162.23440038,4764.122085192367,1,0.0288936,0.8508811776924042,False,train
2025-12-07 22:25:00+00:00,uniswap_v2,0xbb2b8038a1640196fbe3e38816f3e67cba72d940,29.355198500755677,72.83493206,2138.0838884103537,0,0.0,0.0,False,train
2025-12-07 22:26:00+00:00,sushiswap_v2,0xceff51756c56ceffca006cd410b03ffc46dd3a58,29.365671362136585,162.23440038,4764.122085192367,0,0.0,0.0,False,train
2025-12-07 22:26:00+00:00,uniswap_v2,0xbb2b8038a1640196fbe3e38816f3e67cba72d940,29.355198500755677,72.83493206,2138.0838884103537,0,0.0,0.0,False,train
2025-12-07 22:27:00+00:00,sushiswap_v2,0xceff51756c56ceffca006cd410b03ffc46dd3a58,29.365671362136585,162.23440038,4764.122085192367,0,0.0,0.0,False,train
2025-12-07 22:27:00+00:00,uniswap_v2,0xbb2b8038a1640196fbe3e38816f3e67cba72d940,29.355198500755677,72.83493206,2138.0838884103537,0,0.0,0.0,False,train
2025-12-07 22:28:00+00:00,sushiswap_v2,0xceff51756c56ceffca006cd410b03ffc46dd3a58,29.365671362136585,162.23440038,4764.122085192367,0,0.0,0.0,False,train
2025-12-07 22:28:00+00:00,uniswap_v2,0xbb2b8038a1640196fbe3e38816f3e67cba72d940,29.355198500755677,72.83493206,2138.0838884103537,0,0.0,0.0,False,train
2025-12-07 22:29:00+00:00,sushiswap_v2,0xceff51756c56ceffca006cd410b03ffc46dd3a58,29.365671362136585,162.23440038,4764.122085192367,0,0.0,0.0,False,train
2025-12-07 22:29:00+00:00,uniswap_v2,0xbb2b8038a1640196fbe3e38816f3e67cba72d940,29.355198500755677,72.83493206,2138.0838884103537,0,0.0,0.0,False,train
2025-12-07 22:30:00+00:00,sushiswap_v2,0xceff51756c56ceffca006cd410b03ffc46dd3a58,29.365671362136585,162.23440038,4764.122085192367,0,0.0,0.0,False,train
2025-12-07 22:30:00+00:00,uniswap_v2,0xbb2b8038a1640196fbe3e38816f3e67cba72d940,29.3678592546306,72.81925405,2138.545603967589,1,0.01567801,0.46171555723588503,False,train
2025-12-07 22:31:00+00:00,sushiswap_v2,0xceff51756c56ceffca006cd410b03ffc46dd3a58,29.365671362136585,162.23440038,4764.122085192367,0,0.0,0.0,False,train
2025-12-07 22:31:00+00:00,uniswap_v2,0xbb2b8038a1640196fbe3e38816f3e67cba72d940,29.3678592546306,72.81925405,2138.545603967589,0,0.0,0.0,False,train
2025-12-07 22:32:00+00:00,sushiswap_v2,0xceff51756c56ceffca006cd410b03ffc46dd3a58,29.38194712064341,162.18952781,4765.4441296355435,2,0.04487257,1.3220444431762561,False,train
2025-12-07 22:32:00+00:00,uniswap_v2,0xbb2b8038a1640196fbe3e38816f3e67cba72d940,29.38194769613864,72.80182002,2139.0592680113386,2,0.01743403,0.5136640437491398,False,train
2025-12-07 22:33:00+00:00,sushiswap_v2,0xceff51756c56ceffca006cd410b03ffc46dd3a58,29.38194696146341,162.18952825,4765.444116746271,1,4.4e-07,1.2889272528021e-05,False,train
2025-12-07 22:33:00+00:00,uniswap_v2,0xbb2b8038a1640196fbe3e38816f3e67cba72d940,29.38194769613864,72.80182002,2139.0592680113386,0,0.0,0.0,False,train
2025-12-07 22:34:00+00:00,sushiswap_v2,0xceff51756c56ceffca006cd410b03ffc46dd3a58,29.38194696146341,162.18952825,4765.444116746271,0,0.0,0.0,False,train
2025-12-07 22:34:00+00:00,uniswap_v2,0xbb2b8038a1640196fbe3e38816f3e67cba72d940,29.38194769613864,72.80182002,2139.0592680113386,0,0.0,0.0,False,train
2025-12-07 22:35:00+00:00,sushiswap_v2,0xceff51756c56ceffca006cd410b03ffc46dd3a58,29.38194696146341,162.18952825,4765.444116746271,0,0.0,0.0,False,train
2025-12-07 22:35:00+00:00,uniswap_v2,0xbb2b8038a1640196fbe3e38816f3e67cba72d940,29.38194769613864,72.80182002,2139.0592680113386,0,0.0,0.0,False,train
2025-12-07 22:36:00+00:00,sushiswap_v2,0xceff51756c56ceffca006cd410b03ffc46dd3a58,29.38194696146341,162.18952825,4765.444116746271,0,0.0,0.0,False,train
2025-12-07 22:36:00+00:00,uniswap_v2,0xbb2b8038a1640196fbe3e38816f3e67cba72d940,29.38194769259718,72.80182003,2139.0592680473337,0,0.0,0.0,False,train
2025-12-07 22:37:00+00:00,sushiswap_v2,0xceff51756c56ceffca006cd410b03ffc46dd3a58,29.38194696146341,162.18952825,4765.444116746271,0,0.0,0.0,False,train
2025-12-07 22:37:00+00:00,uniswap_v2,0xbb2b8038a1640196fbe3e38816f3e67cba72d940,29.38194769259718,72.80182003,2139.0592680473337,0,0.0,0.0,False,train
2025-12-07 22:38:00+00:00,sushiswap_v2,0xceff51756c56ceffca006cd410b03ffc46dd3a58,29.38194696146341,162.18952825,4765.444116746271,0,0.0,0.0,False,train
2025-12-07 22:38:00+00:00,uniswap_v2,0xbb2b8038a1640196fbe3e38816f3e67cba72d940,29.38194769259718,72.80182003,2139.0592680473337,0,0.0,0.0,False,train
2025-12-07 22:39:00+00:00,sushiswap_v2,0xceff51756c56ceffca006cd410b03ffc46dd3a58,29.38194696146341,162.18952825,4765.444116746271,0,0.0,0.0,False,train
2025-12-07 22:39:00+00:00,uniswap_v2,0xbb2b8038a1640196fbe3e38816f3e67cba72d940,29.38194769259718,72.80182003,2139.0592680473337,0,0.0,0.0,False,train
2025-12-07 22:40:00+00:00,sushiswap_v2,0xceff51756c56ceffca006cd410b03ffc46dd3a58,29.38194696146341,162.18952825,4765.444116746271,0,0.0,0.0,False,train
2025-12-07 22:40:00+00:00,uniswap_v2,0xbb2b8038a1640196fbe3e38816f3e67cba72d940,29.38194769259718,72.80182003,2139.0592680473337,0,0.0,0.0,False,train
2025-12-07 22:41:00+00:00,sushiswap_v2,0xceff51756c56ceffca006cd410b03ffc46dd3a58,29.393727168594957,162.15707324,4766.40076927443,2,0.03245501,0.9566525281590864,False,train
2025-12-07 22:41:00+00:00,uniswap_v2,0xbb2b8038a1640196fbe3e38816f3e67cba72d940,29.393727166386405,72.7872529,2139.4886529333676,2,0.014567130000000001,0.4293848860336506,False,train
2025-12-07 22:42:00+00:00,sushiswap_v2,0xceff51756c56ceffca006cd410b03ffc46dd3a58,29.393727168594957,162.15707324,4766.40076927443,0,0.0,0.0,False,train
2025-12-07 22:42:00+00:00,uniswap_v2,0xbb2b8038a1640196fbe3e38816f3e67cba72d940,29.393727166386405,72.7872529,2139.4886529333676,0,0.0,0.0,False,train
2025-12-07 22:43:00+00:00,sushiswap_v2,0xceff51756c56ceffca006cd410b03ffc46dd3a58,29.393727168594957,162.15707324,4766.40076927443,0,0.0,0.0,False,train
2025-12-07 22:43:00+00:00,uniswap_v2,0xbb2b8038a1640196fbe3e38816f3e67cba72d940,29.393733928595395,72.78724454,2139.488899404368,1,8.36e-06,0.000246471000335567,False,train
2025-12-07 22:44:00+00:00,sushiswap_v2,0xceff51756c56ceffca006cd410b03ffc46dd3a58,29.393727168594957,162.15707324,4766.40076927443,0,0.0,0.0,False,train
2025-12-07 22:44:00+00:00,uniswap_v2,0xbb2b8038a1640196fbe3e38816f3e67cba72d940,29.393733928595395,72.78724454,2139.488899404368,0,0.0,0.0,False,train
2025-12-07 22:45:00+00:00,sushiswap_v2,0xceff51756c56ceffca006cd410b03ffc46dd3a58,29.393727168594957,162.15707324,4766.40076927443,0,0.0,0.0,False,train
2025-12-07 22:45:00+00:00,uniswap_v2,0xbb2b8038a1640196fbe3e38816f3e67cba72d940,29.393733928595395,72.78724454,2139.488899404368,0,0.0,0.0,False,train
2025-12-07 22:46:00+00:00,sushiswap_v2,0xceff51756c56ceffca006cd410b03ffc46dd3a58,29.393727168594957,162.15707324,4766.40076927443,0,0.0,0.0,False,train
2025-12-07 22:46:00+00:00,uniswap_v2,0xbb2b8038a1640196fbe3e38816f3e67cba72d940,29.393733928595395,72.78724454,2139.488899404368,0,0.0,0.0,False,train
2025-12-07 22:47:00+00:00,sushiswap_v2,0xceff51756c56ceffca006cd410b03ffc46dd3a58,29.393727168594957,162.15707324,4766.40076927443,0,0.0,0.0,False,train
2025-12-07 22:47:00+00:00,uniswap_v2,0xbb2b8038a1640196fbe3e38816f3e67cba72d940,29.393733928595395,72.78724454,2139.488899404368,0,0.0,0.0,False,train
2025-12-07 22:48:00+00:00,sushiswap_v2,0xceff51756c56ceffca006cd410b03ffc46dd3a58,29.393727168594957,162.15707324,4766.40076927443,0,0.0,0.0,False,train
2025-12-07 22:48:00+00:00,uniswap_v2,0xbb2b8038a1640196fbe3e38816f3e67cba72d940,29.393733928595395,72.78724454,2139.488899404368,0,0.0,0.0,False,train
2025-12-07 22:49:00+00:00,sushiswap_v2,0xceff51756c56ceffca006cd410b03ffc46dd3a58,29.393727168594957,162.15707324,4766.40076927443,0,0.0,0.0,False,train
2025-12-07 22:49:00+00:00,uniswap_v2,0xbb2b8038a1640196fbe3e38816f3e67cba72d940,29.393733928595395,72.78724454,2139.488899404368,0,0.0,0.0,False,train
2025-12-07 22:50:00+00:00,sushiswap_v2,0xceff51756c56ceffca006cd410b03ffc46dd3a58,29.393727168594957,162.15707324,4766.40076927443,0,0.0,0.0,False,train
2025-12-07 22:50:00+00:00,uniswap_v2,0xbb2b8038a1640196fbe3e38816f3e67cba72d940,29.393733928595395,72.78724454,2139.488899404368,0,0.0,0.0,False,train
2025-12-07 22:51:00+00:00,sushiswap_v2,0xceff51756c56ceffca006cd410b03ffc46dd3a58,29.393727168594957,162.15707324,4766.40076927443,0,0.0,0.0,False,train
2025-12-07 22:51:00+00:00,uniswap_v2,0xbb2b8038a1640196fbe3e38816f3e67cba72d940,29.393733928595395,72.78724454,2139.488899404368,0,0.0,0.0,False,train
2025-12-07 22:52:00+00:00,sushiswap_v2,0xceff51756c56ceffca006cd410b03ffc46dd3a58,29.393727168594957,162.15707324,4766.40076927443,0,0.0,0.0,False,train
2025-12-07 22:52:00+00:00,uniswap_v2,0xbb2b8038a1640196fbe3e38816f3e67cba72d940,29.393733928595395,72.78724454,2139.488899404368,0,0.0,0.0,False,train
2025-12-07 22:53:00+00:00,sushiswap_v2,0xceff51756c56ceffca006cd410b03ffc46dd3a58,29.393727168594957,162.15707324,4766.40076927443,0,0.0,0.0,False,train
2025-12-07 22:53:00+00:00,uniswap_v2,0xbb2b8038a1640196fbe3e38816f3e67cba72d940,29.393733928595395,72.78724454,2139.488899404368,0,0.0,0.0,False,train
2025-12-07 22:54:00+00:00,sushiswap_v2,0xceff51756c56ceffca006cd410b03ffc46dd3a58,29.393727168594957,162.15707324,4766.40076927443,0,0.0,0.0,False,train
2025-12-07 22:54:00+00:00,uniswap_v2,0xbb2b8038a1640196fbe3e38816f3e67cba72d940,29.393733928595395,72.78724454,2139.488899404368,0,0.0,0.0,False,train
2025-12-07 22:55:00+00:00,sushiswap_v2,0xceff51756c56ceffca006cd410b03ffc46dd3a58,29.45341598595184,161.99292692,4771.245063356656,1,0.16414632,4.844294082226266,False,train
2025-12-07 22:55:00+00:00,uniswap_v2,0xbb2b8038a1640196fbe3e38816f3e67cba72d940,29.453522631777997,72.71344129,2141.666988669476,1,0.07380325,2.17808926510807,False,train
2025-12-07 22:56:00+00:00,sushiswap_v2,0xceff51756c56ceffca006cd410b03ffc46dd3a58,29.45341598595184,161.99292692,4771.245063356656,0,0.0,0.0,False,train
2025-12-07 22:56:00+00:00,uniswap_v2,0xbb2b8038a1640196fbe3e38816f3e67cba72d940,29.453522631777997,72.71344129,2141.666988669476,0,0.0,0.0,False,train
2025-12-07 22:57:00+00:00,sushiswap_v2,0xceff51756c56ceffca006cd410b03ffc46dd3a58,29.45341598595184,161.99292692,4771.245063356656,0,0.0,0.0,False,train
2025-12-07 22:57:00+00:00,uniswap_v2,0xbb2b8038a1640196fbe3e38816f3e67cba72d940,29.453522631777997,72.71344129,2141.666988669476,0,0.0,0.0,False,train
2025-12-07 22:58:00+00:00,sushiswap_v2,0xceff51756c56ceffca006cd410b03ffc46dd3a58,29.45341598595184,161.99292692,4771.245063356656,0,0.0,0.0,False,train
2025-12-07 22:58:00+00:00,uniswap_v2,0xbb2b8038a1640196fbe3e38816f3e67cba72d940,29.453522631777997,72.71344129,2141.666988669476,0,0.0,0.0,False,train
2025-12-07 22:59:00+00:00,sushiswap_v2,0xceff51756c56ceffca006cd410b03ffc46dd3a58,29.45341598595184,161.99292692,4771.245063356656,0,0.0,0.0,False,train
2025-12-07 22:59:00+00:00,uniswap_v2,0xbb2b8038a1640196fbe3e38816f3e67cba72d940,29.453522631777997,72.71344129,2141.666988669476,0,0.0,0.0,False,train
2025-12-07 23:00:00+00:00,sushiswap_v2,0xceff51756c56ceffca006cd410b03ffc46dd3a58,29.45341598595184,161.99292692,4771.245063356656,0,0.0,0.0,False,train
2025-12-07 23:00:00+00:00,uniswap_v2,0xbb2b8038a1640196fbe3e38816f3e67cba72d940,29.453522631777997,72.71344129,2141.666988669476,0,0.0,0.0,False,train
2025-12-07 23:01:00+00:00,sushiswap_v2,0xceff51756c56ceffca006cd410b03ffc46dd3a58,29.45341598595184,161.99292692,4771.245063356656,0,0.0,0.0,False,train
2025-12-07 23:01:00+00:00,uniswap_v2,0xbb2b8038a1640196fbe3e38816f3e67cba72d940,29.453522631777997,72.71344129,2141.666988669476,0,0.0,0.0,False,train
2025-12-07 23:02:00+00:00,sushiswap_v2,0xceff51756c56ceffca006cd410b03ffc46dd3a58,29.45341598595184,161.99292692,4771.245063356656,0,0.0,0.0,False,train
2025-12-07 23:02:00+00:00,uniswap_v2,0xbb2b8038a1640196fbe3e38816f3e67cba72d940,29.453522631777997,72.71344129,2141.666988669476,0,0.0,0.0,False,train
2025-12-07 23:03:00+00:00,sushiswap_v2,0xceff51756c56ceffca006cd410b03ffc46dd3a58,29.45341598595184,161.99292692,4771.245063356656,0,0.0,0.0,False,train
2025-12-07 23:03:00+00:00,uniswap_v2,0xbb2b8038a1640196fbe3e38816f3e67cba72d940,29.453522631777997,72.71344129,2141.666988669476,0,0.0,0.0,False,train
2025-12-07 23:04:00+00:00,sushiswap_v2,0xceff51756c56ceffca006cd410b03ffc46dd3a58,29.45341598595184,161.99292692,4771.245063356656,0,0.0,0.0,False,train
2025-12-07 23:04:00+00:00,uniswap_v2,0xbb2b8038a1640196fbe3e38816f3e67cba72d940,29.453522631777997,72.71344129,2141.666988669476,0,0.0,0.0,False,train
2025-12-07 23:05:00+00:00,sushiswap_v2,0xceff51756c56ceffca006cd410b03ffc46dd3a58,29.45341598595184,161.99292692,4771.245063356656,0,0.0,0.0,False,train
2025-12-07 23:05:00+00:00,uniswap_v2,0xbb2b8038a1640196fbe3e38816f3e67cba72d940,29.453522631777997,72.71344129,2141.666988669476,0,0.0,0.0,False,train
2025-12-07 23:06:00+00:00,sushiswap_v2,0xceff51756c56ceffca006cd410b03ffc46dd3a58,29.45341598595184,161.99292692,4771.245063356656,0,0.0,0.0,False,train
2025-12-07 23:06:00+00:00,uniswap_v2,0xbb2b8038a1640196fbe3e38816f3e67cba72d940,29.453522631777997,72.71344129,2141.666988669476,0,0.0,0.0,False,train
2025-12-07 23:07:00+00:00,sushiswap_v2,0xceff51756c56ceffca006cd410b03ffc46dd3a58,29.456228530139853,161.98520464,4771.473206377311,1,0.00772228,0.2281430206547581,False,train
2025-12-07 23:07:00+00:00,uniswap_v2,0xbb2b8038a1640196fbe3e38816f3e67cba72d940,29.453522631777997,72.71344129,2141.666988669476,0,0.0,0.0,False,train
2025-12-07 23:08:00+00:00,sushiswap_v2,0xceff51756c56ceffca006cd410b03ffc46dd3a58,29.456228530139853,161.98520464,4771.473206377311,0,0.0,0.0,False,train
2025-12-07 23:08:00+00:00,uniswap_v2,0xbb2b8038a1640196fbe3e38816f3e67cba72d940,29.453522631777997,72.71344129,2141.666988669476,0,0.0,0.0,False,train
2025-12-07 23:09:00+00:00,sushiswap_v2,0xceff51756c56ceffca006cd410b03ffc46dd3a58,29.456228530139853,161.98520464,4771.473206377311,0,0.0,0.0,False,train
2025-12-07 23:09:00+00:00,uniswap_v2,0xbb2b8038a1640196fbe3e38816f3e67cba72d940,29.453522631777997,72.71344129,2141.666988669476,0,0.0,0.0,False,train
2025-12-07 23:10:00+00:00,sushiswap_v2,0xceff51756c56ceffca006cd410b03ffc46dd3a58,29.462752134810216,161.96729731,4772.002334589643,1,0.01790733,0.5291282123322243,False,train
2025-12-07 23:10:00+00:00,uniswap_v2,0xbb2b8038a1640196fbe3e38816f3e67cba72d940,29.462756567094548,72.70206294,2142.0031823268064,1,0.01137835,0.3361936573305172,False,train
2025-12-07 23:11:00+00:00,sushiswap_v2,0xceff51756c56ceffca006cd410b03ffc46dd3a58,29.462752134810216,161.96729731,4772.002334589643,0,0.0,0.0,False,train
2025-12-07 23:11:00+00:00,uniswap_v2,0xbb2b8038a1640196fbe3e38816f3e67cba72d940,29.462756567094548,72.70206294,2142.0031823268064,0,0.0,0.0,False,train
2025-12-07 23:12:00+00:00,sushiswap_v2,0xceff51756c56ceffca006cd410b03ffc46dd3a58,29.462752134810216,161.96729731,4772.002334589643,0,0.0,0.0,False,train
2025-12-07 23:12:00+00:00,uniswap_v2,0xbb2b8038a1640196fbe3e38816f3e67cba72d940,29.462756567094548,72.70206294,2142.0031823268064,0,0.0,0.0,False,train
2025-12-07 23:13:00+00:00,sushiswap_v2,0xceff51756c56ceffca006cd410b03ffc46dd3a58,29.462752134810216,161.96729731,4772.002334589643,0,0.0,0.0,False,train
2025-12-07 23:13:00+00:00,uniswap_v2,0xbb2b8038a1640196fbe3e38816f3e67cba72d940,29.462756567094548,72.70206294,2142.0031823268064,0,0.0,0.0,False,train
2025-12-07 23:14:00+00:00,sushiswap_v2,0xceff51756c56ceffca006cd410b03ffc46dd3a58,29.462752134810216,161.96729731,4772.002334589643,0,0.0,0.0,False,train
2025-12-07 23:14:00+00:00,uniswap_v2,0xbb2b8038a1640196fbe3e38816f3e67cba72d940,29.462756567094548,72.70206294,2142.0031823268064,0,0.0,0.0,False,train
2025-12-07 23:15:00+00:00,sushiswap_v2,0xceff51756c56ceffca006cd410b03ffc46dd3a58,29.462752134810216,161.96729731,4772.002334589643,0,0.0,0.0,False,train
2025-12-07 23:15:00+00:00,uniswap_v2,0xbb2b8038a1640196fbe3e38816f3e67cba72d940,29.462756567094548,72.70206294,2142.0031823268064,0,0.0,0.0,False,train
2025-12-07 23:16:00+00:00,sushiswap_v2,0xceff51756c56ceffca006cd410b03ffc46dd3a58,29.462752134810216,161.96729731,4772.002334589643,0,0.0,0.0,False,train
2025-12-07 23:16:00+00:00,uniswap_v2,0xbb2b8038a1640196fbe3e38816f3e67cba72d940,29.462756567094548,72.70206294,2142.0031823268064,0,0.0,0.0,False,train
2025-12-07 23:17:00+00:00,sushiswap_v2,0xceff51756c56ceffca006cd410b03ffc46dd3a58,29.462752134810216,161.96729731,4772.002334589643,0,0.0,0.0,False,train
2025-12-07 23:17:00+00:00,uniswap_v2,0xbb2b8038a1640196fbe3e38816f3e67cba72d940,29.462756567094548,72.70206294,2142.0031823268064,0,0.0,0.0,False,train
2025-12-07 23:18:00+00:00,sushiswap_v2,0xceff51756c56ceffca006cd410b03ffc46dd3a58,29.462752134810216,161.96729731,4772.002334589643,0,0.0,0.0,False,train
2025-12-07 23:18:00+00:00,uniswap_v2,0xbb2b8038a1640196fbe3e38816f3e67cba72d940,29.462756567094548,72.70206294,2142.0031823268064,0,0.0,0.0,False,train
2025-12-07 23:19:00+00:00,sushiswap_v2,0xceff51756c56ceffca006cd410b03ffc46dd3a58,29.462752134810216,161.96729731,4772.002334589643,0,0.0,0.0,False,train
2025-12-07 23:19:00+00:00,uniswap_v2,0xbb2b8038a1640196fbe3e38816f3e67cba72d940,29.462756567094548,72.70206294,2142.0031823268064,0,0.0,0.0,False,train
2025-12-07 23:20:00+00:00,sushiswap_v2,0xceff51756c56ceffca006cd410b03ffc46dd3a58,29.462752134810216,161.96729731,4772.002334589643,0,0.0,0.0,False,train
2025-12-07 23:20:00+00:00,uniswap_v2,0xbb2b8038a1640196fbe3e38816f3e67cba72d940,29.462756567094548,72.70206294,2142.0031823268064,0,0.0,0.0,False,train
2025-12-07 23:21:00+00:00,sushiswap_v2,0xceff51756c56ceffca006cd410b03ffc46dd3a58,29.462752134810216,161.96729731,4772.002334589643,0,0.0,0.0,False,train
2025-12-07 23:21:00+00:00,uniswap_v2,0xbb2b8038a1640196fbe3e38816f3e67cba72d940,29.462756567094548,72.70206294,2142.0031823268064,0,0.0,0.0,False,train
2025-12-07 23:22:00+00:00,sushiswap_v2,0xceff51756c56ceffca006cd410b03ffc46dd3a58,29.462752134810216,161.96729731,4772.002334589643,0,0.0,0.0,False,train
2025-12-07 23:22:00+00:00,uniswap_v2,0xbb2b8038a1640196fbe3e38816f3e67cba72d940,29.462756567094548,72.70206294,2142.0031823268064,0,0.0,0.0,False,train
2025-12-07 23:23:00+00:00,sushiswap_v2,0xceff51756c56ceffca006cd410b03ffc46dd3a58,29.462752134810216,161.96729731,4772.002334589643,0,0.0,0.0,False,train
2025-12-07 23:23:00+00:00,uniswap_v2,0xbb2b8038a1640196fbe3e38816f3e67cba72d940,29.462756567094548,72.70206294,2142.0031823268064,0,0.0,0.0,False,train
2025-12-07 23:24:00+00:00,sushiswap_v2,0xceff51756c56ceffca006cd410b03ffc46dd3a58,29.462752134810216,161.96729731,4772.002334589643,0,0.0,0.0,False,train
2025-12-07 23:24:00+00:00,uniswap_v2,0xbb2b8038a1640196fbe3e38816f3e67cba72d940,29.462756567094548,72.70206294,2142.0031823268064,0,0.0,0.0,False,train
2025-12-07 23:25:00+00:00,sushiswap_v2,0xceff51756c56ceffca006cd410b03ffc46dd3a58,29.462752134810216,161.96729731,4772.002334589643,0,0.0,0.0,False,train
2025-12-07 23:25:00+00:00,uniswap_v2,0xbb2b8038a1640196fbe3e38816f3e67cba72d940,29.462756567094548,72.70206294,2142.0031823268064,0,0.0,0.0,False,train
2025-12-07 23:26:00+00:00,sushiswap_v2,0xceff51756c56ceffca006cd410b03ffc46dd3a58,29.462752134810216,161.96729731,4772.002334589643,0,0.0,0.0,True,train
2025-12-07 23:26:00+00:00,uniswap_v2,0xbb2b8038a1640196fbe3e38816f3e67cba72d940,29.462756567094548,72.70206294,2142.0031823268064,0,0.0,0.0,True,train
2025-12-07 23:27:00+00:00,sushiswap_v2,0xceff51756c56ceffca006cd410b03ffc46dd3a58,29.462752134810216,161.96729731,4772.002334589643,0,0.0,0.0,True,train
2025-12-07 23:27:00+00:00,uniswap_v2,0xbb2b8038a1640196fbe3e38816f3e67cba72d940,29.462756567094548,72.70206294,2142.0031823268064,0,0.0,0.0,True,train
2025-12-07 23:28:00+00:00,sushiswap_v2,0xceff51756c56ceffca006cd410b03ffc46dd3a58,29.462752134810216,161.96729731,4772.002334589643,0,0.0,0.0,True,train
2025-12-07 23:28:00+00:00,uniswap_v2,0xbb2b8038a1640196fbe3e38816f3e67cba72d940,29.462756567094548,72.70206294,2142.0031823268064,0,0.0,0.0,True,train
2025-12-07 23:29:00+00:00,sushiswap_v2,0xceff51756c56ceffca006cd410b03ffc46dd3a58,29.462752134810216,161.96729731,4772.002334589643,0,0.0,0.0,True,train
2025-12-07 23:29:00+00:00,uniswap_v2,0xbb2b8038a1640196fbe3e38816f3e67cba72d940,29.462756567094548,72.70206294,2142.0031823268064,0,0.0,0.0,True,train
2025-12-07 23:30:00+00:00,sushiswap_v2,0xceff51756c56ceffca006cd410b03ffc46dd3a58,29.462752134810216,161.96729731,4772.002334589643,0,0.0,0.0,True,train
2025-12-07 23:30:00+00:00,uniswap_v2,0xbb2b8038a1640196fbe3e38816f3e67cba72d940,29.462756567094548,72.70206294,2142.0031823268064,0,0.0,0.0,True,train
2025-12-07 23:31:00+00:00,sushiswap_v2,0xceff51756c56ceffca006cd410b03ffc46dd3a58,29.462752134810216,161.96729731,4772.002334589643,0,0.0,0.0,True,train
2025-12-07 23:31:00+00:00,uniswap_v2,0xbb2b8038a1640196fbe3e38816f3e67cba72d940,29.462756567094548,72.70206294,2142.0031823268064,0,0.0,0.0,True,train
2025-12-07 23:32:00+00:00,sushiswap_v2,0xceff51756c56ceffca006cd410b03ffc46dd3a58,29.462752134810216,161.96729731,4772.002334589643,0,0.0,0.0,True,train
2025-12-07 23:32:00+00:00,uniswap_v2,0xbb2b8038a1640196fbe3e38816f3e67cba72d940,29.462756567094548,72.70206294,2142.0031823268064,0,0.0,0.0,True,train
2025-12-07 23:33:00+00:00,sushiswap_v2,0xceff51756c56ceffca006cd410b03ffc46dd3a58,29.462752134810216,161.96729731,4772.002334589643,0,0.0,0.0,True,train
2025-12-07 23:33:00+00:00,uniswap_v2,0xbb2b8038a1640196fbe3e38816f3e67cba72d940,29.462756567094548,72.70206294,2142.0031823268064,0,0.0,0.0,True,train
2025-12-07 23:34:00+00:00,sushiswap_v2,0xceff51756c56ceffca006cd410b03ffc46dd3a58,29.462752134810216,161.96729731,4772.002334589643,0,0.0,0.0,True,train
2025-12-07 23:34:00+00:00,uniswap_v2,0xbb2b8038a1640196fbe3e38816f3e67cba72d940,29.462756567094548,72.70206294,2142.0031823268064,0,0.0,0.0,True,train
2025-12-07 23:35:00+00:00,sushiswap_v2,0xceff51756c56ceffca006cd410b03ffc46dd3a58,29.462752134810216,161.96729731,4772.002334589643,0,0.0,0.0,True,train
2025-12-07 23:35:00+00:00,uniswap_v2,0xbb2b8038a1640196fbe3e38816f3e67cba72d940,29.462756567094548,72.70206294,2142.0031823268064,0,0.0,0.0,True,train
2025-12-07 23:36:00+00:00,sushiswap_v2,0xceff51756c56ceffca006cd410b03ffc46dd3a58,29.462752134810216,161.96729731,4772.002334589643,0,0.0,0.0,True,train
2025-12-07 23:36:00+00:00,uniswap_v2,0xbb2b8038a1640196fbe3e38816f3e67cba72d940,29.462756567094548,72.70206294,2142.0031823268064,0,0.0,0.0,True,train
2025-12-07 23:37:00+00:00,sushiswap_v2,0xceff51756c56ceffca006cd410b03ffc46dd3a58,29.462752134810216,161.96729731,4772.002334589643,0,0.0,0.0,True,train
2025-12-07 23:37:00+00:00,uniswap_v2,0xbb2b8038a1640196fbe3e38816f3e67cba72d940,29.462756567094548,72.70206294,2142.0031823268064,0,0.0,0.0,True,train
2025-12-07 23:38:00+00:00,sushiswap_v2,0xceff51756c56ceffca006cd410b03ffc46dd3a58,29.462752134810216,161.96729731,4772.002334589643,0,0.0,0.0,True,train
2025-12-07 23:38:00+00:00,uniswap_v2,0xbb2b8038a1640196fbe3e38816f3e67cba72d940,29.462756567094548,72.70206294,2142.0031823268064,0,0.0,0.0,True,train
2025-12-07 23:39:00+00:00,sushiswap_v2,0xceff51756c56ceffca006cd410b03ffc46dd3a58,29.462752134810216,161.96729731,4772.002334589643,0,0.0,0.0,True,train
2025-12-07 23:39:00+00:00,uniswap_v2,0xbb2b8038a1640196fbe3e38816f3e67cba72d940,29.462756567094548,72.70206294,2142.0031823268064,0,0.0,0.0,True,train
2025-12-07 23:40:00+00:00,sushiswap_v2,0xceff51756c56ceffca006cd410b03ffc46dd3a58,29.462752134810216,161.96729731,4772.002334589643,0,0.0,0.0,True,train
2025-12-07 23:40:00+00:00,uniswap_v2,0xbb2b8038a1640196fbe3e38816f3e67cba72d940,29.462756567094548,72.70206294,2142.0031823268064,0,0.0,0.0,True,train
2025-12-07 23:41:00+00:00,sushiswap_v2,0xceff51756c56ceffca006cd410b03ffc46dd3a58,29.462752134810216,161.96729731,4772.002334589643,0,0.0,0.0,True,train
2025-12-07 23:41:00+00:00,uniswap_v2,0xbb2b8038a1640196fbe3e38816f3e67cba72d940,29.462756567094548,72.70206294,2142.0031823268064,0,0.0,0.0,True,train
2025-12-07 23:42:00+00:00,sushiswap_v2,0xceff51756c56ceffca006cd410b03ffc46dd3a58,29.462752134810216,161.96729731,4772.002334589643,0,0.0,0.0,True,train
2025-12-07 23:42:00+00:00,uniswap_v2,0xbb2b8038a1640196fbe3e38816f3e67cba72d940,29.462756567094548,72.70206294,2142.0031823268064,0,0.0,0.0,True,train
2025-12-07 23:43:00+00:00,sushiswap_v2,0xceff51756c56ceffca006cd410b03ffc46dd3a58,29.462752134810216,161.96729731,4772.002334589643,0,0.0,0.0,True,train
2025-12-07 23:43:00+00:00,uniswap_v2,0xbb2b8038a1640196fbe3e38816f3e67cba72d940,29.462756567094548,72.70206294,2142.0031823268064,0,0.0,0.0,True,train
2025-12-07 23:44:00+00:00,sushiswap_v2,0xceff51756c56ceffca006cd410b03ffc46dd3a58,29.462752134810216,161.96729731,4772.002334589643,0,0.0,0.0,True,train
2025-12-07 23:44:00+00:00,uniswap_v2,0xbb2b8038a1640196fbe3e38816f3e67cba72d940,29.462756567094548,72.70206294,2142.0031823268064,0,0.0,0.0,True,train
2025-12-07 23:45:00+00:00,sushiswap_v2,0xceff51756c56ceffca006cd410b03ffc46dd3a58,29.462752134810216,161.96729731,4772.002334589643,0,0.0,0.0,True,train
2025-12-07 23:45:00+00:00,uniswap_v2,0xbb2b8038a1640196fbe3e38816f3e67cba72d940,29.462756567094548,72.70206294,2142.0031823268064,0,0.0,0.0,True,train
2025-12-07 23:46:00+00:00,sushiswap_v2,0xceff51756c56ceffca006cd410b03ffc46dd3a58,29.462752134810216,161.96729731,4772.002334589643,0,0.0,0.0,True,train
2025-12-07 23:46:00+00:00,uniswap_v2,0xbb2b8038a1640196fbe3e38816f3e67cba72d940,29.462756567094548,72.70206294,2142.0031823268064,0,0.0,0.0,True,train
2025-12-07 23:47:00+00:00,sushiswap_v2,0xceff51756c56ceffca006cd410b03ffc46dd3a58,29.462752134810216,161.96729731,4772.002334589643,0,0.0,0.0,True,train
2025-12-07 23:47:00+00:00,uniswap_v2,0xbb2b8038a1640196fbe3e38816f3e67cba72d940,29.462756567094548,72.70206294,2142.0031823268064,0,0.0,0.0,True,train
2025-12-07 23:48:00+00:00,sushiswap_v2,0xceff51756c56ceffca006cd410b03ffc46dd3a58,29.462752134810216,161.96729731,4772.002334589643,0,0.0,0.0,True,train
2025-12-07 23:48:00+00:00,uniswap_v2,0xbb2b8038a1640196fbe3e38816f3e67cba72d940,29.462756567094548,72.70206294,2142.0031823268064,0,0.0,0.0,True,train
2025-12-07 23:49:00+00:00,sushiswap_v2,0xceff51756c56ceffca006cd410b03ffc46dd3a58,29.462752134810216,161.96729731,4772.002334589643,0,0.0,0.0,True,train
2025-12-07 23:49:00+00:00,uniswap_v2,0xbb2b8038a1640196fbe3e38816f3e67cba72d940,29.462756567094548,72.70206294,2142.0031823268064,0,0.0,0.0,True,train
2025-12-07 23:50:00+00:00,sushiswap_v2,0xceff51756c56ceffca006cd410b03ffc46dd3a58,29.462752134810216,161.96729731,4772.002334589643,0,0.0,0.0,True,train
2025-12-07 23:50:00+00:00,uniswap_v2,0xbb2b8038a1640196fbe3e38816f3e67cba72d940,29.462756567094548,72.70206294,2142.0031823268064,0,0.0,0.0,True,train
2025-12-07 23:51:00+00:00,sushiswap_v2,0xceff51756c56ceffca006cd410b03ffc46dd3a58,29.462752134810216,161.96729731,4772.002334589643,0,0.0,0.0,True,train
2025-12-07 23:51:00+00:00,uniswap_v2,0xbb2b8038a1640196fbe3e38816f3e67cba72d940,29.462756567094548,72.70206294,2142.0031823268064,0,0.0,0.0,True,train
2025-12-07 23:52:00+00:00,sushiswap_v2,0xceff51756c56ceffca006cd410b03ffc46dd3a58,29.462752134810216,161.96729731,4772.002334589643,0,0.0,0.0,True,train
2025-12-07 23:52:00+00:00,uniswap_v2,0xbb2b8038a1640196fbe3e38816f3e67cba72d940,29.462756567094548,72.70206294,2142.0031823268064,0,0.0,0.0,True,train
2025-12-07 23:53:00+00:00,sushiswap_v2,0xceff51756c56ceffca006cd410b03ffc46dd3a58,29.462752134810216,161.96729731,4772.002334589643,0,0.0,0.0,True,train
2025-12-07 23:53:00+00:00,uniswap_v2,0xbb2b8038a1640196fbe3e38816f3e67cba72d940,29.462756567094548,72.70206294,2142.0031823268064,0,0.0,0.0,True,train
2025-12-07 23:54:00+00:00,sushiswap_v2,0xceff51756c56ceffca006cd410b03ffc46dd3a58,29.462752134810216,161.96729731,4772.002334589643,0,0.0,0.0,True,train
2025-12-07 23:54:00+00:00,uniswap_v2,0xbb2b8038a1640196fbe3e38816f3e67cba72d940,29.462756567094548,72.70206294,2142.0031823268064,0,0.0,0.0,True,train
2025-12-07 23:55:00+00:00,sushiswap_v2,0xceff51756c56ceffca006cd410b03ffc46dd3a58,29.462752134810216,161.96729731,4772.002334589643,0,0.0,0.0,True,train
2025-12-07 23:55:00+00:00,uniswap_v2,0xbb2b8038a1640196fbe3e38816f3e67cba72d940,29.462756567094548,72.70206294,2142.0031823268064,0,0.0,0.0,True,train
2025-12-07 23:56:00+00:00,sushiswap_v2,0xceff51756c56ceffca006cd410b03ffc46dd3a58,29.462752134810216,161.96729731,4772.002334589643,0,0.0,0.0,True,train
2025-12-07 23:56:00+00:00,uniswap_v2,0xbb2b8038a1640196fbe3e38816f3e67cba72d940,29.462756567094548,72.70206294,2142.0031823268064,0,0.0,0.0,True,train
2025-12-07 23:57:00+00:00,sushiswap_v2,0xceff51756c56ceffca006cd410b03ffc46dd3a58,29.462752134810216,161.96729731,4772.002334589643,0,0.0,0.0,True,train
2025-12-07 23:57:00+00:00,uniswap_v2,0xbb2b8038a1640196fbe3e38816f3e67cba72d940,29.462756567094548,72.70206294,2142.0031823268064,0,0.0,0.0,True,train
2025-12-07 23:58:00+00:00,sushiswap_v2,0xceff51756c56ceffca006cd410b03ffc46dd3a58,29.462752134810216,161.96729731,4772.002334589643,0,0.0,0.0,True,train
2025-12-07 23:58:00+00:00,uniswap_v2,0xbb2b8038a1640196fbe3e38816f3e67cba72d940,29.462756567094548,72.70206294,2142.0031823268064,0,0.0,0.0,True,train
2025-12-07 23:59:00+00:00,sushiswap_v2,0xceff51756c56ceffca006cd410b03ffc46dd3a58,29.462752134810216,161.96729731,4772.002334589643,0,0.0,0.0,True,train
2025-12-07 23:59:00+00:00,uniswap_v2,0xbb2b8038a1640196fbe3e38816f3e67cba72d940,29.462756567094548,72.70206294,2142.0031823268064,0,0.0,0.0,True,train
2025-12-08 00:00:00+00:00,sushiswap_v2,0xceff51756c56ceffca006cd410b03ffc46dd3a58,29.462752134810216,161.96729731,4772.002334589643,0,0.0,0.0,True,train
2025-12-08 00:00:00+00:00,uniswap_v2,0xbb2b8038a1640196fbe3e38816f3e67cba72d940,29.462756567094548,72.70206294,2142.0031823268064,0,0.0,0.0,True,train
2025-12-08 00:01:00+00:00,sushiswap_v2,0xceff51756c56ceffca006cd410b03ffc46dd3a58,29.462752134810216,161.96729731,4772.002334589643,0,0.0,0.0,True,train
2025-12-08 00:01:00+00:00,uniswap_v2,0xbb2b8038a1640196fbe3e38816f3e67cba72d940,29.462756567094548,72.70206294,2142.0031823268064,0,0.0,0.0,True,train
2025-12-08 00:02:00+00:00,sushiswap_v2,0xceff51756c56ceffca006cd410b03ffc46dd3a58,29.462752134810216,161.96729731,4772.002334589643,0,0.0,0.0,True,train
2025-12-08 00:02:00+00:00,uniswap_v2,0xbb2b8038a1640196fbe3e38816f3e67cba72d940,29.462756567094548,72.70206294,2142.0031823268064,0,0.0,0.0,True,train
2025-12-08 00:03:00+00:00,sushiswap_v2,0xceff51756c56ceffca006cd410b03ffc46dd3a58,29.462752134810216,161.96729731,4772.002334589643,0,0.0,0.0,True,train
2025-12-08 00:03:00+00:00,uniswap_v2,0xbb2b8038a1640196fbe3e38816f3e67cba72d940,29.462756567094548,72.70206294,2142.0031823268064,0,0.0,0.0,True,train
2025-12-08 00:04:00+00:00,sushiswap_v2,0xceff51756c56ceffca006cd410b03ffc46dd3a58,29.462752134810216,161.96729731,4772.002334589643,0,0.0,0.0,True,train
2025-12-08 00:04:00+00:00,uniswap_v2,0xbb2b8038a1640196fbe3e38816f3e67cba72d940,29.462756567094548,72.70206294,2142.0031823268064,0,0.0,0.0,True,train
2025-12-08 00:05:00+00:00,sushiswap_v2,0xceff51756c56ceffca006cd410b03ffc46dd3a58,29.462752134810216,161.96729731,4772.002334589643,0,0.0,0.0,True,train
2025-12-08 00:05:00+00:00,uniswap_v2,0xbb2b8038a1640196fbe3e38816f3e67cba72d940,29.462756567094548,72.70206294,2142.0031823268064,0,0.0,0.0,True,train
2025-12-08 00:06:00+00:00,sushiswap_v2,0xceff51756c56ceffca006cd410b03ffc46dd3a58,29.462752134810216,161.96729731,4772.002334589643,0,0.0,0.0,True,train
2025-12-08 00:06:00+00:00,uniswap_v2,0xbb2b8038a1640196fbe3e38816f3e67cba72d940,29.462756567094548,72.70206294,2142.0031823268064,0,0.0,0.0,True,train
2025-12-08 00:07:00+00:00,sushiswap_v2,0xceff51756c56ceffca006cd410b03ffc46dd3a58,29.462752134810216,161.96729731,4772.002334589643,0,0.0,0.0,True,train
2025-12-08 00:07:00+00:00,uniswap_v2,0xbb2b8038a1640196fbe3e38816f3e67cba72d940,29.462756567094548,72.70206294,2142.0031823268064,0,0.0,0.0,True,train
2025-12-08 00:08:00+00:00,sushiswap_v2,0xceff51756c56ceffca006cd410b03ffc46dd3a58,29.462752134810216,161.96729731,4772.002334589643,0,0.0,0.0,True,train
2025-12-08 00:08:00+00:00,uniswap_v2,0xbb2b8038a1640196fbe3e38816f3e67cba72d940,29.462756567094548,72.70206294,2142.0031823268064,0,0.0,0.0,True,train
2025-12-08 00:09:00+00:00,sushiswap_v2,0xceff51756c56ceffca006cd410b03ffc46dd3a58,29.462752134810216,161.96729731,4772.002334589643,0,0.0,0.0,True,train
2025-12-08 00:09:00+00:00,uniswap_v2,0xbb2b8038a1640196fbe3e38816f3e67cba72d940,29.462756567094548,72.70206294,2142.0031823268064,0,0.0,0.0,True,train
2025-12-08 00:10:00+00:00,sushiswap_v2,0xceff51756c56ceffca006cd410b03ffc46dd3a58,29.462752134810216,161.96729731,4772.002334589643,0,0.0,0.0,True,train
2025-12-08 00:10:00+00:00,uniswap_v2,0xbb2b8038a1640196fbe3e38816f3e67cba72d940,29.462756567094548,72.70206294,2142.0031823268064,0,0.0,0.0,True,train
2025-12-08 00:11:00+00:00,sushiswap_v2,0xceff51756c56ceffca006cd410b03ffc46dd3a58,29.462752134810216,161.96729731,4772.002334589643,0,0.0,0.0,True,train
2025-12-08 00:11:00+00:00,uniswap_v2,0xbb2b8038a1640196fbe3e38816f3e67cba72d940,29.462756567094548,72.70206294,2142.0031823268064,0,0.0,0.0,True,train
2025-12-08 00:12:00+00:00,sushiswap_v2,0xceff51756c56ceffca006cd410b03ffc46dd3a58,29.462752134810216,161.96729731,4772.002334589643,0,0.0,0.0,True,train
2025-12-08 00:12:00+00:00,uniswap_v2,0xbb2b8038a1640196fbe3e38816f3e67cba72d940,29.462756567094548,72.70206294,2142.0031823268064,0,0.0,0.0,True,train
2025-12-08 00:13:00+00:00,sushiswap_v2,0xceff51756c56ceffca006cd410b03ffc46dd3a58,29.462752134810216,161.96729731,4772.002334589643,0,0.0,0.0,True,train
2025-12-08 00:13:00+00:00,uniswap_v2,0xbb2b8038a1640196fbe3e38816f3e67cba72d940,29.462756567094548,72.70206294,2142.0031823268064,0,0.0,0.0,True,train
2025-12-08 00:14:00+00:00,sushiswap_v2,0xceff51756c56ceffca006cd410b03ffc46dd3a58,29.462752134810216,161.96729731,4772.002334589643,0,0.0,0.0,True,train
2025-12-08 00:14:00+00:00,uniswap_v2,0xbb2b8038a1640196fbe3e38816f3e67cba72d940,29.462756567094548,72.70206294,2142.0031823268064,0,0.0,0.0,True,train
2025-12-08 00:15:00+00:00,sushiswap_v2,0xceff51756c56ceffca006cd410b03ffc46dd3a58,29.462752134810216,161.96729731,4772.002334589643,0,0.0,0.0,True,train
2025-12-08 00:15:00+00:00,uniswap_v2,0xbb2b8038a1640196fbe3e38816f3e67cba72d940,29.462756567094548,72.70206294,2142.0031823268064,0,0.0,0.0,True,train
2025-12-08 00:16:00+00:00,sushiswap_v2,0xceff51756c56ceffca006cd410b03ffc46dd3a58,29.462752134810216,161.96729731,4772.002334589643,0,0.0,0.0,True,train
2025-12-08 00:16:00+00:00,uniswap_v2,0xbb2b8038a1640196fbe3e38816f3e67cba72d940,29.462756567094548,72.70206294,2142.0031823268064,0,0.0,0.0,True,train
2025-12-08 00:17:00+00:00,sushiswap_v2,0xceff51756c56ceffca006cd410b03ffc46dd3a58,29.462752134810216,161.96729731,4772.002334589643,0,0.0,0.0,True,train
2025-12-08 00:17:00+00:00,uniswap_v2,0xbb2b8038a1640196fbe3e38816f3e67cba72d940,29.462756567094548,72.70206294,2142.0031823268064,0,0.0,0.0,True,train
2025-12-08 00:18:00+00:00,sushiswap_v2,0xceff51756c56ceffca006cd410b03ffc46dd3a58,29.462752134810216,161.96729731,4772.002334589643,0,0.0,0.0,True,train
2025-12-08 00:18:00+00:00,uniswap_v2,0xbb2b8038a1640196fbe3e38816f3e67cba72d940,29.462756567094548,72.70206294,2142.0031823268064,0,0.0,0.0,True,train
2025-12-08 00:19:00+00:00,sushiswap_v2,0xceff51756c56ceffca006cd410b03ffc46dd3a58,29.462752134810216,161.96729731,4772.002334589643,0,0.0,0.0,True,train
2025-12-08 00:19:00+00:00,uniswap_v2,0xbb2b8038a1640196fbe3e38816f3e67cba72d940,29.462756567094548,72.70206294,2142.0031823268064,0,0.0,0.0,True,train
2025-12-08 00:20:00+00:00,sushiswap_v2,0xceff51756c56ceffca006cd410b03ffc46dd3a58,29.462752134810216,161.96729731,4772.002334589643,0,0.0,0.0,True,train
2025-12-08 00:20:00+00:00,uniswap_v2,0xbb2b8038a1640196fbe3e38816f3e67cba72d940,29.462756567094548,72.70206294,2142.0031823268064,0,0.0,0.0,True,train
2025-12-08 00:21:00+00:00,sushiswap_v2,0xceff51756c56ceffca006cd410b03ffc46dd3a58,29.462752134810216,161.96729731,4772.002334589643,0,0.0,0.0,True,train
2025-12-08 00:21:00+00:00,uniswap_v2,0xbb2b8038a1640196fbe3e38816f3e67cba72d940,29.462756567094548,72.70206294,2142.0031823268064,0,0.0,0.0,True,train
2025-12-08 00:22:00+00:00,sushiswap_v2,0xceff51756c56ceffca006cd410b03ffc46dd3a58,29.462752134810216,161.96729731,4772.002334589643,0,0.0,0.0,True,train
2025-12-08 00:22:00+00:00,uniswap_v2,0xbb2b8038a1640196fbe3e38816f3e67cba72d940,29.462756567094548,72.70206294,2142.0031823268064,0,0.0,0.0,True,train
2025-12-08 00:23:00+00:00,sushiswap_v2,0xceff51756c56ceffca006cd410b03ffc46dd3a58,29.462752134810216,161.96729731,4772.002334589643,0,0.0,0.0,True,train
2025-12-08 00:23:00+00:00,uniswap_v2,0xbb2b8038a1640196fbe3e38816f3e67cba72d940,29.462756567094548,72.70206294,2142.0031823268064,0,0.0,0.0,True,train
2025-12-08 00:24:00+00:00,sushiswap_v2,0xceff51756c56ceffca006cd410b03ffc46dd3a58,29.462752134810216,161.96729731,4772.002334589643,0,0.0,0.0,True,train
2025-12-08 00:24:00+00:00,uniswap_v2,0xbb2b8038a1640196fbe3e38816f3e67cba72d940,29.462756567094548,72.70206294,2142.0031823268064,0,0.0,0.0,True,train
2025-12-08 00:25:00+00:00,sushiswap_v2,0xceff51756c56ceffca006cd410b03ffc46dd3a58,29.462752134810216,161.96729731,4772.002334589643,0,0.0,0.0,True,train
2025-12-08 00:25:00+00:00,uniswap_v2,0xbb2b8038a1640196fbe3e38816f3e67cba72d940,29.462756567094548,72.70206294,2142.0031823268064,0,0.0,0.0,True,train
2025-12-08 00:26:00+00:00,sushiswap_v2,0xceff51756c56ceffca006cd410b03ffc46dd3a58,29.462752134810216,161.96729731,4772.002334589643,0,0.0,0.0,True,train
2025-12-08 00:26:00+00:00,uniswap_v2,0xbb2b8038a1640196fbe3e38816f3e67cba72d940,29.462756567094548,72.70206294,2142.0031823268064,0,0.0,0.0,True,train
2025-12-08 00:27:00+00:00,sushiswap_v2,0xceff51756c56ceffca006cd410b03ffc46dd3a58,29.462752134810216,161.96729731,4772.002334589643,0,0.0,0.0,True,train
2025-12-08 00:27:00+00:00,uniswap_v2,0xbb2b8038a1640196fbe3e38816f3e67cba72d940,29.462756567094548,72.70206294,2142.0031823268064,0,0.0,0.0,True,train
2025-12-08 00:28:00+00:00,sushiswap_v2,0xceff51756c56ceffca006cd410b03ffc46dd3a58,29.462752134810216,161.96729731,4772.002334589643,0,0.0,0.0,True,train
2025-12-08 00:28:00+00:00,uniswap_v2,0xbb2b8038a1640196fbe3e38816f3e67cba72d940,29.462756567094548,72.70206294,2142.0031823268064,0,0.0,0.0,True,train
2025-12-08 00:29:00+00:00,sushiswap_v2,0xceff51756c56ceffca006cd410b03ffc46dd3a58,29.462752134810216,161.96729731,4772.002334589643,0,0.0,0.0,True,train
2025-12-08 00:29:00+00:00,uniswap_v2,0xbb2b8038a1640196fbe3e38816f3e67cba72d940,29.462756567094548,72.70206294,2142.0031823268064,0,0.0,0.0,True,train
2025-12-08 00:30:00+00:00,sushiswap_v2,0xceff51756c56ceffca006cd410b03ffc46dd3a58,29.462752134810216,161.96729731,4772.002334589643,0,0.0,0.0,True,train
2025-12-08 00:30:00+00:00,uniswap_v2,0xbb2b8038a1640196fbe3e38816f3e67cba72d940,29.462756567094548,72.70206294,2142.0031823268064,0,0.0,0.0,True,train
2025-12-08 00:31:00+00:00,sushiswap_v2,0xceff51756c56ceffca006cd410b03ffc46dd3a58,29.462752134810216,161.96729731,4772.002334589643,0,0.0,0.0,True,train
2025-12-08 00:31:00+00:00,uniswap_v2,0xbb2b8038a1640196fbe3e38816f3e67cba72d940,29.462756567094548,72.70206294,2142.0031823268064,0,0.0,0.0,True,train
2025-12-08 00:32:00+00:00,sushiswap_v2,0xceff51756c56ceffca006cd410b03ffc46dd3a58,29.462752134810216,161.96729731,4772.002334589643,0,0.0,0.0,True,train
2025-12-08 00:32:00+00:00,uniswap_v2,0xbb2b8038a1640196fbe3e38816f3e67cba72d940,29.462756567094548,72.70206294,2142.0031823268064,0,0.0,0.0,True,train
2025-12-08 00:33:00+00:00,sushiswap_v2,0xceff51756c56ceffca006cd410b03ffc46dd3a58,29.462752134810216,161.96729731,4772.002334589643,0,0.0,0.0,True,train
2025-12-08 00:33:00+00:00,uniswap_v2,0xbb2b8038a1640196fbe3e38816f3e67cba72d940,29.462756567094548,72.70206294,2142.0031823268064,0,0.0,0.0,True,train
2025-12-08 00:34:00+00:00,sushiswap_v2,0xceff51756c56ceffca006cd410b03ffc46dd3a58,29.462752134810216,161.96729731,4772.002334589643,0,0.0,0.0,True,train
2025-12-08 00:34:00+00:00,uniswap_v2,0xbb2b8038a1640196fbe3e38816f3e67cba72d940,29.462756567094548,72.70206294,2142.0031823268064,0,0.0,0.0,True,train
2025-12-08 00:35:00+00:00,sushiswap_v2,0xceff51756c56ceffca006cd410b03ffc46dd3a58,29.462752134810216,161.96729731,4772.002334589643,0,0.0,0.0,True,train
2025-12-08 00:35:00+00:00,uniswap_v2,0xbb2b8038a1640196fbe3e38816f3e67cba72d940,29.462756567094548,72.70206294,2142.0031823268064,0,0.0,0.0,True,train
2025-12-08 00:36:00+00:00,sushiswap_v2,0xceff51756c56ceffca006cd410b03ffc46dd3a58,29.462752134810216,161.96729731,4772.002334589643,0,0.0,0.0,True,train
2025-12-08 00:36:00+00:00,uniswap_v2,0xbb2b8038a1640196fbe3e38816f3e67cba72d940,29.462756567094548,72.70206294,2142.0031823268064,0,0.0,0.0,True,train
2025-12-08 00:37:00+00:00,sushiswap_v2,0xceff51756c56ceffca006cd410b03ffc46dd3a58,29.462752134810216,161.96729731,4772.002334589643,0,0.0,0.0,True,train
2025-12-08 00:37:00+00:00,uniswap_v2,0xbb2b8038a1640196fbe3e38816f3e67cba72d940,29.462756567094548,72.70206294,2142.0031823268064,0,0.0,0.0,True,train
2025-12-08 00:38:00+00:00,sushiswap_v2,0xceff51756c56ceffca006cd410b03ffc46dd3a58,29.462752134810216,161.96729731,4772.002334589643,0,0.0,0.0,True,train
2025-12-08 00:38:00+00:00,uniswap_v2,0xbb2b8038a1640196fbe3e38816f3e67cba72d940,29.462756567094548,72.70206294,2142.0031823268064,0,0.0,0.0,True,train
2025-12-08 00:39:00+00:00,sushiswap_v2,0xceff51756c56ceffca006cd410b03ffc46dd3a58,29.462752134810216,161.96729731,4772.002334589643,0,0.0,0.0,True,train
2025-12-08 00:39:00+00:00,uniswap_v2,0xbb2b8038a1640196fbe3e38816f3e67cba72d940,29.462756567094548,72.70206294,2142.0031823268064,0,0.0,0.0,True,train
2025-12-08 00:40:00+00:00,sushiswap_v2,0xceff51756c56ceffca006cd410b03ffc46dd3a58,29.462752134810216,161.96729731,4772.002334589643,0,0.0,0.0,True,train
2025-12-08 00:40:00+00:00,uniswap_v2,0xbb2b8038a1640196fbe3e38816f3e67cba72d940,29.462756567094548,72.70206294,2142.0031823268064,0,0.0,0.0,True,train
2025-12-08 00:41:00+00:00,sushiswap_v2,0xceff51756c56ceffca006cd410b03ffc46dd3a58,29.462752134810216,161.96729731,4772.002334589643,0,0.0,0.0,True,train
2025-12-08 00:41:00+00:00,uniswap_v2,0xbb2b8038a1640196fbe3e38816f3e67cba72d940,29.462756563060864,72.70206295,2142.0031823281765,0,0.0,0.0,False,train
2025-12-08 00:42:00+00:00,sushiswap_v2,0xceff51756c56ceffca006cd410b03ffc46dd3a58,29.462752134810216,161.96729731,4772.002334589643,0,0.0,0.0,True,train
2025-12-08 00:42:00+00:00,uniswap_v2,0xbb2b8038a1640196fbe3e38816f3e67cba72d940,29.462756563060864,72.70206295,2142.0031823281765,0,0.0,0.0,False,train
2025-12-08 00:43:00+00:00,sushiswap_v2,0xceff51756c56ceffca006cd410b03ffc46dd3a58,29.462752134810216,161.96729731,4772.002334589643,0,0.0,0.0,True,train
2025-12-08 00:43:00+00:00,uniswap_v2,0xbb2b8038a1640196fbe3e38816f3e67cba72d940,29.462756563060864,72.70206295,2142.0031823281765,0,0.0,0.0,False,train
2025-12-08 00:44:00+00:00,sushiswap_v2,0xceff51756c56ceffca006cd410b03ffc46dd3a58,29.462752134810216,161.96729731,4772.002334589643,0,0.0,0.0,True,train
2025-12-08 00:44:00+00:00,uniswap_v2,0xbb2b8038a1640196fbe3e38816f3e67cba72d940,29.462756563060864,72.70206295,2142.0031823281765,0,0.0,0.0,False,train
2025-12-08 00:45:00+00:00,sushiswap_v2,0xceff51756c56ceffca006cd410b03ffc46dd3a58,29.462752134810216,161.96729731,4772.002334589643,0,0.0,0.0,True,train
2025-12-08 00:45:00+00:00,uniswap_v2,0xbb2b8038a1640196fbe3e38816f3e67cba72d940,29.462756563060864,72.70206295,2142.0031823281765,0,0.0,0.0,False,train
2025-12-08 00:46:00+00:00,sushiswap_v2,0xceff51756c56ceffca006cd410b03ffc46dd3a58,29.462752134810216,161.96729731,4772.002334589643,0,0.0,0.0,True,train
2025-12-08 00:46:00+00:00,uniswap_v2,0xbb2b8038a1640196fbe3e38816f3e67cba72d940,29.462756563060864,72.70206295,2142.0031823281765,0,0.0,0.0,False,train
2025-12-08 00:47:00+00:00,sushiswap_v2,0xceff51756c56ceffca006cd410b03ffc46dd3a58,29.462752134810216,161.96729731,4772.002334589643,0,0.0,0.0,True,train
2025-12-08 00:47:00+00:00,uniswap_v2,0xbb2b8038a1640196fbe3e38816f3e67cba72d940,29.462756563060864,72.70206295,2142.0031823281765,0,0.0,0.0,False,train
2025-12-08 00:48:00+00:00,sushiswap_v2,0xceff51756c56ceffca006cd410b03ffc46dd3a58,29.462752134810216,161.96729731,4772.002334589643,0,0.0,0.0,True,train
2025-12-08 00:48:00+00:00,uniswap_v2,0xbb2b8038a1640196fbe3e38816f3e67cba72d940,29.462756563060864,72.70206295,2142.0031823281765,0,0.0,0.0,False,train
2025-12-08 00:49:00+00:00,sushiswap_v2,0xceff51756c56ceffca006cd410b03ffc46dd3a58,29.462752134810216,161.96729731,4772.002334589643,0,0.0,0.0,True,train
2025-12-08 00:49:00+00:00,uniswap_v2,0xbb2b8038a1640196fbe3e38816f3e67cba72d940,29.462756563060864,72.70206295,2142.0031823281765,0,0.0,0.0,False,train
2025-12-08 00:50:00+00:00,sushiswap_v2,0xceff51756c56ceffca006cd410b03ffc46dd3a58,29.462752134810216,161.96729731,4772.002334589643,0,0.0,0.0,True,train
2025-12-08 00:50:00+00:00,uniswap_v2,0xbb2b8038a1640196fbe3e38816f3e67cba72d940,29.462756563060864,72.70206295,2142.0031823281765,0,0.0,0.0,False,train
2025-12-08 00:51:00+00:00,sushiswap_v2,0xceff51756c56ceffca006cd410b03ffc46dd3a58,29.462752134810216,161.96729731,4772.002334589643,0,0.0,0.0,True,train
2025-12-08 00:51:00+00:00,uniswap_v2,0xbb2b8038a1640196fbe3e38816f3e67cba72d940,29.462756563060864,72.70206295,2142.0031823281765,0,0.0,0.0,False,train
2025-12-08 00:52:00+00:00,sushiswap_v2,0xceff51756c56ceffca006cd410b03ffc46dd3a58,29.462752134810216,161.96729731,4772.002334589643,0,0.0,0.0,True,train
2025-12-08 00:52:00+00:00,uniswap_v2,0xbb2b8038a1640196fbe3e38816f3e67cba72d940,29.462756563060864,72.70206295,2142.0031823281765,0,0.0,0.0,False,train
2025-12-08 00:53:00+00:00,sushiswap_v2,0xceff51756c56ceffca006cd410b03ffc46dd3a58,29.462752134810216,161.96729731,4772.002334589643,0,0.0,0.0,True,train
2025-12-08 00:53:00+00:00,uniswap_v2,0xbb2b8038a1640196fbe3e38816f3e67cba72d940,29.462756563060864,72.70206295,2142.0031823281765,0,0.0,0.0,False,train
2025-12-08 00:54:00+00:00,sushiswap_v2,0xceff51756c56ceffca006cd410b03ffc46dd3a58,29.462752134810216,161.96729731,4772.002334589643,0,0.0,0.0,True,train
2025-12-08 00:54:00+00:00,uniswap_v2,0xbb2b8038a1640196fbe3e38816f3e67cba72d940,29.462756563060864,72.70206295,2142.0031823281765,0,0.0,0.0,False,train
2025-12-08 00:55:00+00:00,sushiswap_v2,0xceff51756c56ceffca006cd410b03ffc46dd3a58,29.462752134810216,161.96729731,4772.002334589643,0,0.0,0.0,True,train
2025-12-08 00:55:00+00:00,uniswap_v2,0xbb2b8038a1640196fbe3e38816f3e67cba72d940,29.462756563060864,72.70206295,2142.0031823281765,0,0.0,0.0,False,train
2025-12-08 00:56:00+00:00,sushiswap_v2,0xceff51756c56ceffca006cd410b03ffc46dd3a58,29.462752134810216,161.96729731,4772.002334589643,0,0.0,0.0,True,train
2025-12-08 00:56:00+00:00,uniswap_v2,0xbb2b8038a1640196fbe3e38816f3e67cba72d940,29.462756563060864,72.70206295,2142.0031823281765,0,0.0,0.0,False,train
2025-12-08 00:57:00+00:00,sushiswap_v2,0xceff51756c56ceffca006cd410b03ffc46dd3a58,29.462752134810216,161.96729731,4772.002334589643,0,0.0,0.0,True,train
2025-12-08 00:57:00+00:00,uniswap_v2,0xbb2b8038a1640196fbe3e38816f3e67cba72d940,29.462756563060864,72.70206295,2142.0031823281765,0,0.0,0.0,True,train
2025-12-08 00:58:00+00:00,sushiswap_v2,0xceff51756c56ceffca006cd410b03ffc46dd3a58,29.462752134810216,161.96729731,4772.002334589643,0,0.0,0.0,True,train
2025-12-08 00:58:00+00:00,uniswap_v2,0xbb2b8038a1640196fbe3e38816f3e67cba72d940,29.462756563060864,72.70206295,2142.0031823281765,0,0.0,0.0,True,train
2025-12-08 00:59:00+00:00,sushiswap_v2,0xceff51756c56ceffca006cd410b03ffc46dd3a58,29.462752134810216,161.96729731,4772.002334589643,0,0.0,0.0,True,train
2025-12-08 00:59:00+00:00,uniswap_v2,0xbb2b8038a1640196fbe3e38816f3e67cba72d940,29.462756563060864,72.70206295,2142.0031823281765,0,0.0,0.0,True,train
2025-12-08 01:00:00+00:00,sushiswap_v2,0xceff51756c56ceffca006cd410b03ffc46dd3a58,29.462752134810216,161.96729731,4772.002334589643,0,0.0,0.0,True,train
2025-12-08 01:00:00+00:00,uniswap_v2,0xbb2b8038a1640196fbe3e38816f3e67cba72d940,29.462756563060864,72.70206295,2142.0031823281765,0,0.0,0.0,True,train
2025-12-08 01:01:00+00:00,sushiswap_v2,0xceff51756c56ceffca006cd410b03ffc46dd3a58,29.462752134810216,161.96729731,4772.002334589643,0,0.0,0.0,True,train
2025-12-08 01:01:00+00:00,uniswap_v2,0xbb2b8038a1640196fbe3e38816f3e67cba72d940,29.462756563060864,72.70206295,2142.0031823281765,0,0.0,0.0,True,train
2025-12-08 01:02:00+00:00,sushiswap_v2,0xceff51756c56ceffca006cd410b03ffc46dd3a58,29.462752134810216,161.96729731,4772.002334589643,0,0.0,0.0,True,train
2025-12-08 01:02:00+00:00,uniswap_v2,0xbb2b8038a1640196fbe3e38816f3e67cba72d940,29.462895427067583,72.70189188,2142.008237810414,1,0.00017107,0.005055482236846426,False,train
2025-12-08 01:03:00+00:00,sushiswap_v2,0xceff51756c56ceffca006cd410b03ffc46dd3a58,29.462752134810216,161.96729731,4772.002334589643,0,0.0,0.0,True,train
2025-12-08 01:03:00+00:00,uniswap_v2,0xbb2b8038a1640196fbe3e38816f3e67cba72d940,29.462895427067583,72.70189188,2142.008237810414,0,0.0,0.0,False,train
2025-12-08 01:04:00+00:00,sushiswap_v2,0xceff51756c56ceffca006cd410b03ffc46dd3a58,29.462752134810216,161.96729731,4772.002334589643,0,0.0,0.0,True,train
2025-12-08 01:04:00+00:00,uniswap_v2,0xbb2b8038a1640196fbe3e38816f3e67cba72d940,29.462895427067583,72.70189188,2142.008237810414,0,0.0,0.0,False,train
2025-12-08 01:05:00+00:00,sushiswap_v2,0xceff51756c56ceffca006cd410b03ffc46dd3a58,29.462752134810216,161.96729731,4772.002334589643,0,0.0,0.0,True,train
2025-12-08 01:05:00+00:00,uniswap_v2,0xbb2b8038a1640196fbe3e38816f3e67cba72d940,29.462895427067583,72.70189188,2142.008237810414,0,0.0,0.0,False,train
2025-12-08 01:06:00+00:00,sushiswap_v2,0xceff51756c56ceffca006cd410b03ffc46dd3a58,29.462752134810216,161.96729731,4772.002334589643,0,0.0,0.0,True,train
2025-12-08 01:06:00+00:00,uniswap_v2,0xbb2b8038a1640196fbe3e38816f3e67cba72d940,29.462895427067583,72.70189188,2142.008237810414,0,0.0,0.0,False,train
2025-12-08 01:07:00+00:00,sushiswap_v2,0xceff51756c56ceffca006cd410b03ffc46dd3a58,29.462752134810216,161.96729731,4772.002334589643,0,0.0,0.0,True,train
2025-12-08 01:07:00+00:00,uniswap_v2,0xbb2b8038a1640196fbe3e38816f3e67cba72d940,29.462895427067583,72.70189188,2142.008237810414,0,0.0,0.0,False,train
2025-12-08 01:08:00+00:00,sushiswap_v2,0xceff51756c56ceffca006cd410b03ffc46dd3a58,29.462752134810216,161.96729731,4772.002334589643,0,0.0,0.0,True,train
2025-12-08 01:08:00+00:00,uniswap_v2,0xbb2b8038a1640196fbe3e38816f3e67cba72d940,29.462895427067583,72.70189188,2142.008237810414,0,0.0,0.0,False,train
2025-12-08 01:09:00+00:00,sushiswap_v2,0xceff51756c56ceffca006cd410b03ffc46dd3a58,29.462752134810216,161.96729731,4772.002334589643,0,0.0,0.0,True,train
2025-12-08 01:09:00+00:00,uniswap_v2,0xbb2b8038a1640196fbe3e38816f3e67cba72d940,29.46289264308708,72.70189532,2142.008136762115,1,3.44e-06,0.000101048298421395,False,train
2025-12-08 01:10:00+00:00,sushiswap_v2,0xceff51756c56ceffca006cd410b03ffc46dd3a58,29.462752134810216,161.96729731,4772.002334589643,0,0.0,0.0,True,train
2025-12-08 01:10:00+00:00,uniswap_v2,0xbb2b8038a1640196fbe3e38816f3e67cba72d940,29.46289264308708,72.70189532,2142.008136762115,0,0.0,0.0,False,train
2025-12-08 01:11:00+00:00,sushiswap_v2,0xceff51756c56ceffca006cd410b03ffc46dd3a58,29.462752134810216,161.96729731,4772.002334589643,0,0.0,0.0,True,train
2025-12-08 01:11:00+00:00,uniswap_v2,0xbb2b8038a1640196fbe3e38816f3e67cba72d940,29.46289264308708,72.70189532,2142.008136762115,0,0.0,0.0,False,train
2025-12-08 01:12:00+00:00,sushiswap_v2,0xceff51756c56ceffca006cd410b03ffc46dd3a58,29.462752134810216,161.96729731,4772.002334589643,0,0.0,0.0,True,train
2025-12-08 01:12:00+00:00,uniswap_v2,0xbb2b8038a1640196fbe3e38816f3e67cba72d940,29.46289264308708,72.70189532,2142.008136762115,0,0.0,0.0,False,train
2025-12-08 01:13:00+00:00,sushiswap_v2,0xceff51756c56ceffca006cd410b03ffc46dd3a58,29.462752134810216,161.96729731,4772.002334589643,0,0.0,0.0,True,train
2025-12-08 01:13:00+00:00,uniswap_v2,0xbb2b8038a1640196fbe3e38816f3e67cba72d940,29.46289264308708,72.70189532,2142.008136762115,0,0.0,0.0,False,train
2025-12-08 01:14:00+00:00,sushiswap_v2,0xceff51756c56ceffca006cd410b03ffc46dd3a58,29.462752134810216,161.96729731,4772.002334589643,0,0.0,0.0,True,train
2025-12-08 01:14:00+00:00,uniswap_v2,0xbb2b8038a1640196fbe3e38816f3e67cba72d940,29.46289184997643,72.7018963,2142.0081079751017,1,9.8e-07,2.8787013498978e-05,False,train
2025-12-08 01:15:00+00:00,sushiswap_v2,0xceff51756c56ceffca006cd410b03ffc46dd3a58,29.462752134810216,161.96729731,4772.002334589643,0,0.0,0.0,True,train
2025-12-08 01:15:00+00:00,uniswap_v2,0xbb2b8038a1640196fbe3e38816f3e67cba72d940,29.46289184997643,72.7018963,2142.0081079751017,0,0.0,0.0,False,train
2025-12-08 01:16:00+00:00,sushiswap_v2,0xceff51756c56ceffca006cd410b03ffc46dd3a58,29.462752134810216,161.96729731,4772.002334589643,0,0.0,0.0,True,train
2025-12-08 01:16:00+00:00,uniswap_v2,0xbb2b8038a1640196fbe3e38816f3e67cba72d940,29.46289184997643,72.7018963,2142.0081079751017,0,0.0,0.0,False,train
2025-12-08 01:17:00+00:00,sushiswap_v2,0xceff51756c56ceffca006cd410b03ffc46dd3a58,29.462752134810216,161.96729731,4772.002334589643,0,0.0,0.0,True,train
2025-12-08 01:17:00+00:00,uniswap_v2,0xbb2b8038a1640196fbe3e38816f3e67cba72d940,29.46289184997643,72.7018963,2142.0081079751017,0,0.0,0.0,False,train
2025-12-08 01:18:00+00:00,sushiswap_v2,0xceff51756c56ceffca006cd410b03ffc46dd3a58,29.462752134810216,161.96729731,4772.002334589643,0,0.0,0.0,True,train
2025-12-08 01:18:00+00:00,uniswap_v2,0xbb2b8038a1640196fbe3e38816f3e67cba72d940,29.46289184997643,72.7018963,2142.0081079751017,0,0.0,0.0,False,train
2025-12-08 01:19:00+00:00,sushiswap_v2,0xceff51756c56ceffca006cd410b03ffc46dd3a58,29.462752134810216,161.96729731,4772.002334589643,0,0.0,0.0,True,train
2025-12-08 01:19:00+00:00,uniswap_v2,0xbb2b8038a1640196fbe3e38816f3e67cba72d940,29.46289184997643,72.7018963,2142.0081079751017,0,0.0,0.0,False,train
2025-12-08 01:20:00+00:00,sushiswap_v2,0xceff51756c56ceffca006cd410b03ffc46dd3a58,29.462752134810216,161.96729731,4772.002334589643,0,0.0,0.0,True,train
2025-12-08 01:20:00+00:00,uniswap_v2,0xbb2b8038a1640196fbe3e38816f3e67cba72d940,29.46289184997643,72.7018963,2142.0081079751017,0,0.0,0.0,False,train
2025-12-08 01:21:00+00:00,sushiswap_v2,0xceff51756c56ceffca006cd410b03ffc46dd3a58,29.462752134810216,161.96729731,4772.002334589643,0,0.0,0.0,True,train
2025-12-08 01:21:00+00:00,uniswap_v2,0xbb2b8038a1640196fbe3e38816f3e67cba72d940,29.46289184997643,72.7018963,2142.0081079751017,0,0.0,0.0,False,train
2025-12-08 01:22:00+00:00,sushiswap_v2,0xceff51756c56ceffca006cd410b03ffc46dd3a58,29.462752134810216,161.96729731,4772.002334589643,0,0.0,0.0,True,train
2025-12-08 01:22:00+00:00,uniswap_v2,0xbb2b8038a1640196fbe3e38816f3e67cba72d940,29.46289184997643,72.7018963,2142.0081079751017,0,0.0,0.0,False,train
2025-12-08 01:23:00+00:00,sushiswap_v2,0xceff51756c56ceffca006cd410b03ffc46dd3a58,29.462752134810216,161.96729731,4772.002334589643,0,0.0,0.0,True,train
2025-12-08 01:23:00+00:00,uniswap_v2,0xbb2b8038a1640196fbe3e38816f3e67cba72d940,29.46289184997643,72.7018963,2142.0081079751017,0,0.0,0.0,False,train
2025-12-08 01:24:00+00:00,sushiswap_v2,0xceff51756c56ceffca006cd410b03ffc46dd3a58,29.462752134810216,161.96729731,4772.002334589643,0,0.0,0.0,True,train
2025-12-08 01:24:00+00:00,uniswap_v2,0xbb2b8038a1640196fbe3e38816f3e67cba72d940,29.46289184997643,72.7018963,2142.0081079751017,0,0.0,0.0,False,train
2025-12-08 01:25:00+00:00,sushiswap_v2,0xceff51756c56ceffca006cd410b03ffc46dd3a58,29.462752134810216,161.96729731,4772.002334589643,0,0.0,0.0,True,train
2025-12-08 01:25:00+00:00,uniswap_v2,0xbb2b8038a1640196fbe3e38816f3e67cba72d940,29.46289184997643,72.7018963,2142.0081079751017,0,0.0,0.0,False,train
2025-12-08 01:26:00+00:00,sushiswap_v2,0xceff51756c56ceffca006cd410b03ffc46dd3a58,29.462752134810216,161.96729731,4772.002334589643,0,0.0,0.0,True,train
2025-12-08 01:26:00+00:00,uniswap_v2,0xbb2b8038a1640196fbe3e38816f3e67cba72d940,29.46289184997643,72.7018963,2142.0081079751017,0,0.0,0.0,False,train
2025-12-08 01:27:00+00:00,sushiswap_v2,0xceff51756c56ceffca006cd410b03ffc46dd3a58,29.462752134810216,161.96729731,4772.002334589643,0,0.0,0.0,True,train
2025-12-08 01:27:00+00:00,uniswap_v2,0xbb2b8038a1640196fbe3e38816f3e67cba72d940,29.46289184997643,72.7018963,2142.0081079751017,0,0.0,0.0,False,train
2025-12-08 01:28:00+00:00,sushiswap_v2,0xceff51756c56ceffca006cd410b03ffc46dd3a58,29.404512349269226,162.1278584,4767.290614483372,2,0.16056109000000002,4.711720106270605,False,train
2025-12-08 01:28:00+00:00,uniswap_v2,0xbb2b8038a1640196fbe3e38816f3e67cba72d940,29.40455833784948,72.77408281,2139.889763470134,2,0.07218651000000001,2.1183445049678467,False,train
2025-12-08 01:29:00+00:00,sushiswap_v2,0xceff51756c56ceffca006cd410b03ffc46dd3a58,29.380421919760806,162.19441285,4765.340282560874,1,0.06655445,1.950331922499369,False,train
2025-12-08 01:29:00+00:00,uniswap_v2,0xbb2b8038a1640196fbe3e38816f3e67cba72d940,29.383089171727896,72.80070459,2139.1095947325903,1,0.02662178,0.7801687375437167,False,train
2025-12-08 01:30:00+00:00,sushiswap_v2,0xceff51756c56ceffca006cd410b03ffc46dd3a58,29.320610969528758,162.36000679,4760.494596099637,4,0.16559394,4.845686461235729,False,train
2025-12-08 01:30:00+00:00,uniswap_v2,0xbb2b8038a1640196fbe3e38816f3e67cba72d940,29.348589212658627,72.84354577,2137.855301597227,4,0.04284118,1.2542931353634206,False,train
2025-12-08 01:31:00+00:00,sushiswap_v2,0xceff51756c56ceffca006cd410b03ffc46dd3a58,29.320610969528758,162.36000679,4760.494596099637,0,0.0,0.0,False,train
2025-12-08 01:31:00+00:00,uniswap_v2,0xbb2b8038a1640196fbe3e38816f3e67cba72d940,29.323109682033035,72.87523416,2136.928484377521,3,0.03168839,0.9268172197059446,False,train
2025-12-08 01:32:00+00:00,sushiswap_v2,0xceff51756c56ceffca006cd410b03ffc46dd3a58,29.320610969528758,162.36000679,4760.494596099637,0,0.0,0.0,False,train
2025-12-08 01:32:00+00:00,uniswap_v2,0xbb2b8038a1640196fbe3e38816f3e67cba72d940,29.323109682033035,72.87523416,2136.928484377521,0,0.0,0.0,False,train
2025-12-08 01:33:00+00:00,sushiswap_v2,0xceff51756c56ceffca006cd410b03ffc46dd3a58,29.320610969528758,162.36000679,4760.494596099637,0,0.0,0.0,False,train
2025-12-08 01:33:00+00:00,uniswap_v2,0xbb2b8038a1640196fbe3e38816f3e67cba72d940,29.317193991223913,72.8825973,2136.7132436283523,1,0.00736314,0.21524074916854577,False,train
2025-12-08 01:34:00+00:00,sushiswap_v2,0xceff51756c56ceffca006cd410b03ffc46dd3a58,29.320610969528758,162.36000679,4760.494596099637,0,0.0,0.0,False,train
2025-12-08 01:34:00+00:00,uniswap_v2,0xbb2b8038a1640196fbe3e38816f3e67cba72d940,29.317193991223913,72.8825973,2136.7132436283523,0,0.0,0.0,False,train
2025-12-08 01:35:00+00:00,sushiswap_v2,0xceff51756c56ceffca006cd410b03ffc46dd3a58,29.320610969528758,162.36000679,4760.494596099637,0,0.0,0.0,False,train
2025-12-08 01:35:00+00:00,uniswap_v2,0xbb2b8038a1640196fbe3e38816f3e67cba72d940,29.316975125907106,72.88286976,2136.7052798586474,1,0.00027246,0.007963769704851562,False,train
2025-12-08 01:36:00+00:00,sushiswap_v2,0xceff51756c56ceffca006cd410b03ffc46dd3a58,29.320610969528758,162.36000679,4760.494596099637,0,0.0,0.0,False,train
2025-12-08 01:36:00+00:00,uniswap_v2,0xbb2b8038a1640196fbe3e38816f3e67cba72d940,29.316975125907106,72.88286976,2136.7052798586474,0,0.0,0.0,False,train
2025-12-08 01:37:00+00:00,sushiswap_v2,0xceff51756c56ceffca006cd410b03ffc46dd3a58,29.320610969528758,162.36000679,4760.494596099637,0,0.0,0.0,False,train
2025-12-08 01:37:00+00:00,uniswap_v2,0xbb2b8038a1640196fbe3e38816f3e67cba72d940,29.316975125907106,72.88286976,2136.7052798586474,0,0.0,0.0,False,train
2025-12-08 01:38:00+00:00,sushiswap_v2,0xceff51756c56ceffca006cd410b03ffc46dd3a58,29.298731818684303,162.4207086,4758.720783072072,2,0.060701809999999995,1.7738130275652928,False,train
2025-12-08 01:38:00+00:00,uniswap_v2,0xbb2b8038a1640196fbe3e38816f3e67cba72d940,29.30496547101083,72.89782496,2136.2682433645914,1,0.0149552,0.4370364940562219,False,train
2025-12-08 01:39:00+00:00,sushiswap_v2,0xceff51756c56ceffca006cd410b03ffc46dd3a58,29.26501615543671,162.51438309,4755.986046619681,2,0.09367449,2.734736452392199,False,train
2025-12-08 01:39:00+00:00,uniswap_v2,0xbb2b8038a1640196fbe3e38816f3e67cba72d940,29.267400926358278,72.9446622,2134.9006740451714,2,0.04683724,1.3675693194199505,False,train
2025-12-08 01:40:00+00:00,sushiswap_v2,0xceff51756c56ceffca006cd410b03ffc46dd3a58,29.26501615543671,162.51438309,4755.986046619681,0,0.0,0.0,False,train
2025-12-08 01:40:00+00:00,uniswap_v2,0xbb2b8038a1640196fbe3e38816f3e67cba72d940,29.267400926358278,72.9446622,2134.9006740451714,0,0.0,0.0,False,train
2025-12-08 01:41:00+00:00,sushiswap_v2,0xceff51756c56ceffca006cd410b03ffc46dd3a58,29.26501615543671,162.51438309,4755.986046619681,0,0.0,0.0,False,train
2025-12-08 01:41:00+00:00,uniswap_v2,0xbb2b8038a1640196fbe3e38816f3e67cba72d940,29.267400926358278,72.9446622,2134.9006740451714,0,0.0,0.0,False,train
2025-12-08 01:42:00+00:00,sushiswap_v2,0xceff51756c56ceffca006cd410b03ffc46dd3a58,29.26501615543671,162.51438309,4755.986046619681,0,0.0,0.0,False,train
2025-12-08 01:42:00+00:00,uniswap_v2,0xbb2b8038a1640196fbe3e38816f3e67cba72d940,29.267400926358278,72.9446622,2134.9006740451714,0,0.0,0.0,False,train
2025-12-08 01:43:00+00:00,sushiswap_v2,0xceff51756c56ceffca006cd410b03ffc46dd3a58,29.26501615543671,162.51438309,4755.986046619681,0,0.0,0.0,False,train
2025-12-08 01:43:00+00:00,uniswap_v2,0xbb2b8038a1640196fbe3e38816f3e67cba72d940,29.267400926358278,72.9446622,2134.9006740451714,0,0.0,0.0,False,train
2025-12-08 01:44:00+00:00,sushiswap_v2,0xceff51756c56ceffca006cd410b03ffc46dd3a58,29.26501615543671,162.51438309,4755.986046619681,0,0.0,0.0,False,train
2025-12-08 01:44:00+00:00,uniswap_v2,0xbb2b8038a1640196fbe3e38816f3e67cba72d940,29.267400926358278,72.9446622,2134.9006740451714,0,0.0,0.0,False,train
2025-12-08 01:45:00+00:00,sushiswap_v2,0xceff51756c56ceffca006cd410b03ffc46dd3a58,29.26501615543671,162.51438309,4755.986046619681,0,0.0,0.0,False,train
2025-12-08 01:45:00+00:00,uniswap_v2,0xbb2b8038a1640196fbe3e38816f3e67cba72d940,29.267400926358278,72.9446622,2134.9006740451714,0,0.0,0.0,False,train
2025-12-08 01:46:00+00:00,sushiswap_v2,0xceff51756c56ceffca006cd410b03ffc46dd3a58,29.26501615543671,162.51438309,4755.986046619681,0,0.0,0.0,False,train
2025-12-08 01:46:00+00:00,uniswap_v2,0xbb2b8038a1640196fbe3e38816f3e67cba72d940,29.267400926358278,72.9446622,2134.9006740451714,0,0.0,0.0,False,train
2025-12-08 01:47:00+00:00,sushiswap_v2,0xceff51756c56ceffca006cd410b03ffc46dd3a58,29.26501615543671,162.51438309,4755.986046619681,0,0.0,0.0,False,train
2025-12-08 01:47:00+00:00,uniswap_v2,0xbb2b8038a1640196fbe3e38816f3e67cba72d940,29.26724070882194,72.94486216,2134.894839308557,1,0.00019996,0.005834736614243099,False,train
2025-12-08 01:48:00+00:00,sushiswap_v2,0xceff51756c56ceffca006cd410b03ffc46dd3a58,29.26501615543671,162.51438309,4755.986046619681,0,0.0,0.0,False,train
2025-12-08 01:48:00+00:00,uniswap_v2,0xbb2b8038a1640196fbe3e38816f3e67cba72d940,29.26724070882194,72.94486216,2134.894839308557,0,0.0,0.0,False,train
2025-12-08 01:49:00+00:00,sushiswap_v2,0xceff51756c56ceffca006cd410b03ffc46dd3a58,29.26501615543671,162.51438309,4755.986046619681,0,0.0,0.0,False,train
2025-12-08 01:49:00+00:00,uniswap_v2,0xbb2b8038a1640196fbe3e38816f3e67cba72d940,29.26724070882194,72.94486216,2134.894839308557,0,0.0,0.0,False,train
2025-12-08 01:50:00+00:00,sushiswap_v2,0xceff51756c56ceffca006cd410b03ffc46dd3a58,29.26501615543671,162.51438309,4755.986046619681,0,0.0,0.0,False,train
2025-12-08 01:50:00+00:00,uniswap_v2,0xbb2b8038a1640196fbe3e38816f3e67cba72d940,29.26724070882194,72.94486216,2134.894839308557,0,0.0,0.0,False,train
2025-12-08 01:51:00+00:00,sushiswap_v2,0xceff51756c56ceffca006cd410b03ffc46dd3a58,29.26501615543671,162.51438309,4755.986046619681,0,0.0,0.0,False,train
2025-12-08 01:51:00+00:00,uniswap_v2,0xbb2b8038a1640196fbe3e38816f3e67cba72d940,29.26724070882194,72.94486216,2134.894839308557,0,0.0,0.0,False,train
2025-12-08 01:52:00+00:00,sushiswap_v2,0xceff51756c56ceffca006cd410b03ffc46dd3a58,29.26501615543671,162.51438309,4755.986046619681,0,0.0,0.0,False,train
2025-12-08 01:52:00+00:00,uniswap_v2,0xbb2b8038a1640196fbe3e38816f3e67cba72d940,29.26724070882194,72.94486216,2134.894839308557,0,0.0,0.0,False,train
2025-12-08 01:53:00+00:00,sushiswap_v2,0xceff51756c56ceffca006cd410b03ffc46dd3a58,29.26501615543671,162.51438309,4755.986046619681,0,0.0,0.0,False,train
2025-12-08 01:53:00+00:00,uniswap_v2,0xbb2b8038a1640196fbe3e38816f3e67cba72d940,29.26724070882194,72.94486216,2134.894839308557,0,0.0,0.0,False,train
2025-12-08 01:54:00+00:00,sushiswap_v2,0xceff51756c56ceffca006cd410b03ffc46dd3a58,29.26501615543671,162.51438309,4755.986046619681,0,0.0,0.0,False,train
2025-12-08 01:54:00+00:00,uniswap_v2,0xbb2b8038a1640196fbe3e38816f3e67cba72d940,29.26724070882194,72.94486216,2134.894839308557,0,0.0,0.0,False,train
2025-12-08 01:55:00+00:00,sushiswap_v2,0xceff51756c56ceffca006cd410b03ffc46dd3a58,29.26501615543671,162.51438309,4755.986046619681,0,0.0,0.0,True,train
2025-12-08 01:55:00+00:00,uniswap_v2,0xbb2b8038a1640196fbe3e38816f3e67cba72d940,29.26724070882194,72.94486216,2134.894839308557,0,0.0,0.0,False,train
2025-12-08 01:56:00+00:00,sushiswap_v2,0xceff51756c56ceffca006cd410b03ffc46dd3a58,29.26501615543671,162.51438309,4755.986046619681,0,0.0,0.0,True,train
2025-12-08 01:56:00+00:00,uniswap_v2,0xbb2b8038a1640196fbe3e38816f3e67cba72d940,29.26724070882194,72.94486216,2134.894839308557,0,0.0,0.0,False,train
2025-12-08 01:57:00+00:00,sushiswap_v2,0xceff51756c56ceffca006cd410b03ffc46dd3a58,29.26501615543671,162.51438309,4755.986046619681,0,0.0,0.0,True,train
2025-12-08 01:57:00+00:00,uniswap_v2,0xbb2b8038a1640196fbe3e38816f3e67cba72d940,29.26724070882194,72.94486216,2134.894839308557,0,0.0,0.0,False,train
2025-12-08 01:58:00+00:00,sushiswap_v2,0xceff51756c56ceffca006cd410b03ffc46dd3a58,29.26501615543671,162.51438309,4755.986046619681,0,0.0,0.0,True,train
2025-12-08 01:58:00+00:00,uniswap_v2,0xbb2b8038a1640196fbe3e38816f3e67cba72d940,29.26724070882194,72.94486216,2134.894839308557,0,0.0,0.0,False,train
2025-12-08 01:59:00+00:00,sushiswap_v2,0xceff51756c56ceffca006cd410b03ffc46dd3a58,29.26501615543671,162.51438309,4755.986046619681,0,0.0,0.0,True,train
2025-12-08 01:59:00+00:00,uniswap_v2,0xbb2b8038a1640196fbe3e38816f3e67cba72d940,29.26724070882194,72.94486216,2134.894839308557,0,0.0,0.0,False,train
2025-12-08 02:00:00+00:00,sushiswap_v2,0xceff51756c56ceffca006cd410b03ffc46dd3a58,29.26501615543671,162.51438309,4755.986046619681,0,0.0,0.0,True,train
2025-12-08 02:00:00+00:00,uniswap_v2,0xbb2b8038a1640196fbe3e38816f3e67cba72d940,29.26724070882194,72.94486216,2134.894839308557,0,0.0,0.0,False,train
2025-12-08 02:01:00+00:00,sushiswap_v2,0xceff51756c56ceffca006cd410b03ffc46dd3a58,29.26501615543671,162.51438309,4755.986046619681,0,0.0,0.0,True,train
2025-12-08 02:01:00+00:00,uniswap_v2,0xbb2b8038a1640196fbe3e38816f3e67cba72d940,29.26724070882194,72.94486216,2134.894839308557,0,0.0,0.0,False,train
2025-12-08 02:02:00+00:00,sushiswap_v2,0xceff51756c56ceffca006cd410b03ffc46dd3a58,29.26501615543671,162.51438309,4755.986046619681,0,0.0,0.0,True,train
2025-12-08 02:02:00+00:00,uniswap_v2,0xbb2b8038a1640196fbe3e38816f3e67cba72d940,29.26724070882194,72.94486216,2134.894839308557,0,0.0,0.0,False,train
2025-12-08 02:03:00+00:00,sushiswap_v2,0xceff51756c56ceffca006cd410b03ffc46dd3a58,29.26501615543671,162.51438309,4755.986046619681,0,0.0,0.0,True,train
2025-12-08 02:03:00+00:00,uniswap_v2,0xbb2b8038a1640196fbe3e38816f3e67cba72d940,29.26724070882194,72.94486216,2134.894839308557,0,0.0,0.0,True,train
2025-12-08 02:04:00+00:00,sushiswap_v2,0xceff51756c56ceffca006cd410b03ffc46dd3a58,29.26501615543671,162.51438309,4755.986046619681,0,0.0,0.0,True,train
2025-12-08 02:04:00+00:00,uniswap_v2,0xbb2b8038a1640196fbe3e38816f3e67cba72d940,29.26724070882194,72.94486216,2134.894839308557,0,0.0,0.0,True,train
2025-12-08 02:05:00+00:00,sushiswap_v2,0xceff51756c56ceffca006cd410b03ffc46dd3a58,29.26501615543671,162.51438309,4755.986046619681,0,0.0,0.0,True,train
2025-12-08 02:05:00+00:00,uniswap_v2,0xbb2b8038a1640196fbe3e38816f3e67cba72d940,29.26724070882194,72.94486216,2134.894839308557,0,0.0,0.0,True,train
2025-12-08 02:06:00+00:00,sushiswap_v2,0xceff51756c56ceffca006cd410b03ffc46dd3a58,29.26501615543671,162.51438309,4755.986046619681,0,0.0,0.0,True,train
2025-12-08 02:06:00+00:00,uniswap_v2,0xbb2b8038a1640196fbe3e38816f3e67cba72d940,29.26724070882194,72.94486216,2134.894839308557,0,0.0,0.0,True,train
2025-12-08 02:07:00+00:00,sushiswap_v2,0xceff51756c56ceffca006cd410b03ffc46dd3a58,29.26501615543671,162.51438309,4755.986046619681,0,0.0,0.0,True,train
2025-12-08 02:07:00+00:00,uniswap_v2,0xbb2b8038a1640196fbe3e38816f3e67cba72d940,29.26724070882194,72.94486216,2134.894839308557,0,0.0,0.0,True,train
2025-12-08 02:08:00+00:00,sushiswap_v2,0xceff51756c56ceffca006cd410b03ffc46dd3a58,29.26501615543671,162.51438309,4755.986046619681,0,0.0,0.0,True,train
2025-12-08 02:08:00+00:00,uniswap_v2,0xbb2b8038a1640196fbe3e38816f3e67cba72d940,29.26724070882194,72.94486216,2134.894839308557,0,0.0,0.0,True,train
2025-12-08 02:09:00+00:00,sushiswap_v2,0xceff51756c56ceffca006cd410b03ffc46dd3a58,29.26501615543671,162.51438309,4755.986046619681,0,0.0,0.0,True,train
2025-12-08 02:09:00+00:00,uniswap_v2,0xbb2b8038a1640196fbe3e38816f3e67cba72d940,29.26724070882194,72.94486216,2134.894839308557,0,0.0,0.0,True,train
2025-12-08 02:10:00+00:00,sushiswap_v2,0xceff51756c56ceffca006cd410b03ffc46dd3a58,29.26501615543671,162.51438309,4755.986046619681,0,0.0,0.0,True,train
2025-12-08 02:10:00+00:00,uniswap_v2,0xbb2b8038a1640196fbe3e38816f3e67cba72d940,29.26724070882194,72.94486216,2134.894839308557,0,0.0,0.0,True,train
2025-12-08 02:11:00+00:00,sushiswap_v2,0xceff51756c56ceffca006cd410b03ffc46dd3a58,29.26501615543671,162.51438309,4755.986046619681,0,0.0,0.0,True,train
2025-12-08 02:11:00+00:00,uniswap_v2,0xbb2b8038a1640196fbe3e38816f3e67cba72d940,29.26724070882194,72.94486216,2134.894839308557,0,0.0,0.0,True,train
2025-12-08 02:12:00+00:00,sushiswap_v2,0xceff51756c56ceffca006cd410b03ffc46dd3a58,29.26501615543671,162.51438309,4755.986046619681,0,0.0,0.0,True,train
2025-12-08 02:12:00+00:00,uniswap_v2,0xbb2b8038a1640196fbe3e38816f3e67cba72d940,29.26724070882194,72.94486216,2134.894839308557,0,0.0,0.0,True,train
2025-12-08 02:13:00+00:00,sushiswap_v2,0xceff51756c56ceffca006cd410b03ffc46dd3a58,29.26501615543671,162.51438309,4755.986046619681,0,0.0,0.0,True,train
2025-12-08 02:13:00+00:00,uniswap_v2,0xbb2b8038a1640196fbe3e38816f3e67cba72d940,29.26724070882194,72.94486216,2134.894839308557,0,0.0,0.0,True,train
2025-12-08 02:14:00+00:00,sushiswap_v2,0xceff51756c56ceffca006cd410b03ffc46dd3a58,29.26501615543671,162.51438309,4755.986046619681,0,0.0,0.0,True,train
2025-12-08 02:14:00+00:00,uniswap_v2,0xbb2b8038a1640196fbe3e38816f3e67cba72d940,29.26724070882194,72.94486216,2134.894839308557,0,0.0,0.0,True,train
2025-12-08 02:15:00+00:00,sushiswap_v2,0xceff51756c56ceffca006cd410b03ffc46dd3a58,29.26501615543671,162.51438309,4755.986046619681,0,0.0,0.0,True,train
2025-12-08 02:15:00+00:00,uniswap_v2,0xbb2b8038a1640196fbe3e38816f3e67cba72d940,29.26724070882194,72.94486216,2134.894839308557,0,0.0,0.0,True,train
2025-12-08 02:16:00+00:00,sushiswap_v2,0xceff51756c56ceffca006cd410b03ffc46dd3a58,29.26501615543671,162.51438309,4755.986046619681,0,0.0,0.0,True,train
2025-12-08 02:16:00+00:00,uniswap_v2,0xbb2b8038a1640196fbe3e38816f3e67cba72d940,29.26724070882194,72.94486216,2134.894839308557,0,0.0,0.0,True,train
2025-12-08 02:17:00+00:00,sushiswap_v2,0xceff51756c56ceffca006cd410b03ffc46dd3a58,29.26501615543671,162.51438309,4755.986046619681,0,0.0,0.0,True,train
2025-12-08 02:17:00+00:00,uniswap_v2,0xbb2b8038a1640196fbe3e38816f3e67cba72d940,29.26724070882194,72.94486216,2134.894839308557,0,0.0,0.0,True,train
2025-12-08 02:18:00+00:00,sushiswap_v2,0xceff51756c56ceffca006cd410b03ffc46dd3a58,29.26501615543671,162.51438309,4755.986046619681,0,0.0,0.0,True,train
2025-12-08 02:18:00+00:00,uniswap_v2,0xbb2b8038a1640196fbe3e38816f3e67cba72d940,29.26724070882194,72.94486216,2134.894839308557,0,0.0,0.0,True,train
2025-12-08 02:19:00+00:00,sushiswap_v2,0xceff51756c56ceffca006cd410b03ffc46dd3a58,29.26501615543671,162.51438309,4755.986046619681,0,0.0,0.0,True,train
2025-12-08 02:19:00+00:00,uniswap_v2,0xbb2b8038a1640196fbe3e38816f3e67cba72d940,29.26724070882194,72.94486216,2134.894839308557,0,0.0,0.0,True,train
2025-12-08 02:20:00+00:00,sushiswap_v2,0xceff51756c56ceffca006cd410b03ffc46dd3a58,29.26501615543671,162.51438309,4755.986046619681,0,0.0,0.0,True,train
2025-12-08 02:20:00+00:00,uniswap_v2,0xbb2b8038a1640196fbe3e38816f3e67cba72d940,29.26724070882194,72.94486216,2134.894839308557,0,0.0,0.0,True,train
2025-12-08 02:21:00+00:00,sushiswap_v2,0xceff51756c56ceffca006cd410b03ffc46dd3a58,29.26501615543671,162.51438309,4755.986046619681,0,0.0,0.0,True,train
2025-12-08 02:21:00+00:00,uniswap_v2,0xbb2b8038a1640196fbe3e38816f3e67cba72d940,29.26724070882194,72.94486216,2134.894839308557,0,0.0,0.0,True,train
2025-12-08 02:22:00+00:00,sushiswap_v2,0xceff51756c56ceffca006cd410b03ffc46dd3a58,29.26501615543671,162.51438309,4755.986046619681,0,0.0,0.0,True,train
2025-12-08 02:22:00+00:00,uniswap_v2,0xbb2b8038a1640196fbe3e38816f3e67cba72d940,29.26724070882194,72.94486216,2134.894839308557,0,0.0,0.0,True,train
2025-12-08 02:23:00+00:00,sushiswap_v2,0xceff51756c56ceffca006cd410b03ffc46dd3a58,29.26501615543671,162.51438309,4755.986046619681,0,0.0,0.0,True,train
2025-12-08 02:23:00+00:00,uniswap_v2,0xbb2b8038a1640196fbe3e38816f3e67cba72d940,29.26724070882194,72.94486216,2134.894839308557,0,0.0,0.0,True,train
2025-12-08 02:24:00+00:00,sushiswap_v2,0xceff51756c56ceffca006cd410b03ffc46dd3a58,29.26501615543671,162.51438309,4755.986046619681,0,0.0,0.0,True,train
2025-12-08 02:24:00+00:00,uniswap_v2,0xbb2b8038a1640196fbe3e38816f3e67cba72d940,29.26724070882194,72.94486216,2134.894839308557,0,0.0,0.0,True,train
2025-12-08 02:25:00+00:00,sushiswap_v2,0xceff51756c56ceffca006cd410b03ffc46dd3a58,29.26501615543671,162.51438309,4755.986046619681,0,0.0,0.0,True,train
2025-12-08 02:25:00+00:00,uniswap_v2,0xbb2b8038a1640196fbe3e38816f3e67cba72d940,29.26724070882194,72.94486216,2134.894839308557,0,0.0,0.0,True,train
2025-12-08 02:26:00+00:00,sushiswap_v2,0xceff51756c56ceffca006cd410b03ffc46dd3a58,29.26501615543671,162.51438309,4755.986046619681,0,0.0,0.0,True,train
2025-12-08 02:26:00+00:00,uniswap_v2,0xbb2b8038a1640196fbe3e38816f3e67cba72d940,29.26724070882194,72.94486216,2134.894839308557,0,0.0,0.0,True,train
2025-12-08 02:27:00+00:00,sushiswap_v2,0xceff51756c56ceffca006cd410b03ffc46dd3a58,29.26501615543671,162.51438309,4755.986046619681,0,0.0,0.0,True,train
2025-12-08 02:27:00+00:00,uniswap_v2,0xbb2b8038a1640196fbe3e38816f3e67cba72d940,29.26724070882194,72.94486216,2134.894839308557,0,0.0,0.0,True,train
2025-12-08 02:28:00+00:00,sushiswap_v2,0xceff51756c56ceffca006cd410b03ffc46dd3a58,29.26501615543671,162.51438309,4755.986046619681,0,0.0,0.0,True,train
2025-12-08 02:28:00+00:00,uniswap_v2,0xbb2b8038a1640196fbe3e38816f3e67cba72d940,29.26724070882194,72.94486216,2134.894839308557,0,0.0,0.0,True,train
2025-12-08 02:29:00+00:00,sushiswap_v2,0xceff51756c56ceffca006cd410b03ffc46dd3a58,29.26501615543671,162.51438309,4755.986046619681,0,0.0,0.0,True,train
2025-12-08 02:29:00+00:00,uniswap_v2,0xbb2b8038a1640196fbe3e38816f3e67cba72d940,29.26724070882194,72.94486216,2134.894839308557,0,0.0,0.0,True,train
2025-12-08 02:30:00+00:00,sushiswap_v2,0xceff51756c56ceffca006cd410b03ffc46dd3a58,29.26501615543671,162.51438309,4755.986046619681,0,0.0,0.0,True,train
2025-12-08 02:30:00+00:00,uniswap_v2,0xbb2b8038a1640196fbe3e38816f3e67cba72d940,29.26724070882194,72.94486216,2134.894839308557,0,0.0,0.0,True,train
2025-12-08 02:31:00+00:00,sushiswap_v2,0xceff51756c56ceffca006cd410b03ffc46dd3a58,29.26501615543671,162.51438309,4755.986046619681,0,0.0,0.0,True,train
2025-12-08 02:31:00+00:00,uniswap_v2,0xbb2b8038a1640196fbe3e38816f3e67cba72d940,29.26724070882194,72.94486216,2134.894839308557,0,0.0,0.0,True,train
2025-12-08 02:32:00+00:00,sushiswap_v2,0xceff51756c56ceffca006cd410b03ffc46dd3a58,29.26501615543671,162.51438309,4755.986046619681,0,0.0,0.0,True,train
2025-12-08 02:32:00+00:00,uniswap_v2,0xbb2b8038a1640196fbe3e38816f3e67cba72d940,29.26724070882194,72.94486216,2134.894839308557,0,0.0,0.0,True,train
2025-12-08 02:33:00+00:00,sushiswap_v2,0xceff51756c56ceffca006cd410b03ffc46dd3a58,29.26501615543671,162.51438309,4755.986046619681,0,0.0,0.0,True,train
2025-12-08 02:33:00+00:00,uniswap_v2,0xbb2b8038a1640196fbe3e38816f3e67cba72d940,29.26724070882194,72.94486216,2134.894839308557,0,0.0,0.0,True,train
2025-12-08 02:34:00+00:00,sushiswap_v2,0xceff51756c56ceffca006cd410b03ffc46dd3a58,29.26501615543671,162.51438309,4755.986046619681,0,0.0,0.0,True,train
2025-12-08 02:34:00+00:00,uniswap_v2,0xbb2b8038a1640196fbe3e38816f3e67cba72d940,29.26724070882194,72.94486216,2134.894839308557,0,0.0,0.0,True,train
2025-12-08 02:35:00+00:00,sushiswap_v2,0xceff51756c56ceffca006cd410b03ffc46dd3a58,29.273023934419456,162.49218666,4756.637669254334,1,0.02219643,0.6516226346537746,False,train
2025-12-08 02:35:00+00:00,uniswap_v2,0xbb2b8038a1640196fbe3e38816f3e67cba72d940,29.268924789078664,72.94276673,2134.9563533276796,2,0.0020954299999999997,0.06151401912257877,False,train
2025-12-08 02:36:00+00:00,sushiswap_v2,0xceff51756c56ceffca006cd410b03ffc46dd3a58,29.273023934419456,162.49218666,4756.637669254334,0,0.0,0.0,False,train
2025-12-08 02:36:00+00:00,uniswap_v2,0xbb2b8038a1640196fbe3e38816f3e67cba72d940,29.268924789078664,72.94276673,2134.9563533276796,0,0.0,0.0,False,train
2025-12-08 02:37:00+00:00,sushiswap_v2,0xceff51756c56ceffca006cd410b03ffc46dd3a58,29.273023934419456,162.49218666,4756.637669254334,0,0.0,0.0,False,train
2025-12-08 02:37:00+00:00,uniswap_v2,0xbb2b8038a1640196fbe3e38816f3e67cba72d940,29.285199433020097,72.92252615,2135.550721462373,2,0.02024058,0.5943681346937278,False,train
2025-12-08 02:38:00+00:00,sushiswap_v2,0xceff51756c56ceffca006cd410b03ffc46dd3a58,29.286881103762305,162.45379805,4757.765068344962,2,0.038388610000000004,1.1273990906284443,False,train
2025-12-08 02:38:00+00:00,uniswap_v2,0xbb2b8038a1640196fbe3e38816f3e67cba72d940,29.285199433020097,72.92252615,2135.550721462373,0,0.0,0.0,False,train
2025-12-08 02:39:00+00:00,sushiswap_v2,0xceff51756c56ceffca006cd410b03ffc46dd3a58,29.286881103762305,162.45379805,4757.765068344962,0,0.0,0.0,False,train
2025-12-08 02:39:00+00:00,uniswap_v2,0xbb2b8038a1640196fbe3e38816f3e67cba72d940,29.285199433020097,72.92252615,2135.550721462373,0,0.0,0.0,False,train
2025-12-08 02:40:00+00:00,sushiswap_v2,0xceff51756c56ceffca006cd410b03ffc46dd3a58,29.286881103762305,162.45379805,4757.765068344962,0,0.0,0.0,False,train
2025-12-08 02:40:00+00:00,uniswap_v2,0xbb2b8038a1640196fbe3e38816f3e67cba72d940,29.285199433020097,72.92252615,2135.550721462373,0,0.0,0.0,False,train
2025-12-08 02:41:00+00:00,sushiswap_v2,0xceff51756c56ceffca006cd410b03ffc46dd3a58,29.286881103762305,162.45379805,4757.765068344962,0,0.0,0.0,False,train
2025-12-08 02:41:00+00:00,uniswap_v2,0xbb2b8038a1640196fbe3e38816f3e67cba72d940,29.285199433020097,72.92252615,2135.550721462373,0,0.0,0.0,False,train
2025-12-08 02:42:00+00:00,sushiswap_v2,0xceff51756c56ceffca006cd410b03ffc46dd3a58,29.3005612589471,162.41592657,4758.877805892939,2,0.03787148,1.1127375479772343,False,train
2025-12-08 02:42:00+00:00,uniswap_v2,0xbb2b8038a1640196fbe3e38816f3e67cba72d940,29.295788341922304,72.90936593,2135.9373524290413,1,0.01316022,0.38663096666813873,False,train
2025-12-08 02:43:00+00:00,sushiswap_v2,0xceff51756c56ceffca006cd410b03ffc46dd3a58,29.3005612589471,162.41592657,4758.877805892939,0,0.0,0.0,False,train
2025-12-08 02:43:00+00:00,uniswap_v2,0xbb2b8038a1640196fbe3e38816f3e67cba72d940,29.295788341922304,72.90936593,2135.9373524290413,0,0.0,0.0,False,train
2025-12-08 02:44:00+00:00,sushiswap_v2,0xceff51756c56ceffca006cd410b03ffc46dd3a58,29.3005612589471,162.41592657,4758.877805892939,0,0.0,0.0,False,train
2025-12-08 02:44:00+00:00,uniswap_v2,0xbb2b8038a1640196fbe3e38816f3e67cba72d940,29.295788341922304,72.90936593,2135.9373524290413,0,0.0,0.0,False,train
2025-12-08 02:45:00+00:00,sushiswap_v2,0xceff51756c56ceffca006cd410b03ffc46dd3a58,29.3005612589471,162.41592657,4758.877805892939,0,0.0,0.0,False,train
2025-12-08 02:45:00+00:00,uniswap_v2,0xbb2b8038a1640196fbe3e38816f3e67cba72d940,29.295788341922304,72.90936593,2135.9373524290413,0,0.0,0.0,False,train
2025-12-08 02:46:00+00:00,sushiswap_v2,0xceff51756c56ceffca006cd410b03ffc46dd3a58,29.3005612589471,162.41592657,4758.877805892939,0,0.0,0.0,False,train
2025-12-08 02:46:00+00:00,uniswap_v2,0xbb2b8038a1640196fbe3e38816f3e67cba72d940,29.295788341922304,72.90936593,2135.9373524290413,0,0.0,0.0,False,train
2025-12-08 02:47:00+00:00,sushiswap_v2,0xceff51756c56ceffca006cd410b03ffc46dd3a58,29.3005612589471,162.41592657,4758.877805892939,0,0.0,0.0,False,train
2025-12-08 02:47:00+00:00,uniswap_v2,0xbb2b8038a1640196fbe3e38816f3e67cba72d940,29.295788341922304,72.90936593,2135.9373524290413,0,0.0,0.0,False,train
2025-12-08 02:48:00+00:00,sushiswap_v2,0xceff51756c56ceffca006cd410b03ffc46dd3a58,29.3005612589471,162.41592657,4758.877805892939,0,0.0,0.0,False,train
2025-12-08 02:48:00+00:00,uniswap_v2,0xbb2b8038a1640196fbe3e38816f3e67cba72d940,29.295788341922304,72.90936593,2135.9373524290413,0,0.0,0.0,False,train
2025-12-08 02:49:00+00:00,sushiswap_v2,0xceff51756c56ceffca006cd410b03ffc46dd3a58,29.3005612589471,162.41592657,4758.877805892939,0,0.0,0.0,False,train
2025-12-08 02:49:00+00:00,uniswap_v2,0xbb2b8038a1640196fbe3e38816f3e67cba72d940,29.295788341922304,72.90936593,2135.9373524290413,0,0.0,0.0,False,train
2025-12-08 02:50:00+00:00,sushiswap_v2,0xceff51756c56ceffca006cd410b03ffc46dd3a58,29.3005612589471,162.41592657,4758.877805892939,0,0.0,0.0,False,train
2025-12-08 02:50:00+00:00,uniswap_v2,0xbb2b8038a1640196fbe3e38816f3e67cba72d940,29.295788341922304,72.90936593,2135.9373524290413,0,0.0,0.0,False,train
2025-12-08 02:51:00+00:00,sushiswap_v2,0xceff51756c56ceffca006cd410b03ffc46dd3a58,29.3005612589471,162.41592657,4758.877805892939,0,0.0,0.0,False,train
2025-12-08 02:51:00+00:00,uniswap_v2,0xbb2b8038a1640196fbe3e38816f3e67cba72d940,29.29578833826832,72.90936594,2135.9373524555895,0,0.0,0.0,False,train
2025-12-08 02:52:00+00:00,sushiswap_v2,0xceff51756c56ceffca006cd410b03ffc46dd3a58,29.3005612589471,162.41592657,4758.877805892939,0,0.0,0.0,False,train
2025-12-08 02:52:00+00:00,uniswap_v2,0xbb2b8038a1640196fbe3e38816f3e67cba72d940,29.29578833826832,72.90936594,2135.9373524555895,0,0.0,0.0,False,train
2025-12-08 02:53:00+00:00,sushiswap_v2,0xceff51756c56ceffca006cd410b03ffc46dd3a58,29.3005612589471,162.41592657,4758.877805892939,0,0.0,0.0,False,train
2025-12-08 02:53:00+00:00,uniswap_v2,0xbb2b8038a1640196fbe3e38816f3e67cba72d940,29.29578833826832,72.90936594,2135.9373524555895,0,0.0,0.0,False,train
2025-12-08 02:54:00+00:00,sushiswap_v2,0xceff51756c56ceffca006cd410b03ffc46dd3a58,29.3005612589471,162.41592657,4758.877805892939,0,0.0,0.0,False,train
2025-12-08 02:54:00+00:00,uniswap_v2,0xbb2b8038a1640196fbe3e38816f3e67cba72d940,29.29578833826832,72.90936594,2135.9373524555895,0,0.0,0.0,False,train
2025-12-08 02:55:00+00:00,sushiswap_v2,0xceff51756c56ceffca006cd410b03ffc46dd3a58,29.3005612589471,162.41592657,4758.877805892939,0,0.0,0.0,False,train
2025-12-08 02:55:00+00:00,uniswap_v2,0xbb2b8038a1640196fbe3e38816f3e67cba72d940,29.29578833826832,72.90936594,2135.9373524555895,0,0.0,0.0,False,train
2025-12-08 02:56:00+00:00,sushiswap_v2,0xceff51756c56ceffca006cd410b03ffc46dd3a58,29.3005612589471,162.41592657,4758.877805892939,0,0.0,0.0,False,train
2025-12-08 02:56:00+00:00,uniswap_v2,0xbb2b8038a1640196fbe3e38816f3e67cba72d940,29.29578833826832,72.90936594,2135.9373524555895,0,0.0,0.0,False,train
2025-12-08 02:57:00+00:00,sushiswap_v2,0xceff51756c56ceffca006cd410b03ffc46dd3a58,29.3005612589471,162.41592657,4758.877805892939,0,0.0,0.0,False,train
2025-12-08 02:57:00+00:00,uniswap_v2,0xbb2b8038a1640196fbe3e38816f3e67cba72d940,29.29578833826832,72.90936594,2135.9373524555895,0,0.0,0.0,False,train
2025-12-08 02:58:00+00:00,sushiswap_v2,0xceff51756c56ceffca006cd410b03ffc46dd3a58,29.3005612589471,162.41592657,4758.877805892939,0,0.0,0.0,True,train
2025-12-08 02:58:00+00:00,uniswap_v2,0xbb2b8038a1640196fbe3e38816f3e67cba72d940,29.29578833826832,72.90936594,2135.9373524555895,0,0.0,0.0,False,train
2025-12-08 02:59:00+00:00,sushiswap_v2,0xceff51756c56ceffca006cd410b03ffc46dd3a58,29.3005612589471,162.41592657,4758.877805892939,0,0.0,0.0,True,train
2025-12-08 02:59:00+00:00,uniswap_v2,0xbb2b8038a1640196fbe3e38816f3e67cba72d940,29.29578833826832,72.90936594,2135.9373524555895,0,0.0,0.0,False,train
2025-12-08 03:00:00+00:00,sushiswap_v2,0xceff51756c56ceffca006cd410b03ffc46dd3a58,29.3005612589471,162.41592657,4758.877805892939,0,0.0,0.0,True,train
2025-12-08 03:00:00+00:00,uniswap_v2,0xbb2b8038a1640196fbe3e38816f3e67cba72d940,29.29578833826832,72.90936594,2135.9373524555895,0,0.0,0.0,False,train
2025-12-08 03:01:00+00:00,sushiswap_v2,0xceff51756c56ceffca006cd410b03ffc46dd3a58,29.3005612589471,162.41592657,4758.877805892939,0,0.0,0.0,True,train
2025-12-08 03:01:00+00:00,uniswap_v2,0xbb2b8038a1640196fbe3e38816f3e67cba72d940,29.29578833826832,72.90936594,2135.9373524555895,0,0.0,0.0,False,train
2025-12-08 03:02:00+00:00,sushiswap_v2,0xceff51756c56ceffca006cd410b03ffc46dd3a58,29.3005612589471,162.41592657,4758.877805892939,0,0.0,0.0,True,train
2025-12-08 03:02:00+00:00,uniswap_v2,0xbb2b8038a1640196fbe3e38816f3e67cba72d940,29.29578833826832,72.90936594,2135.9373524555895,0,0.0,0.0,False,train
2025-12-08 03:03:00+00:00,sushiswap_v2,0xceff51756c56ceffca006cd410b03ffc46dd3a58,29.3005612589471,162.41592657,4758.877805892939,0,0.0,0.0,True,train
2025-12-08 03:03:00+00:00,uniswap_v2,0xbb2b8038a1640196fbe3e38816f3e67cba72d940,29.29578833826832,72.90936594,2135.9373524555895,0,0.0,0.0,False,train
2025-12-08 03:04:00+00:00,sushiswap_v2,0xceff51756c56ceffca006cd410b03ffc46dd3a58,29.3005612589471,162.41592657,4758.877805892939,0,0.0,0.0,True,train
2025-12-08 03:04:00+00:00,uniswap_v2,0xbb2b8038a1640196fbe3e38816f3e67cba72d940,29.29578833826832,72.90936594,2135.9373524555895,0,0.0,0.0,False,train
2025-12-08 03:05:00+00:00,sushiswap_v2,0xceff51756c56ceffca006cd410b03ffc46dd3a58,29.3005612589471,162.41592657,4758.877805892939,0,0.0,0.0,True,train
2025-12-08 03:05:00+00:00,uniswap_v2,0xbb2b8038a1640196fbe3e38816f3e67cba72d940,29.29578833826832,72.90936594,2135.9373524555895,0,0.0,0.0,False,train
2025-12-08 03:06:00+00:00,sushiswap_v2,0xceff51756c56ceffca006cd410b03ffc46dd3a58,29.3005612589471,162.41592657,4758.877805892939,0,0.0,0.0,True,train
2025-12-08 03:06:00+00:00,uniswap_v2,0xbb2b8038a1640196fbe3e38816f3e67cba72d940,29.29578833826832,72.90936594,2135.9373524555895,0,0.0,0.0,False,train
2025-12-08 03:07:00+00:00,sushiswap_v2,0xceff51756c56ceffca006cd410b03ffc46dd3a58,29.3005612589471,162.41592657,4758.877805892939,0,0.0,0.0,True,train
2025-12-08 03:07:00+00:00,uniswap_v2,0xbb2b8038a1640196fbe3e38816f3e67cba72d940,29.29578833826832,72.90936594,2135.9373524555895,0,0.0,0.0,True,train
2025-12-08 03:08:00+00:00,sushiswap_v2,0xceff51756c56ceffca006cd410b03ffc46dd3a58,29.3005612589471,162.41592657,4758.877805892939,0,0.0,0.0,True,train
2025-12-08 03:08:00+00:00,uniswap_v2,0xbb2b8038a1640196fbe3e38816f3e67cba72d940,29.29578833826832,72.90936594,2135.9373524555895,0,0.0,0.0,True,train
2025-12-08 03:09:00+00:00,sushiswap_v2,0xceff51756c56ceffca006cd410b03ffc46dd3a58,29.3005612589471,162.41592657,4758.877805892939,0,0.0,0.0,True,train
2025-12-08 03:09:00+00:00,uniswap_v2,0xbb2b8038a1640196fbe3e38816f3e67cba72d940,29.29578833826832,72.90936594,2135.9373524555895,0,0.0,0.0,True,train
2025-12-08 03:10:00+00:00,sushiswap_v2,0xceff51756c56ceffca006cd410b03ffc46dd3a58,29.3005612589471,162.41592657,4758.877805892939,0,0.0,0.0,True,train
2025-12-08 03:10:00+00:00,uniswap_v2,0xbb2b8038a1640196fbe3e38816f3e67cba72d940,29.29578833826832,72.90936594,2135.9373524555895,0,0.0,0.0,True,train
2025-12-08 03:11:00+00:00,sushiswap_v2,0xceff51756c56ceffca006cd410b03ffc46dd3a58,29.3005612589471,162.41592657,4758.877805892939,0,0.0,0.0,True,train
2025-12-08 03:11:00+00:00,uniswap_v2,0xbb2b8038a1640196fbe3e38816f3e67cba72d940,29.29578833826832,72.90936594,2135.9373524555895,0,0.0,0.0,True,train
2025-12-08 03:12:00+00:00,sushiswap_v2,0xceff51756c56ceffca006cd410b03ffc46dd3a58,29.3005612589471,162.41592657,4758.877805892939,0,0.0,0.0,True,train
2025-12-08 03:12:00+00:00,uniswap_v2,0xbb2b8038a1640196fbe3e38816f3e67cba72d940,29.29578833826832,72.90936594,2135.9373524555895,0,0.0,0.0,True,train
2025-12-08 03:13:00+00:00,sushiswap_v2,0xceff51756c56ceffca006cd410b03ffc46dd3a58,29.3005612589471,162.41592657,4758.877805892939,0,0.0,0.0,True,train
2025-12-08 03:13:00+00:00,uniswap_v2,0xbb2b8038a1640196fbe3e38816f3e67cba72d940,29.29578833826832,72.90936594,2135.9373524555895,0,0.0,0.0,True,train
2025-12-08 03:14:00+00:00,sushiswap_v2,0xceff51756c56ceffca006cd410b03ffc46dd3a58,29.3005612589471,162.41592657,4758.877805892939,0,0.0,0.0,True,train
2025-12-08 03:14:00+00:00,uniswap_v2,0xbb2b8038a1640196fbe3e38816f3e67cba72d940,29.29578833826832,72.90936594,2135.9373524555895,0,0.0,0.0,True,train
2025-12-08 03:15:00+00:00,sushiswap_v2,0xceff51756c56ceffca006cd410b03ffc46dd3a58,29.3005612589471,162.41592657,4758.877805892939,0,0.0,0.0,True,train
2025-12-08 03:15:00+00:00,uniswap_v2,0xbb2b8038a1640196fbe3e38816f3e67cba72d940,29.29578833826832,72.90936594,2135.9373524555895,0,0.0,0.0,True,train
2025-12-08 03:16:00+00:00,sushiswap_v2,0xceff51756c56ceffca006cd410b03ffc46dd3a58,29.3005612589471,162.41592657,4758.877805892939,0,0.0,0.0,True,train
2025-12-08 03:16:00+00:00,uniswap_v2,0xbb2b8038a1640196fbe3e38816f3e67cba72d940,29.29578833826832,72.90936594,2135.9373524555895,0,0.0,0.0,True,train
2025-12-08 03:17:00+00:00,sushiswap_v2,0xceff51756c56ceffca006cd410b03ffc46dd3a58,29.3005612589471,162.41592657,4758.877805892939,0,0.0,0.0,True,train
2025-12-08 03:17:00+00:00,uniswap_v2,0xbb2b8038a1640196fbe3e38816f3e67cba72d940,29.29578833826832,72.90936594,2135.9373524555895,0,0.0,0.0,True,train
2025-12-08 03:18:00+00:00,sushiswap_v2,0xceff51756c56ceffca006cd410b03ffc46dd3a58,29.3005612589471,162.41592657,4758.877805892939,0,0.0,0.0,True,train
2025-12-08 03:18:00+00:00,uniswap_v2,0xbb2b8038a1640196fbe3e38816f3e67cba72d940,29.29578833826832,72.90936594,2135.9373524555895,0,0.0,0.0,True,train
2025-12-08 03:19:00+00:00,sushiswap_v2,0xceff51756c56ceffca006cd410b03ffc46dd3a58,29.3005612589471,162.41592657,4758.877805892939,0,0.0,0.0,True,train
2025-12-08 03:19:00+00:00,uniswap_v2,0xbb2b8038a1640196fbe3e38816f3e67cba72d940,29.29578833826832,72.90936594,2135.9373524555895,0,0.0,0.0,True,train
2025-12-08 03:20:00+00:00,sushiswap_v2,0xceff51756c56ceffca006cd410b03ffc46dd3a58,29.3005612589471,162.41592657,4758.877805892939,0,0.0,0.0,True,train
2025-12-08 03:20:00+00:00,uniswap_v2,0xbb2b8038a1640196fbe3e38816f3e67cba72d940,29.29578833826832,72.90936594,2135.9373524555895,0,0.0,0.0,True,train
2025-12-08 03:21:00+00:00,sushiswap_v2,0xceff51756c56ceffca006cd410b03ffc46dd3a58,29.3005612589471,162.41592657,4758.877805892939,0,0.0,0.0,True,train
2025-12-08 03:21:00+00:00,uniswap_v2,0xbb2b8038a1640196fbe3e38816f3e67cba72d940,29.29578833826832,72.90936594,2135.9373524555895,0,0.0,0.0,True,train
2025-12-08 03:22:00+00:00,sushiswap_v2,0xceff51756c56ceffca006cd410b03ffc46dd3a58,29.3005612589471,162.41592657,4758.877805892939,0,0.0,0.0,True,train
2025-12-08 03:22:00+00:00,uniswap_v2,0xbb2b8038a1640196fbe3e38816f3e67cba72d940,29.29578833826832,72.90936594,2135.9373524555895,0,0.0,0.0,True,train
2025-12-08 03:23:00+00:00,sushiswap_v2,0xceff51756c56ceffca006cd410b03ffc46dd3a58,29.3005612589471,162.41592657,4758.877805892939,0,0.0,0.0,True,train
2025-12-08 03:23:00+00:00,uniswap_v2,0xbb2b8038a1640196fbe3e38816f3e67cba72d940,29.29578833826832,72.90936594,2135.9373524555895,0,0.0,0.0,True,train
2025-12-08 03:24:00+00:00,sushiswap_v2,0xceff51756c56ceffca006cd410b03ffc46dd3a58,29.3005612589471,162.41592657,4758.877805892939,0,0.0,0.0,True,train
2025-12-08 03:24:00+00:00,uniswap_v2,0xbb2b8038a1640196fbe3e38816f3e67cba72d940,29.29578833826832,72.90936594,2135.9373524555895,0,0.0,0.0,True,train
2025-12-08 03:25:00+00:00,sushiswap_v2,0xceff51756c56ceffca006cd410b03ffc46dd3a58,29.3005612589471,162.41592657,4758.877805892939,0,0.0,0.0,True,train
2025-12-08 03:25:00+00:00,uniswap_v2,0xbb2b8038a1640196fbe3e38816f3e67cba72d940,29.29578833826832,72.90936594,2135.9373524555895,0,0.0,0.0,True,train
2025-12-08 03:26:00+00:00,sushiswap_v2,0xceff51756c56ceffca006cd410b03ffc46dd3a58,29.3005612589471,162.41592657,4758.877805892939,0,0.0,0.0,True,train
2025-12-08 03:26:00+00:00,uniswap_v2,0xbb2b8038a1640196fbe3e38816f3e67cba72d940,29.29578833826832,72.90936594,2135.9373524555895,0,0.0,0.0,True,train
2025-12-08 03:27:00+00:00,sushiswap_v2,0xceff51756c56ceffca006cd410b03ffc46dd3a58,29.3005612589471,162.41592657,4758.877805892939,0,0.0,0.0,True,train
2025-12-08 03:27:00+00:00,uniswap_v2,0xbb2b8038a1640196fbe3e38816f3e67cba72d940,29.29578833826832,72.90936594,2135.9373524555895,0,0.0,0.0,True,train
2025-12-08 03:28:00+00:00,sushiswap_v2,0xceff51756c56ceffca006cd410b03ffc46dd3a58,29.3005612589471,162.41592657,4758.877805892939,0,0.0,0.0,True,train
2025-12-08 03:28:00+00:00,uniswap_v2,0xbb2b8038a1640196fbe3e38816f3e67cba72d940,29.29578833826832,72.90936594,2135.9373524555895,0,0.0,0.0,True,train
2025-12-08 03:29:00+00:00,sushiswap_v2,0xceff51756c56ceffca006cd410b03ffc46dd3a58,29.3005612589471,162.41592657,4758.877805892939,0,0.0,0.0,True,train
2025-12-08 03:29:00+00:00,uniswap_v2,0xbb2b8038a1640196fbe3e38816f3e67cba72d940,29.29578833826832,72.90936594,2135.9373524555895,0,0.0,0.0,True,train
2025-12-08 03:30:00+00:00,sushiswap_v2,0xceff51756c56ceffca006cd410b03ffc46dd3a58,29.3005612589471,162.41592657,4758.877805892939,0,0.0,0.0,True,train
2025-12-08 03:30:00+00:00,uniswap_v2,0xbb2b8038a1640196fbe3e38816f3e67cba72d940,29.29578833826832,72.90936594,2135.9373524555895,0,0.0,0.0,True,train
2025-12-08 03:31:00+00:00,sushiswap_v2,0xceff51756c56ceffca006cd410b03ffc46dd3a58,29.3005612589471,162.41592657,4758.877805892939,0,0.0,0.0,True,train
2025-12-08 03:31:00+00:00,uniswap_v2,0xbb2b8038a1640196fbe3e38816f3e67cba72d940,29.29578833826832,72.90936594,2135.9373524555895,0,0.0,0.0,True,train
2025-12-08 03:32:00+00:00,sushiswap_v2,0xceff51756c56ceffca006cd410b03ffc46dd3a58,29.3005612589471,162.41592657,4758.877805892939,0,0.0,0.0,True,train
2025-12-08 03:32:00+00:00,uniswap_v2,0xbb2b8038a1640196fbe3e38816f3e67cba72d940,29.29578833826832,72.90936594,2135.9373524555895,0,0.0,0.0,True,train
2025-12-08 03:33:00+00:00,sushiswap_v2,0xceff51756c56ceffca006cd410b03ffc46dd3a58,29.3005612589471,162.41592657,4758.877805892939,0,0.0,0.0,True,train
2025-12-08 03:33:00+00:00,uniswap_v2,0xbb2b8038a1640196fbe3e38816f3e67cba72d940,29.29578833826832,72.90936594,2135.9373524555895,0,0.0,0.0,True,train
2025-12-08 03:34:00+00:00,sushiswap_v2,0xceff51756c56ceffca006cd410b03ffc46dd3a58,29.3005612589471,162.41592657,4758.877805892939,0,0.0,0.0,True,train
2025-12-08 03:34:00+00:00,uniswap_v2,0xbb2b8038a1640196fbe3e38816f3e67cba72d940,29.29578833826832,72.90936594,2135.9373524555895,0,0.0,0.0,True,train
2025-12-08 03:35:00+00:00,sushiswap_v2,0xceff51756c56ceffca006cd410b03ffc46dd3a58,29.3005612589471,162.41592657,4758.877805892939,0,0.0,0.0,True,train
2025-12-08 03:35:00+00:00,uniswap_v2,0xbb2b8038a1640196fbe3e38816f3e67cba72d940,29.29578833826832,72.90936594,2135.9373524555895,0,0.0,0.0,True,train
2025-12-08 03:36:00+00:00,sushiswap_v2,0xceff51756c56ceffca006cd410b03ffc46dd3a58,29.3005612589471,162.41592657,4758.877805892939,0,0.0,0.0,True,train
2025-12-08 03:36:00+00:00,uniswap_v2,0xbb2b8038a1640196fbe3e38816f3e67cba72d940,29.29578833826832,72.90936594,2135.9373524555895,0,0.0,0.0,True,train
2025-12-08 03:37:00+00:00,sushiswap_v2,0xceff51756c56ceffca006cd410b03ffc46dd3a58,29.3005612589471,162.41592657,4758.877805892939,0,0.0,0.0,True,train
2025-12-08 03:37:00+00:00,uniswap_v2,0xbb2b8038a1640196fbe3e38816f3e67cba72d940,29.29578833826832,72.90936594,2135.9373524555895,0,0.0,0.0,True,train
2025-12-08 03:38:00+00:00,sushiswap_v2,0xceff51756c56ceffca006cd410b03ffc46dd3a58,29.289910094795168,162.44549928,4758.014069215314,1,0.02957271,0.8637366776262214,False,train
2025-12-08 03:38:00+00:00,uniswap_v2,0xbb2b8038a1640196fbe3e38816f3e67cba72d940,29.29578833826832,72.90936594,2135.9373524555895,0,0.0,0.0,True,train
2025-12-08 03:39:00+00:00,sushiswap_v2,0xceff51756c56ceffca006cd410b03ffc46dd3a58,29.289910094795168,162.44549928,4758.014069215314,0,0.0,0.0,False,train
2025-12-08 03:39:00+00:00,uniswap_v2,0xbb2b8038a1640196fbe3e38816f3e67cba72d940,29.29578833826832,72.90936594,2135.9373524555895,0,0.0,0.0,True,train
2025-12-08 03:40:00+00:00,sushiswap_v2,0xceff51756c56ceffca006cd410b03ffc46dd3a58,29.289910094795168,162.44549928,4758.014069215314,0,0.0,0.0,False,train
2025-12-08 03:40:00+00:00,uniswap_v2,0xbb2b8038a1640196fbe3e38816f3e67cba72d940,29.29578833826832,72.90936594,2135.9373524555895,0,0.0,0.0,True,train
2025-12-08 03:41:00+00:00,sushiswap_v2,0xceff51756c56ceffca006cd410b03ffc46dd3a58,29.289910094795168,162.44549928,4758.014069215314,0,0.0,0.0,False,train
2025-12-08 03:41:00+00:00,uniswap_v2,0xbb2b8038a1640196fbe3e38816f3e67cba72d940,29.29578833826832,72.90936594,2135.9373524555895,0,0.0,0.0,True,train
2025-12-08 03:42:00+00:00,sushiswap_v2,0xceff51756c56ceffca006cd410b03ffc46dd3a58,29.289910094795168,162.44549928,4758.014069215314,0,0.0,0.0,False,train
2025-12-08 03:42:00+00:00,uniswap_v2,0xbb2b8038a1640196fbe3e38816f3e67cba72d940,29.29578833826832,72.90936594,2135.9373524555895,0,0.0,0.0,True,train
2025-12-08 03:43:00+00:00,sushiswap_v2,0xceff51756c56ceffca006cd410b03ffc46dd3a58,29.289910094795168,162.44549928,4758.014069215314,0,0.0,0.0,False,train
2025-12-08 03:43:00+00:00,uniswap_v2,0xbb2b8038a1640196fbe3e38816f3e67cba72d940,29.29578833826832,72.90936594,2135.9373524555895,0,0.0,0.0,True,train
2025-12-08 03:44:00+00:00,sushiswap_v2,0xceff51756c56ceffca006cd410b03ffc46dd3a58,29.289910094795168,162.44549928,4758.014069215314,0,0.0,0.0,False,train
2025-12-08 03:44:00+00:00,uniswap_v2,0xbb2b8038a1640196fbe3e38816f3e67cba72d940,29.29578833826832,72.90936594,2135.9373524555895,0,0.0,0.0,True,train
2025-12-08 03:45:00+00:00,sushiswap_v2,0xceff51756c56ceffca006cd410b03ffc46dd3a58,29.289910094795168,162.44549928,4758.014069215314,0,0.0,0.0,False,train
2025-12-08 03:45:00+00:00,uniswap_v2,0xbb2b8038a1640196fbe3e38816f3e67cba72d940,29.29578833826832,72.90936594,2135.9373524555895,0,0.0,0.0,True,train
2025-12-08 03:46:00+00:00,sushiswap_v2,0xceff51756c56ceffca006cd410b03ffc46dd3a58,29.289910094795168,162.44549928,4758.014069215314,0,0.0,0.0,False,train
2025-12-08 03:46:00+00:00,uniswap_v2,0xbb2b8038a1640196fbe3e38816f3e67cba72d940,29.29578833826832,72.90936594,2135.9373524555895,0,0.0,0.0,True,train
2025-12-08 03:47:00+00:00,sushiswap_v2,0xceff51756c56ceffca006cd410b03ffc46dd3a58,29.289910094795168,162.44549928,4758.014069215314,0,0.0,0.0,False,train
2025-12-08 03:47:00+00:00,uniswap_v2,0xbb2b8038a1640196fbe3e38816f3e67cba72d940,29.29578833826832,72.90936594,2135.9373524555895,0,0.0,0.0,True,train
2025-12-08 03:48:00+00:00,sushiswap_v2,0xceff51756c56ceffca006cd410b03ffc46dd3a58,29.289910094795168,162.44549928,4758.014069215314,0,0.0,0.0,False,train
2025-12-08 03:48:00+00:00,uniswap_v2,0xbb2b8038a1640196fbe3e38816f3e67cba72d940,29.29578833826832,72.90936594,2135.9373524555895,0,0.0,0.0,True,train
2025-12-08 03:49:00+00:00,sushiswap_v2,0xceff51756c56ceffca006cd410b03ffc46dd3a58,29.289910094795168,162.44549928,4758.014069215314,0,0.0,0.0,False,train
2025-12-08 03:49:00+00:00,uniswap_v2,0xbb2b8038a1640196fbe3e38816f3e67cba72d940,29.29578833826832,72.90936594,2135.9373524555895,0,0.0,0.0,True,train
2025-12-08 03:50:00+00:00,sushiswap_v2,0xceff51756c56ceffca006cd410b03ffc46dd3a58,29.289910094795168,162.44549928,4758.014069215314,0,0.0,0.0,False,train
2025-12-08 03:50:00+00:00,uniswap_v2,0xbb2b8038a1640196fbe3e38816f3e67cba72d940,29.29578833826832,72.90936594,2135.9373524555895,0,0.0,0.0,True,train
2025-12-08 03:51:00+00:00,sushiswap_v2,0xceff51756c56ceffca006cd410b03ffc46dd3a58,29.289910094795168,162.44549928,4758.014069215314,0,0.0,0.0,False,train
2025-12-08 03:51:00+00:00,uniswap_v2,0xbb2b8038a1640196fbe3e38816f3e67cba72d940,29.29578833826832,72.90936594,2135.9373524555895,0,0.0,0.0,True,train
2025-12-08 03:52:00+00:00,sushiswap_v2,0xceff51756c56ceffca006cd410b03ffc46dd3a58,29.289910094795168,162.44549928,4758.014069215314,0,0.0,0.0,False,train
2025-12-08 03:52:00+00:00,uniswap_v2,0xbb2b8038a1640196fbe3e38816f3e67cba72d940,29.29578833826832,72.90936594,2135.9373524555895,0,0.0,0.0,True,train
2025-12-08 03:53:00+00:00,sushiswap_v2,0xceff51756c56ceffca006cd410b03ffc46dd3a58,29.289910094795168,162.44549928,4758.014069215314,0,0.0,0.0,False,train
2025-12-08 03:53:00+00:00,uniswap_v2,0xbb2b8038a1640196fbe3e38816f3e67cba72d940,29.29578833826832,72.90936594,2135.9373524555895,0,0.0,0.0,True,train
2025-12-08 03:54:00+00:00,sushiswap_v2,0xceff51756c56ceffca006cd410b03ffc46dd3a58,29.289910094795168,162.44549928,4758.014069215314,0,0.0,0.0,True,train
2025-12-08 03:54:00+00:00,uniswap_v2,0xbb2b8038a1640196fbe3e38816f3e67cba72d940,29.29578833826832,72.90936594,2135.9373524555895,0,0.0,0.0,True,train
2025-12-08 03:55:00+00:00,sushiswap_v2,0xceff51756c56ceffca006cd410b03ffc46dd3a58,29.289910094795168,162.44549928,4758.014069215314,0,0.0,0.0,True,train
2025-12-08 03:55:00+00:00,uniswap_v2,0xbb2b8038a1640196fbe3e38816f3e67cba72d940,29.29578833826832,72.90936594,2135.9373524555895,0,0.0,0.0,True,train
2025-12-08 03:56:00+00:00,sushiswap_v2,0xceff51756c56ceffca006cd410b03ffc46dd3a58,29.289910094795168,162.44549928,4758.014069215314,0,0.0,0.0,True,train
2025-12-08 03:56:00+00:00,uniswap_v2,0xbb2b8038a1640196fbe3e38816f3e67cba72d940,29.29578833826832,72.90936594,2135.9373524555895,0,0.0,0.0,True,train
2025-12-08 03:57:00+00:00,sushiswap_v2,0xceff51756c56ceffca006cd410b03ffc46dd3a58,29.289910094795168,162.44549928,4758.014069215314,0,0.0,0.0,True,train
2025-12-08 03:57:00+00:00,uniswap_v2,0xbb2b8038a1640196fbe3e38816f3e67cba72d940,29.29578833826832,72.90936594,2135.9373524555895,0,0.0,0.0,True,train
2025-12-08 03:58:00+00:00,sushiswap_v2,0xceff51756c56ceffca006cd410b03ffc46dd3a58,29.289910094795168,162.44549928,4758.014069215314,0,0.0,0.0,True,train
2025-12-08 03:58:00+00:00,uniswap_v2,0xbb2b8038a1640196fbe3e38816f3e67cba72d940,29.29578833826832,72.90936594,2135.9373524555895,0,0.0,0.0,True,train
2025-12-08 03:59:00+00:00,sushiswap_v2,0xceff51756c56ceffca006cd410b03ffc46dd3a58,29.289910094795168,162.44549928,4758.014069215314,0,0.0,0.0,True,train
2025-12-08 03:59:00+00:00,uniswap_v2,0xbb2b8038a1640196fbe3e38816f3e67cba72d940,29.29578833826832,72.90936594,2135.9373524555895,0,0.0,0.0,True,train
2025-12-08 04:00:00+00:00,sushiswap_v2,0xceff51756c56ceffca006cd410b03ffc46dd3a58,29.289910094795168,162.44549928,4758.014069215314,0,0.0,0.0,True,train
2025-12-08 04:00:00+00:00,uniswap_v2,0xbb2b8038a1640196fbe3e38816f3e67cba72d940,29.29578833826832,72.90936594,2135.9373524555895,0,0.0,0.0,True,train
2025-12-08 04:01:00+00:00,sushiswap_v2,0xceff51756c56ceffca006cd410b03ffc46dd3a58,29.289910094795168,162.44549928,4758.014069215314,0,0.0,0.0,True,train
2025-12-08 04:01:00+00:00,uniswap_v2,0xbb2b8038a1640196fbe3e38816f3e67cba72d940,29.29578833826832,72.90936594,2135.9373524555895,0,0.0,0.0,True,train
2025-12-08 04:02:00+00:00,sushiswap_v2,0xceff51756c56ceffca006cd410b03ffc46dd3a58,29.289910094795168,162.44549928,4758.014069215314,0,0.0,0.0,True,train
2025-12-08 04:02:00+00:00,uniswap_v2,0xbb2b8038a1640196fbe3e38816f3e67cba72d940,29.29578833826832,72.90936594,2135.9373524555895,0,0.0,0.0,True,train
2025-12-08 04:03:00+00:00,sushiswap_v2,0xceff51756c56ceffca006cd410b03ffc46dd3a58,29.289910094795168,162.44549928,4758.014069215314,0,0.0,0.0,True,train
2025-12-08 04:03:00+00:00,uniswap_v2,0xbb2b8038a1640196fbe3e38816f3e67cba72d940,29.29578833826832,72.90936594,2135.9373524555895,0,0.0,0.0,True,train
2025-12-08 04:04:00+00:00,sushiswap_v2,0xceff51756c56ceffca006cd410b03ffc46dd3a58,29.289910094795168,162.44549928,4758.014069215314,0,0.0,0.0,True,train
2025-12-08 04:04:00+00:00,uniswap_v2,0xbb2b8038a1640196fbe3e38816f3e67cba72d940,29.29578833826832,72.90936594,2135.9373524555895,0,0.0,0.0,True,train
2025-12-08 04:05:00+00:00,sushiswap_v2,0xceff51756c56ceffca006cd410b03ffc46dd3a58,29.289910094795168,162.44549928,4758.014069215314,0,0.0,0.0,True,train
2025-12-08 04:05:00+00:00,uniswap_v2,0xbb2b8038a1640196fbe3e38816f3e67cba72d940,29.29578833826832,72.90936594,2135.9373524555895,0,0.0,0.0,True,train
2025-12-08 04:06:00+00:00,sushiswap_v2,0xceff51756c56ceffca006cd410b03ffc46dd3a58,29.289910094795168,162.44549928,4758.014069215314,0,0.0,0.0,True,train
2025-12-08 04:06:00+00:00,uniswap_v2,0xbb2b8038a1640196fbe3e38816f3e67cba72d940,29.29578833826832,72.90936594,2135.9373524555895,0,0.0,0.0,True,train
2025-12-08 04:07:00+00:00,sushiswap_v2,0xceff51756c56ceffca006cd410b03ffc46dd3a58,29.289910094795168,162.44549928,4758.014069215314,0,0.0,0.0,True,train
2025-12-08 04:07:00+00:00,uniswap_v2,0xbb2b8038a1640196fbe3e38816f3e67cba72d940,29.29578833826832,72.90936594,2135.9373524555895,0,0.0,0.0,True,train
2025-12-08 04:08:00+00:00,sushiswap_v2,0xceff51756c56ceffca006cd410b03ffc46dd3a58,29.289910094795168,162.44549928,4758.014069215314,0,0.0,0.0,True,train
2025-12-08 04:08:00+00:00,uniswap_v2,0xbb2b8038a1640196fbe3e38816f3e67cba72d940,29.29578833826832,72.90936594,2135.9373524555895,0,0.0,0.0,True,train
2025-12-08 04:09:00+00:00,sushiswap_v2,0xceff51756c56ceffca006cd410b03ffc46dd3a58,29.289910094795168,162.44549928,4758.014069215314,0,0.0,0.0,True,train
2025-12-08 04:09:00+00:00,uniswap_v2,0xbb2b8038a1640196fbe3e38816f3e67cba72d940,29.29578833826832,72.90936594,2135.9373524555895,0,0.0,0.0,True,train
2025-12-08 04:10:00+00:00,sushiswap_v2,0xceff51756c56ceffca006cd410b03ffc46dd3a58,29.289910094795168,162.44549928,4758.014069215314,0,0.0,0.0,True,train
2025-12-08 04:10:00+00:00,uniswap_v2,0xbb2b8038a1640196fbe3e38816f3e67cba72d940,29.29578833826832,72.90936594,2135.9373524555895,0,0.0,0.0,True,train
2025-12-08 04:11:00+00:00,sushiswap_v2,0xceff51756c56ceffca006cd410b03ffc46dd3a58,29.289910094795168,162.44549928,4758.014069215314,0,0.0,0.0,True,train
2025-12-08 04:11:00+00:00,uniswap_v2,0xbb2b8038a1640196fbe3e38816f3e67cba72d940,29.29578833826832,72.90936594,2135.9373524555895,0,0.0,0.0,True,train
2025-12-08 04:12:00+00:00,sushiswap_v2,0xceff51756c56ceffca006cd410b03ffc46dd3a58,29.289910094795168,162.44549928,4758.014069215314,0,0.0,0.0,True,train
2025-12-08 04:12:00+00:00,uniswap_v2,0xbb2b8038a1640196fbe3e38816f3e67cba72d940,29.29578833826832,72.90936594,2135.9373524555895,0,0.0,0.0,True,train
2025-12-08 04:13:00+00:00,sushiswap_v2,0xceff51756c56ceffca006cd410b03ffc46dd3a58,29.289910094795168,162.44549928,4758.014069215314,0,0.0,0.0,True,train
2025-12-08 04:13:00+00:00,uniswap_v2,0xbb2b8038a1640196fbe3e38816f3e67cba72d940,29.29578833826832,72.90936594,2135.9373524555895,0,0.0,0.0,True,train
2025-12-08 04:14:00+00:00,sushiswap_v2,0xceff51756c56ceffca006cd410b03ffc46dd3a58,29.289910094795168,162.44549928,4758.014069215314,0,0.0,0.0,True,train
2025-12-08 04:14:00+00:00,uniswap_v2,0xbb2b8038a1640196fbe3e38816f3e67cba72d940,29.29578833826832,72.90936594,2135.9373524555895,0,0.0,0.0,True,train
2025-12-08 04:15:00+00:00,sushiswap_v2,0xceff51756c56ceffca006cd410b03ffc46dd3a58,29.289910094795168,162.44549928,4758.014069215314,0,0.0,0.0,True,train
2025-12-08 04:15:00+00:00,uniswap_v2,0xbb2b8038a1640196fbe3e38816f3e67cba72d940,29.29578833826832,72.90936594,2135.9373524555895,0,0.0,0.0,True,train
2025-12-08 04:16:00+00:00,sushiswap_v2,0xceff51756c56ceffca006cd410b03ffc46dd3a58,29.289910094795168,162.44549928,4758.014069215314,0,0.0,0.0,True,train
2025-12-08 04:16:00+00:00,uniswap_v2,0xbb2b8038a1640196fbe3e38816f3e67cba72d940,29.29578833826832,72.90936594,2135.9373524555895,0,0.0,0.0,True,train
2025-12-08 04:17:00+00:00,sushiswap_v2,0xceff51756c56ceffca006cd410b03ffc46dd3a58,29.289910094795168,162.44549928,4758.014069215314,0,0.0,0.0,True,train
2025-12-08 04:17:00+00:00,uniswap_v2,0xbb2b8038a1640196fbe3e38816f3e67cba72d940,29.29578833826832,72.90936594,2135.9373524555895,0,0.0,0.0,True,train
2025-12-08 04:18:00+00:00,sushiswap_v2,0xceff51756c56ceffca006cd410b03ffc46dd3a58,29.289910094795168,162.44549928,4758.014069215314,0,0.0,0.0,True,train
2025-12-08 04:18:00+00:00,uniswap_v2,0xbb2b8038a1640196fbe3e38816f3e67cba72d940,29.29578833826832,72.90936594,2135.9373524555895,0,0.0,0.0,True,train
2025-12-08 04:19:00+00:00,sushiswap_v2,0xceff51756c56ceffca006cd410b03ffc46dd3a58,29.289910094795168,162.44549928,4758.014069215314,0,0.0,0.0,True,train
2025-12-08 04:19:00+00:00,uniswap_v2,0xbb2b8038a1640196fbe3e38816f3e67cba72d940,29.29578833826832,72.90936594,2135.9373524555895,0,0.0,0.0,True,train
2025-12-08 04:20:00+00:00,sushiswap_v2,0xceff51756c56ceffca006cd410b03ffc46dd3a58,29.289910094795168,162.44549928,4758.014069215314,0,0.0,0.0,True,train
2025-12-08 04:20:00+00:00,uniswap_v2,0xbb2b8038a1640196fbe3e38816f3e67cba72d940,29.29578833826832,72.90936594,2135.9373524555895,0,0.0,0.0,True,train
2025-12-08 04:21:00+00:00,sushiswap_v2,0xceff51756c56ceffca006cd410b03ffc46dd3a58,29.289910094795168,162.44549928,4758.014069215314,0,0.0,0.0,True,train
2025-12-08 04:21:00+00:00,uniswap_v2,0xbb2b8038a1640196fbe3e38816f3e67cba72d940,29.29578833826832,72.90936594,2135.9373524555895,0,0.0,0.0,True,train
2025-12-08 04:22:00+00:00,sushiswap_v2,0xceff51756c56ceffca006cd410b03ffc46dd3a58,29.289910094795168,162.44549928,4758.014069215314,0,0.0,0.0,True,train
2025-12-08 04:22:00+00:00,uniswap_v2,0xbb2b8038a1640196fbe3e38816f3e67cba72d940,29.29578833826832,72.90936594,2135.9373524555895,0,0.0,0.0,True,train
2025-12-08 04:23:00+00:00,sushiswap_v2,0xceff51756c56ceffca006cd410b03ffc46dd3a58,29.289910094795168,162.44549928,4758.014069215314,0,0.0,0.0,True,train
2025-12-08 04:23:00+00:00,uniswap_v2,0xbb2b8038a1640196fbe3e38816f3e67cba72d940,29.29578833826832,72.90936594,2135.9373524555895,0,0.0,0.0,True,train
2025-12-08 04:24:00+00:00,sushiswap_v2,0xceff51756c56ceffca006cd410b03ffc46dd3a58,29.289910094795168,162.44549928,4758.014069215314,0,0.0,0.0,True,train
2025-12-08 04:24:00+00:00,uniswap_v2,0xbb2b8038a1640196fbe3e38816f3e67cba72d940,29.29578833826832,72.90936594,2135.9373524555895,0,0.0,0.0,True,train
2025-12-08 04:25:00+00:00,sushiswap_v2,0xceff51756c56ceffca006cd410b03ffc46dd3a58,29.289910094795168,162.44549928,4758.014069215314,0,0.0,0.0,True,train
2025-12-08 04:25:00+00:00,uniswap_v2,0xbb2b8038a1640196fbe3e38816f3e67cba72d940,29.29578833826832,72.90936594,2135.9373524555895,0,0.0,0.0,True,train
2025-12-08 04:26:00+00:00,sushiswap_v2,0xceff51756c56ceffca006cd410b03ffc46dd3a58,29.289910094795168,162.44549928,4758.014069215314,0,0.0,0.0,True,train
2025-12-08 04:26:00+00:00,uniswap_v2,0xbb2b8038a1640196fbe3e38816f3e67cba72d940,29.29578833826832,72.90936594,2135.9373524555895,0,0.0,0.0,True,train
2025-12-08 04:27:00+00:00,sushiswap_v2,0xceff51756c56ceffca006cd410b03ffc46dd3a58,29.289910094795168,162.44549928,4758.014069215314,0,0.0,0.0,True,train
2025-12-08 04:27:00+00:00,uniswap_v2,0xbb2b8038a1640196fbe3e38816f3e67cba72d940,29.29578833826832,72.90936594,2135.9373524555895,0,0.0,0.0,True,train
2025-12-08 04:28:00+00:00,sushiswap_v2,0xceff51756c56ceffca006cd410b03ffc46dd3a58,29.289910094795168,162.44549928,4758.014069215314,0,0.0,0.0,True,train
2025-12-08 04:28:00+00:00,uniswap_v2,0xbb2b8038a1640196fbe3e38816f3e67cba72d940,29.29578833826832,72.90936594,2135.9373524555895,0,0.0,0.0,True,train
2025-12-08 04:29:00+00:00,sushiswap_v2,0xceff51756c56ceffca006cd410b03ffc46dd3a58,29.289910094795168,162.44549928,4758.014069215314,0,0.0,0.0,True,train
2025-12-08 04:29:00+00:00,uniswap_v2,0xbb2b8038a1640196fbe3e38816f3e67cba72d940,29.29578833826832,72.90936594,2135.9373524555895,0,0.0,0.0,True,train
2025-12-08 04:30:00+00:00,sushiswap_v2,0xceff51756c56ceffca006cd410b03ffc46dd3a58,29.27787928926471,162.47892187,4757.038261559732,1,0.03342259,0.9758076555811883,False,train
2025-12-08 04:30:00+00:00,uniswap_v2,0xbb2b8038a1640196fbe3e38816f3e67cba72d940,29.277868954157043,72.93170796,2135.284988255732,1,0.02234202,0.6523641998575498,False,train
2025-12-08 04:31:00+00:00,sushiswap_v2,0xceff51756c56ceffca006cd410b03ffc46dd3a58,29.251969035424793,162.55097295,4754.9360274115725,2,0.07205108,2.1022341481600306,False,train
2025-12-08 04:31:00+00:00,uniswap_v2,0xbb2b8038a1640196fbe3e38816f3e67cba72d940,29.25131822169194,72.96484944,2134.318029967281,1,0.03314148,0.9669582884509932,False,train
2025-12-08 04:32:00+00:00,sushiswap_v2,0xceff51756c56ceffca006cd410b03ffc46dd3a58,29.220424969435694,162.63881968,4752.375427577022,3,0.08784673,2.56059983455095,False,train
2025-12-08 04:32:00+00:00,uniswap_v2,0xbb2b8038a1640196fbe3e38816f3e67cba72d940,29.220431100114222,73.00346051,2133.1925879023643,3,0.03861107,1.125442064916425,False,train
2025-12-08 04:33:00+00:00,sushiswap_v2,0xceff51756c56ceffca006cd410b03ffc46dd3a58,29.204318739632445,162.68372865,4751.067465246475,1,0.04490897,1.3079623305461987,False,train
2025-12-08 04:33:00+00:00,uniswap_v2,0xbb2b8038a1640196fbe3e38816f3e67cba72d940,29.204318730687717,73.02362642,2132.6052608403484,1,0.02016591,0.5873270620163659,False,train
2025-12-08 04:34:00+00:00,sushiswap_v2,0xceff51756c56ceffca006cd410b03ffc46dd3a58,29.204318739632445,162.68372865,4751.067465246475,0,0.0,0.0,False,train
2025-12-08 04:34:00+00:00,uniswap_v2,0xbb2b8038a1640196fbe3e38816f3e67cba72d940,29.204318730687717,73.02362642,2132.6052608403484,0,0.0,0.0,False,train
2025-12-08 04:35:00+00:00,sushiswap_v2,0xceff51756c56ceffca006cd410b03ffc46dd3a58,29.204318739632445,162.68372865,4751.067465246475,0,0.0,0.0,False,train
2025-12-08 04:35:00+00:00,uniswap_v2,0xbb2b8038a1640196fbe3e38816f3e67cba72d940,29.204318730687717,73.02362642,2132.6052608403484,0,0.0,0.0,False,train
2025-12-08 04:36:00+00:00,sushiswap_v2,0xceff51756c56ceffca006cd410b03ffc46dd3a58,29.204318739632445,162.68372865,4751.067465246475,0,0.0,0.0,False,train
2025-12-08 04:36:00+00:00,uniswap_v2,0xbb2b8038a1640196fbe3e38816f3e67cba72d940,29.204318730687717,73.02362642,2132.6052608403484,0,0.0,0.0,False,train
2025-12-08 04:37:00+00:00,sushiswap_v2,0xceff51756c56ceffca006cd410b03ffc46dd3a58,29.204318739632445,162.68372865,4751.067465246475,0,0.0,0.0,False,train
2025-12-08 04:37:00+00:00,uniswap_v2,0xbb2b8038a1640196fbe3e38816f3e67cba72d940,29.204318730687717,73.02362642,2132.6052608403484,0,0.0,0.0,False,train
2025-12-08 04:38:00+00:00,sushiswap_v2,0xceff51756c56ceffca006cd410b03ffc46dd3a58,29.204318739632445,162.68372865,4751.067465246475,0,0.0,0.0,False,train
2025-12-08 04:38:00+00:00,uniswap_v2,0xbb2b8038a1640196fbe3e38816f3e67cba72d940,29.204318730687717,73.02362642,2132.6052608403484,0,0.0,0.0,False,train
2025-12-08 04:39:00+00:00,sushiswap_v2,0xceff51756c56ceffca006cd410b03ffc46dd3a58,29.204318739632445,162.68372865,4751.067465246475,0,0.0,0.0,False,train
2025-12-08 04:39:00+00:00,uniswap_v2,0xbb2b8038a1640196fbe3e38816f3e67cba72d940,29.204318730687717,73.02362642,2132.6052608403484,0,0.0,0.0,False,train
2025-12-08 04:40:00+00:00,sushiswap_v2,0xceff51756c56ceffca006cd410b03ffc46dd3a58,29.204318739632445,162.68372865,4751.067465246475,0,0.0,0.0,False,train
2025-12-08 04:40:00+00:00,uniswap_v2,0xbb2b8038a1640196fbe3e38816f3e67cba72d940,29.204318730687717,73.02362642,2132.6052608403484,0,0.0,0.0,False,train
2025-12-08 04:41:00+00:00,sushiswap_v2,0xceff51756c56ceffca006cd410b03ffc46dd3a58,29.204318739632445,162.68372865,4751.067465246475,0,0.0,0.0,False,train
2025-12-08 04:41:00+00:00,uniswap_v2,0xbb2b8038a1640196fbe3e38816f3e67cba72d940,29.204318730687717,73.02362642,2132.6052608403484,0,0.0,0.0,False,train
2025-12-08 04:42:00+00:00,sushiswap_v2,0xceff51756c56ceffca006cd410b03ffc46dd3a58,29.204318739632445,162.68372865,4751.067465246475,0,0.0,0.0,False,train
2025-12-08 04:42:00+00:00,uniswap_v2,0xbb2b8038a1640196fbe3e38816f3e67cba72d940,29.204318730687717,73.02362642,2132.6052608403484,0,0.0,0.0,False,train
2025-12-08 04:43:00+00:00,sushiswap_v2,0xceff51756c56ceffca006cd410b03ffc46dd3a58,29.204318739632445,162.68372865,4751.067465246475,0,0.0,0.0,False,train
2025-12-08 04:43:00+00:00,uniswap_v2,0xbb2b8038a1640196fbe3e38816f3e67cba72d940,29.204318730687717,73.02362642,2132.6052608403484,0,0.0,0.0,False,train
2025-12-08 04:44:00+00:00,sushiswap_v2,0xceff51756c56ceffca006cd410b03ffc46dd3a58,29.204318739632445,162.68372865,4751.067465246475,0,0.0,0.0,False,train
2025-12-08 04:44:00+00:00,uniswap_v2,0xbb2b8038a1640196fbe3e38816f3e67cba72d940,29.204318730687717,73.02362642,2132.6052608403484,0,0.0,0.0,False,train
2025-12-08 04:45:00+00:00,sushiswap_v2,0xceff51756c56ceffca006cd410b03ffc46dd3a58,29.204318739632445,162.68372865,4751.067465246475,0,0.0,0.0,False,train
2025-12-08 04:45:00+00:00,uniswap_v2,0xbb2b8038a1640196fbe3e38816f3e67cba72d940,29.204318730687717,73.02362642,2132.6052608403484,0,0.0,0.0,False,train
2025-12-08 04:46:00+00:00,sushiswap_v2,0xceff51756c56ceffca006cd410b03ffc46dd3a58,29.204318739632445,162.68372865,4751.067465246475,0,0.0,0.0,False,train
2025-12-08 04:46:00+00:00,uniswap_v2,0xbb2b8038a1640196fbe3e38816f3e67cba72d940,29.204318730687717,73.02362642,2132.6052608403484,0,0.0,0.0,False,train
2025-12-08 04:47:00+00:00,sushiswap_v2,0xceff51756c56ceffca006cd410b03ffc46dd3a58,29.204318739632445,162.68372865,4751.067465246475,0,0.0,0.0,False,train
2025-12-08 04:47:00+00:00,uniswap_v2,0xbb2b8038a1640196fbe3e38816f3e67cba72d940,29.204318730687717,73.02362642,2132.6052608403484,0,0.0,0.0,False,train
2025-12-08 04:48:00+00:00,sushiswap_v2,0xceff51756c56ceffca006cd410b03ffc46dd3a58,29.204318739632445,162.68372865,4751.067465246475,0,0.0,0.0,False,train
2025-12-08 04:48:00+00:00,uniswap_v2,0xbb2b8038a1640196fbe3e38816f3e67cba72d940,29.204318730687717,73.02362642,2132.6052608403484,0,0.0,0.0,False,train
2025-12-08 04:49:00+00:00,sushiswap_v2,0xceff51756c56ceffca006cd410b03ffc46dd3a58,29.204318739632445,162.68372865,4751.067465246475,0,0.0,0.0,True,train
2025-12-08 04:49:00+00:00,uniswap_v2,0xbb2b8038a1640196fbe3e38816f3e67cba72d940,29.204318730687717,73.02362642,2132.6052608403484,0,0.0,0.0,True,train
2025-12-08 04:50:00+00:00,sushiswap_v2,0xceff51756c56ceffca006cd410b03ffc46dd3a58,29.204318739632445,162.68372865,4751.067465246475,0,0.0,0.0,True,train
2025-12-08 04:50:00+00:00,uniswap_v2,0xbb2b8038a1640196fbe3e38816f3e67cba72d940,29.204318730687717,73.02362642,2132.6052608403484,0,0.0,0.0,True,train
2025-12-08 04:51:00+00:00,sushiswap_v2,0xceff51756c56ceffca006cd410b03ffc46dd3a58,29.204318739632445,162.68372865,4751.067465246475,0,0.0,0.0,True,train
2025-12-08 04:51:00+00:00,uniswap_v2,0xbb2b8038a1640196fbe3e38816f3e67cba72d940,29.204318730687717,73.02362642,2132.6052608403484,0,0.0,0.0,True,train
2025-12-08 04:52:00+00:00,sushiswap_v2,0xceff51756c56ceffca006cd410b03ffc46dd3a58,29.204318739632445,162.68372865,4751.067465246475,0,0.0,0.0,True,train
2025-12-08 04:52:00+00:00,uniswap_v2,0xbb2b8038a1640196fbe3e38816f3e67cba72d940,29.204318730687717,73.02362642,2132.6052608403484,0,0.0,0.0,True,train
2025-12-08 04:53:00+00:00,sushiswap_v2,0xceff51756c56ceffca006cd410b03ffc46dd3a58,29.204318739632445,162.68372865,4751.067465246475,0,0.0,0.0,True,train
2025-12-08 04:53:00+00:00,uniswap_v2,0xbb2b8038a1640196fbe3e38816f3e67cba72d940,29.204318730687717,73.02362642,2132.6052608403484,0,0.0,0.0,True,train
2025-12-08 04:54:00+00:00,sushiswap_v2,0xceff51756c56ceffca006cd410b03ffc46dd3a58,29.204318739632445,162.68372865,4751.067465246475,0,0.0,0.0,True,train
2025-12-08 04:54:00+00:00,uniswap_v2,0xbb2b8038a1640196fbe3e38816f3e67cba72d940,29.204318730687717,73.02362642,2132.6052608403484,0,0.0,0.0,True,train
2025-12-08 04:55:00+00:00,sushiswap_v2,0xceff51756c56ceffca006cd410b03ffc46dd3a58,29.204318739632445,162.68372865,4751.067465246475,0,0.0,0.0,True,train
2025-12-08 04:55:00+00:00,uniswap_v2,0xbb2b8038a1640196fbe3e38816f3e67cba72d940,29.204318730687717,73.02362642,2132.6052608403484,0,0.0,0.0,True,train
2025-12-08 04:56:00+00:00,sushiswap_v2,0xceff51756c56ceffca006cd410b03ffc46dd3a58,29.204318739632445,162.68372865,4751.067465246475,0,0.0,0.0,True,train
2025-12-08 04:56:00+00:00,uniswap_v2,0xbb2b8038a1640196fbe3e38816f3e67cba72d940,29.204318730687717,73.02362642,2132.6052608403484,0,0.0,0.0,True,train
2025-12-08 04:57:00+00:00,sushiswap_v2,0xceff51756c56ceffca006cd410b03ffc46dd3a58,29.204318739632445,162.68372865,4751.067465246475,0,0.0,0.0,True,train
2025-12-08 04:57:00+00:00,uniswap_v2,0xbb2b8038a1640196fbe3e38816f3e67cba72d940,29.204318730687717,73.02362642,2132.6052608403484,0,0.0,0.0,True,train
2025-12-08 04:58:00+00:00,sushiswap_v2,0xceff51756c56ceffca006cd410b03ffc46dd3a58,29.204318739632445,162.68372865,4751.067465246475,0,0.0,0.0,True,train
2025-12-08 04:58:00+00:00,uniswap_v2,0xbb2b8038a1640196fbe3e38816f3e67cba72d940,29.204318730687717,73.02362642,2132.6052608403484,0,0.0,0.0,True,train
2025-12-08 04:59:00+00:00,sushiswap_v2,0xceff51756c56ceffca006cd410b03ffc46dd3a58,29.204318739632445,162.68372865,4751.067465246475,0,0.0,0.0,True,train
2025-12-08 04:59:00+00:00,uniswap_v2,0xbb2b8038a1640196fbe3e38816f3e67cba72d940,29.204318730687717,73.02362642,2132.6052608403484,0,0.0,0.0,True,train
2025-12-08 05:00:00+00:00,sushiswap_v2,0xceff51756c56ceffca006cd410b03ffc46dd3a58,29.204318739632445,162.68372865,4751.067465246475,0,0.0,0.0,True,train
2025-12-08 05:00:00+00:00,uniswap_v2,0xbb2b8038a1640196fbe3e38816f3e67cba72d940,29.204318730687717,73.02362642,2132.6052608403484,0,0.0,0.0,True,train
2025-12-08 05:01:00+00:00,sushiswap_v2,0xceff51756c56ceffca006cd410b03ffc46dd3a58,29.204318739632445,162.68372865,4751.067465246475,0,0.0,0.0,True,train
2025-12-08 05:01:00+00:00,uniswap_v2,0xbb2b8038a1640196fbe3e38816f3e67cba72d940,29.204318730687717,73.02362642,2132.6052608403484,0,0.0,0.0,True,train
2025-12-08 05:02:00+00:00,sushiswap_v2,0xceff51756c56ceffca006cd410b03ffc46dd3a58,29.204318739632445,162.68372865,4751.067465246475,0,0.0,0.0,True,train
2025-12-08 05:02:00+00:00,uniswap_v2,0xbb2b8038a1640196fbe3e38816f3e67cba72d940,29.204318730687717,73.02362642,2132.6052608403484,0,0.0,0.0,True,train
2025-12-08 05:03:00+00:00,sushiswap_v2,0xceff51756c56ceffca006cd410b03ffc46dd3a58,29.204318739632445,162.68372865,4751.067465246475,0,0.0,0.0,True,train
2025-12-08 05:03:00+00:00,uniswap_v2,0xbb2b8038a1640196fbe3e38816f3e67cba72d940,29.204318730687717,73.02362642,2132.6052608403484,0,0.0,0.0,True,train
2025-12-08 05:04:00+00:00,sushiswap_v2,0xceff51756c56ceffca006cd410b03ffc46dd3a58,29.198252275664938,162.7006534,4750.574723388722,1,0.01692475,0.49274185775200613,False,train
2025-12-08 05:04:00+00:00,uniswap_v2,0xbb2b8038a1640196fbe3e38816f3e67cba72d940,29.204318730687717,73.02362642,2132.6052608403484,0,0.0,0.0,True,train
2025-12-08 05:05:00+00:00,sushiswap_v2,0xceff51756c56ceffca006cd410b03ffc46dd3a58,29.198252275664938,162.7006534,4750.574723388722,0,0.0,0.0,False,train
2025-12-08 05:05:00+00:00,uniswap_v2,0xbb2b8038a1640196fbe3e38816f3e67cba72d940,29.19522419371702,73.03501633,2132.273675746134,1,0.01138991,0.3315850942141048,False,train
2025-12-08 05:06:00+00:00,sushiswap_v2,0xceff51756c56ceffca006cd410b03ffc46dd3a58,29.198252275664938,162.7006534,4750.574723388722,0,0.0,0.0,False,train
2025-12-08 05:06:00+00:00,uniswap_v2,0xbb2b8038a1640196fbe3e38816f3e67cba72d940,29.19522419371702,73.03501633,2132.273675746134,0,0.0,0.0,False,train
2025-12-08 05:07:00+00:00,sushiswap_v2,0xceff51756c56ceffca006cd410b03ffc46dd3a58,29.18993415436972,162.7238686,4749.899009778311,1,0.0232152,0.6757136104121511,False,train
2025-12-08 05:07:00+00:00,uniswap_v2,0xbb2b8038a1640196fbe3e38816f3e67cba72d940,29.19522419371702,73.03501633,2132.273675746134,0,0.0,0.0,False,train
2025-12-08 05:08:00+00:00,sushiswap_v2,0xceff51756c56ceffca006cd410b03ffc46dd3a58,29.18993415436972,162.7238686,4749.899009778311,0,0.0,0.0,False,train
2025-12-08 05:08:00+00:00,uniswap_v2,0xbb2b8038a1640196fbe3e38816f3e67cba72d940,29.19522419371702,73.03501633,2132.273675746134,0,0.0,0.0,False,train
2025-12-08 05:09:00+00:00,sushiswap_v2,0xceff51756c56ceffca006cd410b03ffc46dd3a58,29.18993415436972,162.7238686,4749.899009778311,0,0.0,0.0,False,train
2025-12-08 05:09:00+00:00,uniswap_v2,0xbb2b8038a1640196fbe3e38816f3e67cba72d940,29.19522419371702,73.03501633,2132.273675746134,0,0.0,0.0,False,train
2025-12-08 05:10:00+00:00,sushiswap_v2,0xceff51756c56ceffca006cd410b03ffc46dd3a58,29.18993415436972,162.7238686,4749.899009778311,0,0.0,0.0,False,train
2025-12-08 05:10:00+00:00,uniswap_v2,0xbb2b8038a1640196fbe3e38816f3e67cba72d940,29.19522419371702,73.03501633,2132.273675746134,0,0.0,0.0,False,train
2025-12-08 05:11:00+00:00,sushiswap_v2,0xceff51756c56ceffca006cd410b03ffc46dd3a58,29.18421821445134,162.73982708,4749.4346256847975,1,0.01595848,0.46438409351363236,False,train
2025-12-08 05:11:00+00:00,uniswap_v2,0xbb2b8038a1640196fbe3e38816f3e67cba72d940,29.184184294165547,73.04884975,2131.871093580809,1,0.01383342,0.4025821653251973,False,train
2025-12-08 05:12:00+00:00,sushiswap_v2,0xceff51756c56ceffca006cd410b03ffc46dd3a58,29.18421821445134,162.73982708,4749.4346256847975,0,0.0,0.0,False,train
2025-12-08 05:12:00+00:00,uniswap_v2,0xbb2b8038a1640196fbe3e38816f3e67cba72d940,29.184184294165547,73.04884975,2131.871093580809,0,0.0,0.0,False,train
2025-12-08 05:13:00+00:00,sushiswap_v2,0xceff51756c56ceffca006cd410b03ffc46dd3a58,29.18421821445134,162.73982708,4749.4346256847975,0,0.0,0.0,False,train
2025-12-08 05:13:00+00:00,uniswap_v2,0xbb2b8038a1640196fbe3e38816f3e67cba72d940,29.184184294165547,73.04884975,2131.871093580809,0,0.0,0.0,False,train
2025-12-08 05:14:00+00:00,sushiswap_v2,0xceff51756c56ceffca006cd410b03ffc46dd3a58,29.18421821445134,162.73982708,4749.4346256847975,0,0.0,0.0,False,train
2025-12-08 05:14:00+00:00,uniswap_v2,0xbb2b8038a1640196fbe3e38816f3e67cba72d940,29.184184294165547,73.04884975,2131.871093580809,0,0.0,0.0,False,train
2025-12-08 05:15:00+00:00,sushiswap_v2,0xceff51756c56ceffca006cd410b03ffc46dd3a58,29.18421821445134,162.73982708,4749.4346256847975,0,0.0,0.0,False,train
2025-12-08 05:15:00+00:00,uniswap_v2,0xbb2b8038a1640196fbe3e38816f3e67cba72d940,29.184184294165547,73.04884975,2131.871093580809,0,0.0,0.0,False,train
2025-12-08 05:16:00+00:00,sushiswap_v2,0xceff51756c56ceffca006cd410b03ffc46dd3a58,29.18421821445134,162.73982708,4749.4346256847975,0,0.0,0.0,False,train
2025-12-08 05:16:00+00:00,uniswap_v2,0xbb2b8038a1640196fbe3e38816f3e67cba72d940,29.184184294165547,73.04884975,2131.871093580809,0,0.0,0.0,False,train
2025-12-08 05:17:00+00:00,sushiswap_v2,0xceff51756c56ceffca006cd410b03ffc46dd3a58,29.18421821445134,162.73982708,4749.4346256847975,0,0.0,0.0,False,train
2025-12-08 05:17:00+00:00,uniswap_v2,0xbb2b8038a1640196fbe3e38816f3e67cba72d940,29.184184294165547,73.04884975,2131.871093580809,0,0.0,0.0,False,train
2025-12-08 05:18:00+00:00,sushiswap_v2,0xceff51756c56ceffca006cd410b03ffc46dd3a58,29.18421821445134,162.73982708,4749.4346256847975,0,0.0,0.0,False,train
2025-12-08 05:18:00+00:00,uniswap_v2,0xbb2b8038a1640196fbe3e38816f3e67cba72d940,29.184184294165547,73.04884975,2131.871093580809,0,0.0,0.0,False,train
2025-12-08 05:19:00+00:00,sushiswap_v2,0xceff51756c56ceffca006cd410b03ffc46dd3a58,29.18421821445134,162.73982708,4749.4346256847975,0,0.0,0.0,False,train
2025-12-08 05:19:00+00:00,uniswap_v2,0xbb2b8038a1640196fbe3e38816f3e67cba72d940,29.184184294165547,73.04884975,2131.871093580809,0,0.0,0.0,False,train
2025-12-08 05:20:00+00:00,sushiswap_v2,0xceff51756c56ceffca006cd410b03ffc46dd3a58,29.18421821445134,162.73982708,4749.4346256847975,0,0.0,0.0,False,train
2025-12-08 05:20:00+00:00,uniswap_v2,0xbb2b8038a1640196fbe3e38816f3e67cba72d940,29.184184294165547,73.04884975,2131.871093580809,0,0.0,0.0,False,train
2025-12-08 05:21:00+00:00,sushiswap_v2,0xceff51756c56ceffca006cd410b03ffc46dd3a58,29.167432705209833,162.7867181,4748.070645483714,2,0.04689102,1.3639802010829905,False,train
2025-12-08 05:21:00+00:00,uniswap_v2,0xbb2b8038a1640196fbe3e38816f3e67cba72d940,29.174244895626,73.06131095,2131.5085780507816,1,0.0124612,0.36251553002735615,False,train
2025-12-08 05:22:00+00:00,sushiswap_v2,0xceff51756c56ceffca006cd410b03ffc46dd3a58,29.161872133715114,162.80226072,4747.618710196391,1,0.01554262,0.4519352873231751,False,train
2025-12-08 05:22:00+00:00,uniswap_v2,0xbb2b8038a1640196fbe3e38816f3e67cba72d940,29.161856711350957,73.07685112,2131.0566612781668,1,0.01554017,0.45191677261448654,False,train
2025-12-08 05:23:00+00:00,sushiswap_v2,0xceff51756c56ceffca006cd410b03ffc46dd3a58,29.161872133715114,162.80226072,4747.618710196391,0,0.0,0.0,False,train
2025-12-08 05:23:00+00:00,uniswap_v2,0xbb2b8038a1640196fbe3e38816f3e67cba72d940,29.161856711350957,73.07685112,2131.0566612781668,0,0.0,0.0,False,train
2025-12-08 05:24:00+00:00,sushiswap_v2,0xceff51756c56ceffca006cd410b03ffc46dd3a58,29.161872133715114,162.80226072,4747.618710196391,0,0.0,0.0,False,train
2025-12-08 05:24:00+00:00,uniswap_v2,0xbb2b8038a1640196fbe3e38816f3e67cba72d940,29.161856711350957,73.07685112,2131.0566612781668,0,0.0,0.0,False,train
2025-12-08 05:25:00+00:00,sushiswap_v2,0xceff51756c56ceffca006cd410b03ffc46dd3a58,29.161872133715114,162.80226072,4747.618710196391,0,0.0,0.0,False,train
2025-12-08 05:25:00+00:00,uniswap_v2,0xbb2b8038a1640196fbe3e38816f3e67cba72d940,29.161856711350957,73.07685112,2131.0566612781668,0,0.0,0.0,False,train
2025-12-08 05:26:00+00:00,sushiswap_v2,0xceff51756c56ceffca006cd410b03ffc46dd3a58,29.161872133715114,162.80226072,4747.618710196391,0,0.0,0.0,False,train
2025-12-08 05:26:00+00:00,uniswap_v2,0xbb2b8038a1640196fbe3e38816f3e67cba72d940,29.161856711350957,73.07685112,2131.0566612781668,0,0.0,0.0,False,train
2025-12-08 05:27:00+00:00,sushiswap_v2,0xceff51756c56ceffca006cd410b03ffc46dd3a58,29.161872133715114,162.80226072,4747.618710196391,0,0.0,0.0,False,train
2025-12-08 05:27:00+00:00,uniswap_v2,0xbb2b8038a1640196fbe3e38816f3e67cba72d940,29.161856711350957,73.07685112,2131.0566612781668,0,0.0,0.0,False,train
2025-12-08 05:28:00+00:00,sushiswap_v2,0xceff51756c56ceffca006cd410b03ffc46dd3a58,29.161872133715114,162.80226072,4747.618710196391,0,0.0,0.0,False,train
2025-12-08 05:28:00+00:00,uniswap_v2,0xbb2b8038a1640196fbe3e38816f3e67cba72d940,29.161856711350957,73.07685112,2131.0566612781668,0,0.0,0.0,False,train
2025-12-08 05:29:00+00:00,sushiswap_v2,0xceff51756c56ceffca006cd410b03ffc46dd3a58,29.161872133715114,162.80226072,4747.618710196391,0,0.0,0.0,False,train
2025-12-08 05:29:00+00:00,uniswap_v2,0xbb2b8038a1640196fbe3e38816f3e67cba72d940,29.161856711350957,73.07685112,2131.0566612781668,0,0.0,0.0,False,train
2025-12-08 05:30:00+00:00,sushiswap_v2,0xceff51756c56ceffca006cd410b03ffc46dd3a58,29.161872133715114,162.80226072,4747.618710196391,0,0.0,0.0,False,train
2025-12-08 05:30:00+00:00,uniswap_v2,0xbb2b8038a1640196fbe3e38816f3e67cba72d940,29.161856711350957,73.07685112,2131.0566612781668,0,0.0,0.0,False,train
2025-12-08 05:31:00+00:00,sushiswap_v2,0xceff51756c56ceffca006cd410b03ffc46dd3a58,29.161872133715114,162.80226072,4747.618710196391,0,0.0,0.0,False,train
2025-12-08 05:31:00+00:00,uniswap_v2,0xbb2b8038a1640196fbe3e38816f3e67cba72d940,29.161856711350957,73.07685112,2131.0566612781668,0,0.0,0.0,False,train
2025-12-08 05:32:00+00:00,sushiswap_v2,0xceff51756c56ceffca006cd410b03ffc46dd3a58,29.161872133715114,162.80226072,4747.618710196391,0,0.0,0.0,False,train
2025-12-08 05:32:00+00:00,uniswap_v2,0xbb2b8038a1640196fbe3e38816f3e67cba72d940,29.161856711350957,73.07685112,2131.0566612781668,0,0.0,0.0,False,train
2025-12-08 05:33:00+00:00,sushiswap_v2,0xceff51756c56ceffca006cd410b03ffc46dd3a58,29.161872133715114,162.80226072,4747.618710196391,0,0.0,0.0,False,train
2025-12-08 05:33:00+00:00,uniswap_v2,0xbb2b8038a1640196fbe3e38816f3e67cba72d940,29.161856711350957,73.07685112,2131.0566612781668,0,0.0,0.0,False,train
2025-12-08 05:34:00+00:00,sushiswap_v2,0xceff51756c56ceffca006cd410b03ffc46dd3a58,29.161872133715114,162.80226072,4747.618710196391,0,0.0,0.0,False,train
2025-12-08 05:34:00+00:00,uniswap_v2,0xbb2b8038a1640196fbe3e38816f3e67cba72d940,29.161856711350957,73.07685112,2131.0566612781668,0,0.0,0.0,False,train
2025-12-08 05:35:00+00:00,sushiswap_v2,0xceff51756c56ceffca006cd410b03ffc46dd3a58,29.161872133715114,162.80226072,4747.618710196391,0,0.0,0.0,False,train
2025-12-08 05:35:00+00:00,uniswap_v2,0xbb2b8038a1640196fbe3e38816f3e67cba72d940,29.161856711350957,73.07685112,2131.0566612781668,0,0.0,0.0,False,train
2025-12-08 05:36:00+00:00,sushiswap_v2,0xceff51756c56ceffca006cd410b03ffc46dd3a58,29.1537011639942,162.82510786,4746.954536545563,1,0.02284714,0.6641736508281659,False,train
2025-12-08 05:36:00+00:00,uniswap_v2,0xbb2b8038a1640196fbe3e38816f3e67cba72d940,29.161856711350957,73.07685112,2131.0566612781668,0,0.0,0.0,False,train
2025-12-08 05:37:00+00:00,sushiswap_v2,0xceff51756c56ceffca006cd410b03ffc46dd3a58,29.1537011639942,162.82510786,4746.954536545563,0,0.0,0.0,False,train
2025-12-08 05:37:00+00:00,uniswap_v2,0xbb2b8038a1640196fbe3e38816f3e67cba72d940,29.161856711350957,73.07685112,2131.0566612781668,0,0.0,0.0,False,train
2025-12-08 05:38:00+00:00,sushiswap_v2,0xceff51756c56ceffca006cd410b03ffc46dd3a58,29.1537011639942,162.82510786,4746.954536545563,0,0.0,0.0,False,train
2025-12-08 05:38:00+00:00,uniswap_v2,0xbb2b8038a1640196fbe3e38816f3e67cba72d940,29.161856711350957,73.07685112,2131.0566612781668,0,0.0,0.0,True,train
2025-12-08 05:39:00+00:00,sushiswap_v2,0xceff51756c56ceffca006cd410b03ffc46dd3a58,29.1537011639942,162.82510786,4746.954536545563,0,0.0,0.0,False,train
2025-12-08 05:39:00+00:00,uniswap_v2,0xbb2b8038a1640196fbe3e38816f3e67cba72d940,29.161856711350957,73.07685112,2131.0566612781668,0,0.0,0.0,True,train
2025-12-08 05:40:00+00:00,sushiswap_v2,0xceff51756c56ceffca006cd410b03ffc46dd3a58,29.1537011639942,162.82510786,4746.954536545563,0,0.0,0.0,False,train
2025-12-08 05:40:00+00:00,uniswap_v2,0xbb2b8038a1640196fbe3e38816f3e67cba72d940,29.161856711350957,73.07685112,2131.0566612781668,0,0.0,0.0,True,train
2025-12-08 05:41:00+00:00,sushiswap_v2,0xceff51756c56ceffca006cd410b03ffc46dd3a58,29.1537011639942,162.82510786,4746.954536545563,0,0.0,0.0,False,train
2025-12-08 05:41:00+00:00,uniswap_v2,0xbb2b8038a1640196fbe3e38816f3e67cba72d940,29.161856711350957,73.07685112,2131.0566612781668,0,0.0,0.0,True,train
2025-12-08 05:42:00+00:00,sushiswap_v2,0xceff51756c56ceffca006cd410b03ffc46dd3a58,29.1537011639942,162.82510786,4746.954536545563,0,0.0,0.0,False,train
2025-12-08 05:42:00+00:00,uniswap_v2,0xbb2b8038a1640196fbe3e38816f3e67cba72d940,29.161856711350957,73.07685112,2131.0566612781668,0,0.0,0.0,True,train
2025-12-08 05:43:00+00:00,sushiswap_v2,0xceff51756c56ceffca006cd410b03ffc46dd3a58,29.1537011639942,162.82510786,4746.954536545563,0,0.0,0.0,False,train
2025-12-08 05:43:00+00:00,uniswap_v2,0xbb2b8038a1640196fbe3e38816f3e67cba72d940,29.161856711350957,73.07685112,2131.0566612781668,0,0.0,0.0,True,train
2025-12-08 05:44:00+00:00,sushiswap_v2,0xceff51756c56ceffca006cd410b03ffc46dd3a58,29.1537011639942,162.82510786,4746.954536545563,0,0.0,0.0,False,train
2025-12-08 05:44:00+00:00,uniswap_v2,0xbb2b8038a1640196fbe3e38816f3e67cba72d940,29.161768158070384,73.07696224,2131.0534305389438,1,0.00011112,0.003230739223317028,False,train
2025-12-08 05:45:00+00:00,sushiswap_v2,0xceff51756c56ceffca006cd410b03ffc46dd3a58,29.1537011639942,162.82510786,4746.954536545563,0,0.0,0.0,False,train
2025-12-08 05:45:00+00:00,uniswap_v2,0xbb2b8038a1640196fbe3e38816f3e67cba72d940,29.161768158070384,73.07696224,2131.0534305389438,0,0.0,0.0,False,train
2025-12-08 05:46:00+00:00,sushiswap_v2,0xceff51756c56ceffca006cd410b03ffc46dd3a58,29.1537011639942,162.82510786,4746.954536545563,0,0.0,0.0,False,train
2025-12-08 05:46:00+00:00,uniswap_v2,0xbb2b8038a1640196fbe3e38816f3e67cba72d940,29.161768158070384,73.07696224,2131.0534305389438,0,0.0,0.0,False,train
2025-12-08 05:47:00+00:00,sushiswap_v2,0xceff51756c56ceffca006cd410b03ffc46dd3a58,29.1537011639942,162.82510786,4746.954536545563,0,0.0,0.0,False,train
2025-12-08 05:47:00+00:00,uniswap_v2,0xbb2b8038a1640196fbe3e38816f3e67cba72d940,29.161768158070384,73.07696224,2131.0534305389438,0,0.0,0.0,False,train
2025-12-08 05:48:00+00:00,sushiswap_v2,0xceff51756c56ceffca006cd410b03ffc46dd3a58,29.1537011639942,162.82510786,4746.954536545563,0,0.0,0.0,False,train
2025-12-08 05:48:00+00:00,uniswap_v2,0xbb2b8038a1640196fbe3e38816f3e67cba72d940,29.151875514675247,73.08937909,2130.692480676588,1,0.01241685,0.36094986235573195,False,train
2025-12-08 05:49:00+00:00,sushiswap_v2,0xceff51756c56ceffca006cd410b03ffc46dd3a58,29.1537011639942,162.82510786,4746.954536545563,0,0.0,0.0,False,train
2025-12-08 05:49:00+00:00,uniswap_v2,0xbb2b8038a1640196fbe3e38816f3e67cba72d940,29.151875514675247,73.08937909,2130.692480676588,0,0.0,0.0,False,train
2025-12-08 05:50:00+00:00,sushiswap_v2,0xceff51756c56ceffca006cd410b03ffc46dd3a58,29.1537011639942,162.82510786,4746.954536545563,0,0.0,0.0,False,train
2025-12-08 05:50:00+00:00,uniswap_v2,0xbb2b8038a1640196fbe3e38816f3e67cba72d940,29.151875514675247,73.08937909,2130.692480676588,0,0.0,0.0,False,train
2025-12-08 05:51:00+00:00,sushiswap_v2,0xceff51756c56ceffca006cd410b03ffc46dd3a58,29.1537011639942,162.82510786,4746.954536545563,0,0.0,0.0,False,train
2025-12-08 05:51:00+00:00,uniswap_v2,0xbb2b8038a1640196fbe3e38816f3e67cba72d940,29.151875514675247,73.08937909,2130.692480676588,0,0.0,0.0,False,train
2025-12-08 05:52:00+00:00,sushiswap_v2,0xceff51756c56ceffca006cd410b03ffc46dd3a58,29.1537011639942,162.82510786,4746.954536545563,0,0.0,0.0,True,train
2025-12-08 05:52:00+00:00,uniswap_v2,0xbb2b8038a1640196fbe3e38816f3e67cba72d940,29.151875514675247,73.08937909,2130.692480676588,0,0.0,0.0,False,train
2025-12-08 05:53:00+00:00,sushiswap_v2,0xceff51756c56ceffca006cd410b03ffc46dd3a58,29.1537011639942,162.82510786,4746.954536545563,0,0.0,0.0,True,train
2025-12-08 05:53:00+00:00,uniswap_v2,0xbb2b8038a1640196fbe3e38816f3e67cba72d940,29.151875514675247,73.08937909,2130.692480676588,0,0.0,0.0,False,train
2025-12-08 05:54:00+00:00,sushiswap_v2,0xceff51756c56ceffca006cd410b03ffc46dd3a58,29.1537011639942,162.82510786,4746.954536545563,0,0.0,0.0,True,train
2025-12-08 05:54:00+00:00,uniswap_v2,0xbb2b8038a1640196fbe3e38816f3e67cba72d940,29.151875514675247,73.08937909,2130.692480676588,0,0.0,0.0,False,train
2025-12-08 05:55:00+00:00,sushiswap_v2,0xceff51756c56ceffca006cd410b03ffc46dd3a58,29.1537011639942,162.82510786,4746.954536545563,0,0.0,0.0,True,train
2025-12-08 05:55:00+00:00,uniswap_v2,0xbb2b8038a1640196fbe3e38816f3e67cba72d940,29.151875514675247,73.08937909,2130.692480676588,0,0.0,0.0,False,train
2025-12-08 05:56:00+00:00,sushiswap_v2,0xceff51756c56ceffca006cd410b03ffc46dd3a58,29.1537011639942,162.82510786,4746.954536545563,0,0.0,0.0,True,train
2025-12-08 05:56:00+00:00,uniswap_v2,0xbb2b8038a1640196fbe3e38816f3e67cba72d940,29.151875514675247,73.08937909,2130.692480676588,0,0.0,0.0,False,train
2025-12-08 05:57:00+00:00,sushiswap_v2,0xceff51756c56ceffca006cd410b03ffc46dd3a58,29.1537011639942,162.82510786,4746.954536545563,0,0.0,0.0,True,train
2025-12-08 05:57:00+00:00,uniswap_v2,0xbb2b8038a1640196fbe3e38816f3e67cba72d940,29.151875514675247,73.08937909,2130.692480676588,0,0.0,0.0,False,train
2025-12-08 05:58:00+00:00,sushiswap_v2,0xceff51756c56ceffca006cd410b03ffc46dd3a58,29.1537011639942,162.82510786,4746.954536545563,0,0.0,0.0,True,train
2025-12-08 05:58:00+00:00,uniswap_v2,0xbb2b8038a1640196fbe3e38816f3e67cba72d940,29.151875514675247,73.08937909,2130.692480676588,0,0.0,0.0,False,train
2025-12-08 05:59:00+00:00,sushiswap_v2,0xceff51756c56ceffca006cd410b03ffc46dd3a58,29.1537011639942,162.82510786,4746.954536545563,0,0.0,0.0,True,train
2025-12-08 05:59:00+00:00,uniswap_v2,0xbb2b8038a1640196fbe3e38816f3e67cba72d940,29.151875514675247,73.08937909,2130.692480676588,0,0.0,0.0,False,train
2025-12-08 06:00:00+00:00,sushiswap_v2,0xceff51756c56ceffca006cd410b03ffc46dd3a58,29.1537011639942,162.82510786,4746.954536545563,0,0.0,0.0,True,train
2025-12-08 06:00:00+00:00,uniswap_v2,0xbb2b8038a1640196fbe3e38816f3e67cba72d940,29.151875514675247,73.08937909,2130.692480676588,0,0.0,0.0,False,train
2025-12-08 06:01:00+00:00,sushiswap_v2,0xceff51756c56ceffca006cd410b03ffc46dd3a58,29.1537011639942,162.82510786,4746.954536545563,0,0.0,0.0,True,train
2025-12-08 06:01:00+00:00,uniswap_v2,0xbb2b8038a1640196fbe3e38816f3e67cba72d940,29.151875514675247,73.08937909,2130.692480676588,0,0.0,0.0,False,train
2025-12-08 06:02:00+00:00,sushiswap_v2,0xceff51756c56ceffca006cd410b03ffc46dd3a58,29.1537011639942,162.82510786,4746.954536545563,0,0.0,0.0,True,train
2025-12-08 06:02:00+00:00,uniswap_v2,0xbb2b8038a1640196fbe3e38816f3e67cba72d940,29.151875514675247,73.08937909,2130.692480676588,0,0.0,0.0,False,train
2025-12-08 06:03:00+00:00,sushiswap_v2,0xceff51756c56ceffca006cd410b03ffc46dd3a58,29.1537011639942,162.82510786,4746.954536545563,0,0.0,0.0,True,train
2025-12-08 06:03:00+00:00,uniswap_v2,0xbb2b8038a1640196fbe3e38816f3e67cba72d940,29.151875514675247,73.08937909,2130.692480676588,0,0.0,0.0,False,train
2025-12-08 06:04:00+00:00,sushiswap_v2,0xceff51756c56ceffca006cd410b03ffc46dd3a58,29.1537011639942,162.82510786,4746.954536545563,0,0.0,0.0,True,train
2025-12-08 06:04:00+00:00,uniswap_v2,0xbb2b8038a1640196fbe3e38816f3e67cba72d940,29.151875514675247,73.08937909,2130.692480676588,0,0.0,0.0,True,train
2025-12-08 06:05:00+00:00,sushiswap_v2,0xceff51756c56ceffca006cd410b03ffc46dd3a58,29.1537011639942,162.82510786,4746.954536545563,0,0.0,0.0,True,train
2025-12-08 06:05:00+00:00,uniswap_v2,0xbb2b8038a1640196fbe3e38816f3e67cba72d940,29.151875514675247,73.08937909,2130.692480676588,0,0.0,0.0,True,train
2025-12-08 06:06:00+00:00,sushiswap_v2,0xceff51756c56ceffca006cd410b03ffc46dd3a58,29.1537011639942,162.82510786,4746.954536545563,0,0.0,0.0,True,train
2025-12-08 06:06:00+00:00,uniswap_v2,0xbb2b8038a1640196fbe3e38816f3e67cba72d940,29.151875514675247,73.08937909,2130.692480676588,0,0.0,0.0,True,train
2025-12-08 06:07:00+00:00,sushiswap_v2,0xceff51756c56ceffca006cd410b03ffc46dd3a58,29.1537011639942,162.82510786,4746.954536545563,0,0.0,0.0,True,train
2025-12-08 06:07:00+00:00,uniswap_v2,0xbb2b8038a1640196fbe3e38816f3e67cba72d940,29.151875514675247,73.08937909,2130.692480676588,0,0.0,0.0,True,train
2025-12-08 06:08:00+00:00,sushiswap_v2,0xceff51756c56ceffca006cd410b03ffc46dd3a58,29.1537011639942,162.82510786,4746.954536545563,0,0.0,0.0,True,train
2025-12-08 06:08:00+00:00,uniswap_v2,0xbb2b8038a1640196fbe3e38816f3e67cba72d940,29.151875514675247,73.08937909,2130.692480676588,0,0.0,0.0,True,train
2025-12-08 06:09:00+00:00,sushiswap_v2,0xceff51756c56ceffca006cd410b03ffc46dd3a58,29.1537011639942,162.82510786,4746.954536545563,0,0.0,0.0,True,train
2025-12-08 06:09:00+00:00,uniswap_v2,0xbb2b8038a1640196fbe3e38816f3e67cba72d940,29.151875514675247,73.08937909,2130.692480676588,0,0.0,0.0,True,train
2025-12-08 06:10:00+00:00,sushiswap_v2,0xceff51756c56ceffca006cd410b03ffc46dd3a58,29.1537011639942,162.82510786,4746.954536545563,0,0.0,0.0,True,train
2025-12-08 06:10:00+00:00,uniswap_v2,0xbb2b8038a1640196fbe3e38816f3e67cba72d940,29.151875514675247,73.08937909,2130.692480676588,0,0.0,0.0,True,train
2025-12-08 06:11:00+00:00,sushiswap_v2,0xceff51756c56ceffca006cd410b03ffc46dd3a58,29.1537011639942,162.82510786,4746.954536545563,0,0.0,0.0,True,train
2025-12-08 06:11:00+00:00,uniswap_v2,0xbb2b8038a1640196fbe3e38816f3e67cba72d940,29.151875514675247,73.08937909,2130.692480676588,0,0.0,0.0,True,train
2025-12-08 06:12:00+00:00,sushiswap_v2,0xceff51756c56ceffca006cd410b03ffc46dd3a58,29.1537011639942,162.82510786,4746.954536545563,0,0.0,0.0,True,train
2025-12-08 06:12:00+00:00,uniswap_v2,0xbb2b8038a1640196fbe3e38816f3e67cba72d940,29.151875514675247,73.08937909,2130.692480676588,0,0.0,0.0,True,train
2025-12-08 06:13:00+00:00,sushiswap_v2,0xceff51756c56ceffca006cd410b03ffc46dd3a58,29.1537011639942,162.82510786,4746.954536545563,0,0.0,0.0,True,train
2025-12-08 06:13:00+00:00,uniswap_v2,0xbb2b8038a1640196fbe3e38816f3e67cba72d940,29.151875514675247,73.08937909,2130.692480676588,0,0.0,0.0,True,train
2025-12-08 06:14:00+00:00,sushiswap_v2,0xceff51756c56ceffca006cd410b03ffc46dd3a58,29.1537011639942,162.82510786,4746.954536545563,0,0.0,0.0,True,train
2025-12-08 06:14:00+00:00,uniswap_v2,0xbb2b8038a1640196fbe3e38816f3e67cba72d940,29.151875514675247,73.08937909,2130.692480676588,0,0.0,0.0,True,train
2025-12-08 06:15:00+00:00,sushiswap_v2,0xceff51756c56ceffca006cd410b03ffc46dd3a58,29.1537011639942,162.82510786,4746.954536545563,0,0.0,0.0,True,train
2025-12-08 06:15:00+00:00,uniswap_v2,0xbb2b8038a1640196fbe3e38816f3e67cba72d940,29.151875514675247,73.08937909,2130.692480676588,0,0.0,0.0,True,train
2025-12-08 06:16:00+00:00,sushiswap_v2,0xceff51756c56ceffca006cd410b03ffc46dd3a58,29.1537011639942,162.82510786,4746.954536545563,0,0.0,0.0,True,train
2025-12-08 06:16:00+00:00,uniswap_v2,0xbb2b8038a1640196fbe3e38816f3e67cba72d940,29.151875514675247,73.08937909,2130.692480676588,0,0.0,0.0,True,train
2025-12-08 06:17:00+00:00,sushiswap_v2,0xceff51756c56ceffca006cd410b03ffc46dd3a58,29.1537011639942,162.82510786,4746.954536545563,0,0.0,0.0,True,train
2025-12-08 06:17:00+00:00,uniswap_v2,0xbb2b8038a1640196fbe3e38816f3e67cba72d940,29.15187551070577,73.0893791,2130.6924806779803,0,0.0,0.0,False,train
2025-12-08 06:18:00+00:00,sushiswap_v2,0xceff51756c56ceffca006cd410b03ffc46dd3a58,29.1537011639942,162.82510786,4746.954536545563,0,0.0,0.0,True,train
2025-12-08 06:18:00+00:00,uniswap_v2,0xbb2b8038a1640196fbe3e38816f3e67cba72d940,29.15187551070577,73.0893791,2130.6924806779803,0,0.0,0.0,False,train
2025-12-08 06:19:00+00:00,sushiswap_v2,0xceff51756c56ceffca006cd410b03ffc46dd3a58,29.1537011639942,162.82510786,4746.954536545563,0,0.0,0.0,True,train
2025-12-08 06:19:00+00:00,uniswap_v2,0xbb2b8038a1640196fbe3e38816f3e67cba72d940,29.15187551070577,73.0893791,2130.6924806779803,0,0.0,0.0,False,train
2025-12-08 06:20:00+00:00,sushiswap_v2,0xceff51756c56ceffca006cd410b03ffc46dd3a58,29.1537011639942,162.82510786,4746.954536545563,0,0.0,0.0,True,train
2025-12-08 06:20:00+00:00,uniswap_v2,0xbb2b8038a1640196fbe3e38816f3e67cba72d940,29.15187551070577,73.0893791,2130.6924806779803,0,0.0,0.0,False,train
2025-12-08 06:21:00+00:00,sushiswap_v2,0xceff51756c56ceffca006cd410b03ffc46dd3a58,29.1537011639942,162.82510786,4746.954536545563,0,0.0,0.0,True,train
2025-12-08 06:21:00+00:00,uniswap_v2,0xbb2b8038a1640196fbe3e38816f3e67cba72d940,29.15187551070577,73.0893791,2130.6924806779803,0,0.0,0.0,False,train
2025-12-08 06:22:00+00:00,sushiswap_v2,0xceff51756c56ceffca006cd410b03ffc46dd3a58,29.1537011639942,162.82510786,4746.954536545563,0,0.0,0.0,True,train
2025-12-08 06:22:00+00:00,uniswap_v2,0xbb2b8038a1640196fbe3e38816f3e67cba72d940,29.15187551070577,73.0893791,2130.6924806779803,0,0.0,0.0,False,train
2025-12-08 06:23:00+00:00,sushiswap_v2,0xceff51756c56ceffca006cd410b03ffc46dd3a58,29.1537011639942,162.82510786,4746.954536545563,0,0.0,0.0,True,train
2025-12-08 06:23:00+00:00,uniswap_v2,0xbb2b8038a1640196fbe3e38816f3e67cba72d940,29.15187551070577,73.0893791,2130.6924806779803,0,0.0,0.0,False,train
2025-12-08 06:24:00+00:00,sushiswap_v2,0xceff51756c56ceffca006cd410b03ffc46dd3a58,29.1537011639942,162.82510786,4746.954536545563,0,0.0,0.0,True,train
2025-12-08 06:24:00+00:00,uniswap_v2,0xbb2b8038a1640196fbe3e38816f3e67cba72d940,29.15187551070577,73.0893791,2130.6924806779803,0,0.0,0.0,False,train
2025-12-08 06:25:00+00:00,sushiswap_v2,0xceff51756c56ceffca006cd410b03ffc46dd3a58,29.1537011639942,162.82510786,4746.954536545563,0,0.0,0.0,True,train
2025-12-08 06:25:00+00:00,uniswap_v2,0xbb2b8038a1640196fbe3e38816f3e67cba72d940,29.15187551070577,73.0893791,2130.6924806779803,0,0.0,0.0,False,train
2025-12-08 06:26:00+00:00,sushiswap_v2,0xceff51756c56ceffca006cd410b03ffc46dd3a58,29.1537011639942,162.82510786,4746.954536545563,0,0.0,0.0,True,train
2025-12-08 06:26:00+00:00,uniswap_v2,0xbb2b8038a1640196fbe3e38816f3e67cba72d940,29.15187551070577,73.0893791,2130.6924806779803,0,0.0,0.0,False,train
2025-12-08 06:27:00+00:00,sushiswap_v2,0xceff51756c56ceffca006cd410b03ffc46dd3a58,29.1537011639942,162.82510786,4746.954536545563,0,0.0,0.0,True,train
2025-12-08 06:27:00+00:00,uniswap_v2,0xbb2b8038a1640196fbe3e38816f3e67cba72d940,29.15187551070577,73.0893791,2130.6924806779803,0,0.0,0.0,False,train
2025-12-08 06:28:00+00:00,sushiswap_v2,0xceff51756c56ceffca006cd410b03ffc46dd3a58,29.1537011639942,162.82510786,4746.954536545563,0,0.0,0.0,True,train
2025-12-08 06:28:00+00:00,uniswap_v2,0xbb2b8038a1640196fbe3e38816f3e67cba72d940,29.15187551070577,73.0893791,2130.6924806779803,0,0.0,0.0,False,train
2025-12-08 06:29:00+00:00,sushiswap_v2,0xceff51756c56ceffca006cd410b03ffc46dd3a58,29.1537011639942,162.82510786,4746.954536545563,0,0.0,0.0,True,train
2025-12-08 06:29:00+00:00,uniswap_v2,0xbb2b8038a1640196fbe3e38816f3e67cba72d940,29.15187551070577,73.0893791,2130.6924806779803,0,0.0,0.0,False,train
2025-12-08 06:30:00+00:00,sushiswap_v2,0xceff51756c56ceffca006cd410b03ffc46dd3a58,29.1537011639942,162.82510786,4746.954536545563,0,0.0,0.0,True,train
2025-12-08 06:30:00+00:00,uniswap_v2,0xbb2b8038a1640196fbe3e38816f3e67cba72d940,29.15187551070577,73.0893791,2130.6924806779803,0,0.0,0.0,False,train
2025-12-08 06:31:00+00:00,sushiswap_v2,0xceff51756c56ceffca006cd410b03ffc46dd3a58,29.1537011639942,162.82510786,4746.954536545563,0,0.0,0.0,True,train
2025-12-08 06:31:00+00:00,uniswap_v2,0xbb2b8038a1640196fbe3e38816f3e67cba72d940,29.15187551070577,73.0893791,2130.6924806779803,0,0.0,0.0,False,train
2025-12-08 06:32:00+00:00,sushiswap_v2,0xceff51756c56ceffca006cd410b03ffc46dd3a58,29.1537011639942,162.82510786,4746.954536545563,0,0.0,0.0,True,train
2025-12-08 06:32:00+00:00,uniswap_v2,0xbb2b8038a1640196fbe3e38816f3e67cba72d940,29.15187551070577,73.0893791,2130.6924806779803,0,0.0,0.0,False,train
2025-12-08 06:33:00+00:00,sushiswap_v2,0xceff51756c56ceffca006cd410b03ffc46dd3a58,29.1537011639942,162.82510786,4746.954536545563,0,0.0,0.0,True,train
2025-12-08 06:33:00+00:00,uniswap_v2,0xbb2b8038a1640196fbe3e38816f3e67cba72d940,29.15187551070577,73.0893791,2130.6924806779803,0,0.0,0.0,True,train
2025-12-08 06:34:00+00:00,sushiswap_v2,0xceff51756c56ceffca006cd410b03ffc46dd3a58,29.1537011639942,162.82510786,4746.954536545563,0,0.0,0.0,True,train
2025-12-08 06:34:00+00:00,uniswap_v2,0xbb2b8038a1640196fbe3e38816f3e67cba72d940,29.15187551070577,73.0893791,2130.6924806779803,0,0.0,0.0,True,train
2025-12-08 06:35:00+00:00,sushiswap_v2,0xceff51756c56ceffca006cd410b03ffc46dd3a58,29.1537011639942,162.82510786,4746.954536545563,0,0.0,0.0,True,train
2025-12-08 06:35:00+00:00,uniswap_v2,0xbb2b8038a1640196fbe3e38816f3e67cba72d940,29.15187551070577,73.0893791,2130.6924806779803,0,0.0,0.0,True,train
2025-12-08 06:36:00+00:00,sushiswap_v2,0xceff51756c56ceffca006cd410b03ffc46dd3a58,29.1537011639942,162.82510786,4746.954536545563,0,0.0,0.0,True,train
2025-12-08 06:36:00+00:00,uniswap_v2,0xbb2b8038a1640196fbe3e38816f3e67cba72d940,29.15187551070577,73.0893791,2130.6924806779803,0,0.0,0.0,True,train
2025-12-08 06:37:00+00:00,sushiswap_v2,0xceff51756c56ceffca006cd410b03ffc46dd3a58,29.1537011639942,162.82510786,4746.954536545563,0,0.0,0.0,True,train
2025-12-08 06:37:00+00:00,uniswap_v2,0xbb2b8038a1640196fbe3e38816f3e67cba72d940,29.15187551070577,73.0893791,2130.6924806779803,0,0.0,0.0,True,train
2025-12-08 06:38:00+00:00,sushiswap_v2,0xceff51756c56ceffca006cd410b03ffc46dd3a58,29.1537011639942,162.82510786,4746.954536545563,0,0.0,0.0,True,train
2025-12-08 06:38:00+00:00,uniswap_v2,0xbb2b8038a1640196fbe3e38816f3e67cba72d940,29.15187551070577,73.0893791,2130.6924806779803,0,0.0,0.0,True,train
2025-12-08 06:39:00+00:00,sushiswap_v2,0xceff51756c56ceffca006cd410b03ffc46dd3a58,29.1537011639942,162.82510786,4746.954536545563,0,0.0,0.0,True,train
2025-12-08 06:39:00+00:00,uniswap_v2,0xbb2b8038a1640196fbe3e38816f3e67cba72d940,29.15187551070577,73.0893791,2130.6924806779803,0,0.0,0.0,True,train
2025-12-08 06:40:00+00:00,sushiswap_v2,0xceff51756c56ceffca006cd410b03ffc46dd3a58,29.1537011639942,162.82510786,4746.954536545563,0,0.0,0.0,True,train
2025-12-08 06:40:00+00:00,uniswap_v2,0xbb2b8038a1640196fbe3e38816f3e67cba72d940,29.15187551070577,73.0893791,2130.6924806779803,0,0.0,0.0,True,train
2025-12-08 06:41:00+00:00,sushiswap_v2,0xceff51756c56ceffca006cd410b03ffc46dd3a58,29.1537011639942,162.82510786,4746.954536545563,0,0.0,0.0,True,train
2025-12-08 06:41:00+00:00,uniswap_v2,0xbb2b8038a1640196fbe3e38816f3e67cba72d940,29.15187551070577,73.0893791,2130.6924806779803,0,0.0,0.0,True,train
2025-12-08 06:42:00+00:00,sushiswap_v2,0xceff51756c56ceffca006cd410b03ffc46dd3a58,29.1537011639942,162.82510786,4746.954536545563,0,0.0,0.0,True,train
2025-12-08 06:42:00+00:00,uniswap_v2,0xbb2b8038a1640196fbe3e38816f3e67cba72d940,29.15187551070577,73.0893791,2130.6924806779803,0,0.0,0.0,True,train
2025-12-08 06:43:00+00:00,sushiswap_v2,0xceff51756c56ceffca006cd410b03ffc46dd3a58,29.1537011639942,162.82510786,4746.954536545563,0,0.0,0.0,True,train
2025-12-08 06:43:00+00:00,uniswap_v2,0xbb2b8038a1640196fbe3e38816f3e67cba72d940,29.15187551070577,73.0893791,2130.6924806779803,0,0.0,0.0,True,train
2025-12-08 06:44:00+00:00,sushiswap_v2,0xceff51756c56ceffca006cd410b03ffc46dd3a58,29.1537011639942,162.82510786,4746.954536545563,0,0.0,0.0,True,train
2025-12-08 06:44:00+00:00,uniswap_v2,0xbb2b8038a1640196fbe3e38816f3e67cba72d940,29.15187551070577,73.0893791,2130.6924806779803,0,0.0,0.0,True,train
2025-12-08 06:45:00+00:00,sushiswap_v2,0xceff51756c56ceffca006cd410b03ffc46dd3a58,29.1537011639942,162.82510786,4746.954536545563,0,0.0,0.0,True,train
2025-12-08 06:45:00+00:00,uniswap_v2,0xbb2b8038a1640196fbe3e38816f3e67cba72d940,29.15187551070577,73.0893791,2130.6924806779803,0,0.0,0.0,True,train
2025-12-08 06:46:00+00:00,sushiswap_v2,0xceff51756c56ceffca006cd410b03ffc46dd3a58,29.1537011639942,162.82510786,4746.954536545563,0,0.0,0.0,True,train
2025-12-08 06:46:00+00:00,uniswap_v2,0xbb2b8038a1640196fbe3e38816f3e67cba72d940,29.15187551070577,73.0893791,2130.6924806779803,0,0.0,0.0,True,train
2025-12-08 06:47:00+00:00,sushiswap_v2,0xceff51756c56ceffca006cd410b03ffc46dd3a58,29.1537011639942,162.82510786,4746.954536545563,0,0.0,0.0,True,train
2025-12-08 06:47:00+00:00,uniswap_v2,0xbb2b8038a1640196fbe3e38816f3e67cba72d940,29.15187551070577,73.0893791,2130.6924806779803,0,0.0,0.0,True,train
2025-12-08 06:48:00+00:00,sushiswap_v2,0xceff51756c56ceffca006cd410b03ffc46dd3a58,29.1537011639942,162.82510786,4746.954536545563,0,0.0,0.0,True,train
2025-12-08 06:48:00+00:00,uniswap_v2,0xbb2b8038a1640196fbe3e38816f3e67cba72d940,29.15187551070577,73.0893791,2130.6924806779803,0,0.0,0.0,True,train
2025-12-08 06:49:00+00:00,sushiswap_v2,0xceff51756c56ceffca006cd410b03ffc46dd3a58,29.1537011639942,162.82510786,4746.954536545563,0,0.0,0.0,True,train
2025-12-08 06:49:00+00:00,uniswap_v2,0xbb2b8038a1640196fbe3e38816f3e67cba72d940,29.15187551070577,73.0893791,2130.6924806779803,0,0.0,0.0,True,train
2025-12-08 06:50:00+00:00,sushiswap_v2,0xceff51756c56ceffca006cd410b03ffc46dd3a58,29.1537011639942,162.82510786,4746.954536545563,0,0.0,0.0,True,train
2025-12-08 06:50:00+00:00,uniswap_v2,0xbb2b8038a1640196fbe3e38816f3e67cba72d940,29.15187551070577,73.0893791,2130.6924806779803,0,0.0,0.0,True,train
2025-12-08 06:51:00+00:00,sushiswap_v2,0xceff51756c56ceffca006cd410b03ffc46dd3a58,29.1537011639942,162.82510786,4746.954536545563,0,0.0,0.0,True,train
2025-12-08 06:51:00+00:00,uniswap_v2,0xbb2b8038a1640196fbe3e38816f3e67cba72d940,29.15187551070577,73.0893791,2130.6924806779803,0,0.0,0.0,True,train
2025-12-08 06:52:00+00:00,sushiswap_v2,0xceff51756c56ceffca006cd410b03ffc46dd3a58,29.1537011639942,162.82510786,4746.954536545563,0,0.0,0.0,True,train
2025-12-08 06:52:00+00:00,uniswap_v2,0xbb2b8038a1640196fbe3e38816f3e67cba72d940,29.15187551070577,73.0893791,2130.6924806779803,0,0.0,0.0,True,train
2025-12-08 06:53:00+00:00,sushiswap_v2,0xceff51756c56ceffca006cd410b03ffc46dd3a58,29.1537011639942,162.82510786,4746.954536545563,0,0.0,0.0,True,train
2025-12-08 06:53:00+00:00,uniswap_v2,0xbb2b8038a1640196fbe3e38816f3e67cba72d940,29.15187551070577,73.0893791,2130.6924806779803,0,0.0,0.0,True,train
2025-12-08 06:54:00+00:00,sushiswap_v2,0xceff51756c56ceffca006cd410b03ffc46dd3a58,29.1537011639942,162.82510786,4746.954536545563,0,0.0,0.0,True,train
2025-12-08 06:54:00+00:00,uniswap_v2,0xbb2b8038a1640196fbe3e38816f3e67cba72d940,29.15187551070577,73.0893791,2130.6924806779803,0,0.0,0.0,True,train
2025-12-08 06:55:00+00:00,sushiswap_v2,0xceff51756c56ceffca006cd410b03ffc46dd3a58,29.1537011639942,162.82510786,4746.954536545563,0,0.0,0.0,True,train
2025-12-08 06:55:00+00:00,uniswap_v2,0xbb2b8038a1640196fbe3e38816f3e67cba72d940,29.15187551070577,73.0893791,2130.6924806779803,0,0.0,0.0,True,train
2025-12-08 06:56:00+00:00,sushiswap_v2,0xceff51756c56ceffca006cd410b03ffc46dd3a58,29.1537011639942,162.82510786,4746.954536545563,0,0.0,0.0,True,train
2025-12-08 06:56:00+00:00,uniswap_v2,0xbb2b8038a1640196fbe3e38816f3e67cba72d940,29.15187551070577,73.0893791,2130.6924806779803,0,0.0,0.0,True,train
2025-12-08 06:57:00+00:00,sushiswap_v2,0xceff51756c56ceffca006cd410b03ffc46dd3a58,29.1537011639942,162.82510786,4746.954536545563,0,0.0,0.0,True,train
2025-12-08 06:57:00+00:00,uniswap_v2,0xbb2b8038a1640196fbe3e38816f3e67cba72d940,29.15187551070577,73.0893791,2130.6924806779803,0,0.0,0.0,True,train
2025-12-08 06:58:00+00:00,sushiswap_v2,0xceff51756c56ceffca006cd410b03ffc46dd3a58,29.1537011639942,162.82510786,4746.954536545563,0,0.0,0.0,True,train
2025-12-08 06:58:00+00:00,uniswap_v2,0xbb2b8038a1640196fbe3e38816f3e67cba72d940,29.15187551070577,73.0893791,2130.6924806779803,0,0.0,0.0,True,train
2025-12-08 06:59:00+00:00,sushiswap_v2,0xceff51756c56ceffca006cd410b03ffc46dd3a58,29.1537011639942,162.82510786,4746.954536545563,0,0.0,0.0,True,train
2025-12-08 06:59:00+00:00,uniswap_v2,0xbb2b8038a1640196fbe3e38816f3e67cba72d940,29.15187551070577,73.0893791,2130.6924806779803,0,0.0,0.0,True,train
2025-12-08 07:00:00+00:00,sushiswap_v2,0xceff51756c56ceffca006cd410b03ffc46dd3a58,29.1537011639942,162.82510786,4746.954536545563,0,0.0,0.0,True,train
2025-12-08 07:00:00+00:00,uniswap_v2,0xbb2b8038a1640196fbe3e38816f3e67cba72d940,29.15187551070577,73.0893791,2130.6924806779803,0,0.0,0.0,True,train
2025-12-08 07:01:00+00:00,sushiswap_v2,0xceff51756c56ceffca006cd410b03ffc46dd3a58,29.1537011639942,162.82510786,4746.954536545563,0,0.0,0.0,True,train
2025-12-08 07:01:00+00:00,uniswap_v2,0xbb2b8038a1640196fbe3e38816f3e67cba72d940,29.15187551070577,73.0893791,2130.6924806779803,0,0.0,0.0,True,train
2025-12-08 07:02:00+00:00,sushiswap_v2,0xceff51756c56ceffca006cd410b03ffc46dd3a58,29.1537011639942,162.82510786,4746.954536545563,0,0.0,0.0,True,train
2025-12-08 07:02:00+00:00,uniswap_v2,0xbb2b8038a1640196fbe3e38816f3e67cba72d940,29.15187551070577,73.0893791,2130.6924806779803,0,0.0,0.0,True,train
2025-12-08 07:03:00+00:00,sushiswap_v2,0xceff51756c56ceffca006cd410b03ffc46dd3a58,29.1537011639942,162.82510786,4746.954536545563,0,0.0,0.0,True,train
2025-12-08 07:03:00+00:00,uniswap_v2,0xbb2b8038a1640196fbe3e38816f3e67cba72d940,29.15187551070577,73.0893791,2130.6924806779803,0,0.0,0.0,True,train
2025-12-08 07:04:00+00:00,sushiswap_v2,0xceff51756c56ceffca006cd410b03ffc46dd3a58,29.1537011639942,162.82510786,4746.954536545563,0,0.0,0.0,True,train
2025-12-08 07:04:00+00:00,uniswap_v2,0xbb2b8038a1640196fbe3e38816f3e67cba72d940,29.15187551070577,73.0893791,2130.6924806779803,0,0.0,0.0,True,train
2025-12-08 07:05:00+00:00,sushiswap_v2,0xceff51756c56ceffca006cd410b03ffc46dd3a58,29.1537011639942,162.82510786,4746.954536545563,0,0.0,0.0,True,train
2025-12-08 07:05:00+00:00,uniswap_v2,0xbb2b8038a1640196fbe3e38816f3e67cba72d940,29.15187551070577,73.0893791,2130.6924806779803,0,0.0,0.0,True,train
2025-12-08 07:06:00+00:00,sushiswap_v2,0xceff51756c56ceffca006cd410b03ffc46dd3a58,29.1537011639942,162.82510786,4746.954536545563,0,0.0,0.0,True,train
2025-12-08 07:06:00+00:00,uniswap_v2,0xbb2b8038a1640196fbe3e38816f3e67cba72d940,29.15187551070577,73.0893791,2130.6924806779803,0,0.0,0.0,True,train
2025-12-08 07:07:00+00:00,sushiswap_v2,0xceff51756c56ceffca006cd410b03ffc46dd3a58,29.1537011639942,162.82510786,4746.954536545563,0,0.0,0.0,True,train
2025-12-08 07:07:00+00:00,uniswap_v2,0xbb2b8038a1640196fbe3e38816f3e67cba72d940,29.15187551070577,73.0893791,2130.6924806779803,0,0.0,0.0,True,train
2025-12-08 07:08:00+00:00,sushiswap_v2,0xceff51756c56ceffca006cd410b03ffc46dd3a58,29.1537011639942,162.82510786,4746.954536545563,0,0.0,0.0,True,train
2025-12-08 07:08:00+00:00,uniswap_v2,0xbb2b8038a1640196fbe3e38816f3e67cba72d940,29.15187551070577,73.0893791,2130.6924806779803,0,0.0,0.0,True,train
2025-12-08 07:09:00+00:00,sushiswap_v2,0xceff51756c56ceffca006cd410b03ffc46dd3a58,29.1537011639942,162.82510786,4746.954536545563,0,0.0,0.0,True,train
2025-12-08 07:09:00+00:00,uniswap_v2,0xbb2b8038a1640196fbe3e38816f3e67cba72d940,29.15187551070577,73.0893791,2130.6924806779803,0,0.0,0.0,True,train
2025-12-08 07:10:00+00:00,sushiswap_v2,0xceff51756c56ceffca006cd410b03ffc46dd3a58,29.1537011639942,162.82510786,4746.954536545563,0,0.0,0.0,True,train
2025-12-08 07:10:00+00:00,uniswap_v2,0xbb2b8038a1640196fbe3e38816f3e67cba72d940,29.15187551070577,73.0893791,2130.6924806779803,0,0.0,0.0,True,train
2025-12-08 07:11:00+00:00,sushiswap_v2,0xceff51756c56ceffca006cd410b03ffc46dd3a58,29.1537011639942,162.82510786,4746.954536545563,0,0.0,0.0,True,train
2025-12-08 07:11:00+00:00,uniswap_v2,0xbb2b8038a1640196fbe3e38816f3e67cba72d940,29.15187551070577,73.0893791,2130.6924806779803,0,0.0,0.0,True,train
2025-12-08 07:12:00+00:00,sushiswap_v2,0xceff51756c56ceffca006cd410b03ffc46dd3a58,29.1537011639942,162.82510786,4746.954536545563,0,0.0,0.0,True,train
2025-12-08 07:12:00+00:00,uniswap_v2,0xbb2b8038a1640196fbe3e38816f3e67cba72d940,29.15187551070577,73.0893791,2130.6924806779803,0,0.0,0.0,True,train
2025-12-08 07:13:00+00:00,sushiswap_v2,0xceff51756c56ceffca006cd410b03ffc46dd3a58,29.1537011639942,162.82510786,4746.954536545563,0,0.0,0.0,True,train
2025-12-08 07:13:00+00:00,uniswap_v2,0xbb2b8038a1640196fbe3e38816f3e67cba72d940,29.15187551070577,73.0893791,2130.6924806779803,0,0.0,0.0,True,train
2025-12-08 07:14:00+00:00,sushiswap_v2,0xceff51756c56ceffca006cd410b03ffc46dd3a58,29.1537011639942,162.82510786,4746.954536545563,0,0.0,0.0,True,train
2025-12-08 07:14:00+00:00,uniswap_v2,0xbb2b8038a1640196fbe3e38816f3e67cba72d940,29.15187551070577,73.0893791,2130.6924806779803,0,0.0,0.0,True,train
2025-12-08 07:15:00+00:00,sushiswap_v2,0xceff51756c56ceffca006cd410b03ffc46dd3a58,29.1537011639942,162.82510786,4746.954536545563,0,0.0,0.0,True,train
2025-12-08 07:15:00+00:00,uniswap_v2,0xbb2b8038a1640196fbe3e38816f3e67cba72d940,29.15187551070577,73.0893791,2130.6924806779803,0,0.0,0.0,True,train
2025-12-08 07:16:00+00:00,sushiswap_v2,0xceff51756c56ceffca006cd410b03ffc46dd3a58,29.1537011639942,162.82510786,4746.954536545563,0,0.0,0.0,True,train
2025-12-08 07:16:00+00:00,uniswap_v2,0xbb2b8038a1640196fbe3e38816f3e67cba72d940,29.15187551070577,73.0893791,2130.6924806779803,0,0.0,0.0,True,train
2025-12-08 07:17:00+00:00,sushiswap_v2,0xceff51756c56ceffca006cd410b03ffc46dd3a58,29.1537011639942,162.82510786,4746.954536545563,0,0.0,0.0,True,train
2025-12-08 07:17:00+00:00,uniswap_v2,0xbb2b8038a1640196fbe3e38816f3e67cba72d940,29.15187551070577,73.0893791,2130.6924806779803,0,0.0,0.0,True,train
2025-12-08 07:18:00+00:00,sushiswap_v2,0xceff51756c56ceffca006cd410b03ffc46dd3a58,29.1537011639942,162.82510786,4746.954536545563,0,0.0,0.0,True,train
2025-12-08 07:18:00+00:00,uniswap_v2,0xbb2b8038a1640196fbe3e38816f3e67cba72d940,29.15187551070577,73.0893791,2130.6924806779803,0,0.0,0.0,True,train
2025-12-08 07:19:00+00:00,sushiswap_v2,0xceff51756c56ceffca006cd410b03ffc46dd3a58,29.1537011639942,162.82510786,4746.954536545563,0,0.0,0.0,True,train
2025-12-08 07:19:00+00:00,uniswap_v2,0xbb2b8038a1640196fbe3e38816f3e67cba72d940,29.15187551070577,73.0893791,2130.6924806779803,0,0.0,0.0,True,train
2025-12-08 07:20:00+00:00,sushiswap_v2,0xceff51756c56ceffca006cd410b03ffc46dd3a58,29.1537011639942,162.82510786,4746.954536545563,0,0.0,0.0,True,train
2025-12-08 07:20:00+00:00,uniswap_v2,0xbb2b8038a1640196fbe3e38816f3e67cba72d940,29.15187551070577,73.0893791,2130.6924806779803,0,0.0,0.0,True,train
2025-12-08 07:21:00+00:00,sushiswap_v2,0xceff51756c56ceffca006cd410b03ffc46dd3a58,29.1537011639942,162.82510786,4746.954536545563,0,0.0,0.0,True,train
2025-12-08 07:21:00+00:00,uniswap_v2,0xbb2b8038a1640196fbe3e38816f3e67cba72d940,29.15187551070577,73.0893791,2130.6924806779803,0,0.0,0.0,True,train
2025-12-08 07:22:00+00:00,sushiswap_v2,0xceff51756c56ceffca006cd410b03ffc46dd3a58,29.1537011639942,162.82510786,4746.954536545563,0,0.0,0.0,True,train
2025-12-08 07:22:00+00:00,uniswap_v2,0xbb2b8038a1640196fbe3e38816f3e67cba72d940,29.15187551070577,73.0893791,2130.6924806779803,0,0.0,0.0,True,train
2025-12-08 07:23:00+00:00,sushiswap_v2,0xceff51756c56ceffca006cd410b03ffc46dd3a58,29.1537011639942,162.82510786,4746.954536545563,0,0.0,0.0,True,train
2025-12-08 07:23:00+00:00,uniswap_v2,0xbb2b8038a1640196fbe3e38816f3e67cba72d940,29.15187551070577,73.0893791,2130.6924806779803,0,0.0,0.0,True,train
2025-12-08 07:24:00+00:00,sushiswap_v2,0xceff51756c56ceffca006cd410b03ffc46dd3a58,29.1537011639942,162.82510786,4746.954536545563,0,0.0,0.0,True,train
2025-12-08 07:24:00+00:00,uniswap_v2,0xbb2b8038a1640196fbe3e38816f3e67cba72d940,29.15187551070577,73.0893791,2130.6924806779803,0,0.0,0.0,True,train
2025-12-08 07:25:00+00:00,sushiswap_v2,0xceff51756c56ceffca006cd410b03ffc46dd3a58,29.1537011639942,162.82510786,4746.954536545563,0,0.0,0.0,True,train
2025-12-08 07:25:00+00:00,uniswap_v2,0xbb2b8038a1640196fbe3e38816f3e67cba72d940,29.15187551070577,73.0893791,2130.6924806779803,0,0.0,0.0,True,train
2025-12-08 07:26:00+00:00,sushiswap_v2,0xceff51756c56ceffca006cd410b03ffc46dd3a58,29.1537011639942,162.82510786,4746.954536545563,0,0.0,0.0,True,train
2025-12-08 07:26:00+00:00,uniswap_v2,0xbb2b8038a1640196fbe3e38816f3e67cba72d940,29.15187551070577,73.0893791,2130.6924806779803,0,0.0,0.0,True,train
2025-12-08 07:27:00+00:00,sushiswap_v2,0xceff51756c56ceffca006cd410b03ffc46dd3a58,29.1537011639942,162.82510786,4746.954536545563,0,0.0,0.0,True,train
2025-12-08 07:27:00+00:00,uniswap_v2,0xbb2b8038a1640196fbe3e38816f3e67cba72d940,29.15187551070577,73.0893791,2130.6924806779803,0,0.0,0.0,True,train
2025-12-08 07:28:00+00:00,sushiswap_v2,0xceff51756c56ceffca006cd410b03ffc46dd3a58,29.1537011639942,162.82510786,4746.954536545563,0,0.0,0.0,True,train
2025-12-08 07:28:00+00:00,uniswap_v2,0xbb2b8038a1640196fbe3e38816f3e67cba72d940,29.15187551070577,73.0893791,2130.6924806779803,0,0.0,0.0,True,train
2025-12-08 07:29:00+00:00,sushiswap_v2,0xceff51756c56ceffca006cd410b03ffc46dd3a58,29.1537011639942,162.82510786,4746.954536545563,0,0.0,0.0,True,train
2025-12-08 07:29:00+00:00,uniswap_v2,0xbb2b8038a1640196fbe3e38816f3e67cba72d940,29.15187551070577,73.0893791,2130.6924806779803,0,0.0,0.0,True,train
2025-12-08 07:30:00+00:00,sushiswap_v2,0xceff51756c56ceffca006cd410b03ffc46dd3a58,29.1537011639942,162.82510786,4746.954536545563,0,0.0,0.0,True,train
2025-12-08 07:30:00+00:00,uniswap_v2,0xbb2b8038a1640196fbe3e38816f3e67cba72d940,29.15187551070577,73.0893791,2130.6924806779803,0,0.0,0.0,True,train
2025-12-08 07:31:00+00:00,sushiswap_v2,0xceff51756c56ceffca006cd410b03ffc46dd3a58,29.1537011639942,162.82510786,4746.954536545563,0,0.0,0.0,True,train
2025-12-08 07:31:00+00:00,uniswap_v2,0xbb2b8038a1640196fbe3e38816f3e67cba72d940,29.15187551070577,73.0893791,2130.6924806779803,0,0.0,0.0,True,train
2025-12-08 07:32:00+00:00,sushiswap_v2,0xceff51756c56ceffca006cd410b03ffc46dd3a58,29.1537011639942,162.82510786,4746.954536545563,0,0.0,0.0,True,train
2025-12-08 07:32:00+00:00,uniswap_v2,0xbb2b8038a1640196fbe3e38816f3e67cba72d940,29.15187551070577,73.0893791,2130.6924806779803,0,0.0,0.0,True,train
2025-12-08 07:33:00+00:00,sushiswap_v2,0xceff51756c56ceffca006cd410b03ffc46dd3a58,29.1537011639942,162.82510786,4746.954536545563,0,0.0,0.0,True,train
2025-12-08 07:33:00+00:00,uniswap_v2,0xbb2b8038a1640196fbe3e38816f3e67cba72d940,29.15187551070577,73.0893791,2130.6924806779803,0,0.0,0.0,True,train
2025-12-08 07:34:00+00:00,sushiswap_v2,0xceff51756c56ceffca006cd410b03ffc46dd3a58,29.1537011639942,162.82510786,4746.954536545563,0,0.0,0.0,True,train
2025-12-08 07:34:00+00:00,uniswap_v2,0xbb2b8038a1640196fbe3e38816f3e67cba72d940,29.15187551070577,73.0893791,2130.6924806779803,0,0.0,0.0,True,train
2025-12-08 07:35:00+00:00,sushiswap_v2,0xceff51756c56ceffca006cd410b03ffc46dd3a58,29.1537011639942,162.82510786,4746.954536545563,0,0.0,0.0,True,train
2025-12-08 07:35:00+00:00,uniswap_v2,0xbb2b8038a1640196fbe3e38816f3e67cba72d940,29.15187551070577,73.0893791,2130.6924806779803,0,0.0,0.0,True,train
2025-12-08 07:36:00+00:00,sushiswap_v2,0xceff51756c56ceffca006cd410b03ffc46dd3a58,29.1537011639942,162.82510786,4746.954536545563,0,0.0,0.0,True,train
2025-12-08 07:36:00+00:00,uniswap_v2,0xbb2b8038a1640196fbe3e38816f3e67cba72d940,29.15187551070577,73.0893791,2130.6924806779803,0,0.0,0.0,True,train
2025-12-08 07:37:00+00:00,sushiswap_v2,0xceff51756c56ceffca006cd410b03ffc46dd3a58,29.1537011639942,162.82510786,4746.954536545563,0,0.0,0.0,True,train
2025-12-08 07:37:00+00:00,uniswap_v2,0xbb2b8038a1640196fbe3e38816f3e67cba72d940,29.151870126310573,73.08938586,2130.69228420252,1,6.76e-06,0.000196475460299612,False,train
2025-12-08 07:38:00+00:00,sushiswap_v2,0xceff51756c56ceffca006cd410b03ffc46dd3a58,29.1537011639942,162.82510786,4746.954536545563,0,0.0,0.0,True,train
2025-12-08 07:38:00+00:00,uniswap_v2,0xbb2b8038a1640196fbe3e38816f3e67cba72d940,29.151870126310573,73.08938586,2130.69228420252,0,0.0,0.0,False,train
2025-12-08 07:39:00+00:00,sushiswap_v2,0xceff51756c56ceffca006cd410b03ffc46dd3a58,29.1537011639942,162.82510786,4746.954536545563,0,0.0,0.0,True,train
2025-12-08 07:39:00+00:00,uniswap_v2,0xbb2b8038a1640196fbe3e38816f3e67cba72d940,29.151870126310573,73.08938586,2130.69228420252,0,0.0,0.0,False,train
2025-12-08 07:40:00+00:00,sushiswap_v2,0xceff51756c56ceffca006cd410b03ffc46dd3a58,29.1537011639942,162.82510786,4746.954536545563,0,0.0,0.0,True,train
2025-12-08 07:40:00+00:00,uniswap_v2,0xbb2b8038a1640196fbe3e38816f3e67cba72d940,29.151870126310573,73.08938586,2130.69228420252,0,0.0,0.0,False,train
2025-12-08 07:41:00+00:00,sushiswap_v2,0xceff51756c56ceffca006cd410b03ffc46dd3a58,29.1537011639942,162.82510786,4746.954536545563,0,0.0,0.0,True,train
2025-12-08 07:41:00+00:00,uniswap_v2,0xbb2b8038a1640196fbe3e38816f3e67cba72d940,29.151870126310573,73.08938586,2130.69228420252,0,0.0,0.0,False,train
2025-12-08 07:42:00+00:00,sushiswap_v2,0xceff51756c56ceffca006cd410b03ffc46dd3a58,29.1537011639942,162.82510786,4746.954536545563,0,0.0,0.0,True,train
2025-12-08 07:42:00+00:00,uniswap_v2,0xbb2b8038a1640196fbe3e38816f3e67cba72d940,29.151870126310573,73.08938586,2130.69228420252,0,0.0,0.0,False,train
2025-12-08 07:43:00+00:00,sushiswap_v2,0xceff51756c56ceffca006cd410b03ffc46dd3a58,29.1537011639942,162.82510786,4746.954536545563,0,0.0,0.0,True,train
2025-12-08 07:43:00+00:00,uniswap_v2,0xbb2b8038a1640196fbe3e38816f3e67cba72d940,29.151870126310573,73.08938586,2130.69228420252,0,0.0,0.0,False,train
2025-12-08 07:44:00+00:00,sushiswap_v2,0xceff51756c56ceffca006cd410b03ffc46dd3a58,29.1537011639942,162.82510786,4746.954536545563,0,0.0,0.0,True,train
2025-12-08 07:44:00+00:00,uniswap_v2,0xbb2b8038a1640196fbe3e38816f3e67cba72d940,29.151870126310573,73.08938586,2130.69228420252,0,0.0,0.0,False,train
2025-12-08 07:45:00+00:00,sushiswap_v2,0xceff51756c56ceffca006cd410b03ffc46dd3a58,29.1537011639942,162.82510786,4746.954536545563,0,0.0,0.0,True,train
2025-12-08 07:45:00+00:00,uniswap_v2,0xbb2b8038a1640196fbe3e38816f3e67cba72d940,29.151870126310573,73.08938586,2130.69228420252,0,0.0,0.0,False,train
2025-12-08 07:46:00+00:00,sushiswap_v2,0xceff51756c56ceffca006cd410b03ffc46dd3a58,29.1537011639942,162.82510786,4746.954536545563,0,0.0,0.0,True,train
2025-12-08 07:46:00+00:00,uniswap_v2,0xbb2b8038a1640196fbe3e38816f3e67cba72d940,29.151870126310573,73.08938586,2130.69228420252,0,0.0,0.0,False,train
2025-12-08 07:47:00+00:00,sushiswap_v2,0xceff51756c56ceffca006cd410b03ffc46dd3a58,29.1537011639942,162.82510786,4746.954536545563,0,0.0,0.0,True,train
2025-12-08 07:47:00+00:00,uniswap_v2,0xbb2b8038a1640196fbe3e38816f3e67cba72d940,29.151870126310573,73.08938586,2130.69228420252,0,0.0,0.0,False,train
2025-12-08 07:48:00+00:00,sushiswap_v2,0xceff51756c56ceffca006cd410b03ffc46dd3a58,29.1537011639942,162.82510786,4746.954536545563,0,0.0,0.0,True,train
2025-12-08 07:48:00+00:00,uniswap_v2,0xbb2b8038a1640196fbe3e38816f3e67cba72d940,29.151870126310573,73.08938586,2130.69228420252,0,0.0,0.0,False,train
2025-12-08 07:49:00+00:00,sushiswap_v2,0xceff51756c56ceffca006cd410b03ffc46dd3a58,29.1537011639942,162.82510786,4746.954536545563,0,0.0,0.0,True,train
2025-12-08 07:49:00+00:00,uniswap_v2,0xbb2b8038a1640196fbe3e38816f3e67cba72d940,29.151870126310573,73.08938586,2130.69228420252,0,0.0,0.0,False,train
2025-12-08 07:50:00+00:00,sushiswap_v2,0xceff51756c56ceffca006cd410b03ffc46dd3a58,29.1537011639942,162.82510786,4746.954536545563,0,0.0,0.0,True,train
2025-12-08 07:50:00+00:00,uniswap_v2,0xbb2b8038a1640196fbe3e38816f3e67cba72d940,29.151870126310573,73.08938586,2130.69228420252,0,0.0,0.0,False,train
2025-12-08 07:51:00+00:00,sushiswap_v2,0xceff51756c56ceffca006cd410b03ffc46dd3a58,29.1537011639942,162.82510786,4746.954536545563,0,0.0,0.0,True,train
2025-12-08 07:51:00+00:00,uniswap_v2,0xbb2b8038a1640196fbe3e38816f3e67cba72d940,29.151870126310573,73.08938586,2130.69228420252,0,0.0,0.0,False,train
2025-12-08 07:52:00+00:00,sushiswap_v2,0xceff51756c56ceffca006cd410b03ffc46dd3a58,29.1537011639942,162.82510786,4746.954536545563,0,0.0,0.0,True,train
2025-12-08 07:52:00+00:00,uniswap_v2,0xbb2b8038a1640196fbe3e38816f3e67cba72d940,29.151870126310573,73.08938586,2130.69228420252,0,0.0,0.0,False,train
2025-12-08 07:53:00+00:00,sushiswap_v2,0xceff51756c56ceffca006cd410b03ffc46dd3a58,29.1537011639942,162.82510786,4746.954536545563,0,0.0,0.0,True,train
2025-12-08 07:53:00+00:00,uniswap_v2,0xbb2b8038a1640196fbe3e38816f3e67cba72d940,29.151870126310573,73.08938586,2130.69228420252,0,0.0,0.0,True,train
2025-12-08 07:54:00+00:00,sushiswap_v2,0xceff51756c56ceffca006cd410b03ffc46dd3a58,29.1537011639942,162.82510786,4746.954536545563,0,0.0,0.0,True,train
2025-12-08 07:54:00+00:00,uniswap_v2,0xbb2b8038a1640196fbe3e38816f3e67cba72d940,29.151870126310573,73.08938586,2130.69228420252,0,0.0,0.0,True,train
2025-12-08 07:55:00+00:00,sushiswap_v2,0xceff51756c56ceffca006cd410b03ffc46dd3a58,29.1537011639942,162.82510786,4746.954536545563,0,0.0,0.0,True,train
2025-12-08 07:55:00+00:00,uniswap_v2,0xbb2b8038a1640196fbe3e38816f3e67cba72d940,29.151870126310573,73.08938586,2130.69228420252,0,0.0,0.0,True,train
2025-12-08 07:56:00+00:00,sushiswap_v2,0xceff51756c56ceffca006cd410b03ffc46dd3a58,29.1537011639942,162.82510786,4746.954536545563,0,0.0,0.0,True,train
2025-12-08 07:56:00+00:00,uniswap_v2,0xbb2b8038a1640196fbe3e38816f3e67cba72d940,29.151870126310573,73.08938586,2130.69228420252,0,0.0,0.0,True,train
2025-12-08 07:57:00+00:00,sushiswap_v2,0xceff51756c56ceffca006cd410b03ffc46dd3a58,29.1537011639942,162.82510786,4746.954536545563,0,0.0,0.0,True,train
2025-12-08 07:57:00+00:00,uniswap_v2,0xbb2b8038a1640196fbe3e38816f3e67cba72d940,29.151870126310573,73.08938586,2130.69228420252,0,0.0,0.0,True,train
2025-12-08 07:58:00+00:00,sushiswap_v2,0xceff51756c56ceffca006cd410b03ffc46dd3a58,29.1537011639942,162.82510786,4746.954536545563,0,0.0,0.0,True,train
2025-12-08 07:58:00+00:00,uniswap_v2,0xbb2b8038a1640196fbe3e38816f3e67cba72d940,29.151870126310573,73.08938586,2130.69228420252,0,0.0,0.0,True,train
2025-12-08 07:59:00+00:00,sushiswap_v2,0xceff51756c56ceffca006cd410b03ffc46dd3a58,29.1537011639942,162.82510786,4746.954536545563,0,0.0,0.0,True,train
2025-12-08 07:59:00+00:00,uniswap_v2,0xbb2b8038a1640196fbe3e38816f3e67cba72d940,29.151870126310573,73.08938586,2130.69228420252,0,0.0,0.0,True,train
2025-12-08 08:00:00+00:00,sushiswap_v2,0xceff51756c56ceffca006cd410b03ffc46dd3a58,29.1537011639942,162.82510786,4746.954536545563,0,0.0,0.0,True,train
2025-12-08 08:00:00+00:00,uniswap_v2,0xbb2b8038a1640196fbe3e38816f3e67cba72d940,29.151870126310573,73.08938586,2130.69228420252,0,0.0,0.0,True,train
2025-12-08 08:01:00+00:00,sushiswap_v2,0xceff51756c56ceffca006cd410b03ffc46dd3a58,29.1537011639942,162.82510786,4746.954536545563,0,0.0,0.0,True,train
2025-12-08 08:01:00+00:00,uniswap_v2,0xbb2b8038a1640196fbe3e38816f3e67cba72d940,29.151870126310573,73.08938586,2130.69228420252,0,0.0,0.0,True,train
2025-12-08 08:02:00+00:00,sushiswap_v2,0xceff51756c56ceffca006cd410b03ffc46dd3a58,29.1537011639942,162.82510786,4746.954536545563,0,0.0,0.0,True,train
2025-12-08 08:02:00+00:00,uniswap_v2,0xbb2b8038a1640196fbe3e38816f3e67cba72d940,29.151870126310573,73.08938586,2130.69228420252,0,0.0,0.0,True,train
2025-12-08 08:03:00+00:00,sushiswap_v2,0xceff51756c56ceffca006cd410b03ffc46dd3a58,29.1537011639942,162.82510786,4746.954536545563,0,0.0,0.0,True,train
2025-12-08 08:03:00+00:00,uniswap_v2,0xbb2b8038a1640196fbe3e38816f3e67cba72d940,29.151870126310573,73.08938586,2130.69228420252,0,0.0,0.0,True,train
2025-12-08 08:04:00+00:00,sushiswap_v2,0xceff51756c56ceffca006cd410b03ffc46dd3a58,29.1537011639942,162.82510786,4746.954536545563,0,0.0,0.0,True,train
2025-12-08 08:04:00+00:00,uniswap_v2,0xbb2b8038a1640196fbe3e38816f3e67cba72d940,29.151870126310573,73.08938586,2130.69228420252,0,0.0,0.0,True,train
2025-12-08 08:05:00+00:00,sushiswap_v2,0xceff51756c56ceffca006cd410b03ffc46dd3a58,29.1537011639942,162.82510786,4746.954536545563,0,0.0,0.0,True,train
2025-12-08 08:05:00+00:00,uniswap_v2,0xbb2b8038a1640196fbe3e38816f3e67cba72d940,29.151870126310573,73.08938586,2130.69228420252,0,0.0,0.0,True,train
2025-12-08 08:06:00+00:00,sushiswap_v2,0xceff51756c56ceffca006cd410b03ffc46dd3a58,29.1537011639942,162.82510786,4746.954536545563,0,0.0,0.0,True,train
2025-12-08 08:06:00+00:00,uniswap_v2,0xbb2b8038a1640196fbe3e38816f3e67cba72d940,29.151870126310573,73.08938586,2130.69228420252,0,0.0,0.0,True,train
2025-12-08 08:07:00+00:00,sushiswap_v2,0xceff51756c56ceffca006cd410b03ffc46dd3a58,29.1537011639942,162.82510786,4746.954536545563,0,0.0,0.0,True,train
2025-12-08 08:07:00+00:00,uniswap_v2,0xbb2b8038a1640196fbe3e38816f3e67cba72d940,29.151870126310573,73.08938586,2130.69228420252,0,0.0,0.0,True,train
2025-12-08 08:08:00+00:00,sushiswap_v2,0xceff51756c56ceffca006cd410b03ffc46dd3a58,29.1537011639942,162.82510786,4746.954536545563,0,0.0,0.0,True,train
2025-12-08 08:08:00+00:00,uniswap_v2,0xbb2b8038a1640196fbe3e38816f3e67cba72d940,29.151870126310573,73.08938586,2130.69228420252,0,0.0,0.0,True,train
2025-12-08 08:09:00+00:00,sushiswap_v2,0xceff51756c56ceffca006cd410b03ffc46dd3a58,29.1537011639942,162.82510786,4746.954536545563,0,0.0,0.0,True,train
2025-12-08 08:09:00+00:00,uniswap_v2,0xbb2b8038a1640196fbe3e38816f3e67cba72d940,29.151870126310573,73.08938586,2130.69228420252,0,0.0,0.0,True,train
2025-12-08 08:10:00+00:00,sushiswap_v2,0xceff51756c56ceffca006cd410b03ffc46dd3a58,29.1537011639942,162.82510786,4746.954536545563,0,0.0,0.0,True,train
2025-12-08 08:10:00+00:00,uniswap_v2,0xbb2b8038a1640196fbe3e38816f3e67cba72d940,29.151870126310573,73.08938586,2130.69228420252,0,0.0,0.0,True,train
2025-12-08 08:11:00+00:00,sushiswap_v2,0xceff51756c56ceffca006cd410b03ffc46dd3a58,29.1537011639942,162.82510786,4746.954536545563,0,0.0,0.0,True,train
2025-12-08 08:11:00+00:00,uniswap_v2,0xbb2b8038a1640196fbe3e38816f3e67cba72d940,29.151870126310573,73.08938586,2130.69228420252,0,0.0,0.0,True,train
2025-12-08 08:12:00+00:00,sushiswap_v2,0xceff51756c56ceffca006cd410b03ffc46dd3a58,29.1537011639942,162.82510786,4746.954536545563,0,0.0,0.0,True,train
2025-12-08 08:12:00+00:00,uniswap_v2,0xbb2b8038a1640196fbe3e38816f3e67cba72d940,29.151870126310573,73.08938586,2130.69228420252,0,0.0,0.0,True,train
2025-12-08 08:13:00+00:00,sushiswap_v2,0xceff51756c56ceffca006cd410b03ffc46dd3a58,29.1537011639942,162.82510786,4746.954536545563,0,0.0,0.0,True,train
2025-12-08 08:13:00+00:00,uniswap_v2,0xbb2b8038a1640196fbe3e38816f3e67cba72d940,29.151870126310573,73.08938586,2130.69228420252,0,0.0,0.0,True,train
2025-12-08 08:14:00+00:00,sushiswap_v2,0xceff51756c56ceffca006cd410b03ffc46dd3a58,29.1537011639942,162.82510786,4746.954536545563,0,0.0,0.0,True,train
2025-12-08 08:14:00+00:00,uniswap_v2,0xbb2b8038a1640196fbe3e38816f3e67cba72d940,29.151870126310573,73.08938586,2130.69228420252,0,0.0,0.0,True,train
2025-12-08 08:15:00+00:00,sushiswap_v2,0xceff51756c56ceffca006cd410b03ffc46dd3a58,29.1537011639942,162.82510786,4746.954536545563,0,0.0,0.0,True,train
2025-12-08 08:15:00+00:00,uniswap_v2,0xbb2b8038a1640196fbe3e38816f3e67cba72d940,29.151870126310573,73.08938586,2130.69228420252,0,0.0,0.0,True,train
2025-12-08 08:16:00+00:00,sushiswap_v2,0xceff51756c56ceffca006cd410b03ffc46dd3a58,29.1537011639942,162.82510786,4746.954536545563,0,0.0,0.0,True,train
2025-12-08 08:16:00+00:00,uniswap_v2,0xbb2b8038a1640196fbe3e38816f3e67cba72d940,29.151870126310573,73.08938586,2130.69228420252,0,0.0,0.0,True,train
2025-12-08 08:17:00+00:00,sushiswap_v2,0xceff51756c56ceffca006cd410b03ffc46dd3a58,29.1537011639942,162.82510786,4746.954536545563,0,0.0,0.0,True,train
2025-12-08 08:17:00+00:00,uniswap_v2,0xbb2b8038a1640196fbe3e38816f3e67cba72d940,29.151870126310573,73.08938586,2130.69228420252,0,0.0,0.0,True,train
2025-12-08 08:18:00+00:00,sushiswap_v2,0xceff51756c56ceffca006cd410b03ffc46dd3a58,29.1537011639942,162.82510786,4746.954536545563,0,0.0,0.0,True,train
2025-12-08 08:18:00+00:00,uniswap_v2,0xbb2b8038a1640196fbe3e38816f3e67cba72d940,29.151870126310573,73.08938586,2130.69228420252,0,0.0,0.0,True,train
2025-12-08 08:19:00+00:00,sushiswap_v2,0xceff51756c56ceffca006cd410b03ffc46dd3a58,29.1537011639942,162.82510786,4746.954536545563,0,0.0,0.0,True,train
2025-12-08 08:19:00+00:00,uniswap_v2,0xbb2b8038a1640196fbe3e38816f3e67cba72d940,29.151870126310573,73.08938586,2130.69228420252,0,0.0,0.0,True,train
2025-12-08 08:20:00+00:00,sushiswap_v2,0xceff51756c56ceffca006cd410b03ffc46dd3a58,29.1537011639942,162.82510786,4746.954536545563,0,0.0,0.0,True,train
2025-12-08 08:20:00+00:00,uniswap_v2,0xbb2b8038a1640196fbe3e38816f3e67cba72d940,29.151870126310573,73.08938586,2130.69228420252,0,0.0,0.0,True,train
2025-12-08 08:21:00+00:00,sushiswap_v2,0xceff51756c56ceffca006cd410b03ffc46dd3a58,29.1537011639942,162.82510786,4746.954536545563,0,0.0,0.0,True,train
2025-12-08 08:21:00+00:00,uniswap_v2,0xbb2b8038a1640196fbe3e38816f3e67cba72d940,29.151870126310573,73.08938586,2130.69228420252,0,0.0,0.0,True,train
2025-12-08 08:22:00+00:00,sushiswap_v2,0xceff51756c56ceffca006cd410b03ffc46dd3a58,29.1537011639942,162.82510786,4746.954536545563,0,0.0,0.0,True,train
2025-12-08 08:22:00+00:00,uniswap_v2,0xbb2b8038a1640196fbe3e38816f3e67cba72d940,29.151870126310573,73.08938586,2130.69228420252,0,0.0,0.0,True,train
2025-12-08 08:23:00+00:00,sushiswap_v2,0xceff51756c56ceffca006cd410b03ffc46dd3a58,29.1537011639942,162.82510786,4746.954536545563,0,0.0,0.0,True,train
2025-12-08 08:23:00+00:00,uniswap_v2,0xbb2b8038a1640196fbe3e38816f3e67cba72d940,29.151870126310573,73.08938586,2130.69228420252,0,0.0,0.0,True,train
2025-12-08 08:24:00+00:00,sushiswap_v2,0xceff51756c56ceffca006cd410b03ffc46dd3a58,29.1537011639942,162.82510786,4746.954536545563,0,0.0,0.0,True,train
2025-12-08 08:24:00+00:00,uniswap_v2,0xbb2b8038a1640196fbe3e38816f3e67cba72d940,29.151870126310573,73.08938586,2130.69228420252,0,0.0,0.0,True,train
2025-12-08 08:25:00+00:00,sushiswap_v2,0xceff51756c56ceffca006cd410b03ffc46dd3a58,29.1537011639942,162.82510786,4746.954536545563,0,0.0,0.0,True,train
2025-12-08 08:25:00+00:00,uniswap_v2,0xbb2b8038a1640196fbe3e38816f3e67cba72d940,29.151870126310573,73.08938586,2130.69228420252,0,0.0,0.0,True,train
2025-12-08 08:26:00+00:00,sushiswap_v2,0xceff51756c56ceffca006cd410b03ffc46dd3a58,29.1537011639942,162.82510786,4746.954536545563,0,0.0,0.0,True,train
2025-12-08 08:26:00+00:00,uniswap_v2,0xbb2b8038a1640196fbe3e38816f3e67cba72d940,29.151870126310573,73.08938586,2130.69228420252,0,0.0,0.0,True,train
2025-12-08 08:27:00+00:00,sushiswap_v2,0xceff51756c56ceffca006cd410b03ffc46dd3a58,29.1537011639942,162.82510786,4746.954536545563,0,0.0,0.0,True,train
2025-12-08 08:27:00+00:00,uniswap_v2,0xbb2b8038a1640196fbe3e38816f3e67cba72d940,29.152139297582504,73.08904894,2130.7021358267048,1,0.00033692,0.00985162418487296,False,train
2025-12-08 08:28:00+00:00,sushiswap_v2,0xceff51756c56ceffca006cd410b03ffc46dd3a58,29.1537011639942,162.82510786,4746.954536545563,0,0.0,0.0,True,train
2025-12-08 08:28:00+00:00,uniswap_v2,0xbb2b8038a1640196fbe3e38816f3e67cba72d940,29.152139297582504,73.08904894,2130.7021358267048,0,0.0,0.0,False,train
2025-12-08 08:29:00+00:00,sushiswap_v2,0xceff51756c56ceffca006cd410b03ffc46dd3a58,29.1537011639942,162.82510786,4746.954536545563,0,0.0,0.0,True,train
2025-12-08 08:29:00+00:00,uniswap_v2,0xbb2b8038a1640196fbe3e38816f3e67cba72d940,29.152139297582504,73.08904894,2130.7021358267048,0,0.0,0.0,False,train
2025-12-08 08:30:00+00:00,sushiswap_v2,0xceff51756c56ceffca006cd410b03ffc46dd3a58,29.1537011639942,162.82510786,4746.954536545563,0,0.0,0.0,True,train
2025-12-08 08:30:00+00:00,uniswap_v2,0xbb2b8038a1640196fbe3e38816f3e67cba72d940,29.152139297582504,73.08904894,2130.7021358267048,0,0.0,0.0,False,train
2025-12-08 08:31:00+00:00,sushiswap_v2,0xceff51756c56ceffca006cd410b03ffc46dd3a58,29.164002618287434,162.79639157,4747.794389995226,1,0.02871629,0.839853449663837,False,train
2025-12-08 08:31:00+00:00,uniswap_v2,0xbb2b8038a1640196fbe3e38816f3e67cba72d940,29.164005265649454,73.07420088,2131.1363792474463,1,0.01484806,0.4342434207416882,False,train
2025-12-08 08:32:00+00:00,sushiswap_v2,0xceff51756c56ceffca006cd410b03ffc46dd3a58,29.164002618287434,162.79639157,4747.794389995226,0,0.0,0.0,False,train
2025-12-08 08:32:00+00:00,uniswap_v2,0xbb2b8038a1640196fbe3e38816f3e67cba72d940,29.164005265649454,73.07420088,2131.1363792474463,0,0.0,0.0,False,train
2025-12-08 08:33:00+00:00,sushiswap_v2,0xceff51756c56ceffca006cd410b03ffc46dd3a58,29.164002618287434,162.79639157,4747.794389995226,0,0.0,0.0,False,train
2025-12-08 08:33:00+00:00,uniswap_v2,0xbb2b8038a1640196fbe3e38816f3e67cba72d940,29.164005265649454,73.07420088,2131.1363792474463,0,0.0,0.0,False,train
2025-12-08 08:34:00+00:00,sushiswap_v2,0xceff51756c56ceffca006cd410b03ffc46dd3a58,29.164002618287434,162.79639157,4747.794389995226,0,0.0,0.0,False,train
2025-12-08 08:34:00+00:00,uniswap_v2,0xbb2b8038a1640196fbe3e38816f3e67cba72d940,29.164005265649454,73.07420088,2131.1363792474463,0,0.0,0.0,False,train
2025-12-08 08:35:00+00:00,sushiswap_v2,0xceff51756c56ceffca006cd410b03ffc46dd3a58,29.17970661250588,162.75264443,4749.074414876889,1,0.04374714,1.280024881663039,False,train
2025-12-08 08:35:00+00:00,uniswap_v2,0xbb2b8038a1640196fbe3e38816f3e67cba72d940,29.17970660613413,73.05456748,2131.7108453044275,1,0.0196334,0.5744660569811937,False,train
2025-12-08 08:36:00+00:00,sushiswap_v2,0xceff51756c56ceffca006cd410b03ffc46dd3a58,29.18500754733146,162.73788541,4749.506413927612,1,0.01475902,0.4319990507223811,False,train
2025-12-08 08:36:00+00:00,uniswap_v2,0xbb2b8038a1640196fbe3e38816f3e67cba72d940,29.17970660613413,73.05456748,2131.7108453044275,0,0.0,0.0,False,train
2025-12-08 08:37:00+00:00,sushiswap_v2,0xceff51756c56ceffca006cd410b03ffc46dd3a58,29.18500754733146,162.73788541,4749.506413927612,0,0.0,0.0,False,train
2025-12-08 08:37:00+00:00,uniswap_v2,0xbb2b8038a1640196fbe3e38816f3e67cba72d940,29.17970660613413,73.05456748,2131.7108453044275,0,0.0,0.0,False,train
2025-12-08 08:38:00+00:00,sushiswap_v2,0xceff51756c56ceffca006cd410b03ffc46dd3a58,29.18500754733146,162.73788541,4749.506413927612,0,0.0,0.0,False,train
2025-12-08 08:38:00+00:00,uniswap_v2,0xbb2b8038a1640196fbe3e38816f3e67cba72d940,29.17970660613413,73.05456748,2131.7108453044275,0,0.0,0.0,False,train
2025-12-08 08:39:00+00:00,sushiswap_v2,0xceff51756c56ceffca006cd410b03ffc46dd3a58,29.18500754733146,162.73788541,4749.506413927612,0,0.0,0.0,False,train
2025-12-08 08:39:00+00:00,uniswap_v2,0xbb2b8038a1640196fbe3e38816f3e67cba72d940,29.17970660613413,73.05456748,2131.7108453044275,0,0.0,0.0,False,train
2025-12-08 08:40:00+00:00,sushiswap_v2,0xceff51756c56ceffca006cd410b03ffc46dd3a58,29.18500754733146,162.73788541,4749.506413927612,0,0.0,0.0,False,train
2025-12-08 08:40:00+00:00,uniswap_v2,0xbb2b8038a1640196fbe3e38816f3e67cba72d940,29.17970660613413,73.05456748,2131.7108453044275,0,0.0,0.0,False,train
2025-12-08 08:41:00+00:00,sushiswap_v2,0xceff51756c56ceffca006cd410b03ffc46dd3a58,29.18500754733146,162.73788541,4749.506413927612,0,0.0,0.0,False,train
2025-12-08 08:41:00+00:00,uniswap_v2,0xbb2b8038a1640196fbe3e38816f3e67cba72d940,29.17970660613413,73.05456748,2131.7108453044275,0,0.0,0.0,False,train
2025-12-08 08:42:00+00:00,sushiswap_v2,0xceff51756c56ceffca006cd410b03ffc46dd3a58,29.18500754733146,162.73788541,4749.506413927612,0,0.0,0.0,False,train
2025-12-08 08:42:00+00:00,uniswap_v2,0xbb2b8038a1640196fbe3e38816f3e67cba72d940,29.17970660613413,73.05456748,2131.7108453044275,0,0.0,0.0,False,train
2025-12-08 08:43:00+00:00,sushiswap_v2,0xceff51756c56ceffca006cd410b03ffc46dd3a58,29.18500754733146,162.73788541,4749.506413927612,0,0.0,0.0,False,train
2025-12-08 08:43:00+00:00,uniswap_v2,0xbb2b8038a1640196fbe3e38816f3e67cba72d940,29.180000626271273,73.05419998,2131.721601168147,1,0.0003675,0.01075586371944448,False,train
2025-12-08 08:44:00+00:00,sushiswap_v2,0xceff51756c56ceffca006cd410b03ffc46dd3a58,29.18500754733146,162.73788541,4749.506413927612,0,0.0,0.0,False,train
2025-12-08 08:44:00+00:00,uniswap_v2,0xbb2b8038a1640196fbe3e38816f3e67cba72d940,29.180000626271273,73.05419998,2131.721601168147,0,0.0,0.0,False,train
2025-12-08 08:45:00+00:00,sushiswap_v2,0xceff51756c56ceffca006cd410b03ffc46dd3a58,29.18500754733146,162.73788541,4749.506413927612,0,0.0,0.0,False,train
2025-12-08 08:45:00+00:00,uniswap_v2,0xbb2b8038a1640196fbe3e38816f3e67cba72d940,29.180000626271273,73.05419998,2131.721601168147,0,0.0,0.0,False,train
2025-12-08 08:46:00+00:00,sushiswap_v2,0xceff51756c56ceffca006cd410b03ffc46dd3a58,29.18500754733146,162.73788541,4749.506413927612,0,0.0,0.0,False,train
2025-12-08 08:46:00+00:00,uniswap_v2,0xbb2b8038a1640196fbe3e38816f3e67cba72d940,29.180000626271273,73.05419998,2131.721601168147,0,0.0,0.0,False,train
2025-12-08 08:47:00+00:00,sushiswap_v2,0xceff51756c56ceffca006cd410b03ffc46dd3a58,29.18500754733146,162.73788541,4749.506413927612,0,0.0,0.0,False,train
2025-12-08 08:47:00+00:00,uniswap_v2,0xbb2b8038a1640196fbe3e38816f3e67cba72d940,29.180000626271273,73.05419998,2131.721601168147,0,0.0,0.0,False,train
2025-12-08 08:48:00+00:00,sushiswap_v2,0xceff51756c56ceffca006cd410b03ffc46dd3a58,29.18500754733146,162.73788541,4749.506413927612,0,0.0,0.0,False,train
2025-12-08 08:48:00+00:00,uniswap_v2,0xbb2b8038a1640196fbe3e38816f3e67cba72d940,29.180000626271273,73.05419998,2131.721601168147,0,0.0,0.0,False,train
2025-12-08 08:49:00+00:00,sushiswap_v2,0xceff51756c56ceffca006cd410b03ffc46dd3a58,29.18500754733146,162.73788541,4749.506413927612,0,0.0,0.0,False,train
2025-12-08 08:49:00+00:00,uniswap_v2,0xbb2b8038a1640196fbe3e38816f3e67cba72d940,29.180000626271273,73.05419998,2131.721601168147,0,0.0,0.0,False,train
2025-12-08 08:50:00+00:00,sushiswap_v2,0xceff51756c56ceffca006cd410b03ffc46dd3a58,29.18500754733146,162.73788541,4749.506413927612,0,0.0,0.0,False,train
2025-12-08 08:50:00+00:00,uniswap_v2,0xbb2b8038a1640196fbe3e38816f3e67cba72d940,29.180000626271273,73.05419998,2131.721601168147,0,0.0,0.0,False,train
2025-12-08 08:51:00+00:00,sushiswap_v2,0xceff51756c56ceffca006cd410b03ffc46dd3a58,29.18500754733146,162.73788541,4749.506413927612,0,0.0,0.0,False,train
2025-12-08 08:51:00+00:00,uniswap_v2,0xbb2b8038a1640196fbe3e38816f3e67cba72d940,29.180000626271273,73.05419998,2131.721601168147,0,0.0,0.0,False,train
2025-12-08 08:52:00+00:00,sushiswap_v2,0xceff51756c56ceffca006cd410b03ffc46dd3a58,29.18500754733146,162.73788541,4749.506413927612,0,0.0,0.0,True,train
2025-12-08 08:52:00+00:00,uniswap_v2,0xbb2b8038a1640196fbe3e38816f3e67cba72d940,29.180000626271273,73.05419998,2131.721601168147,0,0.0,0.0,False,train
2025-12-08 08:53:00+00:00,sushiswap_v2,0xceff51756c56ceffca006cd410b03ffc46dd3a58,29.18500754733146,162.73788541,4749.506413927612,0,0.0,0.0,True,train
2025-12-08 08:53:00+00:00,uniswap_v2,0xbb2b8038a1640196fbe3e38816f3e67cba72d940,29.180000626271273,73.05419998,2131.721601168147,0,0.0,0.0,False,train
2025-12-08 08:54:00+00:00,sushiswap_v2,0xceff51756c56ceffca006cd410b03ffc46dd3a58,29.18500754733146,162.73788541,4749.506413927612,0,0.0,0.0,True,train
2025-12-08 08:54:00+00:00,uniswap_v2,0xbb2b8038a1640196fbe3e38816f3e67cba72d940,29.180000626271273,73.05419998,2131.721601168147,0,0.0,0.0,False,train
2025-12-08 08:55:00+00:00,sushiswap_v2,0xceff51756c56ceffca006cd410b03ffc46dd3a58,29.18500754733146,162.73788541,4749.506413927612,0,0.0,0.0,True,train
2025-12-08 08:55:00+00:00,uniswap_v2,0xbb2b8038a1640196fbe3e38816f3e67cba72d940,29.180000626271273,73.05419998,2131.721601168147,0,0.0,0.0,False,train
2025-12-08 08:56:00+00:00,sushiswap_v2,0xceff51756c56ceffca006cd410b03ffc46dd3a58,29.18500754733146,162.73788541,4749.506413927612,0,0.0,0.0,True,train
2025-12-08 08:56:00+00:00,uniswap_v2,0xbb2b8038a1640196fbe3e38816f3e67cba72d940,29.180000626271273,73.05419998,2131.721601168147,0,0.0,0.0,False,train
2025-12-08 08:57:00+00:00,sushiswap_v2,0xceff51756c56ceffca006cd410b03ffc46dd3a58,29.18500754733146,162.73788541,4749.506413927612,0,0.0,0.0,True,train
2025-12-08 08:57:00+00:00,uniswap_v2,0xbb2b8038a1640196fbe3e38816f3e67cba72d940,29.180000626271273,73.05419998,2131.721601168147,0,0.0,0.0,False,train
2025-12-08 08:58:00+00:00,sushiswap_v2,0xceff51756c56ceffca006cd410b03ffc46dd3a58,29.18500754733146,162.73788541,4749.506413927612,0,0.0,0.0,True,train
2025-12-08 08:58:00+00:00,uniswap_v2,0xbb2b8038a1640196fbe3e38816f3e67cba72d940,29.180000626271273,73.05419998,2131.721601168147,0,0.0,0.0,False,train
2025-12-08 08:59:00+00:00,sushiswap_v2,0xceff51756c56ceffca006cd410b03ffc46dd3a58,29.18500754733146,162.73788541,4749.506413927612,0,0.0,0.0,True,train
2025-12-08 08:59:00+00:00,uniswap_v2,0xbb2b8038a1640196fbe3e38816f3e67cba72d940,29.180000626271273,73.05419998,2131.721601168147,0,0.0,0.0,True,train
2025-12-08 09:00:00+00:00,sushiswap_v2,0xceff51756c56ceffca006cd410b03ffc46dd3a58,29.18500754733146,162.73788541,4749.506413927612,0,0.0,0.0,True,train
2025-12-08 09:00:00+00:00,uniswap_v2,0xbb2b8038a1640196fbe3e38816f3e67cba72d940,29.180000626271273,73.05419998,2131.721601168147,0,0.0,0.0,True,train
2025-12-08 09:01:00+00:00,sushiswap_v2,0xceff51756c56ceffca006cd410b03ffc46dd3a58,29.18500754733146,162.73788541,4749.506413927612,0,0.0,0.0,True,train
2025-12-08 09:01:00+00:00,uniswap_v2,0xbb2b8038a1640196fbe3e38816f3e67cba72d940,29.180000626271273,73.05419998,2131.721601168147,0,0.0,0.0,True,train
2025-12-08 09:02:00+00:00,sushiswap_v2,0xceff51756c56ceffca006cd410b03ffc46dd3a58,29.163032715731056,162.79927881,4747.720694033452,1,0.0613934,1.7857198941595989,False,train
2025-12-08 09:02:00+00:00,uniswap_v2,0xbb2b8038a1640196fbe3e38816f3e67cba72d940,29.14926899348292,73.09275764,2130.600453923814,1,0.03855766,1.1211472443332253,False,train
2025-12-08 09:03:00+00:00,sushiswap_v2,0xceff51756c56ceffca006cd410b03ffc46dd3a58,29.163032715731056,162.79927881,4747.720694033452,0,0.0,0.0,False,train
2025-12-08 09:03:00+00:00,uniswap_v2,0xbb2b8038a1640196fbe3e38816f3e67cba72d940,29.14926899348292,73.09275764,2130.600453923814,0,0.0,0.0,False,train
2025-12-08 09:04:00+00:00,sushiswap_v2,0xceff51756c56ceffca006cd410b03ffc46dd3a58,29.147942947974244,162.84147691,4746.494078536545,2,0.0421981,1.2266154969072223,False,train
2025-12-08 09:04:00+00:00,uniswap_v2,0xbb2b8038a1640196fbe3e38816f3e67cba72d940,29.14926899348292,73.09275764,2130.600453923814,0,0.0,0.0,False,train
2025-12-08 09:05:00+00:00,sushiswap_v2,0xceff51756c56ceffca006cd410b03ffc46dd3a58,29.05512213359032,163.1017704,4738.941859176806,2,0.26029349,7.5522193597386025,False,train
2025-12-08 09:05:00+00:00,uniswap_v2,0xbb2b8038a1640196fbe3e38816f3e67cba72d940,29.057935614661027,73.20771063,2127.2649419832755,2,0.11495299,3.335511940538284,False,train
2025-12-08 09:06:00+00:00,sushiswap_v2,0xceff51756c56ceffca006cd410b03ffc46dd3a58,29.05512213359032,163.1017704,4738.941859176806,0,0.0,0.0,False,train
2025-12-08 09:06:00+00:00,uniswap_v2,0xbb2b8038a1640196fbe3e38816f3e67cba72d940,29.053198182235477,73.213688,2127.0917871163556,1,0.00597737,0.17315486691991128,False,train
2025-12-08 09:07:00+00:00,sushiswap_v2,0xceff51756c56ceffca006cd410b03ffc46dd3a58,29.05512213359032,163.1017704,4738.941859176806,0,0.0,0.0,False,train
2025-12-08 09:07:00+00:00,uniswap_v2,0xbb2b8038a1640196fbe3e38816f3e67cba72d940,29.053174305299702,73.21371813,2127.090914369971,1,3.013e-05,0.000872746384558818,False,train
2025-12-08 09:08:00+00:00,sushiswap_v2,0xceff51756c56ceffca006cd410b03ffc46dd3a58,29.05512213359032,163.1017704,4738.941859176806,0,0.0,0.0,False,train
2025-12-08 09:08:00+00:00,uniswap_v2,0xbb2b8038a1640196fbe3e38816f3e67cba72d940,29.053174305299702,73.21371813,2127.090914369971,0,0.0,0.0,False,train
2025-12-08 09:09:00+00:00,sushiswap_v2,0xceff51756c56ceffca006cd410b03ffc46dd3a58,29.05512213359032,163.1017704,4738.941859176806,0,0.0,0.0,False,train
2025-12-08 09:09:00+00:00,uniswap_v2,0xbb2b8038a1640196fbe3e38816f3e67cba72d940,29.053174305299702,73.21371813,2127.090914369971,0,0.0,0.0,False,train
2025-12-08 09:10:00+00:00,sushiswap_v2,0xceff51756c56ceffca006cd410b03ffc46dd3a58,29.05512213359032,163.1017704,4738.941859176806,0,0.0,0.0,False,train
2025-12-08 09:10:00+00:00,uniswap_v2,0xbb2b8038a1640196fbe3e38816f3e67cba72d940,29.053174305299702,73.21371813,2127.090914369971,0,0.0,0.0,False,train
2025-12-08 09:11:00+00:00,sushiswap_v2,0xceff51756c56ceffca006cd410b03ffc46dd3a58,29.05512213359032,163.1017704,4738.941859176806,0,0.0,0.0,False,train
2025-12-08 09:11:00+00:00,uniswap_v2,0xbb2b8038a1640196fbe3e38816f3e67cba72d940,29.053174305299702,73.21371813,2127.090914369971,0,0.0,0.0,False,train
2025-12-08 09:12:00+00:00,sushiswap_v2,0xceff51756c56ceffca006cd410b03ffc46dd3a58,29.05512213359032,163.1017704,4738.941859176806,0,0.0,0.0,False,train
2025-12-08 09:12:00+00:00,uniswap_v2,0xbb2b8038a1640196fbe3e38816f3e67cba72d940,29.053174305299702,73.21371813,2127.090914369971,0,0.0,0.0,False,train
2025-12-08 09:13:00+00:00,sushiswap_v2,0xceff51756c56ceffca006cd410b03ffc46dd3a58,29.05512213359032,163.1017704,4738.941859176806,0,0.0,0.0,False,train
2025-12-08 09:13:00+00:00,uniswap_v2,0xbb2b8038a1640196fbe3e38816f3e67cba72d940,29.053174305299702,73.21371813,2127.090914369971,0,0.0,0.0,False,train
2025-12-08 09:14:00+00:00,sushiswap_v2,0xceff51756c56ceffca006cd410b03ffc46dd3a58,29.05512213359032,163.1017704,4738.941859176806,0,0.0,0.0,False,train
2025-12-08 09:14:00+00:00,uniswap_v2,0xbb2b8038a1640196fbe3e38816f3e67cba72d940,29.053174305299702,73.21371813,2127.090914369971,0,0.0,0.0,False,train
2025-12-08 09:15:00+00:00,sushiswap_v2,0xceff51756c56ceffca006cd410b03ffc46dd3a58,29.05512213359032,163.1017704,4738.941859176806,0,0.0,0.0,False,train
2025-12-08 09:15:00+00:00,uniswap_v2,0xbb2b8038a1640196fbe3e38816f3e67cba72d940,29.053174305299702,73.21371813,2127.090914369971,0,0.0,0.0,False,train
2025-12-08 09:16:00+00:00,sushiswap_v2,0xceff51756c56ceffca006cd410b03ffc46dd3a58,29.05512213359032,163.1017704,4738.941859176806,0,0.0,0.0,False,train
2025-12-08 09:16:00+00:00,uniswap_v2,0xbb2b8038a1640196fbe3e38816f3e67cba72d940,29.053174305299702,73.21371813,2127.090914369971,0,0.0,0.0,False,train
2025-12-08 09:17:00+00:00,sushiswap_v2,0xceff51756c56ceffca006cd410b03ffc46dd3a58,29.05512213359032,163.1017704,4738.941859176806,0,0.0,0.0,False,train
2025-12-08 09:17:00+00:00,uniswap_v2,0xbb2b8038a1640196fbe3e38816f3e67cba72d940,29.053174305299702,73.21371813,2127.090914369971,0,0.0,0.0,False,train
2025-12-08 09:18:00+00:00,sushiswap_v2,0xceff51756c56ceffca006cd410b03ffc46dd3a58,29.05512213359032,163.1017704,4738.941859176806,0,0.0,0.0,False,train
2025-12-08 09:18:00+00:00,uniswap_v2,0xbb2b8038a1640196fbe3e38816f3e67cba72d940,29.053174305299702,73.21371813,2127.090914369971,0,0.0,0.0,False,train
2025-12-08 09:19:00+00:00,sushiswap_v2,0xceff51756c56ceffca006cd410b03ffc46dd3a58,29.05512213359032,163.1017704,4738.941859176806,0,0.0,0.0,False,train
2025-12-08 09:19:00+00:00,uniswap_v2,0xbb2b8038a1640196fbe3e38816f3e67cba72d940,29.053174305299702,73.21371813,2127.090914369971,0,0.0,0.0,False,train
2025-12-08 09:20:00+00:00,sushiswap_v2,0xceff51756c56ceffca006cd410b03ffc46dd3a58,29.05512213359032,163.1017704,4738.941859176806,0,0.0,0.0,False,train
2025-12-08 09:20:00+00:00,uniswap_v2,0xbb2b8038a1640196fbe3e38816f3e67cba72d940,29.053174305299702,73.21371813,2127.090914369971,0,0.0,0.0,False,train
2025-12-08 09:21:00+00:00,sushiswap_v2,0xceff51756c56ceffca006cd410b03ffc46dd3a58,29.05512213359032,163.1017704,4738.941859176806,0,0.0,0.0,True,train
2025-12-08 09:21:00+00:00,uniswap_v2,0xbb2b8038a1640196fbe3e38816f3e67cba72d940,29.053174305299702,73.21371813,2127.090914369971,0,0.0,0.0,False,train
2025-12-08 09:22:00+00:00,sushiswap_v2,0xceff51756c56ceffca006cd410b03ffc46dd3a58,29.05512213359032,163.1017704,4738.941859176806,0,0.0,0.0,True,train
2025-12-08 09:22:00+00:00,uniswap_v2,0xbb2b8038a1640196fbe3e38816f3e67cba72d940,29.053174305299702,73.21371813,2127.090914369971,0,0.0,0.0,False,train
2025-12-08 09:23:00+00:00,sushiswap_v2,0xceff51756c56ceffca006cd410b03ffc46dd3a58,29.05512213359032,163.1017704,4738.941859176806,0,0.0,0.0,True,train
2025-12-08 09:23:00+00:00,uniswap_v2,0xbb2b8038a1640196fbe3e38816f3e67cba72d940,29.053174305299702,73.21371813,2127.090914369971,0,0.0,0.0,True,train
2025-12-08 09:24:00+00:00,sushiswap_v2,0xceff51756c56ceffca006cd410b03ffc46dd3a58,29.05512213359032,163.1017704,4738.941859176806,0,0.0,0.0,True,train
2025-12-08 09:24:00+00:00,uniswap_v2,0xbb2b8038a1640196fbe3e38816f3e67cba72d940,29.053174305299702,73.21371813,2127.090914369971,0,0.0,0.0,True,train
2025-12-08 09:25:00+00:00,sushiswap_v2,0xceff51756c56ceffca006cd410b03ffc46dd3a58,29.05512213359032,163.1017704,4738.941859176806,0,0.0,0.0,True,train
2025-12-08 09:25:00+00:00,uniswap_v2,0xbb2b8038a1640196fbe3e38816f3e67cba72d940,29.053174305299702,73.21371813,2127.090914369971,0,0.0,0.0,True,train
2025-12-08 09:26:00+00:00,sushiswap_v2,0xceff51756c56ceffca006cd410b03ffc46dd3a58,29.05512213359032,163.1017704,4738.941859176806,0,0.0,0.0,True,train
2025-12-08 09:26:00+00:00,uniswap_v2,0xbb2b8038a1640196fbe3e38816f3e67cba72d940,29.053174305299702,73.21371813,2127.090914369971,0,0.0,0.0,True,train
2025-12-08 09:27:00+00:00,sushiswap_v2,0xceff51756c56ceffca006cd410b03ffc46dd3a58,29.05512213359032,163.1017704,4738.941859176806,0,0.0,0.0,True,train
2025-12-08 09:27:00+00:00,uniswap_v2,0xbb2b8038a1640196fbe3e38816f3e67cba72d940,29.053174305299702,73.21371813,2127.090914369971,0,0.0,0.0,True,train
2025-12-08 09:28:00+00:00,sushiswap_v2,0xceff51756c56ceffca006cd410b03ffc46dd3a58,29.05512213359032,163.1017704,4738.941859176806,0,0.0,0.0,True,train
2025-12-08 09:28:00+00:00,uniswap_v2,0xbb2b8038a1640196fbe3e38816f3e67cba72d940,29.053174305299702,73.21371813,2127.090914369971,0,0.0,0.0,True,train
2025-12-08 09:29:00+00:00,sushiswap_v2,0xceff51756c56ceffca006cd410b03ffc46dd3a58,29.05512213359032,163.1017704,4738.941859176806,0,0.0,0.0,True,train
2025-12-08 09:29:00+00:00,uniswap_v2,0xbb2b8038a1640196fbe3e38816f3e67cba72d940,29.053174305299702,73.21371813,2127.090914369971,0,0.0,0.0,True,train
2025-12-08 09:30:00+00:00,sushiswap_v2,0xceff51756c56ceffca006cd410b03ffc46dd3a58,29.05512213359032,163.1017704,4738.941859176806,0,0.0,0.0,True,train
2025-12-08 09:30:00+00:00,uniswap_v2,0xbb2b8038a1640196fbe3e38816f3e67cba72d940,29.053174305299702,73.21371813,2127.090914369971,0,0.0,0.0,True,train
2025-12-08 09:31:00+00:00,sushiswap_v2,0xceff51756c56ceffca006cd410b03ffc46dd3a58,29.05512213359032,163.1017704,4738.941859176806,0,0.0,0.0,True,train
2025-12-08 09:31:00+00:00,uniswap_v2,0xbb2b8038a1640196fbe3e38816f3e67cba72d940,29.053174305299702,73.21371813,2127.090914369971,0,0.0,0.0,True,train
2025-12-08 09:32:00+00:00,sushiswap_v2,0xceff51756c56ceffca006cd410b03ffc46dd3a58,29.05512213359032,163.1017704,4738.941859176806,0,0.0,0.0,True,train
2025-12-08 09:32:00+00:00,uniswap_v2,0xbb2b8038a1640196fbe3e38816f3e67cba72d940,29.053174305299702,73.21371813,2127.090914369971,0,0.0,0.0,True,train
2025-12-08 09:33:00+00:00,sushiswap_v2,0xceff51756c56ceffca006cd410b03ffc46dd3a58,29.05512213359032,163.1017704,4738.941859176806,0,0.0,0.0,True,train
2025-12-08 09:33:00+00:00,uniswap_v2,0xbb2b8038a1640196fbe3e38816f3e67cba72d940,29.053174305299702,73.21371813,2127.090914369971,0,0.0,0.0,True,train
2025-12-08 09:34:00+00:00,sushiswap_v2,0xceff51756c56ceffca006cd410b03ffc46dd3a58,29.05512213359032,163.1017704,4738.941859176806,0,0.0,0.0,True,train
2025-12-08 09:34:00+00:00,uniswap_v2,0xbb2b8038a1640196fbe3e38816f3e67cba72d940,29.0531743013824,73.21371814,2127.090914373702,0,0.0,0.0,False,train
2025-12-08 09:35:00+00:00,sushiswap_v2,0xceff51756c56ceffca006cd410b03ffc46dd3a58,29.05512213359032,163.1017704,4738.941859176806,0,0.0,0.0,True,train
2025-12-08 09:35:00+00:00,uniswap_v2,0xbb2b8038a1640196fbe3e38816f3e67cba72d940,29.0531743013824,73.21371814,2127.090914373702,0,0.0,0.0,False,train
2025-12-08 09:36:00+00:00,sushiswap_v2,0xceff51756c56ceffca006cd410b03ffc46dd3a58,29.05512213359032,163.1017704,4738.941859176806,0,0.0,0.0,True,train
2025-12-08 09:36:00+00:00,uniswap_v2,0xbb2b8038a1640196fbe3e38816f3e67cba72d940,29.0531743013824,73.21371814,2127.090914373702,0,0.0,0.0,False,train
2025-12-08 09:37:00+00:00,sushiswap_v2,0xceff51756c56ceffca006cd410b03ffc46dd3a58,29.05512213359032,163.1017704,4738.941859176806,0,0.0,0.0,True,train
2025-12-08 09:37:00+00:00,uniswap_v2,0xbb2b8038a1640196fbe3e38816f3e67cba72d940,29.0531743013824,73.21371814,2127.090914373702,0,0.0,0.0,False,train
2025-12-08 09:38:00+00:00,sushiswap_v2,0xceff51756c56ceffca006cd410b03ffc46dd3a58,29.05512213359032,163.1017704,4738.941859176806,0,0.0,0.0,True,train
2025-12-08 09:38:00+00:00,uniswap_v2,0xbb2b8038a1640196fbe3e38816f3e67cba72d940,29.0531743013824,73.21371814,2127.090914373702,0,0.0,0.0,False,train
2025-12-08 09:39:00+00:00,sushiswap_v2,0xceff51756c56ceffca006cd410b03ffc46dd3a58,29.05512213359032,163.1017704,4738.941859176806,0,0.0,0.0,True,train
2025-12-08 09:39:00+00:00,uniswap_v2,0xbb2b8038a1640196fbe3e38816f3e67cba72d940,29.0531743013824,73.21371814,2127.090914373702,0,0.0,0.0,False,train
2025-12-08 09:40:00+00:00,sushiswap_v2,0xceff51756c56ceffca006cd410b03ffc46dd3a58,29.05512213359032,163.1017704,4738.941859176806,0,0.0,0.0,True,train
2025-12-08 09:40:00+00:00,uniswap_v2,0xbb2b8038a1640196fbe3e38816f3e67cba72d940,29.0531743013824,73.21371814,2127.090914373702,0,0.0,0.0,False,train
2025-12-08 09:41:00+00:00,sushiswap_v2,0xceff51756c56ceffca006cd410b03ffc46dd3a58,29.05512213359032,163.1017704,4738.941859176806,0,0.0,0.0,True,train
2025-12-08 09:41:00+00:00,uniswap_v2,0xbb2b8038a1640196fbe3e38816f3e67cba72d940,29.0531743013824,73.21371814,2127.090914373702,0,0.0,0.0,False,train
2025-12-08 09:42:00+00:00,sushiswap_v2,0xceff51756c56ceffca006cd410b03ffc46dd3a58,29.05512213359032,163.1017704,4738.941859176806,0,0.0,0.0,True,train
2025-12-08 09:42:00+00:00,uniswap_v2,0xbb2b8038a1640196fbe3e38816f3e67cba72d940,29.05316598051891,73.21372864,2127.0906102305908,1,1.05e-05,0.000304143111685967,False,train
2025-12-08 09:43:00+00:00,sushiswap_v2,0xceff51756c56ceffca006cd410b03ffc46dd3a58,29.05512213359032,163.1017704,4738.941859176806,0,0.0,0.0,True,train
2025-12-08 09:43:00+00:00,uniswap_v2,0xbb2b8038a1640196fbe3e38816f3e67cba72d940,29.05316598051891,73.21372864,2127.0906102305908,0,0.0,0.0,False,train
2025-12-08 09:44:00+00:00,sushiswap_v2,0xceff51756c56ceffca006cd410b03ffc46dd3a58,29.05512213359032,163.1017704,4738.941859176806,0,0.0,0.0,True,train
2025-12-08 09:44:00+00:00,uniswap_v2,0xbb2b8038a1640196fbe3e38816f3e67cba72d940,29.05316598051891,73.21372864,2127.0906102305908,0,0.0,0.0,False,train
2025-12-08 09:45:00+00:00,sushiswap_v2,0xceff51756c56ceffca006cd410b03ffc46dd3a58,29.05512213359032,163.1017704,4738.941859176806,0,0.0,0.0,True,train
2025-12-08 09:45:00+00:00,uniswap_v2,0xbb2b8038a1640196fbe3e38816f3e67cba72d940,29.05316598051891,73.21372864,2127.0906102305908,0,0.0,0.0,False,train
2025-12-08 09:46:00+00:00,sushiswap_v2,0xceff51756c56ceffca006cd410b03ffc46dd3a58,29.05512213359032,163.1017704,4738.941859176806,0,0.0,0.0,True,train
2025-12-08 09:46:00+00:00,uniswap_v2,0xbb2b8038a1640196fbe3e38816f3e67cba72d940,29.04885399567527,73.21917049,2126.932993248465,1,0.00544185,0.15761698212535175,False,train
2025-12-08 09:47:00+00:00,sushiswap_v2,0xceff51756c56ceffca006cd410b03ffc46dd3a58,29.05512213359032,163.1017704,4738.941859176806,0,0.0,0.0,True,train
2025-12-08 09:47:00+00:00,uniswap_v2,0xbb2b8038a1640196fbe3e38816f3e67cba72d940,29.04885399567527,73.21917049,2126.932993248465,0,0.0,0.0,False,train
2025-12-08 09:48:00+00:00,sushiswap_v2,0xceff51756c56ceffca006cd410b03ffc46dd3a58,29.05512213359032,163.1017704,4738.941859176806,0,0.0,0.0,True,train
2025-12-08 09:48:00+00:00,uniswap_v2,0xbb2b8038a1640196fbe3e38816f3e67cba72d940,29.04885399567527,73.21917049,2126.932993248465,0,0.0,0.0,False,train
2025-12-08 09:49:00+00:00,sushiswap_v2,0xceff51756c56ceffca006cd410b03ffc46dd3a58,29.05512213359032,163.1017704,4738.941859176806,0,0.0,0.0,True,train
2025-12-08 09:49:00+00:00,uniswap_v2,0xbb2b8038a1640196fbe3e38816f3e67cba72d940,29.04885399567527,73.21917049,2126.932993248465,0,0.0,0.0,False,train
2025-12-08 09:50:00+00:00,sushiswap_v2,0xceff51756c56ceffca006cd410b03ffc46dd3a58,29.05512213359032,163.1017704,4738.941859176806,0,0.0,0.0,True,train
2025-12-08 09:50:00+00:00,uniswap_v2,0xbb2b8038a1640196fbe3e38816f3e67cba72d940,29.04885399567527,73.21917049,2126.932993248465,0,0.0,0.0,False,train
2025-12-08 09:51:00+00:00,sushiswap_v2,0xceff51756c56ceffca006cd410b03ffc46dd3a58,29.05512213359032,163.1017704,4738.941859176806,0,0.0,0.0,True,train
2025-12-08 09:51:00+00:00,uniswap_v2,0xbb2b8038a1640196fbe3e38816f3e67cba72d940,29.04885399567527,73.21917049,2126.932993248465,0,0.0,0.0,False,train
2025-12-08 09:52:00+00:00,sushiswap_v2,0xceff51756c56ceffca006cd410b03ffc46dd3a58,29.05512213359032,163.1017704,4738.941859176806,0,0.0,0.0,True,train
2025-12-08 09:52:00+00:00,uniswap_v2,0xbb2b8038a1640196fbe3e38816f3e67cba72d940,29.04885399567527,73.21917049,2126.932993248465,0,0.0,0.0,False,train
2025-12-08 09:53:00+00:00,sushiswap_v2,0xceff51756c56ceffca006cd410b03ffc46dd3a58,29.05512213359032,163.1017704,4738.941859176806,0,0.0,0.0,True,train
2025-12-08 09:53:00+00:00,uniswap_v2,0xbb2b8038a1640196fbe3e38816f3e67cba72d940,29.04885399567527,73.21917049,2126.932993248465,0,0.0,0.0,False,train
2025-12-08 09:54:00+00:00,sushiswap_v2,0xceff51756c56ceffca006cd410b03ffc46dd3a58,29.05512213359032,163.1017704,4738.941859176806,0,0.0,0.0,True,train
2025-12-08 09:54:00+00:00,uniswap_v2,0xbb2b8038a1640196fbe3e38816f3e67cba72d940,29.04885399567527,73.21917049,2126.932993248465,0,0.0,0.0,False,train
2025-12-08 09:55:00+00:00,sushiswap_v2,0xceff51756c56ceffca006cd410b03ffc46dd3a58,29.05512213359032,163.1017704,4738.941859176806,0,0.0,0.0,True,train
2025-12-08 09:55:00+00:00,uniswap_v2,0xbb2b8038a1640196fbe3e38816f3e67cba72d940,29.04885399567527,73.21917049,2126.932993248465,0,0.0,0.0,False,train
2025-12-08 09:56:00+00:00,sushiswap_v2,0xceff51756c56ceffca006cd410b03ffc46dd3a58,29.05512213359032,163.1017704,4738.941859176806,0,0.0,0.0,True,train
2025-12-08 09:56:00+00:00,uniswap_v2,0xbb2b8038a1640196fbe3e38816f3e67cba72d940,29.04885399567527,73.21917049,2126.932993248465,0,0.0,0.0,False,train
2025-12-08 09:57:00+00:00,sushiswap_v2,0xceff51756c56ceffca006cd410b03ffc46dd3a58,29.05512213359032,163.1017704,4738.941859176806,0,0.0,0.0,True,train
2025-12-08 09:57:00+00:00,uniswap_v2,0xbb2b8038a1640196fbe3e38816f3e67cba72d940,29.04885399567527,73.21917049,2126.932993248465,0,0.0,0.0,False,train
2025-12-08 09:58:00+00:00,sushiswap_v2,0xceff51756c56ceffca006cd410b03ffc46dd3a58,29.05512213359032,163.1017704,4738.941859176806,0,0.0,0.0,True,train
2025-12-08 09:58:00+00:00,uniswap_v2,0xbb2b8038a1640196fbe3e38816f3e67cba72d940,29.04885399567527,73.21917049,2126.932993248465,0,0.0,0.0,False,train
2025-12-08 09:59:00+00:00,sushiswap_v2,0xceff51756c56ceffca006cd410b03ffc46dd3a58,29.05512213359032,163.1017704,4738.941859176806,0,0.0,0.0,True,train
2025-12-08 09:59:00+00:00,uniswap_v2,0xbb2b8038a1640196fbe3e38816f3e67cba72d940,29.04885399567527,73.21917049,2126.932993248465,0,0.0,0.0,False,train
2025-12-08 10:00:00+00:00,sushiswap_v2,0xceff51756c56ceffca006cd410b03ffc46dd3a58,29.05512213359032,163.1017704,4738.941859176806,0,0.0,0.0,True,train
2025-12-08 10:00:00+00:00,uniswap_v2,0xbb2b8038a1640196fbe3e38816f3e67cba72d940,29.04885399567527,73.21917049,2126.932993248465,0,0.0,0.0,False,train
2025-12-08 10:01:00+00:00,sushiswap_v2,0xceff51756c56ceffca006cd410b03ffc46dd3a58,29.05512213359032,163.1017704,4738.941859176806,0,0.0,0.0,True,train
2025-12-08 10:01:00+00:00,uniswap_v2,0xbb2b8038a1640196fbe3e38816f3e67cba72d940,29.04885399567527,73.21917049,2126.932993248465,0,0.0,0.0,False,train
2025-12-08 10:02:00+00:00,sushiswap_v2,0xceff51756c56ceffca006cd410b03ffc46dd3a58,29.05512213359032,163.1017704,4738.941859176806,0,0.0,0.0,True,train
2025-12-08 10:02:00+00:00,uniswap_v2,0xbb2b8038a1640196fbe3e38816f3e67cba72d940,29.04885399567527,73.21917049,2126.932993248465,0,0.0,0.0,True,train
2025-12-08 10:03:00+00:00,sushiswap_v2,0xceff51756c56ceffca006cd410b03ffc46dd3a58,29.05512213359032,163.1017704,4738.941859176806,0,0.0,0.0,True,train
2025-12-08 10:03:00+00:00,uniswap_v2,0xbb2b8038a1640196fbe3e38816f3e67cba72d940,29.04885399567527,73.21917049,2126.932993248465,0,0.0,0.0,True,train
2025-12-08 10:04:00+00:00,sushiswap_v2,0xceff51756c56ceffca006cd410b03ffc46dd3a58,29.05512213359032,163.1017704,4738.941859176806,0,0.0,0.0,True,train
2025-12-08 10:04:00+00:00,uniswap_v2,0xbb2b8038a1640196fbe3e38816f3e67cba72d940,29.048766535364358,73.21928088,2126.9297961703874,1,0.00011039,0.003197078077941651,False,train
2025-12-08 10:05:00+00:00,sushiswap_v2,0xceff51756c56ceffca006cd410b03ffc46dd3a58,29.05512213359032,163.1017704,4738.941859176806,0,0.0,0.0,True,train
2025-12-08 10:05:00+00:00,uniswap_v2,0xbb2b8038a1640196fbe3e38816f3e67cba72d940,29.048766535364358,73.21928088,2126.9297961703874,0,0.0,0.0,False,train
2025-12-08 10:06:00+00:00,sushiswap_v2,0xceff51756c56ceffca006cd410b03ffc46dd3a58,29.05512213359032,163.1017704,4738.941859176806,0,0.0,0.0,True,train
2025-12-08 10:06:00+00:00,uniswap_v2,0xbb2b8038a1640196fbe3e38816f3e67cba72d940,29.048766535364358,73.21928088,2126.9297961703874,0,0.0,0.0,False,train
2025-12-08 10:07:00+00:00,sushiswap_v2,0xceff51756c56ceffca006cd410b03ffc46dd3a58,29.05512213359032,163.1017704,4738.941859176806,0,0.0,0.0,True,train
2025-12-08 10:07:00+00:00,uniswap_v2,0xbb2b8038a1640196fbe3e38816f3e67cba72d940,29.048766535364358,73.21928088,2126.9297961703874,0,0.0,0.0,False,train
2025-12-08 10:08:00+00:00,sushiswap_v2,0xceff51756c56ceffca006cd410b03ffc46dd3a58,29.05512213359032,163.1017704,4738.941859176806,0,0.0,0.0,True,train
2025-12-08 10:08:00+00:00,uniswap_v2,0xbb2b8038a1640196fbe3e38816f3e67cba72d940,29.048766535364358,73.21928088,2126.9297961703874,0,0.0,0.0,False,train
2025-12-08 10:09:00+00:00,sushiswap_v2,0xceff51756c56ceffca006cd410b03ffc46dd3a58,29.05512213359032,163.1017704,4738.941859176806,0,0.0,0.0,True,train
2025-12-08 10:09:00+00:00,uniswap_v2,0xbb2b8038a1640196fbe3e38816f3e67cba72d940,29.048766535364358,73.21928088,2126.9297961703874,0,0.0,0.0,False,train
2025-12-08 10:10:00+00:00,sushiswap_v2,0xceff51756c56ceffca006cd410b03ffc46dd3a58,29.05512213359032,163.1017704,4738.941859176806,0,0.0,0.0,True,train
2025-12-08 10:10:00+00:00,uniswap_v2,0xbb2b8038a1640196fbe3e38816f3e67cba72d940,29.048766535364358,73.21928088,2126.9297961703874,0,0.0,0.0,False,train
2025-12-08 10:11:00+00:00,sushiswap_v2,0xceff51756c56ceffca006cd410b03ffc46dd3a58,29.05512213359032,163.1017704,4738.941859176806,0,0.0,0.0,True,train
2025-12-08 10:11:00+00:00,uniswap_v2,0xbb2b8038a1640196fbe3e38816f3e67cba72d940,29.048766535364358,73.21928088,2126.9297961703874,0,0.0,0.0,False,train
2025-12-08 10:12:00+00:00,sushiswap_v2,0xceff51756c56ceffca006cd410b03ffc46dd3a58,29.05512213359032,163.1017704,4738.941859176806,0,0.0,0.0,True,train
2025-12-08 10:12:00+00:00,uniswap_v2,0xbb2b8038a1640196fbe3e38816f3e67cba72d940,29.048766535364358,73.21928088,2126.9297961703874,0,0.0,0.0,False,train
2025-12-08 10:13:00+00:00,sushiswap_v2,0xceff51756c56ceffca006cd410b03ffc46dd3a58,29.05512213359032,163.1017704,4738.941859176806,0,0.0,0.0,True,train
2025-12-08 10:13:00+00:00,uniswap_v2,0xbb2b8038a1640196fbe3e38816f3e67cba72d940,29.048766535364358,73.21928088,2126.9297961703874,0,0.0,0.0,False,train
2025-12-08 10:14:00+00:00,sushiswap_v2,0xceff51756c56ceffca006cd410b03ffc46dd3a58,29.05512213359032,163.1017704,4738.941859176806,0,0.0,0.0,True,train
2025-12-08 10:14:00+00:00,uniswap_v2,0xbb2b8038a1640196fbe3e38816f3e67cba72d940,29.048766535364358,73.21928088,2126.9297961703874,0,0.0,0.0,False,train
2025-12-08 10:15:00+00:00,sushiswap_v2,0xceff51756c56ceffca006cd410b03ffc46dd3a58,29.05512213359032,163.1017704,4738.941859176806,0,0.0,0.0,True,train
2025-12-08 10:15:00+00:00,uniswap_v2,0xbb2b8038a1640196fbe3e38816f3e67cba72d940,29.048766535364358,73.21928088,2126.9297961703874,0,0.0,0.0,False,train
2025-12-08 10:16:00+00:00,sushiswap_v2,0xceff51756c56ceffca006cd410b03ffc46dd3a58,29.05512213359032,163.1017704,4738.941859176806,0,0.0,0.0,True,train
2025-12-08 10:16:00+00:00,uniswap_v2,0xbb2b8038a1640196fbe3e38816f3e67cba72d940,29.048766535364358,73.21928088,2126.9297961703874,0,0.0,0.0,False,train
2025-12-08 10:17:00+00:00,sushiswap_v2,0xceff51756c56ceffca006cd410b03ffc46dd3a58,29.05512213359032,163.1017704,4738.941859176806,0,0.0,0.0,True,train
2025-12-08 10:17:00+00:00,uniswap_v2,0xbb2b8038a1640196fbe3e38816f3e67cba72d940,29.048766535364358,73.21928088,2126.9297961703874,0,0.0,0.0,False,train
2025-12-08 10:18:00+00:00,sushiswap_v2,0xceff51756c56ceffca006cd410b03ffc46dd3a58,29.05512213359032,163.1017704,4738.941859176806,0,0.0,0.0,True,train
2025-12-08 10:18:00+00:00,uniswap_v2,0xbb2b8038a1640196fbe3e38816f3e67cba72d940,29.048766535364358,73.21928088,2126.9297961703874,0,0.0,0.0,False,train
2025-12-08 10:19:00+00:00,sushiswap_v2,0xceff51756c56ceffca006cd410b03ffc46dd3a58,29.05512213359032,163.1017704,4738.941859176806,0,0.0,0.0,True,train
2025-12-08 10:19:00+00:00,uniswap_v2,0xbb2b8038a1640196fbe3e38816f3e67cba72d940,29.048766535364358,73.21928088,2126.9297961703874,0,0.0,0.0,False,train
2025-12-08 10:20:00+00:00,sushiswap_v2,0xceff51756c56ceffca006cd410b03ffc46dd3a58,29.05512213359032,163.1017704,4738.941859176806,0,0.0,0.0,True,train
2025-12-08 10:20:00+00:00,uniswap_v2,0xbb2b8038a1640196fbe3e38816f3e67cba72d940,29.048766535364358,73.21928088,2126.9297961703874,0,0.0,0.0,True,train
2025-12-08 10:21:00+00:00,sushiswap_v2,0xceff51756c56ceffca006cd410b03ffc46dd3a58,29.05512213359032,163.1017704,4738.941859176806,0,0.0,0.0,True,train
2025-12-08 10:21:00+00:00,uniswap_v2,0xbb2b8038a1640196fbe3e38816f3e67cba72d940,29.048766535364358,73.21928088,2126.9297961703874,0,0.0,0.0,True,train
2025-12-08 10:22:00+00:00,sushiswap_v2,0xceff51756c56ceffca006cd410b03ffc46dd3a58,29.05512213359032,163.1017704,4738.941859176806,0,0.0,0.0,True,train
2025-12-08 10:22:00+00:00,uniswap_v2,0xbb2b8038a1640196fbe3e38816f3e67cba72d940,29.048766535364358,73.21928088,2126.9297961703874,0,0.0,0.0,True,train
2025-12-08 10:23:00+00:00,sushiswap_v2,0xceff51756c56ceffca006cd410b03ffc46dd3a58,29.05512213359032,163.1017704,4738.941859176806,0,0.0,0.0,True,train
2025-12-08 10:23:00+00:00,uniswap_v2,0xbb2b8038a1640196fbe3e38816f3e67cba72d940,29.048766535364358,73.21928088,2126.9297961703874,0,0.0,0.0,True,train
2025-12-08 10:24:00+00:00,sushiswap_v2,0xceff51756c56ceffca006cd410b03ffc46dd3a58,29.05512213359032,163.1017704,4738.941859176806,0,0.0,0.0,True,train
2025-12-08 10:24:00+00:00,uniswap_v2,0xbb2b8038a1640196fbe3e38816f3e67cba72d940,29.048766535364358,73.21928088,2126.9297961703874,0,0.0,0.0,True,train
2025-12-08 10:25:00+00:00,sushiswap_v2,0xceff51756c56ceffca006cd410b03ffc46dd3a58,29.05512213359032,163.1017704,4738.941859176806,0,0.0,0.0,True,train
2025-12-08 10:25:00+00:00,uniswap_v2,0xbb2b8038a1640196fbe3e38816f3e67cba72d940,29.048766535364358,73.21928088,2126.9297961703874,0,0.0,0.0,True,train
2025-12-08 10:26:00+00:00,sushiswap_v2,0xceff51756c56ceffca006cd410b03ffc46dd3a58,29.05512213359032,163.1017704,4738.941859176806,0,0.0,0.0,True,train
2025-12-08 10:26:00+00:00,uniswap_v2,0xbb2b8038a1640196fbe3e38816f3e67cba72d940,29.048766535364358,73.21928088,2126.9297961703874,0,0.0,0.0,True,train
2025-12-08 10:27:00+00:00,sushiswap_v2,0xceff51756c56ceffca006cd410b03ffc46dd3a58,29.05512213359032,163.1017704,4738.941859176806,0,0.0,0.0,True,train
2025-12-08 10:27:00+00:00,uniswap_v2,0xbb2b8038a1640196fbe3e38816f3e67cba72d940,29.048766535364358,73.21928088,2126.9297961703874,0,0.0,0.0,True,train
2025-12-08 10:28:00+00:00,sushiswap_v2,0xceff51756c56ceffca006cd410b03ffc46dd3a58,29.05512213359032,163.1017704,4738.941859176806,0,0.0,0.0,True,train
2025-12-08 10:28:00+00:00,uniswap_v2,0xbb2b8038a1640196fbe3e38816f3e67cba72d940,29.048766535364358,73.21928088,2126.9297961703874,0,0.0,0.0,True,train
2025-12-08 10:29:00+00:00,sushiswap_v2,0xceff51756c56ceffca006cd410b03ffc46dd3a58,29.05512213359032,163.1017704,4738.941859176806,0,0.0,0.0,True,train
2025-12-08 10:29:00+00:00,uniswap_v2,0xbb2b8038a1640196fbe3e38816f3e67cba72d940,29.048766535364358,73.21928088,2126.9297961703874,0,0.0,0.0,True,train
2025-12-08 10:30:00+00:00,sushiswap_v2,0xceff51756c56ceffca006cd410b03ffc46dd3a58,29.05512213359032,163.1017704,4738.941859176806,0,0.0,0.0,True,train
2025-12-08 10:30:00+00:00,uniswap_v2,0xbb2b8038a1640196fbe3e38816f3e67cba72d940,29.048766535364358,73.21928088,2126.9297961703874,0,0.0,0.0,True,train
2025-12-08 10:31:00+00:00,sushiswap_v2,0xceff51756c56ceffca006cd410b03ffc46dd3a58,29.05512213359032,163.1017704,4738.941859176806,0,0.0,0.0,True,train
2025-12-08 10:31:00+00:00,uniswap_v2,0xbb2b8038a1640196fbe3e38816f3e67cba72d940,29.048766535364358,73.21928088,2126.9297961703874,0,0.0,0.0,True,train
2025-12-08 10:32:00+00:00,sushiswap_v2,0xceff51756c56ceffca006cd410b03ffc46dd3a58,29.05512213359032,163.1017704,4738.941859176806,0,0.0,0.0,True,train
2025-12-08 10:32:00+00:00,uniswap_v2,0xbb2b8038a1640196fbe3e38816f3e67cba72d940,29.048766535364358,73.21928088,2126.9297961703874,0,0.0,0.0,True,train
2025-12-08 10:33:00+00:00,sushiswap_v2,0xceff51756c56ceffca006cd410b03ffc46dd3a58,29.05512213359032,163.1017704,4738.941859176806,0,0.0,0.0,True,train
2025-12-08 10:33:00+00:00,uniswap_v2,0xbb2b8038a1640196fbe3e38816f3e67cba72d940,29.048766535364358,73.21928088,2126.9297961703874,0,0.0,0.0,True,train
2025-12-08 10:34:00+00:00,sushiswap_v2,0xceff51756c56ceffca006cd410b03ffc46dd3a58,29.05512213359032,163.1017704,4738.941859176806,0,0.0,0.0,True,train
2025-12-08 10:34:00+00:00,uniswap_v2,0xbb2b8038a1640196fbe3e38816f3e67cba72d940,29.048766535364358,73.21928088,2126.9297961703874,0,0.0,0.0,True,train
2025-12-08 10:35:00+00:00,sushiswap_v2,0xceff51756c56ceffca006cd410b03ffc46dd3a58,29.05512213359032,163.1017704,4738.941859176806,0,0.0,0.0,True,train
2025-12-08 10:35:00+00:00,uniswap_v2,0xbb2b8038a1640196fbe3e38816f3e67cba72d940,29.048766535364358,73.21928088,2126.9297961703874,0,0.0,0.0,True,train
2025-12-08 10:36:00+00:00,sushiswap_v2,0xceff51756c56ceffca006cd410b03ffc46dd3a58,29.05512213359032,163.1017704,4738.941859176806,0,0.0,0.0,True,train
2025-12-08 10:36:00+00:00,uniswap_v2,0xbb2b8038a1640196fbe3e38816f3e67cba72d940,29.048766535364358,73.21928088,2126.9297961703874,0,0.0,0.0,True,train
2025-12-08 10:37:00+00:00,sushiswap_v2,0xceff51756c56ceffca006cd410b03ffc46dd3a58,29.05512213359032,163.1017704,4738.941859176806,0,0.0,0.0,True,train
2025-12-08 10:37:00+00:00,uniswap_v2,0xbb2b8038a1640196fbe3e38816f3e67cba72d940,29.048766535364358,73.21928088,2126.9297961703874,0,0.0,0.0,True,train
2025-12-08 10:38:00+00:00,sushiswap_v2,0xceff51756c56ceffca006cd410b03ffc46dd3a58,29.05512213359032,163.1017704,4738.941859176806,0,0.0,0.0,True,train
2025-12-08 10:38:00+00:00,uniswap_v2,0xbb2b8038a1640196fbe3e38816f3e67cba72d940,29.048766535364358,73.21928088,2126.9297961703874,0,0.0,0.0,True,train
2025-12-08 10:39:00+00:00,sushiswap_v2,0xceff51756c56ceffca006cd410b03ffc46dd3a58,29.05512213359032,163.1017704,4738.941859176806,0,0.0,0.0,True,train
2025-12-08 10:39:00+00:00,uniswap_v2,0xbb2b8038a1640196fbe3e38816f3e67cba72d940,29.048766535364358,73.21928088,2126.9297961703874,0,0.0,0.0,True,train
2025-12-08 10:40:00+00:00,sushiswap_v2,0xceff51756c56ceffca006cd410b03ffc46dd3a58,29.05512213359032,163.1017704,4738.941859176806,0,0.0,0.0,True,train
2025-12-08 10:40:00+00:00,uniswap_v2,0xbb2b8038a1640196fbe3e38816f3e67cba72d940,29.048766535364358,73.21928088,2126.9297961703874,0,0.0,0.0,True,train
2025-12-08 10:41:00+00:00,sushiswap_v2,0xceff51756c56ceffca006cd410b03ffc46dd3a58,29.05512213359032,163.1017704,4738.941859176806,0,0.0,0.0,True,train
2025-12-08 10:41:00+00:00,uniswap_v2,0xbb2b8038a1640196fbe3e38816f3e67cba72d940,29.048766535364358,73.21928088,2126.9297961703874,0,0.0,0.0,True,train
2025-12-08 10:42:00+00:00,sushiswap_v2,0xceff51756c56ceffca006cd410b03ffc46dd3a58,29.05512213359032,163.1017704,4738.941859176806,0,0.0,0.0,True,train
2025-12-08 10:42:00+00:00,uniswap_v2,0xbb2b8038a1640196fbe3e38816f3e67cba72d940,29.048766535364358,73.21928088,2126.9297961703874,0,0.0,0.0,True,train
2025-12-08 10:43:00+00:00,sushiswap_v2,0xceff51756c56ceffca006cd410b03ffc46dd3a58,29.05512213359032,163.1017704,4738.941859176806,0,0.0,0.0,True,train
2025-12-08 10:43:00+00:00,uniswap_v2,0xbb2b8038a1640196fbe3e38816f3e67cba72d940,29.048766535364358,73.21928088,2126.9297961703874,0,0.0,0.0,True,train
2025-12-08 10:44:00+00:00,sushiswap_v2,0xceff51756c56ceffca006cd410b03ffc46dd3a58,29.05512213359032,163.1017704,4738.941859176806,0,0.0,0.0,True,train
2025-12-08 10:44:00+00:00,uniswap_v2,0xbb2b8038a1640196fbe3e38816f3e67cba72d940,29.05735855267436,73.20847118,2127.2447961703874,1,0.0108097,0.315,False,train
2025-12-08 10:45:00+00:00,sushiswap_v2,0xceff51756c56ceffca006cd410b03ffc46dd3a58,29.05512213359032,163.1017704,4738.941859176806,0,0.0,0.0,True,train
2025-12-08 10:45:00+00:00,uniswap_v2,0xbb2b8038a1640196fbe3e38816f3e67cba72d940,29.05735855267436,73.20847118,2127.2447961703874,0,0.0,0.0,False,train
2025-12-08 10:46:00+00:00,sushiswap_v2,0xceff51756c56ceffca006cd410b03ffc46dd3a58,29.05512213359032,163.1017704,4738.941859176806,0,0.0,0.0,True,train
2025-12-08 10:46:00+00:00,uniswap_v2,0xbb2b8038a1640196fbe3e38816f3e67cba72d940,29.05735855267436,73.20847118,2127.2447961703874,0,0.0,0.0,False,train
2025-12-08 10:47:00+00:00,sushiswap_v2,0xceff51756c56ceffca006cd410b03ffc46dd3a58,29.05512213359032,163.1017704,4738.941859176806,0,0.0,0.0,True,train
2025-12-08 10:47:00+00:00,uniswap_v2,0xbb2b8038a1640196fbe3e38816f3e67cba72d940,29.05735855267436,73.20847118,2127.2447961703874,0,0.0,0.0,False,train
2025-12-08 10:48:00+00:00,sushiswap_v2,0xceff51756c56ceffca006cd410b03ffc46dd3a58,29.05512213359032,163.1017704,4738.941859176806,0,0.0,0.0,True,train
2025-12-08 10:48:00+00:00,uniswap_v2,0xbb2b8038a1640196fbe3e38816f3e67cba72d940,29.05735855267436,73.20847118,2127.2447961703874,0,0.0,0.0,False,train
2025-12-08 10:49:00+00:00,sushiswap_v2,0xceff51756c56ceffca006cd410b03ffc46dd3a58,29.05512213359032,163.1017704,4738.941859176806,0,0.0,0.0,True,train
2025-12-08 10:49:00+00:00,uniswap_v2,0xbb2b8038a1640196fbe3e38816f3e67cba72d940,29.05735855267436,73.20847118,2127.2447961703874,0,0.0,0.0,False,train
2025-12-08 10:50:00+00:00,sushiswap_v2,0xceff51756c56ceffca006cd410b03ffc46dd3a58,29.05512213359032,163.1017704,4738.941859176806,0,0.0,0.0,True,train
2025-12-08 10:50:00+00:00,uniswap_v2,0xbb2b8038a1640196fbe3e38816f3e67cba72d940,29.05735855267436,73.20847118,2127.2447961703874,0,0.0,0.0,False,train
2025-12-08 10:51:00+00:00,sushiswap_v2,0xceff51756c56ceffca006cd410b03ffc46dd3a58,29.05512213359032,163.1017704,4738.941859176806,0,0.0,0.0,True,train
2025-12-08 10:51:00+00:00,uniswap_v2,0xbb2b8038a1640196fbe3e38816f3e67cba72d940,29.05735855267436,73.20847118,2127.2447961703874,0,0.0,0.0,False,train
2025-12-08 10:52:00+00:00,sushiswap_v2,0xceff51756c56ceffca006cd410b03ffc46dd3a58,29.05512213359032,163.1017704,4738.941859176806,0,0.0,0.0,True,train
2025-12-08 10:52:00+00:00,uniswap_v2,0xbb2b8038a1640196fbe3e38816f3e67cba72d940,29.05735855267436,73.20847118,2127.2447961703874,0,0.0,0.0,False,train
2025-12-08 10:53:00+00:00,sushiswap_v2,0xceff51756c56ceffca006cd410b03ffc46dd3a58,29.05512213359032,163.1017704,4738.941859176806,0,0.0,0.0,True,train
2025-12-08 10:53:00+00:00,uniswap_v2,0xbb2b8038a1640196fbe3e38816f3e67cba72d940,29.05735855267436,73.20847118,2127.2447961703874,0,0.0,0.0,False,train
2025-12-08 10:54:00+00:00,sushiswap_v2,0xceff51756c56ceffca006cd410b03ffc46dd3a58,29.05512213359032,163.1017704,4738.941859176806,0,0.0,0.0,True,train
2025-12-08 10:54:00+00:00,uniswap_v2,0xbb2b8038a1640196fbe3e38816f3e67cba72d940,29.05735855267436,73.20847118,2127.2447961703874,0,0.0,0.0,False,train
2025-12-08 10:55:00+00:00,sushiswap_v2,0xceff51756c56ceffca006cd410b03ffc46dd3a58,29.05512213359032,163.1017704,4738.941859176806,0,0.0,0.0,True,train
2025-12-08 10:55:00+00:00,uniswap_v2,0xbb2b8038a1640196fbe3e38816f3e67cba72d940,29.05735855267436,73.20847118,2127.2447961703874,0,0.0,0.0,False,train
2025-12-08 10:56:00+00:00,sushiswap_v2,0xceff51756c56ceffca006cd410b03ffc46dd3a58,29.05512213359032,163.1017704,4738.941859176806,0,0.0,0.0,True,train
2025-12-08 10:56:00+00:00,uniswap_v2,0xbb2b8038a1640196fbe3e38816f3e67cba72d940,29.05735855267436,73.20847118,2127.2447961703874,0,0.0,0.0,False,train
2025-12-08 10:57:00+00:00,sushiswap_v2,0xceff51756c56ceffca006cd410b03ffc46dd3a58,29.05512213359032,163.1017704,4738.941859176806,0,0.0,0.0,True,train
2025-12-08 10:57:00+00:00,uniswap_v2,0xbb2b8038a1640196fbe3e38816f3e67cba72d940,29.05735855267436,73.20847118,2127.2447961703874,0,0.0,0.0,False,train
2025-12-08 10:58:00+00:00,sushiswap_v2,0xceff51756c56ceffca006cd410b03ffc46dd3a58,29.05512213359032,163.1017704,4738.941859176806,0,0.0,0.0,True,train
2025-12-08 10:58:00+00:00,uniswap_v2,0xbb2b8038a1640196fbe3e38816f3e67cba72d940,29.05735855267436,73.20847118,2127.2447961703874,0,0.0,0.0,False,train
2025-12-08 10:59:00+00:00,sushiswap_v2,0xceff51756c56ceffca006cd410b03ffc46dd3a58,29.05512213359032,163.1017704,4738.941859176806,0,0.0,0.0,True,train
2025-12-08 10:59:00+00:00,uniswap_v2,0xbb2b8038a1640196fbe3e38816f3e67cba72d940,29.05735855267436,73.20847118,2127.2447961703874,0,0.0,0.0,False,train
2025-12-08 11:00:00+00:00,sushiswap_v2,0xceff51756c56ceffca006cd410b03ffc46dd3a58,29.05512213359032,163.1017704,4738.941859176806,0,0.0,0.0,True,train
2025-12-08 11:00:00+00:00,uniswap_v2,0xbb2b8038a1640196fbe3e38816f3e67cba72d940,29.05735855267436,73.20847118,2127.2447961703874,0,0.0,0.0,True,train
2025-12-08 11:01:00+00:00,sushiswap_v2,0xceff51756c56ceffca006cd410b03ffc46dd3a58,29.05512213359032,163.1017704,4738.941859176806,0,0.0,0.0,True,train
2025-12-08 11:01:00+00:00,uniswap_v2,0xbb2b8038a1640196fbe3e38816f3e67cba72d940,29.05735855267436,73.20847118,2127.2447961703874,0,0.0,0.0,True,train
2025-12-08 11:02:00+00:00,sushiswap_v2,0xceff51756c56ceffca006cd410b03ffc46dd3a58,29.05512213359032,163.1017704,4738.941859176806,0,0.0,0.0,True,train
2025-12-08 11:02:00+00:00,uniswap_v2,0xbb2b8038a1640196fbe3e38816f3e67cba72d940,29.05735855267436,73.20847118,2127.2447961703874,0,0.0,0.0,True,train
2025-12-08 11:03:00+00:00,sushiswap_v2,0xceff51756c56ceffca006cd410b03ffc46dd3a58,29.05512213359032,163.1017704,4738.941859176806,0,0.0,0.0,True,train
2025-12-08 11:03:00+00:00,uniswap_v2,0xbb2b8038a1640196fbe3e38816f3e67cba72d940,29.05735855267436,73.20847118,2127.2447961703874,0,0.0,0.0,True,train
2025-12-08 11:04:00+00:00,sushiswap_v2,0xceff51756c56ceffca006cd410b03ffc46dd3a58,29.05512213359032,163.1017704,4738.941859176806,0,0.0,0.0,True,train
2025-12-08 11:04:00+00:00,uniswap_v2,0xbb2b8038a1640196fbe3e38816f3e67cba72d940,29.05735855267436,73.20847118,2127.2447961703874,0,0.0,0.0,True,train
2025-12-08 11:05:00+00:00,sushiswap_v2,0xceff51756c56ceffca006cd410b03ffc46dd3a58,29.05512213359032,163.1017704,4738.941859176806,0,0.0,0.0,True,train
2025-12-08 11:05:00+00:00,uniswap_v2,0xbb2b8038a1640196fbe3e38816f3e67cba72d940,29.05735855267436,73.20847118,2127.2447961703874,0,0.0,0.0,True,train
2025-12-08 11:06:00+00:00,sushiswap_v2,0xceff51756c56ceffca006cd410b03ffc46dd3a58,29.05512213359032,163.1017704,4738.941859176806,0,0.0,0.0,True,train
2025-12-08 11:06:00+00:00,uniswap_v2,0xbb2b8038a1640196fbe3e38816f3e67cba72d940,29.05735855267436,73.20847118,2127.2447961703874,0,0.0,0.0,True,train
2025-12-08 11:07:00+00:00,sushiswap_v2,0xceff51756c56ceffca006cd410b03ffc46dd3a58,29.05512213359032,163.1017704,4738.941859176806,0,0.0,0.0,True,train
2025-12-08 11:07:00+00:00,uniswap_v2,0xbb2b8038a1640196fbe3e38816f3e67cba72d940,29.05735855267436,73.20847118,2127.2447961703874,0,0.0,0.0,True,train
2025-12-08 11:08:00+00:00,sushiswap_v2,0xceff51756c56ceffca006cd410b03ffc46dd3a58,29.05512213359032,163.1017704,4738.941859176806,0,0.0,0.0,True,train
2025-12-08 11:08:00+00:00,uniswap_v2,0xbb2b8038a1640196fbe3e38816f3e67cba72d940,29.05735855267436,73.20847118,2127.2447961703874,0,0.0,0.0,True,train
2025-12-08 11:09:00+00:00,sushiswap_v2,0xceff51756c56ceffca006cd410b03ffc46dd3a58,29.05512213359032,163.1017704,4738.941859176806,0,0.0,0.0,True,train
2025-12-08 11:09:00+00:00,uniswap_v2,0xbb2b8038a1640196fbe3e38816f3e67cba72d940,29.05735855267436,73.20847118,2127.2447961703874,0,0.0,0.0,True,train
2025-12-08 11:10:00+00:00,sushiswap_v2,0xceff51756c56ceffca006cd410b03ffc46dd3a58,29.05512213359032,163.1017704,4738.941859176806,0,0.0,0.0,True,train
2025-12-08 11:10:00+00:00,uniswap_v2,0xbb2b8038a1640196fbe3e38816f3e67cba72d940,29.05735855267436,73.20847118,2127.2447961703874,0,0.0,0.0,True,train
2025-12-08 11:11:00+00:00,sushiswap_v2,0xceff51756c56ceffca006cd410b03ffc46dd3a58,29.05512213359032,163.1017704,4738.941859176806,0,0.0,0.0,True,train
2025-12-08 11:11:00+00:00,uniswap_v2,0xbb2b8038a1640196fbe3e38816f3e67cba72d940,29.05735855267436,73.20847118,2127.2447961703874,0,0.0,0.0,True,train
2025-12-08 11:12:00+00:00,sushiswap_v2,0xceff51756c56ceffca006cd410b03ffc46dd3a58,29.05512213359032,163.1017704,4738.941859176806,0,0.0,0.0,True,train
2025-12-08 11:12:00+00:00,uniswap_v2,0xbb2b8038a1640196fbe3e38816f3e67cba72d940,29.05735855267436,73.20847118,2127.2447961703874,0,0.0,0.0,True,train
2025-12-08 11:13:00+00:00,sushiswap_v2,0xceff51756c56ceffca006cd410b03ffc46dd3a58,29.05512213359032,163.1017704,4738.941859176806,0,0.0,0.0,True,train
2025-12-08 11:13:00+00:00,uniswap_v2,0xbb2b8038a1640196fbe3e38816f3e67cba72d940,29.05735855267436,73.20847118,2127.2447961703874,0,0.0,0.0,True,train
2025-12-08 11:14:00+00:00,sushiswap_v2,0xceff51756c56ceffca006cd410b03ffc46dd3a58,29.05512213359032,163.1017704,4738.941859176806,0,0.0,0.0,True,train
2025-12-08 11:14:00+00:00,uniswap_v2,0xbb2b8038a1640196fbe3e38816f3e67cba72d940,29.05735855267436,73.20847118,2127.2447961703874,0,0.0,0.0,True,train
2025-12-08 11:15:00+00:00,sushiswap_v2,0xceff51756c56ceffca006cd410b03ffc46dd3a58,29.05512213359032,163.1017704,4738.941859176806,0,0.0,0.0,True,train
2025-12-08 11:15:00+00:00,uniswap_v2,0xbb2b8038a1640196fbe3e38816f3e67cba72d940,29.05735855267436,73.20847118,2127.2447961703874,0,0.0,0.0,True,train
2025-12-08 11:16:00+00:00,sushiswap_v2,0xceff51756c56ceffca006cd410b03ffc46dd3a58,29.05512213359032,163.1017704,4738.941859176806,0,0.0,0.0,True,train
2025-12-08 11:16:00+00:00,uniswap_v2,0xbb2b8038a1640196fbe3e38816f3e67cba72d940,29.05735855267436,73.20847118,2127.2447961703874,0,0.0,0.0,True,train
2025-12-08 11:17:00+00:00,sushiswap_v2,0xceff51756c56ceffca006cd410b03ffc46dd3a58,29.05512213359032,163.1017704,4738.941859176806,0,0.0,0.0,True,train
2025-12-08 11:17:00+00:00,uniswap_v2,0xbb2b8038a1640196fbe3e38816f3e67cba72d940,29.05735855267436,73.20847118,2127.2447961703874,0,0.0,0.0,True,train
2025-12-08 11:18:00+00:00,sushiswap_v2,0xceff51756c56ceffca006cd410b03ffc46dd3a58,29.05512213359032,163.1017704,4738.941859176806,0,0.0,0.0,True,train
2025-12-08 11:18:00+00:00,uniswap_v2,0xbb2b8038a1640196fbe3e38816f3e67cba72d940,29.05735855267436,73.20847118,2127.2447961703874,0,0.0,0.0,True,train
2025-12-08 11:19:00+00:00,sushiswap_v2,0xceff51756c56ceffca006cd410b03ffc46dd3a58,29.05512213359032,163.1017704,4738.941859176806,0,0.0,0.0,True,train
2025-12-08 11:19:00+00:00,uniswap_v2,0xbb2b8038a1640196fbe3e38816f3e67cba72d940,29.05735855267436,73.20847118,2127.2447961703874,0,0.0,0.0,True,train
2025-12-08 11:20:00+00:00,sushiswap_v2,0xceff51756c56ceffca006cd410b03ffc46dd3a58,29.05512213359032,163.1017704,4738.941859176806,0,0.0,0.0,True,train
2025-12-08 11:20:00+00:00,uniswap_v2,0xbb2b8038a1640196fbe3e38816f3e67cba72d940,29.05735855267436,73.20847118,2127.2447961703874,0,0.0,0.0,True,train
2025-12-08 11:21:00+00:00,sushiswap_v2,0xceff51756c56ceffca006cd410b03ffc46dd3a58,29.05512213359032,163.1017704,4738.941859176806,0,0.0,0.0,True,train
2025-12-08 11:21:00+00:00,uniswap_v2,0xbb2b8038a1640196fbe3e38816f3e67cba72d940,29.05735855267436,73.20847118,2127.2447961703874,0,0.0,0.0,True,train
2025-12-08 11:22:00+00:00,sushiswap_v2,0xceff51756c56ceffca006cd410b03ffc46dd3a58,29.05512213359032,163.1017704,4738.941859176806,0,0.0,0.0,True,train
2025-12-08 11:22:00+00:00,uniswap_v2,0xbb2b8038a1640196fbe3e38816f3e67cba72d940,29.05735855267436,73.20847118,2127.2447961703874,0,0.0,0.0,True,train
2025-12-08 11:23:00+00:00,sushiswap_v2,0xceff51756c56ceffca006cd410b03ffc46dd3a58,29.05512213359032,163.1017704,4738.941859176806,0,0.0,0.0,True,train
2025-12-08 11:23:00+00:00,uniswap_v2,0xbb2b8038a1640196fbe3e38816f3e67cba72d940,29.05735855267436,73.20847118,2127.2447961703874,0,0.0,0.0,True,train
2025-12-08 11:24:00+00:00,sushiswap_v2,0xceff51756c56ceffca006cd410b03ffc46dd3a58,29.05512213359032,163.1017704,4738.941859176806,0,0.0,0.0,True,train
2025-12-08 11:24:00+00:00,uniswap_v2,0xbb2b8038a1640196fbe3e38816f3e67cba72d940,29.05735855267436,73.20847118,2127.2447961703874,0,0.0,0.0,True,train
2025-12-08 11:25:00+00:00,sushiswap_v2,0xceff51756c56ceffca006cd410b03ffc46dd3a58,29.05512213359032,163.1017704,4738.941859176806,0,0.0,0.0,True,train
2025-12-08 11:25:00+00:00,uniswap_v2,0xbb2b8038a1640196fbe3e38816f3e67cba72d940,29.05735855267436,73.20847118,2127.2447961703874,0,0.0,0.0,True,train
2025-12-08 11:26:00+00:00,sushiswap_v2,0xceff51756c56ceffca006cd410b03ffc46dd3a58,29.05512213359032,163.1017704,4738.941859176806,0,0.0,0.0,True,train
2025-12-08 11:26:00+00:00,uniswap_v2,0xbb2b8038a1640196fbe3e38816f3e67cba72d940,29.05735855267436,73.20847118,2127.2447961703874,0,0.0,0.0,True,train
2025-12-08 11:27:00+00:00,sushiswap_v2,0xceff51756c56ceffca006cd410b03ffc46dd3a58,29.05512213359032,163.1017704,4738.941859176806,0,0.0,0.0,True,train
2025-12-08 11:27:00+00:00,uniswap_v2,0xbb2b8038a1640196fbe3e38816f3e67cba72d940,29.05735855267436,73.20847118,2127.2447961703874,0,0.0,0.0,True,train
2025-12-08 11:28:00+00:00,sushiswap_v2,0xceff51756c56ceffca006cd410b03ffc46dd3a58,29.05512213359032,163.1017704,4738.941859176806,0,0.0,0.0,True,train
2025-12-08 11:28:00+00:00,uniswap_v2,0xbb2b8038a1640196fbe3e38816f3e67cba72d940,29.05735855267436,73.20847118,2127.2447961703874,0,0.0,0.0,True,train
2025-12-08 11:29:00+00:00,sushiswap_v2,0xceff51756c56ceffca006cd410b03ffc46dd3a58,29.05512213359032,163.1017704,4738.941859176806,0,0.0,0.0,True,train
2025-12-08 11:29:00+00:00,uniswap_v2,0xbb2b8038a1640196fbe3e38816f3e67cba72d940,29.05735855267436,73.20847118,2127.2447961703874,0,0.0,0.0,True,train
2025-12-08 11:30:00+00:00,sushiswap_v2,0xceff51756c56ceffca006cd410b03ffc46dd3a58,29.05512213359032,163.1017704,4738.941859176806,0,0.0,0.0,True,train
2025-12-08 11:30:00+00:00,uniswap_v2,0xbb2b8038a1640196fbe3e38816f3e67cba72d940,29.05735855267436,73.20847118,2127.2447961703874,0,0.0,0.0,True,train
2025-12-08 11:31:00+00:00,sushiswap_v2,0xceff51756c56ceffca006cd410b03ffc46dd3a58,29.061594935881107,163.08363309,4739.470485533437,1,0.01813731,0.5286263566305409,False,train
2025-12-08 11:31:00+00:00,uniswap_v2,0xbb2b8038a1640196fbe3e38816f3e67cba72d940,29.05735855267436,73.20847118,2127.2447961703874,0,0.0,0.0,True,train
2025-12-08 11:32:00+00:00,sushiswap_v2,0xceff51756c56ceffca006cd410b03ffc46dd3a58,29.07974778423769,163.03270235,4740.949864920695,2,0.05083344,1.4822089306903887,False,train
2025-12-08 11:32:00+00:00,uniswap_v2,0xbb2b8038a1640196fbe3e38816f3e67cba72d940,29.079751680349286,73.18032067,2128.065552971932,2,0.02815051,0.8207568015445772,False,train
2025-12-08 11:33:00+00:00,sushiswap_v2,0xceff51756c56ceffca006cd410b03ffc46dd3a58,29.07974778423769,163.03270235,4740.949864920695,0,0.0,0.0,False,train
2025-12-08 11:33:00+00:00,uniswap_v2,0xbb2b8038a1640196fbe3e38816f3e67cba72d940,29.079751680349286,73.18032067,2128.065552971932,0,0.0,0.0,False,train
2025-12-08 11:34:00+00:00,sushiswap_v2,0xceff51756c56ceffca006cd410b03ffc46dd3a58,29.07974778423769,163.03270235,4740.949864920695,0,0.0,0.0,False,train
2025-12-08 11:34:00+00:00,uniswap_v2,0xbb2b8038a1640196fbe3e38816f3e67cba72d940,29.079751680349286,73.18032067,2128.065552971932,0,0.0,0.0,False,train
2025-12-08 11:35:00+00:00,sushiswap_v2,0xceff51756c56ceffca006cd410b03ffc46dd3a58,29.07974778423769,163.03270235,4740.949864920695,0,0.0,0.0,False,train
2025-12-08 11:35:00+00:00,uniswap_v2,0xbb2b8038a1640196fbe3e38816f3e67cba72d940,29.079751680349286,73.18032067,2128.065552971932,0,0.0,0.0,False,train
2025-12-08 11:36:00+00:00,sushiswap_v2,0xceff51756c56ceffca006cd410b03ffc46dd3a58,29.07974778423769,163.03270235,4740.949864920695,0,0.0,0.0,False,train
2025-12-08 11:36:00+00:00,uniswap_v2,0xbb2b8038a1640196fbe3e38816f3e67cba72d940,29.079751680349286,73.18032067,2128.065552971932,0,0.0,0.0,False,train
2025-12-08 11:37:00+00:00,sushiswap_v2,0xceff51756c56ceffca006cd410b03ffc46dd3a58,29.091217060458806,163.00060946,4741.886110787935,1,0.03209289,0.936245867239685,False,train
2025-12-08 11:37:00+00:00,uniswap_v2,0xbb2b8038a1640196fbe3e38816f3e67cba72d940,29.091217053819577,73.16592007,2128.485661698784,1,0.0144006,0.42010872685197315,False,train
2025-12-08 11:38:00+00:00,sushiswap_v2,0xceff51756c56ceffca006cd410b03ffc46dd3a58,29.10893134244632,162.95107929,4743.331779230136,2,0.04953017,1.4456684422006731,False,train
2025-12-08 11:38:00+00:00,uniswap_v2,0xbb2b8038a1640196fbe3e38816f3e67cba72d940,29.09864812498708,73.15659113,2128.7579033154207,1,0.00932894,0.2722416166368105,False,train
2025-12-08 11:39:00+00:00,sushiswap_v2,0xceff51756c56ceffca006cd410b03ffc46dd3a58,29.10893134244632,162.95107929,4743.331779230136,0,0.0,0.0,False,train
2025-12-08 11:39:00+00:00,uniswap_v2,0xbb2b8038a1640196fbe3e38816f3e67cba72d940,29.09864812498708,73.15659113,2128.7579033154207,0,0.0,0.0,False,train
2025-12-08 11:40:00+00:00,sushiswap_v2,0xceff51756c56ceffca006cd410b03ffc46dd3a58,29.10893134244632,162.95107929,4743.331779230136,0,0.0,0.0,False,train
2025-12-08 11:40:00+00:00,uniswap_v2,0xbb2b8038a1640196fbe3e38816f3e67cba72d940,29.09864812498708,73.15659113,2128.7579033154207,0,0.0,0.0,False,train
2025-12-08 11:41:00+00:00,sushiswap_v2,0xceff51756c56ceffca006cd410b03ffc46dd3a58,29.10893134244632,162.95107929,4743.331779230136,0,0.0,0.0,False,train
2025-12-08 11:41:00+00:00,uniswap_v2,0xbb2b8038a1640196fbe3e38816f3e67cba72d940,29.09864812498708,73.15659113,2128.7579033154207,0,0.0,0.0,False,train
2025-12-08 11:42:00+00:00,sushiswap_v2,0xceff51756c56ceffca006cd410b03ffc46dd3a58,29.10893134244632,162.95107929,4743.331779230136,0,0.0,0.0,False,train
2025-12-08 11:42:00+00:00,uniswap_v2,0xbb2b8038a1640196fbe3e38816f3e67cba72d940,29.108171349199342,73.14464093,2129.1067414660993,1,0.0119502,0.348838150678267,False,train
2025-12-08 11:43:00+00:00,sushiswap_v2,0xceff51756c56ceffca006cd410b03ffc46dd3a58,29.10893134244632,162.95107929,4743.331779230136,0,0.0,0.0,False,train
2025-12-08 11:43:00+00:00,uniswap_v2,0xbb2b8038a1640196fbe3e38816f3e67cba72d940,29.108171349199342,73.14464093,2129.1067414660993,0,0.0,0.0,False,train
2025-12-08 11:44:00+00:00,sushiswap_v2,0xceff51756c56ceffca006cd410b03ffc46dd3a58,29.10893134244632,162.95107929,4743.331779230136,0,0.0,0.0,False,train
2025-12-08 11:44:00+00:00,uniswap_v2,0xbb2b8038a1640196fbe3e38816f3e67cba72d940,29.108171349199342,73.14464093,2129.1067414660993,0,0.0,0.0,False,train
2025-12-08 11:45:00+00:00,sushiswap_v2,0xceff51756c56ceffca006cd410b03ffc46dd3a58,29.124833368671126,162.90665482,4744.629176280125,2,0.04442447,1.2973970499897907,False,train
2025-12-08 11:45:00+00:00,uniswap_v2,0xbb2b8038a1640196fbe3e38816f3e67cba72d940,29.117619371863945,73.13279091,2129.4527693194914,1,0.01185002,0.34602785339222086,False,train
2025-12-08 11:46:00+00:00,sushiswap_v2,0xceff51756c56ceffca006cd410b03ffc46dd3a58,29.14193733027037,162.8589131,4746.024239236148,2,0.04774172,1.3950629560227492,False,train
2025-12-08 11:46:00+00:00,uniswap_v2,0xbb2b8038a1640196fbe3e38816f3e67cba72d940,29.141947657501646,73.10230403,2130.3435176850317,2,0.03048688,0.8907483655402524,False,train
2025-12-08 11:47:00+00:00,sushiswap_v2,0xceff51756c56ceffca006cd410b03ffc46dd3a58,29.156885146576,162.81722414,4747.243104134302,1,0.04168896,1.2188648981530166,False,train
2025-12-08 11:47:00+00:00,uniswap_v2,0xbb2b8038a1640196fbe3e38816f3e67cba72d940,29.156885116398314,73.08360412,2130.8902492191746,1,0.01869991,0.5467315341430513,False,train
2025-12-08 11:48:00+00:00,sushiswap_v2,0xceff51756c56ceffca006cd410b03ffc46dd3a58,29.156885146576,162.81722414,4747.243104134302,0,0.0,0.0,False,train
2025-12-08 11:48:00+00:00,uniswap_v2,0xbb2b8038a1640196fbe3e38816f3e67cba72d940,29.156885116398314,73.08360412,2130.8902492191746,0,0.0,0.0,False,train
2025-12-08 11:49:00+00:00,sushiswap_v2,0xceff51756c56ceffca006cd410b03ffc46dd3a58,29.156885146576,162.81722414,4747.243104134302,0,0.0,0.0,False,train
2025-12-08 11:49:00+00:00,uniswap_v2,0xbb2b8038a1640196fbe3e38816f3e67cba72d940,29.156885116398314,73.08360412,2130.8902492191746,0,0.0,0.0,False,train
2025-12-08 11:50:00+00:00,sushiswap_v2,0xceff51756c56ceffca006cd410b03ffc46dd3a58,29.156885146576,162.81722414,4747.243104134302,0,0.0,0.0,False,train
2025-12-08 11:50:00+00:00,uniswap_v2,0xbb2b8038a1640196fbe3e38816f3e67cba72d940,29.156885116398314,73.08360412,2130.8902492191746,0,0.0,0.0,False,train
2025-12-08 11:51:00+00:00,sushiswap_v2,0xceff51756c56ceffca006cd410b03ffc46dd3a58,29.156885146576,162.81722414,4747.243104134302,0,0.0,0.0,False,train
2025-12-08 11:51:00+00:00,uniswap_v2,0xbb2b8038a1640196fbe3e38816f3e67cba72d940,29.156885116398314,73.08360412,2130.8902492191746,0,0.0,0.0,False,train
2025-12-08 11:52:00+00:00,sushiswap_v2,0xceff51756c56ceffca006cd410b03ffc46dd3a58,29.156885146576,162.81722414,4747.243104134302,0,0.0,0.0,False,train
2025-12-08 11:52:00+00:00,uniswap_v2,0xbb2b8038a1640196fbe3e38816f3e67cba72d940,29.156885116398314,73.08360412,2130.8902492191746,0,0.0,0.0,False,train
2025-12-08 11:53:00+00:00,sushiswap_v2,0xceff51756c56ceffca006cd410b03ffc46dd3a58,29.156885146576,162.81722414,4747.243104134302,0,0.0,0.0,False,train
2025-12-08 11:53:00+00:00,uniswap_v2,0xbb2b8038a1640196fbe3e38816f3e67cba72d940,29.156885116398314,73.08360412,2130.8902492191746,0,0.0,0.0,False,train
2025-12-08 11:54:00+00:00,sushiswap_v2,0xceff51756c56ceffca006cd410b03ffc46dd3a58,29.156885146576,162.81722414,4747.243104134302,0,0.0,0.0,False,train
2025-12-08 11:54:00+00:00,uniswap_v2,0xbb2b8038a1640196fbe3e38816f3e67cba72d940,29.156885116398314,73.08360412,2130.8902492191746,0,0.0,0.0,False,train
2025-12-08 11:55:00+00:00,sushiswap_v2,0xceff51756c56ceffca006cd410b03ffc46dd3a58,29.156885146576,162.81722414,4747.243104134302,0,0.0,0.0,False,train
2025-12-08 11:55:00+00:00,uniswap_v2,0xbb2b8038a1640196fbe3e38816f3e67cba72d940,29.156885116398314,73.08360412,2130.8902492191746,0,0.0,0.0,False,train
2025-12-08 11:56:00+00:00,sushiswap_v2,0xceff51756c56ceffca006cd410b03ffc46dd3a58,29.156885146576,162.81722414,4747.243104134302,0,0.0,0.0,False,train
2025-12-08 11:56:00+00:00,uniswap_v2,0xbb2b8038a1640196fbe3e38816f3e67cba72d940,29.156885116398314,73.08360412,2130.8902492191746,0,0.0,0.0,False,train
2025-12-08 11:57:00+00:00,sushiswap_v2,0xceff51756c56ceffca006cd410b03ffc46dd3a58,29.156885146576,162.81722414,4747.243104134302,0,0.0,0.0,False,train
2025-12-08 11:57:00+00:00,uniswap_v2,0xbb2b8038a1640196fbe3e38816f3e67cba72d940,29.156885116398314,73.08360412,2130.8902492191746,0,0.0,0.0,False,train
2025-12-08 11:58:00+00:00,sushiswap_v2,0xceff51756c56ceffca006cd410b03ffc46dd3a58,29.156885146576,162.81722414,4747.243104134302,0,0.0,0.0,False,train
2025-12-08 11:58:00+00:00,uniswap_v2,0xbb2b8038a1640196fbe3e38816f3e67cba72d940,29.156885116398314,73.08360412,2130.8902492191746,0,0.0,0.0,False,train
2025-12-08 11:59:00+00:00,sushiswap_v2,0xceff51756c56ceffca006cd410b03ffc46dd3a58,29.156885146576,162.81722414,4747.243104134302,0,0.0,0.0,False,train
2025-12-08 11:59:00+00:00,uniswap_v2,0xbb2b8038a1640196fbe3e38816f3e67cba72d940,29.156885116398314,73.08360412,2130.8902492191746,0,0.0,0.0,False,train
2025-12-08 12:00:00+00:00,sushiswap_v2,0xceff51756c56ceffca006cd410b03ffc46dd3a58,29.17350114676047,162.77092026,4748.597628864367,1,0.04630388,1.3545247300666978,False,train
2025-12-08 12:00:00+00:00,uniswap_v2,0xbb2b8038a1640196fbe3e38816f3e67cba72d940,29.173501145216786,73.06281971,2131.4982544824525,1,0.02078441,0.6080052632777292,False,train
2025-12-08 12:01:00+00:00,sushiswap_v2,0xceff51756c56ceffca006cd410b03ffc46dd3a58,29.17350114676047,162.77092026,4748.597628864367,0,0.0,0.0,False,train
2025-12-08 12:01:00+00:00,uniswap_v2,0xbb2b8038a1640196fbe3e38816f3e67cba72d940,29.173501145216786,73.06281971,2131.4982544824525,0,0.0,0.0,False,train
2025-12-08 12:02:00+00:00,sushiswap_v2,0xceff51756c56ceffca006cd410b03ffc46dd3a58,29.17350114676047,162.77092026,4748.597628864367,0,0.0,0.0,False,train
2025-12-08 12:02:00+00:00,uniswap_v2,0xbb2b8038a1640196fbe3e38816f3e67cba72d940,29.173501145216786,73.06281971,2131.4982544824525,0,0.0,0.0,False,train
2025-12-08 12:03:00+00:00,sushiswap_v2,0xceff51756c56ceffca006cd410b03ffc46dd3a58,29.17350114676047,162.77092026,4748.597628864367,0,0.0,0.0,False,train
2025-12-08 12:03:00+00:00,uniswap_v2,0xbb2b8038a1640196fbe3e38816f3e67cba72d940,29.173501145216786,73.06281971,2131.4982544824525,0,0.0,0.0,False,train
2025-12-08 12:04:00+00:00,sushiswap_v2,0xceff51756c56ceffca006cd410b03ffc46dd3a58,29.17350114676047,162.77092026,4748.597628864367,0,0.0,0.0,False,train
2025-12-08 12:04:00+00:00,uniswap_v2,0xbb2b8038a1640196fbe3e38816f3e67cba72d940,29.173501145216786,73.06281971,2131.4982544824525,0,0.0,0.0,False,train
2025-12-08 12:05:00+00:00,sushiswap_v2,0xceff51756c56ceffca006cd410b03ffc46dd3a58,29.17350114676047,162.77092026,4748.597628864367,0,0.0,0.0,False,train
2025-12-08 12:05:00+00:00,uniswap_v2,0xbb2b8038a1640196fbe3e38816f3e67cba72d940,29.173501145216786,73.06281971,2131.4982544824525,0,0.0,0.0,False,train
2025-12-08 12:06:00+00:00,sushiswap_v2,0xceff51756c56ceffca006cd410b03ffc46dd3a58,29.17350114676047,162.77092026,4748.597628864367,0,0.0,0.0,False,train
2025-12-08 12:06:00+00:00,uniswap_v2,0xbb2b8038a1640196fbe3e38816f3e67cba72d940,29.173501145216786,73.06281971,2131.4982544824525,0,0.0,0.0,False,train
2025-12-08 12:07:00+00:00,sushiswap_v2,0xceff51756c56ceffca006cd410b03ffc46dd3a58,29.17350114676047,162.77092026,4748.597628864367,0,0.0,0.0,False,train
2025-12-08 12:07:00+00:00,uniswap_v2,0xbb2b8038a1640196fbe3e38816f3e67cba72d940,29.173501145216786,73.06281971,2131.4982544824525,0,0.0,0.0,False,train
2025-12-08 12:08:00+00:00,sushiswap_v2,0xceff51756c56ceffca006cd410b03ffc46dd3a58,29.17350114676047,162.77092026,4748.597628864367,0,0.0,0.0,False,train
2025-12-08 12:08:00+00:00,uniswap_v2,0xbb2b8038a1640196fbe3e38816f3e67cba72d940,29.173501145216786,73.06281971,2131.4982544824525,0,0.0,0.0,False,train
2025-12-08 12:09:00+00:00,sushiswap_v2,0xceff51756c56ceffca006cd410b03ffc46dd3a58,29.17350114676047,162.77092026,4748.597628864367,0,0.0,0.0,False,train
2025-12-08 12:09:00+00:00,uniswap_v2,0xbb2b8038a1640196fbe3e38816f3e67cba72d940,29.173501145216786,73.06281971,2131.4982544824525,0,0.0,0.0,False,train
2025-12-08 12:10:00+00:00,sushiswap_v2,0xceff51756c56ceffca006cd410b03ffc46dd3a58,29.17350114676047,162.77092026,4748.597628864367,0,0.0,0.0,False,train
2025-12-08 12:10:00+00:00,uniswap_v2,0xbb2b8038a1640196fbe3e38816f3e67cba72d940,29.173501145216786,73.06281971,2131.4982544824525,0,0.0,0.0,False,train
2025-12-08 12:11:00+00:00,sushiswap_v2,0xceff51756c56ceffca006cd410b03ffc46dd3a58,29.17350114676047,162.77092026,4748.597628864367,0,0.0,0.0,False,train
2025-12-08 12:11:00+00:00,uniswap_v2,0xbb2b8038a1640196fbe3e38816f3e67cba72d940,29.173501145216786,73.06281971,2131.4982544824525,0,0.0,0.0,False,train
2025-12-08 12:12:00+00:00,sushiswap_v2,0xceff51756c56ceffca006cd410b03ffc46dd3a58,29.17350114676047,162.77092026,4748.597628864367,0,0.0,0.0,False,train
2025-12-08 12:12:00+00:00,uniswap_v2,0xbb2b8038a1640196fbe3e38816f3e67cba72d940,29.173501145216786,73.06281971,2131.4982544824525,0,0.0,0.0,False,train
2025-12-08 12:13:00+00:00,sushiswap_v2,0xceff51756c56ceffca006cd410b03ffc46dd3a58,29.17350114676047,162.77092026,4748.597628864367,0,0.0,0.0,False,train
2025-12-08 12:13:00+00:00,uniswap_v2,0xbb2b8038a1640196fbe3e38816f3e67cba72d940,29.173501145216786,73.06281971,2131.4982544824525,0,0.0,0.0,False,train
2025-12-08 12:14:00+00:00,sushiswap_v2,0xceff51756c56ceffca006cd410b03ffc46dd3a58,29.17350114676047,162.77092026,4748.597628864367,0,0.0,0.0,False,train
2025-12-08 12:14:00+00:00,uniswap_v2,0xbb2b8038a1640196fbe3e38816f3e67cba72d940,29.173501145216786,73.06281971,2131.4982544824525,0,0.0,0.0,False,train
2025-12-08 12:15:00+00:00,sushiswap_v2,0xceff51756c56ceffca006cd410b03ffc46dd3a58,29.17350114676047,162.77092026,4748.597628864367,0,0.0,0.0,False,train
2025-12-08 12:15:00+00:00,uniswap_v2,0xbb2b8038a1640196fbe3e38816f3e67cba72d940,29.173501145216786,73.06281971,2131.4982544824525,0,0.0,0.0,False,train
2025-12-08 12:16:00+00:00,sushiswap_v2,0xceff51756c56ceffca006cd410b03ffc46dd3a58,29.17350114676047,162.77092026,4748.597628864367,0,0.0,0.0,True,train
2025-12-08 12:16:00+00:00,uniswap_v2,0xbb2b8038a1640196fbe3e38816f3e67cba72d940,29.173501145216786,73.06281971,2131.4982544824525,0,0.0,0.0,True,train
2025-12-08 12:17:00+00:00,sushiswap_v2,0xceff51756c56ceffca006cd410b03ffc46dd3a58,29.17350114676047,162.77092026,4748.597628864367,0,0.0,0.0,True,train
2025-12-08 12:17:00+00:00,uniswap_v2,0xbb2b8038a1640196fbe3e38816f3e67cba72d940,29.173501145216786,73.06281971,2131.4982544824525,0,0.0,0.0,True,train
2025-12-08 12:18:00+00:00,sushiswap_v2,0xceff51756c56ceffca006cd410b03ffc46dd3a58,29.17350114676047,162.77092026,4748.597628864367,0,0.0,0.0,True,train
2025-12-08 12:18:00+00:00,uniswap_v2,0xbb2b8038a1640196fbe3e38816f3e67cba72d940,29.173501145216786,73.06281971,2131.4982544824525,0,0.0,0.0,True,train
2025-12-08 12:19:00+00:00,sushiswap_v2,0xceff51756c56ceffca006cd410b03ffc46dd3a58,29.17350114676047,162.77092026,4748.597628864367,0,0.0,0.0,True,train
2025-12-08 12:19:00+00:00,uniswap_v2,0xbb2b8038a1640196fbe3e38816f3e67cba72d940,29.173501145216786,73.06281971,2131.4982544824525,0,0.0,0.0,True,train
2025-12-08 12:20:00+00:00,sushiswap_v2,0xceff51756c56ceffca006cd410b03ffc46dd3a58,29.17350114676047,162.77092026,4748.597628864367,0,0.0,0.0,True,train
2025-12-08 12:20:00+00:00,uniswap_v2,0xbb2b8038a1640196fbe3e38816f3e67cba72d940,29.173501145216786,73.06281971,2131.4982544824525,0,0.0,0.0,True,train
2025-12-08 12:21:00+00:00,sushiswap_v2,0xceff51756c56ceffca006cd410b03ffc46dd3a58,29.17350114676047,162.77092026,4748.597628864367,0,0.0,0.0,True,train
2025-12-08 12:21:00+00:00,uniswap_v2,0xbb2b8038a1640196fbe3e38816f3e67cba72d940,29.173501145216786,73.06281971,2131.4982544824525,0,0.0,0.0,True,train
2025-12-08 12:22:00+00:00,sushiswap_v2,0xceff51756c56ceffca006cd410b03ffc46dd3a58,29.17350114676047,162.77092026,4748.597628864367,0,0.0,0.0,True,train
2025-12-08 12:22:00+00:00,uniswap_v2,0xbb2b8038a1640196fbe3e38816f3e67cba72d940,29.173501145216786,73.06281971,2131.4982544824525,0,0.0,0.0,True,train
2025-12-08 12:23:00+00:00,sushiswap_v2,0xceff51756c56ceffca006cd410b03ffc46dd3a58,29.17350114676047,162.77092026,4748.597628864367,0,0.0,0.0,True,train
2025-12-08 12:23:00+00:00,uniswap_v2,0xbb2b8038a1640196fbe3e38816f3e67cba72d940,29.173501145216786,73.06281971,2131.4982544824525,0,0.0,0.0,True,train
2025-12-08 12:24:00+00:00,sushiswap_v2,0xceff51756c56ceffca006cd410b03ffc46dd3a58,29.17350114676047,162.77092026,4748.597628864367,0,0.0,0.0,True,train
2025-12-08 12:24:00+00:00,uniswap_v2,0xbb2b8038a1640196fbe3e38816f3e67cba72d940,29.173501145216786,73.06281971,2131.4982544824525,0,0.0,0.0,True,train
2025-12-08 12:25:00+00:00,sushiswap_v2,0xceff51756c56ceffca006cd410b03ffc46dd3a58,29.17350114676047,162.77092026,4748.597628864367,0,0.0,0.0,True,train
2025-12-08 12:25:00+00:00,uniswap_v2,0xbb2b8038a1640196fbe3e38816f3e67cba72d940,29.173501145216786,73.06281971,2131.4982544824525,0,0.0,0.0,True,train
2025-12-08 12:26:00+00:00,sushiswap_v2,0xceff51756c56ceffca006cd410b03ffc46dd3a58,29.17350114676047,162.77092026,4748.597628864367,0,0.0,0.0,True,train
2025-12-08 12:26:00+00:00,uniswap_v2,0xbb2b8038a1640196fbe3e38816f3e67cba72d940,29.173501145216786,73.06281971,2131.4982544824525,0,0.0,0.0,True,train
2025-12-08 12:27:00+00:00,sushiswap_v2,0xceff51756c56ceffca006cd410b03ffc46dd3a58,29.17350114676047,162.77092026,4748.597628864367,0,0.0,0.0,True,train
2025-12-08 12:27:00+00:00,uniswap_v2,0xbb2b8038a1640196fbe3e38816f3e67cba72d940,29.173501145216786,73.06281971,2131.4982544824525,0,0.0,0.0,True,train
2025-12-08 12:28:00+00:00,sushiswap_v2,0xceff51756c56ceffca006cd410b03ffc46dd3a58,29.17350114676047,162.77092026,4748.597628864367,0,0.0,0.0,True,train
2025-12-08 12:28:00+00:00,uniswap_v2,0xbb2b8038a1640196fbe3e38816f3e67cba72d940,29.173501145216786,73.06281971,2131.4982544824525,0,0.0,0.0,True,train
2025-12-08 12:29:00+00:00,sushiswap_v2,0xceff51756c56ceffca006cd410b03ffc46dd3a58,29.17350114676047,162.77092026,4748.597628864367,0,0.0,0.0,True,train
2025-12-08 12:29:00+00:00,uniswap_v2,0xbb2b8038a1640196fbe3e38816f3e67cba72d940,29.173501145216786,73.06281971,2131.4982544824525,0,0.0,0.0,True,train
2025-12-08 12:30:00+00:00,sushiswap_v2,0xceff51756c56ceffca006cd410b03ffc46dd3a58,29.17350114676047,162.77092026,4748.597628864367,0,0.0,0.0,True,train
2025-12-08 12:30:00+00:00,uniswap_v2,0xbb2b8038a1640196fbe3e38816f3e67cba72d940,29.173501145216786,73.06281971,2131.4982544824525,0,0.0,0.0,True,train
2025-12-08 12:31:00+00:00,sushiswap_v2,0xceff51756c56ceffca006cd410b03ffc46dd3a58,29.17350114676047,162.77092026,4748.597628864367,0,0.0,0.0,True,train
2025-12-08 12:31:00+00:00,uniswap_v2,0xbb2b8038a1640196fbe3e38816f3e67cba72d940,29.173501145216786,73.06281971,2131.4982544824525,0,0.0,0.0,True,train
2025-12-08 12:32:00+00:00,sushiswap_v2,0xceff51756c56ceffca006cd410b03ffc46dd3a58,29.17350114676047,162.77092026,4748.597628864367,0,0.0,0.0,True,train
2025-12-08 12:32:00+00:00,uniswap_v2,0xbb2b8038a1640196fbe3e38816f3e67cba72d940,29.173501145216786,73.06281971,2131.4982544824525,0,0.0,0.0,True,train
2025-12-08 12:33:00+00:00,sushiswap_v2,0xceff51756c56ceffca006cd410b03ffc46dd3a58,29.17350114676047,162.77092026,4748.597628864367,0,0.0,0.0,True,train
2025-12-08 12:33:00+00:00,uniswap_v2,0xbb2b8038a1640196fbe3e38816f3e67cba72d940,29.173501145216786,73.06281971,2131.4982544824525,0,0.0,0.0,True,train
2025-12-08 12:34:00+00:00,sushiswap_v2,0xceff51756c56ceffca006cd410b03ffc46dd3a58,29.17706818409672,162.76098514,4748.888361140533,1,0.00993512,0.29073227616456654,False,train
2025-12-08 12:34:00+00:00,uniswap_v2,0xbb2b8038a1640196fbe3e38816f3e67cba72d940,29.185240440193997,73.04814614,2131.927708806329,1,0.01467358,0.4294543165033346,False,train
2025-12-08 12:35:00+00:00,sushiswap_v2,0xceff51756c56ceffca006cd410b03ffc46dd3a58,29.17706818409672,162.76098514,4748.888361140533,0,0.0,0.0,False,train
2025-12-08 12:35:00+00:00,uniswap_v2,0xbb2b8038a1640196fbe3e38816f3e67cba72d940,29.185240440193997,73.04814614,2131.927708806329,0,0.0,0.0,False,train
2025-12-08 12:36:00+00:00,sushiswap_v2,0xceff51756c56ceffca006cd410b03ffc46dd3a58,29.17706818409672,162.76098514,4748.888361140533,0,0.0,0.0,False,train
2025-12-08 12:36:00+00:00,uniswap_v2,0xbb2b8038a1640196fbe3e38816f3e67cba72d940,29.185240440193997,73.04814614,2131.927708806329,0,0.0,0.0,False,train
2025-12-08 12:37:00+00:00,sushiswap_v2,0xceff51756c56ceffca006cd410b03ffc46dd3a58,29.17706818409672,162.76098514,4748.888361140533,0,0.0,0.0,False,train
2025-12-08 12:37:00+00:00,uniswap_v2,0xbb2b8038a1640196fbe3e38816f3e67cba72d940,29.185240440193997,73.04814614,2131.927708806329,0,0.0,0.0,False,train
2025-12-08 12:38:00+00:00,sushiswap_v2,0xceff51756c56ceffca006cd410b03ffc46dd3a58,29.17706818409672,162.76098514,4748.888361140533,0,0.0,0.0,False,train
2025-12-08 12:38:00+00:00,uniswap_v2,0xbb2b8038a1640196fbe3e38816f3e67cba72d940,29.185240440193997,73.04814614,2131.927708806329,0,0.0,0.0,False,train
2025-12-08 12:39:00+00:00,sushiswap_v2,0xceff51756c56ceffca006cd410b03ffc46dd3a58,29.17706818409672,162.76098514,4748.888361140533,0,0.0,0.0,False,train
2025-12-08 12:39:00+00:00,uniswap_v2,0xbb2b8038a1640196fbe3e38816f3e67cba72d940,29.185240440193997,73.04814614,2131.927708806329,0,0.0,0.0,False,train
2025-12-08 12:40:00+00:00,sushiswap_v2,0xceff51756c56ceffca006cd410b03ffc46dd3a58,29.17706818409672,162.76098514,4748.888361140533,0,0.0,0.0,False,train
2025-12-08 12:40:00+00:00,uniswap_v2,0xbb2b8038a1640196fbe3e38816f3e67cba72d940,29.185240440193997,73.04814614,2131.927708806329,0,0.0,0.0,False,train
2025-12-08 12:41:00+00:00,sushiswap_v2,0xceff51756c56ceffca006cd410b03ffc46dd3a58,29.17706818409672,162.76098514,4748.888361140533,0,0.0,0.0,False,train
2025-12-08 12:41:00+00:00,uniswap_v2,0xbb2b8038a1640196fbe3e38816f3e67cba72d940,29.185240440193997,73.04814614,2131.927708806329,0,0.0,0.0,False,train
2025-12-08 12:42:00+00:00,sushiswap_v2,0xceff51756c56ceffca006cd410b03ffc46dd3a58,29.196108161788516,162.70798465,4750.439918628025,1,0.05300049,1.5515574874936968,False,train
2025-12-08 12:42:00+00:00,uniswap_v2,0xbb2b8038a1640196fbe3e38816f3e67cba72d940,29.196093769242005,73.03458785,2132.3246752665427,1,0.01355829,0.39696646021375187,False,train
2025-12-08 12:43:00+00:00,sushiswap_v2,0xceff51756c56ceffca006cd410b03ffc46dd3a58,29.210244010933604,162.66866901,4751.591514715893,1,0.03931564,1.151596087867185,False,train
2025-12-08 12:43:00+00:00,uniswap_v2,0xbb2b8038a1640196fbe3e38816f3e67cba72d940,29.208653780467912,73.01890695,2132.783972530752,1,0.0156809,0.45929726420959605,False,train
2025-12-08 12:44:00+00:00,sushiswap_v2,0xceff51756c56ceffca006cd410b03ffc46dd3a58,29.221429123225818,162.63758038,4752.502527847112,1,0.03108863,0.9110131312192264,False,train
2025-12-08 12:44:00+00:00,uniswap_v2,0xbb2b8038a1640196fbe3e38816f3e67cba72d940,29.225084243798477,72.99840913,2133.384656487518,1,0.02049782,0.600683956765532,False,train
2025-12-08 12:45:00+00:00,sushiswap_v2,0xceff51756c56ceffca006cd410b03ffc46dd3a58,29.221429123225818,162.63758038,4752.502527847112,0,0.0,0.0,False,train
2025-12-08 12:45:00+00:00,uniswap_v2,0xbb2b8038a1640196fbe3e38816f3e67cba72d940,29.225084243798477,72.99840913,2133.384656487518,0,0.0,0.0,False,train
2025-12-08 12:46:00+00:00,sushiswap_v2,0xceff51756c56ceffca006cd410b03ffc46dd3a58,29.227862136150456,162.61970813,4753.026409844665,1,0.01787225,0.5238819975533058,False,train
2025-12-08 12:46:00+00:00,uniswap_v2,0xbb2b8038a1640196fbe3e38816f3e67cba72d940,29.225084243798477,72.99840913,2133.384656487518,0,0.0,0.0,False,train
2025-12-08 12:47:00+00:00,sushiswap_v2,0xceff51756c56ceffca006cd410b03ffc46dd3a58,29.227862136150456,162.61970813,4753.026409844665,0,0.0,0.0,False,train
2025-12-08 12:47:00+00:00,uniswap_v2,0xbb2b8038a1640196fbe3e38816f3e67cba72d940,29.225084243798477,72.99840913,2133.384656487518,0,0.0,0.0,False,train
2025-12-08 12:48:00+00:00,sushiswap_v2,0xceff51756c56ceffca006cd410b03ffc46dd3a58,29.227862136150456,162.61970813,4753.026409844665,0,0.0,0.0,False,train
2025-12-08 12:48:00+00:00,uniswap_v2,0xbb2b8038a1640196fbe3e38816f3e67cba72d940,29.225084243798477,72.99840913,2133.384656487518,0,0.0,0.0,False,train
2025-12-08 12:49:00+00:00,sushiswap_v2,0xceff51756c56ceffca006cd410b03ffc46dd3a58,29.227862136150456,162.61970813,4753.026409844665,0,0.0,0.0,False,train
2025-12-08 12:49:00+00:00,uniswap_v2,0xbb2b8038a1640196fbe3e38816f3e67cba72d940,29.225084243798477,72.99840913,2133.384656487518,0,0.0,0.0,False,train
2025-12-08 12:50:00+00:00,sushiswap_v2,0xceff51756c56ceffca006cd410b03ffc46dd3a58,29.247207691649336,162.56599765,4754.601496869728,2,0.05371048,1.5750870250623854,False,train
2025-12-08 12:50:00+00:00,uniswap_v2,0xbb2b8038a1640196fbe3e38816f3e67cba72d940,29.250090199474787,72.9672461,2134.298530032275,2,0.03116303,0.9138735447565959,False,train
2025-12-08 12:51:00+00:00,sushiswap_v2,0xceff51756c56ceffca006cd410b03ffc46dd3a58,29.247207691649336,162.56599765,4754.601496869728,0,0.0,0.0,False,train
2025-12-08 12:51:00+00:00,uniswap_v2,0xbb2b8038a1640196fbe3e38816f3e67cba72d940,29.250090199474787,72.9672461,2134.298530032275,0,0.0,0.0,False,train
2025-12-08 12:52:00+00:00,sushiswap_v2,0xceff51756c56ceffca006cd410b03ffc46dd3a58,29.247207691649336,162.56599765,4754.601496869728,0,0.0,0.0,False,train
2025-12-08 12:52:00+00:00,uniswap_v2,0xbb2b8038a1640196fbe3e38816f3e67cba72d940,29.250090199474787,72.9672461,2134.298530032275,0,0.0,0.0,False,train
2025-12-08 12:53:00+00:00,sushiswap_v2,0xceff51756c56ceffca006cd410b03ffc46dd3a58,29.247207691649336,162.56599765,4754.601496869728,0,0.0,0.0,False,train
2025-12-08 12:53:00+00:00,uniswap_v2,0xbb2b8038a1640196fbe3e38816f3e67cba72d940,29.250090199474787,72.9672461,2134.298530032275,0,0.0,0.0,False,train
2025-12-08 12:54:00+00:00,sushiswap_v2,0xceff51756c56ceffca006cd410b03ffc46dd3a58,29.247207691649336,162.56599765,4754.601496869728,0,0.0,0.0,False,train
2025-12-08 12:54:00+00:00,uniswap_v2,0xbb2b8038a1640196fbe3e38816f3e67cba72d940,29.250090199474787,72.9672461,2134.298530032275,0,0.0,0.0,False,train
2025-12-08 12:55:00+00:00,sushiswap_v2,0xceff51756c56ceffca006cd410b03ffc46dd3a58,29.247207691649336,162.56599765,4754.601496869728,0,0.0,0.0,False,train
2025-12-08 12:55:00+00:00,uniswap_v2,0xbb2b8038a1640196fbe3e38816f3e67cba72d940,29.250090199474787,72.9672461,2134.298530032275,0,0.0,0.0,False,train
2025-12-08 12:56:00+00:00,sushiswap_v2,0xceff51756c56ceffca006cd410b03ffc46dd3a58,29.247207691649336,162.56599765,4754.601496869728,0,0.0,0.0,False,train
2025-12-08 12:56:00+00:00,uniswap_v2,0xbb2b8038a1640196fbe3e38816f3e67cba72d940,29.250090199474787,72.9672461,2134.298530032275,0,0.0,0.0,False,train
2025-12-08 12:57:00+00:00,sushiswap_v2,0xceff51756c56ceffca006cd410b03ffc46dd3a58,29.247207691649336,162.56599765,4754.601496869728,0,0.0,0.0,False,train
2025-12-08 12:57:00+00:00,uniswap_v2,0xbb2b8038a1640196fbe3e38816f3e67cba72d940,29.250090199474787,72.9672461,2134.298530032275,0,0.0,0.0,False,train
2025-12-08 12:58:00+00:00,sushiswap_v2,0xceff51756c56ceffca006cd410b03ffc46dd3a58,29.247207691649336,162.56599765,4754.601496869728,0,0.0,0.0,False,train
2025-12-08 12:58:00+00:00,uniswap_v2,0xbb2b8038a1640196fbe3e38816f3e67cba72d940,29.250090199474787,72.9672461,2134.298530032275,0,0.0,0.0,False,train
2025-12-08 12:59:00+00:00,sushiswap_v2,0xceff51756c56ceffca006cd410b03ffc46dd3a58,29.247207691649336,162.56599765,4754.601496869728,0,0.0,0.0,False,train
2025-12-08 12:59:00+00:00,uniswap_v2,0xbb2b8038a1640196fbe3e38816f3e67cba72d940,29.250090199474787,72.9672461,2134.298530032275,0,0.0,0.0,False,train
2025-12-08 13:00:00+00:00,sushiswap_v2,0xceff51756c56ceffca006cd410b03ffc46dd3a58,29.247207691649336,162.56599765,4754.601496869728,0,0.0,0.0,False,train
2025-12-08 13:00:00+00:00,uniswap_v2,0xbb2b8038a1640196fbe3e38816f3e67cba72d940,29.250090199474787,72.9672461,2134.298530032275,0,0.0,0.0,False,train
2025-12-08 13:01:00+00:00,sushiswap_v2,0xceff51756c56ceffca006cd410b03ffc46dd3a58,29.247207691649336,162.56599765,4754.601496869728,0,0.0,0.0,False,train
2025-12-08 13:01:00+00:00,uniswap_v2,0xbb2b8038a1640196fbe3e38816f3e67cba72d940,29.250090199474787,72.9672461,2134.298530032275,0,0.0,0.0,False,train
2025-12-08 13:02:00+00:00,sushiswap_v2,0xceff51756c56ceffca006cd410b03ffc46dd3a58,29.247207691649336,162.56599765,4754.601496869728,0,0.0,0.0,False,train
2025-12-08 13:02:00+00:00,uniswap_v2,0xbb2b8038a1640196fbe3e38816f3e67cba72d940,29.250090199474787,72.9672461,2134.298530032275,0,0.0,0.0,False,train
2025-12-08 13:03:00+00:00,sushiswap_v2,0xceff51756c56ceffca006cd410b03ffc46dd3a58,29.247207691649336,162.56599765,4754.601496869728,0,0.0,0.0,False,train
2025-12-08 13:03:00+00:00,uniswap_v2,0xbb2b8038a1640196fbe3e38816f3e67cba72d940,29.250090199474787,72.9672461,2134.298530032275,0,0.0,0.0,False,train
2025-12-08 13:04:00+00:00,sushiswap_v2,0xceff51756c56ceffca006cd410b03ffc46dd3a58,29.247207691649336,162.56599765,4754.601496869728,0,0.0,0.0,False,train
2025-12-08 13:04:00+00:00,uniswap_v2,0xbb2b8038a1640196fbe3e38816f3e67cba72d940,29.250090199474787,72.9672461,2134.298530032275,0,0.0,0.0,False,train
2025-12-08 13:05:00+00:00,sushiswap_v2,0xceff51756c56ceffca006cd410b03ffc46dd3a58,29.247207691649336,162.56599765,4754.601496869728,0,0.0,0.0,False,train
2025-12-08 13:05:00+00:00,uniswap_v2,0xbb2b8038a1640196fbe3e38816f3e67cba72d940,29.250090199474787,72.9672461,2134.298530032275,0,0.0,0.0,False,train
2025-12-08 13:06:00+00:00,sushiswap_v2,0xceff51756c56ceffca006cd410b03ffc46dd3a58,29.247207691649336,162.56599765,4754.601496869728,0,0.0,0.0,True,train
2025-12-08 13:06:00+00:00,uniswap_v2,0xbb2b8038a1640196fbe3e38816f3e67cba72d940,29.250090199474787,72.9672461,2134.298530032275,0,0.0,0.0,True,train
2025-12-08 13:07:00+00:00,sushiswap_v2,0xceff51756c56ceffca006cd410b03ffc46dd3a58,29.247207691649336,162.56599765,4754.601496869728,0,0.0,0.0,True,train
2025-12-08 13:07:00+00:00,uniswap_v2,0xbb2b8038a1640196fbe3e38816f3e67cba72d940,29.250090199474787,72.9672461,2134.298530032275,0,0.0,0.0,True,train
2025-12-08 13:08:00+00:00,sushiswap_v2,0xceff51756c56ceffca006cd410b03ffc46dd3a58,29.247207691649336,162.56599765,4754.601496869728,0,0.0,0.0,True,train
2025-12-08 13:08:00+00:00,uniswap_v2,0xbb2b8038a1640196fbe3e38816f3e67cba72d940,29.250090199474787,72.9672461,2134.298530032275,0,0.0,0.0,True,train
2025-12-08 13:09:00+00:00,sushiswap_v2,0xceff51756c56ceffca006cd410b03ffc46dd3a58,29.247207691649336,162.56599765,4754.601496869728,0,0.0,0.0,True,train
2025-12-08 13:09:00+00:00,uniswap_v2,0xbb2b8038a1640196fbe3e38816f3e67cba72d940,29.250090199474787,72.9672461,2134.298530032275,0,0.0,0.0,True,train
2025-12-08 13:10:00+00:00,sushiswap_v2,0xceff51756c56ceffca006cd410b03ffc46dd3a58,29.228398072275482,162.6183766,4753.074645132008,1,0.05237895,1.5268517377199897,False,train
2025-12-08 13:10:00+00:00,uniswap_v2,0xbb2b8038a1640196fbe3e38816f3e67cba72d940,29.230457672712944,72.99178288,2133.5832199296933,1,0.02453678,0.7153101025813441,False,train
2025-12-08 13:11:00+00:00,sushiswap_v2,0xceff51756c56ceffca006cd410b03ffc46dd3a58,29.21374033366121,162.65922894,4751.88447712671,2,0.04085234,1.1901680052979104,False,train
2025-12-08 13:11:00+00:00,uniswap_v2,0xbb2b8038a1640196fbe3e38816f3e67cba72d940,29.217312380118884,73.00822573,2133.1041374716433,2,0.016442850000000002,0.47908245804979716,False,train
2025-12-08 13:12:00+00:00,sushiswap_v2,0xceff51756c56ceffca006cd410b03ffc46dd3a58,29.21374033366121,162.65922894,4751.88447712671,0,0.0,0.0,False,train
2025-12-08 13:12:00+00:00,uniswap_v2,0xbb2b8038a1640196fbe3e38816f3e67cba72d940,29.217312380118884,73.00822573,2133.1041374716433,0,0.0,0.0,False,train
2025-12-08 13:13:00+00:00,sushiswap_v2,0xceff51756c56ceffca006cd410b03ffc46dd3a58,29.21374033366121,162.65922894,4751.88447712671,0,0.0,0.0,False,train
2025-12-08 13:13:00+00:00,uniswap_v2,0xbb2b8038a1640196fbe3e38816f3e67cba72d940,29.217312380118884,73.00822573,2133.1041374716433,0,0.0,0.0,False,train
2025-12-08 13:14:00+00:00,sushiswap_v2,0xceff51756c56ceffca006cd410b03ffc46dd3a58,29.21374033366121,162.65922894,4751.88447712671,0,0.0,0.0,False,train
2025-12-08 13:14:00+00:00,uniswap_v2,0xbb2b8038a1640196fbe3e38816f3e67cba72d940,29.217312380118884,73.00822573,2133.1041374716433,0,0.0,0.0,False,train
2025-12-08 13:15:00+00:00,sushiswap_v2,0xceff51756c56ceffca006cd410b03ffc46dd3a58,29.21374033366121,162.65922894,4751.88447712671,0,0.0,0.0,False,train
2025-12-08 13:15:00+00:00,uniswap_v2,0xbb2b8038a1640196fbe3e38816f3e67cba72d940,29.217312380118884,73.00822573,2133.1041374716433,0,0.0,0.0,False,train
2025-12-08 13:16:00+00:00,sushiswap_v2,0xceff51756c56ceffca006cd410b03ffc46dd3a58,29.199317610165416,162.69945631,4750.713099796922,2,0.04022737,1.1713773297887724,False,train
2025-12-08 13:16:00+00:00,uniswap_v2,0xbb2b8038a1640196fbe3e38816f3e67cba72d940,29.199351785693253,73.03070978,2132.4493860250886,2,0.02248405,0.6547514465549615,False,train
2025-12-08 13:17:00+00:00,sushiswap_v2,0xceff51756c56ceffca006cd410b03ffc46dd3a58,29.199317610165416,162.69945631,4750.713099796922,0,0.0,0.0,False,train
2025-12-08 13:17:00+00:00,uniswap_v2,0xbb2b8038a1640196fbe3e38816f3e67cba72d940,29.199351785693253,73.03070978,2132.4493860250886,0,0.0,0.0,False,train
2025-12-08 13:18:00+00:00,sushiswap_v2,0xceff51756c56ceffca006cd410b03ffc46dd3a58,29.199317610165416,162.69945631,4750.713099796922,0,0.0,0.0,False,train
2025-12-08 13:18:00+00:00,uniswap_v2,0xbb2b8038a1640196fbe3e38816f3e67cba72d940,29.199351785693253,73.03070978,2132.4493860250886,0,0.0,0.0,False,train
2025-12-08 13:19:00+00:00,sushiswap_v2,0xceff51756c56ceffca006cd410b03ffc46dd3a58,29.199317610165416,162.69945631,4750.713099796922,0,0.0,0.0,False,train
2025-12-08 13:19:00+00:00,uniswap_v2,0xbb2b8038a1640196fbe3e38816f3e67cba72d940,29.199351785693253,73.03070978,2132.4493860250886,0,0.0,0.0,False,train
2025-12-08 13:20:00+00:00,sushiswap_v2,0xceff51756c56ceffca006cd410b03ffc46dd3a58,29.199317610165416,162.69945631,4750.713099796922,0,0.0,0.0,False,train
2025-12-08 13:20:00+00:00,uniswap_v2,0xbb2b8038a1640196fbe3e38816f3e67cba72d940,29.199351785693253,73.03070978,2132.4493860250886,0,0.0,0.0,False,train
2025-12-08 13:21:00+00:00,sushiswap_v2,0xceff51756c56ceffca006cd410b03ffc46dd3a58,29.192642516594038,162.71808435,4750.170867414545,1,0.01862804,0.5422323823760401,False,train
2025-12-08 13:21:00+00:00,uniswap_v2,0xbb2b8038a1640196fbe3e38816f3e67cba72d940,29.199351785693253,73.03070978,2132.4493860250886,0,0.0,0.0,False,train
2025-12-08 13:22:00+00:00,sushiswap_v2,0xceff51756c56ceffca006cd410b03ffc46dd3a58,29.176312947574342,162.76368188,4748.844119030316,1,0.04559753,1.3267483842293648,False,train
2025-12-08 13:22:00+00:00,uniswap_v2,0xbb2b8038a1640196fbe3e38816f3e67cba72d940,29.176274540330176,73.05962961,2131.6078113161957,1,0.02891983,0.8415747088929175,False,train
2025-12-08 13:23:00+00:00,sushiswap_v2,0xceff51756c56ceffca006cd410b03ffc46dd3a58,29.176312947574342,162.76368188,4748.844119030316,0,0.0,0.0,False,train
2025-12-08 13:23:00+00:00,uniswap_v2,0xbb2b8038a1640196fbe3e38816f3e67cba72d940,29.176274540330176,73.05962961,2131.6078113161957,0,0.0,0.0,False,train
2025-12-08 13:24:00+00:00,sushiswap_v2,0xceff51756c56ceffca006cd410b03ffc46dd3a58,29.176312947574342,162.76368188,4748.844119030316,0,0.0,0.0,False,train
2025-12-08 13:24:00+00:00,uniswap_v2,0xbb2b8038a1640196fbe3e38816f3e67cba72d940,29.176274540330176,73.05962961,2131.6078113161957,0,0.0,0.0,False,train
2025-12-08 13:25:00+00:00,sushiswap_v2,0xceff51756c56ceffca006cd410b03ffc46dd3a58,29.176312947574342,162.76368188,4748.844119030316,0,0.0,0.0,False,train
2025-12-08 13:25:00+00:00,uniswap_v2,0xbb2b8038a1640196fbe3e38816f3e67cba72d940,29.176274540330176,73.05962961,2131.6078113161957,0,0.0,0.0,False,train
2025-12-08 13:26:00+00:00,sushiswap_v2,0xceff51756c56ceffca006cd410b03ffc46dd3a58,29.176312947574342,162.76368188,4748.844119030316,0,0.0,0.0,False,train
2025-12-08 13:26:00+00:00,uniswap_v2,0xbb2b8038a1640196fbe3e38816f3e67cba72d940,29.176274540330176,73.05962961,2131.6078113161957,0,0.0,0.0,False,train
2025-12-08 13:27:00+00:00,sushiswap_v2,0xceff51756c56ceffca006cd410b03ffc46dd3a58,29.176312947574342,162.76368188,4748.844119030316,0,0.0,0.0,False,train
2025-12-08 13:27:00+00:00,uniswap_v2,0xbb2b8038a1640196fbe3e38816f3e67cba72d940,29.176274540330176,73.05962961,2131.6078113161957,0,0.0,0.0,False,train
2025-12-08 13:28:00+00:00,sushiswap_v2,0xceff51756c56ceffca006cd410b03ffc46dd3a58,29.176312947574342,162.76368188,4748.844119030316,0,0.0,0.0,False,train
2025-12-08 13:28:00+00:00,uniswap_v2,0xbb2b8038a1640196fbe3e38816f3e67cba72d940,29.176274540330176,73.05962961,2131.6078113161957,0,0.0,0.0,False,train
2025-12-08 13:29:00+00:00,sushiswap_v2,0xceff51756c56ceffca006cd410b03ffc46dd3a58,29.176312947574342,162.76368188,4748.844119030316,0,0.0,0.0,False,train
2025-12-08 13:29:00+00:00,uniswap_v2,0xbb2b8038a1640196fbe3e38816f3e67cba72d940,29.176274540330176,73.05962961,2131.6078113161957,0,0.0,0.0,False,train
2025-12-08 13:30:00+00:00,sushiswap_v2,0xceff51756c56ceffca006cd410b03ffc46dd3a58,29.176312947574342,162.76368188,4748.844119030316,0,0.0,0.0,False,train
2025-12-08 13:30:00+00:00,uniswap_v2,0xbb2b8038a1640196fbe3e38816f3e67cba72d940,29.176274540330176,73.05962961,2131.6078113161957,0,0.0,0.0,False,train
2025-12-08 13:31:00+00:00,sushiswap_v2,0xceff51756c56ceffca006cd410b03ffc46dd3a58,29.176312947574342,162.76368188,4748.844119030316,0,0.0,0.0,False,train
2025-12-08 13:31:00+00:00,uniswap_v2,0xbb2b8038a1640196fbe3e38816f3e67cba72d940,29.176274540330176,73.05962961,2131.6078113161957,0,0.0,0.0,False,train
2025-12-08 13:32:00+00:00,sushiswap_v2,0xceff51756c56ceffca006cd410b03ffc46dd3a58,29.176312947574342,162.76368188,4748.844119030316,0,0.0,0.0,False,train
2025-12-08 13:32:00+00:00,uniswap_v2,0xbb2b8038a1640196fbe3e38816f3e67cba72d940,29.176274540330176,73.05962961,2131.6078113161957,0,0.0,0.0,False,train
2025-12-08 13:33:00+00:00,sushiswap_v2,0xceff51756c56ceffca006cd410b03ffc46dd3a58,29.176312947574342,162.76368188,4748.844119030316,0,0.0,0.0,False,train
2025-12-08 13:33:00+00:00,uniswap_v2,0xbb2b8038a1640196fbe3e38816f3e67cba72d940,29.176274540330176,73.05962961,2131.6078113161957,0,0.0,0.0,False,train
2025-12-08 13:34:00+00:00,sushiswap_v2,0xceff51756c56ceffca006cd410b03ffc46dd3a58,29.176312947574342,162.76368188,4748.844119030316,0,0.0,0.0,False,train
2025-12-08 13:34:00+00:00,uniswap_v2,0xbb2b8038a1640196fbe3e38816f3e67cba72d940,29.176274540330176,73.05962961,2131.6078113161957,0,0.0,0.0,False,train
2025-12-08 13:35:00+00:00,sushiswap_v2,0xceff51756c56ceffca006cd410b03ffc46dd3a58,29.176312947574342,162.76368188,4748.844119030316,0,0.0,0.0,False,train
2025-12-08 13:35:00+00:00,uniswap_v2,0xbb2b8038a1640196fbe3e38816f3e67cba72d940,29.176274540330176,73.05962961,2131.6078113161957,0,0.0,0.0,False,train
2025-12-08 13:36:00+00:00,sushiswap_v2,0xceff51756c56ceffca006cd410b03ffc46dd3a58,29.176312947574342,162.76368188,4748.844119030316,0,0.0,0.0,False,train
2025-12-08 13:36:00+00:00,uniswap_v2,0xbb2b8038a1640196fbe3e38816f3e67cba72d940,29.176274540330176,73.05962961,2131.6078113161957,0,0.0,0.0,False,train
2025-12-08 13:37:00+00:00,sushiswap_v2,0xceff51756c56ceffca006cd410b03ffc46dd3a58,29.176312947574342,162.76368188,4748.844119030316,0,0.0,0.0,False,train
2025-12-08 13:37:00+00:00,uniswap_v2,0xbb2b8038a1640196fbe3e38816f3e67cba72d940,29.176274540330176,73.05962961,2131.6078113161957,0,0.0,0.0,False,train
2025-12-08 13:38:00+00:00,sushiswap_v2,0xceff51756c56ceffca006cd410b03ffc46dd3a58,29.176312947574342,162.76368188,4748.844119030316,0,0.0,0.0,True,train
2025-12-08 13:38:00+00:00,uniswap_v2,0xbb2b8038a1640196fbe3e38816f3e67cba72d940,29.176274540330176,73.05962961,2131.6078113161957,0,0.0,0.0,True,train
2025-12-08 13:39:00+00:00,sushiswap_v2,0xceff51756c56ceffca006cd410b03ffc46dd3a58,29.176312947574342,162.76368188,4748.844119030316,0,0.0,0.0,True,train
2025-12-08 13:39:00+00:00,uniswap_v2,0xbb2b8038a1640196fbe3e38816f3e67cba72d940,29.176274540330176,73.05962961,2131.6078113161957,0,0.0,0.0,True,train
2025-12-08 13:40:00+00:00,sushiswap_v2,0xceff51756c56ceffca006cd410b03ffc46dd3a58,29.176312947574342,162.76368188,4748.844119030316,0,0.0,0.0,True,train
2025-12-08 13:40:00+00:00,uniswap_v2,0xbb2b8038a1640196fbe3e38816f3e67cba72d940,29.176274540330176,73.05962961,2131.6078113161957,0,0.0,0.0,True,train
2025-12-08 13:41:00+00:00,sushiswap_v2,0xceff51756c56ceffca006cd410b03ffc46dd3a58,29.176312947574342,162.76368188,4748.844119030316,0,0.0,0.0,True,train
2025-12-08 13:41:00+00:00,uniswap_v2,0xbb2b8038a1640196fbe3e38816f3e67cba72d940,29.176274540330176,73.05962961,2131.6078113161957,0,0.0,0.0,True,train
2025-12-08 13:42:00+00:00,sushiswap_v2,0xceff51756c56ceffca006cd410b03ffc46dd3a58,29.176312947574342,162.76368188,4748.844119030316,0,0.0,0.0,True,train
2025-12-08 13:42:00+00:00,uniswap_v2,0xbb2b8038a1640196fbe3e38816f3e67cba72d940,29.176274540330176,73.05962961,2131.6078113161957,0,0.0,0.0,True,train
2025-12-08 13:43:00+00:00,sushiswap_v2,0xceff51756c56ceffca006cd410b03ffc46dd3a58,29.169844184456338,162.78175539,4748.3184407985855,1,0.01807351,0.5256782317296691,False,train
2025-12-08 13:43:00+00:00,uniswap_v2,0xbb2b8038a1640196fbe3e38816f3e67cba72d940,29.167933981475045,73.07009024,2131.303568140744,1,0.01046063,0.30424317545165436,False,train
2025-12-08 13:44:00+00:00,sushiswap_v2,0xceff51756c56ceffca006cd410b03ffc46dd3a58,29.135831290276517,162.87688533,4745.553452060594,2,0.09512994,2.7649887379922453,False,train
2025-12-08 13:44:00+00:00,uniswap_v2,0xbb2b8038a1640196fbe3e38816f3e67cba72d940,29.135831256160024,73.11039502,2130.132132373922,2,0.04030478,1.1714357668216953,False,train
2025-12-08 13:45:00+00:00,sushiswap_v2,0xceff51756c56ceffca006cd410b03ffc46dd3a58,29.11264771257305,162.94182256,4743.667877833867,2,0.06493723,1.8855742267264493,False,train
2025-12-08 13:45:00+00:00,uniswap_v2,0xbb2b8038a1640196fbe3e38816f3e67cba72d940,29.112808525557767,73.13934098,2129.2916296362205,1,0.02894596,0.8405027377017378,False,train
2025-12-08 13:46:00+00:00,sushiswap_v2,0xceff51756c56ceffca006cd410b03ffc46dd3a58,29.106377592614567,162.95939851,4743.1577852974115,1,0.01757595,0.5100925364552309,False,train
2025-12-08 13:46:00+00:00,uniswap_v2,0xbb2b8038a1640196fbe3e38816f3e67cba72d940,29.112808525557767,73.13934098,2129.2916296362205,0,0.0,0.0,False,train
2025-12-08 13:47:00+00:00,sushiswap_v2,0xceff51756c56ceffca006cd410b03ffc46dd3a58,29.106377592614567,162.95939851,4743.1577852974115,0,0.0,0.0,False,train
2025-12-08 13:47:00+00:00,uniswap_v2,0xbb2b8038a1640196fbe3e38816f3e67cba72d940,29.112808525557767,73.13934098,2129.2916296362205,0,0.0,0.0,False,train
2025-12-08 13:48:00+00:00,sushiswap_v2,0xceff51756c56ceffca006cd410b03ffc46dd3a58,29.106377592614567,162.95939851,4743.1577852974115,0,0.0,0.0,False,train
2025-12-08 13:48:00+00:00,uniswap_v2,0xbb2b8038a1640196fbe3e38816f3e67cba72d940,29.112808525557767,73.13934098,2129.2916296362205,0,0.0,0.0,False,train
2025-12-08 13:49:00+00:00,sushiswap_v2,0xceff51756c56ceffca006cd410b03ffc46dd3a58,29.106377592614567,162.95939851,4743.1577852974115,0,0.0,0.0,False,train
2025-12-08 13:49:00+00:00,uniswap_v2,0xbb2b8038a1640196fbe3e38816f3e67cba72d940,29.112808525557767,73.13934098,2129.2916296362205,0,0.0,0.0,False,train
2025-12-08 13:50:00+00:00,sushiswap_v2,0xceff51756c56ceffca006cd410b03ffc46dd3a58,29.106377592614567,162.95939851,4743.1577852974115,0,0.0,0.0,False,train
2025-12-08 13:50:00+00:00,uniswap_v2,0xbb2b8038a1640196fbe3e38816f3e67cba72d940,29.112808525557767,73.13934098,2129.2916296362205,0,0.0,0.0,False,train
2025-12-08 13:51:00+00:00,sushiswap_v2,0xceff51756c56ceffca006cd410b03ffc46dd3a58,29.106377592614567,162.95939851,4743.1577852974115,0,0.0,0.0,False,train
2025-12-08 13:51:00+00:00,uniswap_v2,0xbb2b8038a1640196fbe3e38816f3e67cba72d940,29.112808525557767,73.13934098,2129.2916296362205,0,0.0,0.0,False,train
2025-12-08 13:52:00+00:00,sushiswap_v2,0xceff51756c56ceffca006cd410b03ffc46dd3a58,29.106377592614567,162.95939851,4743.1577852974115,0,0.0,0.0,False,train
2025-12-08 13:52:00+00:00,uniswap_v2,0xbb2b8038a1640196fbe3e38816f3e67cba72d940,29.112808525557767,73.13934098,2129.2916296362205,0,0.0,0.0,False,train
2025-12-08 13:53:00+00:00,sushiswap_v2,0xceff51756c56ceffca006cd410b03ffc46dd3a58,29.106377592614567,162.95939851,4743.1577852974115,0,0.0,0.0,False,train
2025-12-08 13:53:00+00:00,uniswap_v2,0xbb2b8038a1640196fbe3e38816f3e67cba72d940,29.112808525557767,73.13934098,2129.2916296362205,0,0.0,0.0,False,train
2025-12-08 13:54:00+00:00,sushiswap_v2,0xceff51756c56ceffca006cd410b03ffc46dd3a58,29.106377592614567,162.95939851,4743.1577852974115,0,0.0,0.0,False,train
2025-12-08 13:54:00+00:00,uniswap_v2,0xbb2b8038a1640196fbe3e38816f3e67cba72d940,29.112808525557767,73.13934098,2129.2916296362205,0,0.0,0.0,False,train
2025-12-08 13:55:00+00:00,sushiswap_v2,0xceff51756c56ceffca006cd410b03ffc46dd3a58,29.106377592614567,162.95939851,4743.1577852974115,0,0.0,0.0,False,train
2025-12-08 13:55:00+00:00,uniswap_v2,0xbb2b8038a1640196fbe3e38816f3e67cba72d940,29.112808525557767,73.13934098,2129.2916296362205,0,0.0,0.0,False,train
2025-12-08 13:56:00+00:00,sushiswap_v2,0xceff51756c56ceffca006cd410b03ffc46dd3a58,29.106377592614567,162.95939851,4743.1577852974115,0,0.0,0.0,False,train
2025-12-08 13:56:00+00:00,uniswap_v2,0xbb2b8038a1640196fbe3e38816f3e67cba72d940,29.112808525557767,73.13934098,2129.2916296362205,0,0.0,0.0,False,train
2025-12-08 13:57:00+00:00,sushiswap_v2,0xceff51756c56ceffca006cd410b03ffc46dd3a58,29.106377592614567,162.95939851,4743.1577852974115,0,0.0,0.0,False,train
2025-12-08 13:57:00+00:00,uniswap_v2,0xbb2b8038a1640196fbe3e38816f3e67cba72d940,29.112808525557767,73.13934098,2129.2916296362205,0,0.0,0.0,False,train
2025-12-08 13:58:00+00:00,sushiswap_v2,0xceff51756c56ceffca006cd410b03ffc46dd3a58,29.106377592614567,162.95939851,4743.1577852974115,0,0.0,0.0,False,train
2025-12-08 13:58:00+00:00,uniswap_v2,0xbb2b8038a1640196fbe3e38816f3e67cba72d940,29.112808525557767,73.13934098,2129.2916296362205,0,0.0,0.0,False,train
2025-12-08 13:59:00+00:00,sushiswap_v2,0xceff51756c56ceffca006cd410b03ffc46dd3a58,29.106377592614567,162.95939851,4743.1577852974115,0,0.0,0.0,False,train
2025-12-08 13:59:00+00:00,uniswap_v2,0xbb2b8038a1640196fbe3e38816f3e67cba72d940,29.112808525557767,73.13934098,2129.2916296362205,0,0.0,0.0,False,train
2025-12-08 14:00:00+00:00,sushiswap_v2,0xceff51756c56ceffca006cd410b03ffc46dd3a58,29.106377592614567,162.95939851,4743.1577852974115,0,0.0,0.0,False,train
2025-12-08 14:00:00+00:00,uniswap_v2,0xbb2b8038a1640196fbe3e38816f3e67cba72d940,29.112808525557767,73.13934098,2129.2916296362205,0,0.0,0.0,False,train
2025-12-08 14:01:00+00:00,sushiswap_v2,0xceff51756c56ceffca006cd410b03ffc46dd3a58,29.106377592614567,162.95939851,4743.1577852974115,0,0.0,0.0,False,train
2025-12-08 14:01:00+00:00,uniswap_v2,0xbb2b8038a1640196fbe3e38816f3e67cba72d940,29.112808525557767,73.13934098,2129.2916296362205,0,0.0,0.0,True,train
2025-12-08 14:02:00+00:00,sushiswap_v2,0xceff51756c56ceffca006cd410b03ffc46dd3a58,29.106377592614567,162.95939851,4743.1577852974115,0,0.0,0.0,True,train
2025-12-08 14:02:00+00:00,uniswap_v2,0xbb2b8038a1640196fbe3e38816f3e67cba72d940,29.112808525557767,73.13934098,2129.2916296362205,0,0.0,0.0,True,train
2025-12-08 14:03:00+00:00,sushiswap_v2,0xceff51756c56ceffca006cd410b03ffc46dd3a58,29.106377592614567,162.95939851,4743.1577852974115,0,0.0,0.0,True,train
2025-12-08 14:03:00+00:00,uniswap_v2,0xbb2b8038a1640196fbe3e38816f3e67cba72d940,29.112808525557767,73.13934098,2129.2916296362205,0,0.0,0.0,True,train
2025-12-08 14:04:00+00:00,sushiswap_v2,0xceff51756c56ceffca006cd410b03ffc46dd3a58,29.106377592614567,162.95939851,4743.1577852974115,0,0.0,0.0,True,train
2025-12-08 14:04:00+00:00,uniswap_v2,0xbb2b8038a1640196fbe3e38816f3e67cba72d940,29.112808525557767,73.13934098,2129.2916296362205,0,0.0,0.0,True,train
2025-12-08 14:05:00+00:00,sushiswap_v2,0xceff51756c56ceffca006cd410b03ffc46dd3a58,29.106377592614567,162.95939851,4743.1577852974115,0,0.0,0.0,True,train
2025-12-08 14:05:00+00:00,uniswap_v2,0xbb2b8038a1640196fbe3e38816f3e67cba72d940,29.112808525557767,73.13934098,2129.2916296362205,0,0.0,0.0,True,train
2025-12-08 14:06:00+00:00,sushiswap_v2,0xceff51756c56ceffca006cd410b03ffc46dd3a58,29.106377592614567,162.95939851,4743.1577852974115,0,0.0,0.0,True,train
2025-12-08 14:06:00+00:00,uniswap_v2,0xbb2b8038a1640196fbe3e38816f3e67cba72d940,29.112808525557767,73.13934098,2129.2916296362205,0,0.0,0.0,True,train
2025-12-08 14:07:00+00:00,sushiswap_v2,0xceff51756c56ceffca006cd410b03ffc46dd3a58,29.106377592614567,162.95939851,4743.1577852974115,0,0.0,0.0,True,train
2025-12-08 14:07:00+00:00,uniswap_v2,0xbb2b8038a1640196fbe3e38816f3e67cba72d940,29.112808525557767,73.13934098,2129.2916296362205,0,0.0,0.0,True,train
2025-12-08 14:08:00+00:00,sushiswap_v2,0xceff51756c56ceffca006cd410b03ffc46dd3a58,29.106377592614567,162.95939851,4743.1577852974115,0,0.0,0.0,True,train
2025-12-08 14:08:00+00:00,uniswap_v2,0xbb2b8038a1640196fbe3e38816f3e67cba72d940,29.112808525557767,73.13934098,2129.2916296362205,0,0.0,0.0,True,train
2025-12-08 14:09:00+00:00,sushiswap_v2,0xceff51756c56ceffca006cd410b03ffc46dd3a58,29.106377592614567,162.95939851,4743.1577852974115,0,0.0,0.0,True,train
2025-12-08 14:09:00+00:00,uniswap_v2,0xbb2b8038a1640196fbe3e38816f3e67cba72d940,29.104473240859143,73.14982922,2128.987247106906,1,0.01048824,0.3043825293143366,False,train
2025-12-08 14:10:00+00:00,sushiswap_v2,0xceff51756c56ceffca006cd410b03ffc46dd3a58,29.106377592614567,162.95939851,4743.1577852974115,0,0.0,0.0,True,train
2025-12-08 14:10:00+00:00,uniswap_v2,0xbb2b8038a1640196fbe3e38816f3e67cba72d940,29.104473240859143,73.14982922,2128.987247106906,0,0.0,0.0,False,train
2025-12-08 14:11:00+00:00,sushiswap_v2,0xceff51756c56ceffca006cd410b03ffc46dd3a58,29.08553884424467,163.01785304,4741.462096900289,4,0.058454530000000005,1.695688397123345,False,train
2025-12-08 14:11:00+00:00,uniswap_v2,0xbb2b8038a1640196fbe3e38816f3e67cba72d940,29.085526681660756,73.17368634,2128.2952064375454,2,0.023857120000000002,0.6920406693606795,False,train
2025-12-08 14:12:00+00:00,sushiswap_v2,0xceff51756c56ceffca006cd410b03ffc46dd3a58,29.08553884424467,163.01785304,4741.462096900289,0,0.0,0.0,False,train
2025-12-08 14:12:00+00:00,uniswap_v2,0xbb2b8038a1640196fbe3e38816f3e67cba72d940,29.085526681660756,73.17368634,2128.2952064375454,0,0.0,0.0,False,train
2025-12-08 14:13:00+00:00,sushiswap_v2,0xceff51756c56ceffca006cd410b03ffc46dd3a58,29.08553884424467,163.01785304,4741.462096900289,0,0.0,0.0,False,train
2025-12-08 14:13:00+00:00,uniswap_v2,0xbb2b8038a1640196fbe3e38816f3e67cba72d940,29.085526681660756,73.17368634,2128.2952064375454,0,0.0,0.0,False,train
2025-12-08 14:14:00+00:00,sushiswap_v2,0xceff51756c56ceffca006cd410b03ffc46dd3a58,29.08553884424467,163.01785304,4741.462096900289,0,0.0,0.0,False,train
2025-12-08 14:14:00+00:00,uniswap_v2,0xbb2b8038a1640196fbe3e38816f3e67cba72d940,29.085526681660756,73.17368634,2128.2952064375454,0,0.0,0.0,False,train
2025-12-08 14:15:00+00:00,sushiswap_v2,0xceff51756c56ceffca006cd410b03ffc46dd3a58,29.08553884424467,163.01785304,4741.462096900289,0,0.0,0.0,False,train
2025-12-08 14:15:00+00:00,uniswap_v2,0xbb2b8038a1640196fbe3e38816f3e67cba72d940,29.085526681660756,73.17368634,2128.2952064375454,0,0.0,0.0,False,train
2025-12-08 14:16:00+00:00,sushiswap_v2,0xceff51756c56ceffca006cd410b03ffc46dd3a58,29.08553884424467,163.01785304,4741.462096900289,0,0.0,0.0,False,train
2025-12-08 14:16:00+00:00,uniswap_v2,0xbb2b8038a1640196fbe3e38816f3e67cba72d940,29.085526681660756,73.17368634,2128.2952064375454,0,0.0,0.0,False,train
2025-12-08 14:17:00+00:00,sushiswap_v2,0xceff51756c56ceffca006cd410b03ffc46dd3a58,29.08553884424467,163.01785304,4741.462096900289,0,0.0,0.0,False,train
2025-12-08 14:17:00+00:00,uniswap_v2,0xbb2b8038a1640196fbe3e38816f3e67cba72d940,29.085526681660756,73.17368634,2128.2952064375454,0,0.0,0.0,False,train
2025-12-08 14:18:00+00:00,sushiswap_v2,0xceff51756c56ceffca006cd410b03ffc46dd3a58,29.08553884424467,163.01785304,4741.462096900289,0,0.0,0.0,False,train
2025-12-08 14:18:00+00:00,uniswap_v2,0xbb2b8038a1640196fbe3e38816f3e67cba72d940,29.085526681660756,73.17368634,2128.2952064375454,0,0.0,0.0,False,train
2025-12-08 14:19:00+00:00,sushiswap_v2,0xceff51756c56ceffca006cd410b03ffc46dd3a58,29.06647282947419,163.07138998,4739.9101261182595,2,0.05353694,1.551970782030145,False,train
2025-12-08 14:19:00+00:00,uniswap_v2,0xbb2b8038a1640196fbe3e38816f3e67cba72d940,29.085526681660756,73.17368634,2128.2952064375454,0,0.0,0.0,False,train
2025-12-08 14:20:00+00:00,sushiswap_v2,0xceff51756c56ceffca006cd410b03ffc46dd3a58,29.06647282947419,163.07138998,4739.9101261182595,0,0.0,0.0,False,train
2025-12-08 14:20:00+00:00,uniswap_v2,0xbb2b8038a1640196fbe3e38816f3e67cba72d940,29.085526681660756,73.17368634,2128.2952064375454,0,0.0,0.0,False,train
2025-12-08 14:21:00+00:00,sushiswap_v2,0xceff51756c56ceffca006cd410b03ffc46dd3a58,29.06647282947419,163.07138998,4739.9101261182595,0,0.0,0.0,False,train
2025-12-08 14:21:00+00:00,uniswap_v2,0xbb2b8038a1640196fbe3e38816f3e67cba72d940,29.085526681660756,73.17368634,2128.2952064375454,0,0.0,0.0,False,train
2025-12-08 14:22:00+00:00,sushiswap_v2,0xceff51756c56ceffca006cd410b03ffc46dd3a58,29.061307558249357,163.08590302,4739.4895860790475,1,0.01451304,0.42054003921185934,False,train
2025-12-08 14:22:00+00:00,uniswap_v2,0xbb2b8038a1640196fbe3e38816f3e67cba72d940,29.061787611077378,73.20361103,2127.4277961177813,2,0.02992469,0.8674103197638905,False,train
2025-12-08 14:23:00+00:00,sushiswap_v2,0xceff51756c56ceffca006cd410b03ffc46dd3a58,29.051239797755233,163.11420188,4738.669793235337,1,0.02829886,0.8197928437101328,False,train
2025-12-08 14:23:00+00:00,uniswap_v2,0xbb2b8038a1640196fbe3e38816f3e67cba72d940,29.051238989443313,73.21692005,2127.0422424435137,1,0.01330902,0.38555367426782244,False,train
2025-12-08 14:24:00+00:00,sushiswap_v2,0xceff51756c56ceffca006cd410b03ffc46dd3a58,29.051239797755233,163.11420188,4738.669793235337,0,0.0,0.0,False,train
2025-12-08 14:24:00+00:00,uniswap_v2,0xbb2b8038a1640196fbe3e38816f3e67cba72d940,29.051238989443313,73.21692005,2127.0422424435137,0,0.0,0.0,False,train
2025-12-08 14:25:00+00:00,sushiswap_v2,0xceff51756c56ceffca006cd410b03ffc46dd3a58,29.051239797755233,163.11420188,4738.669793235337,0,0.0,0.0,False,train
2025-12-08 14:25:00+00:00,uniswap_v2,0xbb2b8038a1640196fbe3e38816f3e67cba72d940,29.051238989443313,73.21692005,2127.0422424435137,0,0.0,0.0,False,train
2025-12-08 14:26:00+00:00,sushiswap_v2,0xceff51756c56ceffca006cd410b03ffc46dd3a58,29.051239797755233,163.11420188,4738.669793235337,0,0.0,0.0,False,train
2025-12-08 14:26:00+00:00,uniswap_v2,0xbb2b8038a1640196fbe3e38816f3e67cba72d940,29.051238989443313,73.21692005,2127.0422424435137,0,0.0,0.0,False,train
2025-12-08 14:27:00+00:00,sushiswap_v2,0xceff51756c56ceffca006cd410b03ffc46dd3a58,29.051239797755233,163.11420188,4738.669793235337,0,0.0,0.0,False,train
2025-12-08 14:27:00+00:00,uniswap_v2,0xbb2b8038a1640196fbe3e38816f3e67cba72d940,29.051238989443313,73.21692005,2127.0422424435137,0,0.0,0.0,False,train
2025-12-08 14:28:00+00:00,sushiswap_v2,0xceff51756c56ceffca006cd410b03ffc46dd3a58,29.051239797755233,163.11420188,4738.669793235337,0,0.0,0.0,False,train
2025-12-08 14:28:00+00:00,uniswap_v2,0xbb2b8038a1640196fbe3e38816f3e67cba72d940,29.051238989443313,73.21692005,2127.0422424435137,0,0.0,0.0,False,train
2025-12-08 14:29:00+00:00,sushiswap_v2,0xceff51756c56ceffca006cd410b03ffc46dd3a58,29.051239797755233,163.11420188,4738.669793235337,0,0.0,0.0,False,train
2025-12-08 14:29:00+00:00,uniswap_v2,0xbb2b8038a1640196fbe3e38816f3e67cba72d940,29.051238989443313,73.21692005,2127.0422424435137,0,0.0,0.0,False,train
2025-12-08 14:30:00+00:00,sushiswap_v2,0xceff51756c56ceffca006cd410b03ffc46dd3a58,29.051239797755233,163.11420188,4738.669793235337,0,0.0,0.0,False,train
2025-12-08 14:30:00+00:00,uniswap_v2,0xbb2b8038a1640196fbe3e38816f3e67cba72d940,29.051238989443313,73.21692005,2127.0422424435137,0,0.0,0.0,False,train
2025-12-08 14:31:00+00:00,sushiswap_v2,0xceff51756c56ceffca006cd410b03ffc46dd3a58,29.01329334643157,163.22099567,4735.5786276703475,2,0.10679379,3.091165564989521,False,train
2025-12-08 14:31:00+00:00,uniswap_v2,0xbb2b8038a1640196fbe3e38816f3e67cba72d940,29.01329245131497,73.26485659,2125.654710649321,2,0.04793654,1.3875317941930012,False,train
2025-12-08 14:32:00+00:00,sushiswap_v2,0xceff51756c56ceffca006cd410b03ffc46dd3a58,28.959412640418282,163.37299435,4731.1859576823745,3,0.15199868,4.392669987972672,False,train
2025-12-08 14:32:00+00:00,uniswap_v2,0xbb2b8038a1640196fbe3e38816f3e67cba72d940,28.959376247569384,73.3331291,2123.681677018479,2,0.06827251000000001,1.9730336308416265,False,train
2025-12-08 14:33:00+00:00,sushiswap_v2,0xceff51756c56ceffca006cd410b03ffc46dd3a58,28.920622450963776,163.48268533,4728.0210196986445,1,0.10969098,3.164937983729926,False,train
2025-12-08 14:33:00+00:00,uniswap_v2,0xbb2b8038a1640196fbe3e38816f3e67cba72d940,28.922381777435014,73.38008456,2122.3268205047843,1,0.04695546,1.35485651369482,False,train
2025-12-08 14:34:00+00:00,sushiswap_v2,0xceff51756c56ceffca006cd410b03ffc46dd3a58,28.920622450963776,163.48268533,4728.0210196986445,0,0.0,0.0,False,train
2025-12-08 14:34:00+00:00,uniswap_v2,0xbb2b8038a1640196fbe3e38816f3e67cba72d940,28.922381777435014,73.38008456,2122.3268205047843,0,0.0,0.0,False,train
2025-12-08 14:35:00+00:00,sushiswap_v2,0xceff51756c56ceffca006cd410b03ffc46dd3a58,28.920622450963776,163.48268533,4728.0210196986445,0,0.0,0.0,False,train
2025-12-08 14:35:00+00:00,uniswap_v2,0xbb2b8038a1640196fbe3e38816f3e67cba72d940,28.922381777435014,73.38008456,2122.3268205047843,0,0.0,0.0,False,train
2025-12-08 14:36:00+00:00,sushiswap_v2,0xceff51756c56ceffca006cd410b03ffc46dd3a58,28.920622450963776,163.48268533,4728.0210196986445,0,0.0,0.0,False,train
2025-12-08 14:36:00+00:00,uniswap_v2,0xbb2b8038a1640196fbe3e38816f3e67cba72d940,28.922381777435014,73.38008456,2122.3268205047843,0,0.0,0.0,False,train
2025-12-08 14:37:00+00:00,sushiswap_v2,0xceff51756c56ceffca006cd410b03ffc46dd3a58,28.920622450963776,163.48268533,4728.0210196986445,0,0.0,0.0,False,train
2025-12-08 14:37:00+00:00,uniswap_v2,0xbb2b8038a1640196fbe3e38816f3e67cba72d940,28.922381777435014,73.38008456,2122.3268205047843,0,0.0,0.0,False,train
2025-12-08 14:38:00+00:00,sushiswap_v2,0xceff51756c56ceffca006cd410b03ffc46dd3a58,28.920622450963776,163.48268533,4728.0210196986445,0,0.0,0.0,False,train
2025-12-08 14:38:00+00:00,uniswap_v2,0xbb2b8038a1640196fbe3e38816f3e67cba72d940,28.922381777435014,73.38008456,2122.3268205047843,0,0.0,0.0,False,train
2025-12-08 14:39:00+00:00,sushiswap_v2,0xceff51756c56ceffca006cd410b03ffc46dd3a58,28.920622450963776,163.48268533,4728.0210196986445,0,0.0,0.0,False,train
2025-12-08 14:39:00+00:00,uniswap_v2,0xbb2b8038a1640196fbe3e38816f3e67cba72d940,28.922381777435014,73.38008456,2122.3268205047843,0,0.0,0.0,False,train
2025-12-08 14:40:00+00:00,sushiswap_v2,0xceff51756c56ceffca006cd410b03ffc46dd3a58,28.920622450963776,163.48268533,4728.0210196986445,0,0.0,0.0,False,train
2025-12-08 14:40:00+00:00,uniswap_v2,0xbb2b8038a1640196fbe3e38816f3e67cba72d940,28.922381777435014,73.38008456,2122.3268205047843,0,0.0,0.0,False,train
2025-12-08 14:41:00+00:00,sushiswap_v2,0xceff51756c56ceffca006cd410b03ffc46dd3a58,28.920622450963776,163.48268533,4728.0210196986445,0,0.0,0.0,False,train
2025-12-08 14:41:00+00:00,uniswap_v2,0xbb2b8038a1640196fbe3e38816f3e67cba72d940,28.922381777435014,73.38008456,2122.3268205047843,0,0.0,0.0,False,train
2025-12-08 14:42:00+00:00,sushiswap_v2,0xceff51756c56ceffca006cd410b03ffc46dd3a58,28.920622450963776,163.48268533,4728.0210196986445,0,0.0,0.0,False,train
2025-12-08 14:42:00+00:00,uniswap_v2,0xbb2b8038a1640196fbe3e38816f3e67cba72d940,28.922381777435014,73.38008456,2122.3268205047843,0,0.0,0.0,False,train
2025-12-08 14:43:00+00:00,sushiswap_v2,0xceff51756c56ceffca006cd410b03ffc46dd3a58,28.920622450963776,163.48268533,4728.0210196986445,0,0.0,0.0,False,train
2025-12-08 14:43:00+00:00,uniswap_v2,0xbb2b8038a1640196fbe3e38816f3e67cba72d940,28.922381777435014,73.38008456,2122.3268205047843,0,0.0,0.0,False,train
2025-12-08 14:44:00+00:00,sushiswap_v2,0xceff51756c56ceffca006cd410b03ffc46dd3a58,28.920622450963776,163.48268533,4728.0210196986445,0,0.0,0.0,False,train
2025-12-08 14:44:00+00:00,uniswap_v2,0xbb2b8038a1640196fbe3e38816f3e67cba72d940,28.922381777435014,73.38008456,2122.3268205047843,0,0.0,0.0,False,train
2025-12-08 14:45:00+00:00,sushiswap_v2,0xceff51756c56ceffca006cd410b03ffc46dd3a58,28.920622450963776,163.48268533,4728.0210196986445,0,0.0,0.0,False,train
2025-12-08 14:45:00+00:00,uniswap_v2,0xbb2b8038a1640196fbe3e38816f3e67cba72d940,28.922381777435014,73.38008456,2122.3268205047843,0,0.0,0.0,False,train
2025-12-08 14:46:00+00:00,sushiswap_v2,0xceff51756c56ceffca006cd410b03ffc46dd3a58,28.886527787638997,163.57928078,4725.237439733472,1,0.09659545,2.783579965173544,False,train
2025-12-08 14:46:00+00:00,uniswap_v2,0xbb2b8038a1640196fbe3e38816f3e67cba72d940,28.884653205843932,73.42806471,2120.944184724617,1,0.04798015,1.3826357801670635,False,train
2025-12-08 14:47:00+00:00,sushiswap_v2,0xceff51756c56ceffca006cd410b03ffc46dd3a58,28.886527787638997,163.57928078,4725.237439733472,0,0.0,0.0,False,train
2025-12-08 14:47:00+00:00,uniswap_v2,0xbb2b8038a1640196fbe3e38816f3e67cba72d940,28.884653205843932,73.42806471,2120.944184724617,0,0.0,0.0,False,train
2025-12-08 14:48:00+00:00,sushiswap_v2,0xceff51756c56ceffca006cd410b03ffc46dd3a58,28.886527787638997,163.57928078,4725.237439733472,0,0.0,0.0,False,train
2025-12-08 14:48:00+00:00,uniswap_v2,0xbb2b8038a1640196fbe3e38816f3e67cba72d940,28.884653205843932,73.42806471,2120.944184724617,0,0.0,0.0,False,train
2025-12-08 14:49:00+00:00,sushiswap_v2,0xceff51756c56ceffca006cd410b03ffc46dd3a58,28.886527787638997,163.57928078,4725.237439733472,0,0.0,0.0,False,train
2025-12-08 14:49:00+00:00,uniswap_v2,0xbb2b8038a1640196fbe3e38816f3e67cba72d940,28.884653205843932,73.42806471,2120.944184724617,0,0.0,0.0,False,train
2025-12-08 14:50:00+00:00,sushiswap_v2,0xceff51756c56ceffca006cd410b03ffc46dd3a58,28.886527787638997,163.57928078,4725.237439733472,0,0.0,0.0,False,train
2025-12-08 14:50:00+00:00,uniswap_v2,0xbb2b8038a1640196fbe3e38816f3e67cba72d940,28.884653205843932,73.42806471,2120.944184724617,0,0.0,0.0,False,train
2025-12-08 14:51:00+00:00,sushiswap_v2,0xceff51756c56ceffca006cd410b03ffc46dd3a58,28.886527787638997,163.57928078,4725.237439733472,0,0.0,0.0,False,train
2025-12-08 14:51:00+00:00,uniswap_v2,0xbb2b8038a1640196fbe3e38816f3e67cba72d940,28.884653205843932,73.42806471,2120.944184724617,0,0.0,0.0,False,train
2025-12-08 14:52:00+00:00,sushiswap_v2,0xceff51756c56ceffca006cd410b03ffc46dd3a58,28.886527787638997,163.57928078,4725.237439733472,0,0.0,0.0,False,train
2025-12-08 14:52:00+00:00,uniswap_v2,0xbb2b8038a1640196fbe3e38816f3e67cba72d940,28.884653205843932,73.42806471,2120.944184724617,0,0.0,0.0,False,train
2025-12-08 14:53:00+00:00,sushiswap_v2,0xceff51756c56ceffca006cd410b03ffc46dd3a58,28.886527787638997,163.57928078,4725.237439733472,0,0.0,0.0,False,train
2025-12-08 14:53:00+00:00,uniswap_v2,0xbb2b8038a1640196fbe3e38816f3e67cba72d940,28.884653205843932,73.42806471,2120.944184724617,0,0.0,0.0,False,train
2025-12-08 14:54:00+00:00,sushiswap_v2,0xceff51756c56ceffca006cd410b03ffc46dd3a58,28.886527787638997,163.57928078,4725.237439733472,0,0.0,0.0,False,train
2025-12-08 14:54:00+00:00,uniswap_v2,0xbb2b8038a1640196fbe3e38816f3e67cba72d940,28.884653205843932,73.42806471,2120.944184724617,0,0.0,0.0,False,train
2025-12-08 14:55:00+00:00,sushiswap_v2,0xceff51756c56ceffca006cd410b03ffc46dd3a58,28.886527787638997,163.57928078,4725.237439733472,0,0.0,0.0,False,train
2025-12-08 14:55:00+00:00,uniswap_v2,0xbb2b8038a1640196fbe3e38816f3e67cba72d940,28.884653205843932,73.42806471,2120.944184724617,0,0.0,0.0,False,train
2025-12-08 14:56:00+00:00,sushiswap_v2,0xceff51756c56ceffca006cd410b03ffc46dd3a58,28.886527787638997,163.57928078,4725.237439733472,0,0.0,0.0,False,train
2025-12-08 14:56:00+00:00,uniswap_v2,0xbb2b8038a1640196fbe3e38816f3e67cba72d940,28.884653205843932,73.42806471,2120.944184724617,0,0.0,0.0,False,train
2025-12-08 14:57:00+00:00,sushiswap_v2,0xceff51756c56ceffca006cd410b03ffc46dd3a58,28.891941341380047,163.56397796,4725.6808567830985,1,0.01530282,0.44341704962721684,False,train
2025-12-08 14:57:00+00:00,uniswap_v2,0xbb2b8038a1640196fbe3e38816f3e67cba72d940,28.884653205843932,73.42806471,2120.944184724617,0,0.0,0.0,False,train
2025-12-08 14:58:00+00:00,sushiswap_v2,0xceff51756c56ceffca006cd410b03ffc46dd3a58,28.9012085066626,163.53779188,4726.439821843073,1,0.02618608,0.7589650599754263,False,train
2025-12-08 14:58:00+00:00,uniswap_v2,0xbb2b8038a1640196fbe3e38816f3e67cba72d940,28.9094320667163,73.3966369,2121.855088385993,2,0.03142781,0.9109036613759973,False,train
2025-12-08 14:59:00+00:00,sushiswap_v2,0xceff51756c56ceffca006cd410b03ffc46dd3a58,28.906219005715457,163.52363904,4726.850122701802,2,0.01415284,0.41030085872864636,False,train
2025-12-08 14:59:00+00:00,uniswap_v2,0xbb2b8038a1640196fbe3e38816f3e67cba72d940,28.90944834269256,73.39661627,2121.855686585993,1,2.063e-05,0.0005982,False,train
2025-12-08 15:00:00+00:00,sushiswap_v2,0xceff51756c56ceffca006cd410b03ffc46dd3a58,28.906219005715457,163.52363904,4726.850122701802,0,0.0,0.0,False,train
2025-12-08 15:00:00+00:00,uniswap_v2,0xbb2b8038a1640196fbe3e38816f3e67cba72d940,28.909475548288928,73.39658179,2121.8566865859934,1,3.448e-05,0.001,False,train
2025-12-08 15:01:00+00:00,sushiswap_v2,0xceff51756c56ceffca006cd410b03ffc46dd3a58,28.906431749103042,163.5230382,4726.86754313427,2,0.00060084,0.017420432466883944,False,train
2025-12-08 15:01:00+00:00,uniswap_v2,0xbb2b8038a1640196fbe3e38816f3e67cba72d940,28.909475548288928,73.39658179,2121.8566865859934,0,0.0,0.0,False,train
2025-12-08 15:02:00+00:00,sushiswap_v2,0xceff51756c56ceffca006cd410b03ffc46dd3a58,28.93972049691121,163.42910384,4729.592586190279,1,0.09393436,2.7250430560092336,False,train
2025-12-08 15:02:00+00:00,uniswap_v2,0xbb2b8038a1640196fbe3e38816f3e67cba72d940,28.93808948328834,73.36034011,2122.9080866276468,1,0.03624168,1.0514000416533507,False,train
2025-12-08 15:03:00+00:00,sushiswap_v2,0xceff51756c56ceffca006cd410b03ffc46dd3a58,28.93972049691121,163.42910384,4729.592586190279,0,0.0,0.0,False,train
2025-12-08 15:03:00+00:00,uniswap_v2,0xbb2b8038a1640196fbe3e38816f3e67cba72d940,28.93808948328834,73.36034011,2122.9080866276468,0,0.0,0.0,False,train
2025-12-08 15:04:00+00:00,sushiswap_v2,0xceff51756c56ceffca006cd410b03ffc46dd3a58,28.93972049691121,163.42910384,4729.592586190279,0,0.0,0.0,False,train
2025-12-08 15:04:00+00:00,uniswap_v2,0xbb2b8038a1640196fbe3e38816f3e67cba72d940,28.93808948328834,73.36034011,2122.9080866276468,0,0.0,0.0,False,train
2025-12-08 15:05:00+00:00,sushiswap_v2,0xceff51756c56ceffca006cd410b03ffc46dd3a58,28.93972049691121,163.42910384,4729.592586190279,0,0.0,0.0,False,train
2025-12-08 15:05:00+00:00,uniswap_v2,0xbb2b8038a1640196fbe3e38816f3e67cba72d940,28.93808948328834,73.36034011,2122.9080866276468,0,0.0,0.0,False,train
2025-12-08 15:06:00+00:00,sushiswap_v2,0xceff51756c56ceffca006cd410b03ffc46dd3a58,28.93972049691121,163.42910384,4729.592586190279,0,0.0,0.0,False,train
2025-12-08 15:06:00+00:00,uniswap_v2,0xbb2b8038a1640196fbe3e38816f3e67cba72d940,28.93808948328834,73.36034011,2122.9080866276468,0,0.0,0.0,False,train
2025-12-08 15:07:00+00:00,sushiswap_v2,0xceff51756c56ceffca006cd410b03ffc46dd3a58,28.93972049691121,163.42910384,4729.592586190279,0,0.0,0.0,False,train
2025-12-08 15:07:00+00:00,uniswap_v2,0xbb2b8038a1640196fbe3e38816f3e67cba72d940,28.93808948328834,73.36034011,2122.9080866276468,0,0.0,0.0,False,train
2025-12-08 15:08:00+00:00,sushiswap_v2,0xceff51756c56ceffca006cd410b03ffc46dd3a58,28.93972049691121,163.42910384,4729.592586190279,0,0.0,0.0,False,train
2025-12-08 15:08:00+00:00,uniswap_v2,0xbb2b8038a1640196fbe3e38816f3e67cba72d940,28.93808948328834,73.36034011,2122.9080866276468,0,0.0,0.0,False,train
2025-12-08 15:09:00+00:00,sushiswap_v2,0xceff51756c56ceffca006cd410b03ffc46dd3a58,28.93972049691121,163.42910384,4729.592586190279,0,0.0,0.0,False,train
2025-12-08 15:09:00+00:00,uniswap_v2,0xbb2b8038a1640196fbe3e38816f3e67cba72d940,28.93808948328834,73.36034011,2122.9080866276468,0,0.0,0.0,False,train
2025-12-08 15:10:00+00:00,sushiswap_v2,0xceff51756c56ceffca006cd410b03ffc46dd3a58,28.93972049691121,163.42910384,4729.592586190279,0,0.0,0.0,False,train
2025-12-08 15:10:00+00:00,uniswap_v2,0xbb2b8038a1640196fbe3e38816f3e67cba72d940,28.93808948328834,73.36034011,2122.9080866276468,0,0.0,0.0,False,train
2025-12-08 15:11:00+00:00,sushiswap_v2,0xceff51756c56ceffca006cd410b03ffc46dd3a58,28.93972049691121,163.42910384,4729.592586190279,0,0.0,0.0,False,train
2025-12-08 15:11:00+00:00,uniswap_v2,0xbb2b8038a1640196fbe3e38816f3e67cba72d940,28.93808948328834,73.36034011,2122.9080866276468,0,0.0,0.0,False,train
2025-12-08 15:12:00+00:00,sushiswap_v2,0xceff51756c56ceffca006cd410b03ffc46dd3a58,28.955156008061017,163.3856028,4730.855618545091,1,0.04350104,1.2630323548119828,False,train
2025-12-08 15:12:00+00:00,uniswap_v2,0xbb2b8038a1640196fbe3e38816f3e67cba72d940,28.955283035734357,73.33858903,2123.5396028050527,1,0.02175108,0.6315161774059914,False,train
2025-12-08 15:13:00+00:00,sushiswap_v2,0xceff51756c56ceffca006cd410b03ffc46dd3a58,28.959906657688872,163.37222131,4731.244279596888,2,0.01338149,0.3886610517981532,False,train
2025-12-08 15:13:00+00:00,uniswap_v2,0xbb2b8038a1640196fbe3e38816f3e67cba72d940,28.956061813764126,73.33760428,2123.5682028050524,1,0.00098475,0.0286,False,train
2025-12-08 15:14:00+00:00,sushiswap_v2,0xceff51756c56ceffca006cd410b03ffc46dd3a58,28.97326483871657,163.334612,4732.336970805013,2,0.03760931,1.0926912081252678,False,train
2025-12-08 15:14:00+00:00,uniswap_v2,0xbb2b8038a1640196fbe3e38816f3e67cba72d940,28.978233623654102,73.30958505,2124.38228243204,3,0.02801923,0.8140796269875566,False,train
2025-12-08 15:15:00+00:00,sushiswap_v2,0xceff51756c56ceffca006cd410b03ffc46dd3a58,28.97326483871657,163.334612,4732.336970805013,0,0.0,0.0,False,train
2025-12-08 15:15:00+00:00,uniswap_v2,0xbb2b8038a1640196fbe3e38816f3e67cba72d940,28.978233623654102,73.30958505,2124.38228243204,0,0.0,0.0,False,train
2025-12-08 15:16:00+00:00,sushiswap_v2,0xceff51756c56ceffca006cd410b03ffc46dd3a58,28.97326483871657,163.334612,4732.336970805013,0,0.0,0.0,False,train
2025-12-08 15:16:00+00:00,uniswap_v2,0xbb2b8038a1640196fbe3e38816f3e67cba72d940,28.978233623654102,73.30958505,2124.38228243204,0,0.0,0.0,False,train
2025-12-08 15:17:00+00:00,sushiswap_v2,0xceff51756c56ceffca006cd410b03ffc46dd3a58,28.97326483871657,163.334612,4732.336970805013,0,0.0,0.0,False,train
2025-12-08 15:17:00+00:00,uniswap_v2,0xbb2b8038a1640196fbe3e38816f3e67cba72d940,28.978233623654102,73.30958505,2124.38228243204,0,0.0,0.0,False,train
2025-12-08 15:18:00+00:00,sushiswap_v2,0xceff51756c56ceffca006cd410b03ffc46dd3a58,28.97326483871657,163.334612,4732.336970805013,0,0.0,0.0,False,train
2025-12-08 15:18:00+00:00,uniswap_v2,0xbb2b8038a1640196fbe3e38816f3e67cba72d940,28.978233623654102,73.30958505,2124.38228243204,0,0.0,0.0,False,train
2025-12-08 15:19:00+00:00,sushiswap_v2,0xceff51756c56ceffca006cd410b03ffc46dd3a58,28.97326483871657,163.334612,4732.336970805013,0,0.0,0.0,False,train
2025-12-08 15:19:00+00:00,uniswap_v2,0xbb2b8038a1640196fbe3e38816f3e67cba72d940,28.978233623654102,73.30958505,2124.38228243204,0,0.0,0.0,False,train
2025-12-08 15:20:00+00:00,sushiswap_v2,0xceff51756c56ceffca006cd410b03ffc46dd3a58,28.97326483871657,163.334612,4732.336970805013,0,0.0,0.0,False,train
2025-12-08 15:20:00+00:00,uniswap_v2,0xbb2b8038a1640196fbe3e38816f3e67cba72d940,28.978233623654102,73.30958505,2124.38228243204,0,0.0,0.0,False,train
2025-12-08 15:21:00+00:00,sushiswap_v2,0xceff51756c56ceffca006cd410b03ffc46dd3a58,28.97326483871657,163.334612,4732.336970805013,0,0.0,0.0,False,train
2025-12-08 15:21:00+00:00,uniswap_v2,0xbb2b8038a1640196fbe3e38816f3e67cba72d940,28.978233623654102,73.30958505,2124.38228243204,0,0.0,0.0,False,train
2025-12-08 15:22:00+00:00,sushiswap_v2,0xceff51756c56ceffca006cd410b03ffc46dd3a58,28.97326483871657,163.334612,4732.336970805013,0,0.0,0.0,False,train
2025-12-08 15:22:00+00:00,uniswap_v2,0xbb2b8038a1640196fbe3e38816f3e67cba72d940,28.978233623654102,73.30958505,2124.38228243204,0,0.0,0.0,False,train
2025-12-08 15:23:00+00:00,sushiswap_v2,0xceff51756c56ceffca006cd410b03ffc46dd3a58,28.97326483871657,163.334612,4732.336970805013,0,0.0,0.0,False,train
2025-12-08 15:23:00+00:00,uniswap_v2,0xbb2b8038a1640196fbe3e38816f3e67cba72d940,28.978233623654102,73.30958505,2124.38228243204,0,0.0,0.0,False,train
2025-12-08 15:24:00+00:00,sushiswap_v2,0xceff51756c56ceffca006cd410b03ffc46dd3a58,28.97326483871657,163.334612,4732.336970805013,0,0.0,0.0,False,train
2025-12-08 15:24:00+00:00,uniswap_v2,0xbb2b8038a1640196fbe3e38816f3e67cba72d940,28.978233623654102,73.30958505,2124.38228243204,0,0.0,0.0,False,train
2025-12-08 15:25:00+00:00,sushiswap_v2,0xceff51756c56ceffca006cd410b03ffc46dd3a58,28.97326483871657,163.334612,4732.336970805013,0,0.0,0.0,False,train
2025-12-08 15:25:00+00:00,uniswap_v2,0xbb2b8038a1640196fbe3e38816f3e67cba72d940,28.978233623654102,73.30958505,2124.38228243204,0,0.0,0.0,False,train
2025-12-08 15:26:00+00:00,sushiswap_v2,0xceff51756c56ceffca006cd410b03ffc46dd3a58,28.97326483871657,163.334612,4732.336970805013,0,0.0,0.0,False,train
2025-12-08 15:26:00+00:00,uniswap_v2,0xbb2b8038a1640196fbe3e38816f3e67cba72d940,28.978233623654102,73.30958505,2124.38228243204,0,0.0,0.0,False,train
2025-12-08 15:27:00+00:00,sushiswap_v2,0xceff51756c56ceffca006cd410b03ffc46dd3a58,28.97326483871657,163.334612,4732.336970805013,0,0.0,0.0,False,train
2025-12-08 15:27:00+00:00,uniswap_v2,0xbb2b8038a1640196fbe3e38816f3e67cba72d940,28.978233623654102,73.30958505,2124.38228243204,0,0.0,0.0,False,train
2025-12-08 15:28:00+00:00,sushiswap_v2,0xceff51756c56ceffca006cd410b03ffc46dd3a58,28.97326483871657,163.334612,4732.336970805013,0,0.0,0.0,False,train
2025-12-08 15:28:00+00:00,uniswap_v2,0xbb2b8038a1640196fbe3e38816f3e67cba72d940,28.978233623654102,73.30958505,2124.38228243204,0,0.0,0.0,False,train
2025-12-08 15:29:00+00:00,sushiswap_v2,0xceff51756c56ceffca006cd410b03ffc46dd3a58,28.97326483871657,163.334612,4732.336970805013,0,0.0,0.0,False,train
2025-12-08 15:29:00+00:00,uniswap_v2,0xbb2b8038a1640196fbe3e38816f3e67cba72d940,28.978233623654102,73.30958505,2124.38228243204,0,0.0,0.0,False,train
2025-12-08 15:30:00+00:00,sushiswap_v2,0xceff51756c56ceffca006cd410b03ffc46dd3a58,28.97326483871657,163.334612,4732.336970805013,0,0.0,0.0,True,train
2025-12-08 15:30:00+00:00,uniswap_v2,0xbb2b8038a1640196fbe3e38816f3e67cba72d940,28.978233623654102,73.30958505,2124.38228243204,0,0.0,0.0,True,train
2025-12-08 15:31:00+00:00,sushiswap_v2,0xceff51756c56ceffca006cd410b03ffc46dd3a58,28.97326483871657,163.334612,4732.336970805013,0,0.0,0.0,True,train
2025-12-08 15:31:00+00:00,uniswap_v2,0xbb2b8038a1640196fbe3e38816f3e67cba72d940,28.978233623654102,73.30958505,2124.38228243204,0,0.0,0.0,True,train
2025-12-08 15:32:00+00:00,sushiswap_v2,0xceff51756c56ceffca006cd410b03ffc46dd3a58,28.97326483871657,163.334612,4732.336970805013,0,0.0,0.0,True,train
2025-12-08 15:32:00+00:00,uniswap_v2,0xbb2b8038a1640196fbe3e38816f3e67cba72d940,28.978233623654102,73.30958505,2124.38228243204,0,0.0,0.0,True,train
2025-12-08 15:33:00+00:00,sushiswap_v2,0xceff51756c56ceffca006cd410b03ffc46dd3a58,28.958808406512553,163.37543702,4731.157978992438,1,0.04082502,1.1789918125753975,False,train
2025-12-08 15:33:00+00:00,uniswap_v2,0xbb2b8038a1640196fbe3e38816f3e67cba72d940,28.966110713034276,73.32494727,2123.93854065022,1,0.01536222,0.44374178181989016,False,train
2025-12-08 15:34:00+00:00,sushiswap_v2,0xceff51756c56ceffca006cd410b03ffc46dd3a58,28.94756050170224,163.40722231,4730.240454233834,1,0.03178529,0.9175247586048139,False,train
2025-12-08 15:34:00+00:00,uniswap_v2,0xbb2b8038a1640196fbe3e38816f3e67cba72d940,28.94743542330772,73.34863159,2123.2547763395137,1,0.02368432,0.6837643107064783,False,train
2025-12-08 15:35:00+00:00,sushiswap_v2,0xceff51756c56ceffca006cd410b03ffc46dd3a58,28.94756050170224,163.40722231,4730.240454233834,0,0.0,0.0,False,train
2025-12-08 15:35:00+00:00,uniswap_v2,0xbb2b8038a1640196fbe3e38816f3e67cba72d940,28.94743542330772,73.34863159,2123.2547763395137,0,0.0,0.0,False,train
2025-12-08 15:36:00+00:00,sushiswap_v2,0xceff51756c56ceffca006cd410b03ffc46dd3a58,28.94756050170224,163.40722231,4730.240454233834,0,0.0,0.0,False,train
2025-12-08 15:36:00+00:00,uniswap_v2,0xbb2b8038a1640196fbe3e38816f3e67cba72d940,28.947411779515647,73.34866159,2123.253910522073,1,3e-05,0.000865817440449337,False,train
2025-12-08 15:37:00+00:00,sushiswap_v2,0xceff51756c56ceffca006cd410b03ffc46dd3a58,28.94756050170224,163.40722231,4730.240454233834,0,0.0,0.0,False,train
2025-12-08 15:37:00+00:00,uniswap_v2,0xbb2b8038a1640196fbe3e38816f3e67cba72d940,28.947411779515647,73.34866159,2123.253910522073,0,0.0,0.0,False,train
2025-12-08 15:38:00+00:00,sushiswap_v2,0xceff51756c56ceffca006cd410b03ffc46dd3a58,28.94756050170224,163.40722231,4730.240454233834,0,0.0,0.0,False,train
2025-12-08 15:38:00+00:00,uniswap_v2,0xbb2b8038a1640196fbe3e38816f3e67cba72d940,28.947411775740115,73.3486616,2123.253910534617,0,0.0,0.0,False,train
2025-12-08 15:39:00+00:00,sushiswap_v2,0xceff51756c56ceffca006cd410b03ffc46dd3a58,28.94756050170224,163.40722231,4730.240454233834,0,0.0,0.0,False,train
2025-12-08 15:39:00+00:00,uniswap_v2,0xbb2b8038a1640196fbe3e38816f3e67cba72d940,28.947411775740115,73.3486616,2123.253910534617,0,0.0,0.0,False,train
2025-12-08 15:40:00+00:00,sushiswap_v2,0xceff51756c56ceffca006cd410b03ffc46dd3a58,28.94756050170224,163.40722231,4730.240454233834,0,0.0,0.0,False,train
2025-12-08 15:40:00+00:00,uniswap_v2,0xbb2b8038a1640196fbe3e38816f3e67cba72d940,28.947411775740115,73.3486616,2123.253910534617,0,0.0,0.0,False,train
2025-12-08 15:41:00+00:00,sushiswap_v2,0xceff51756c56ceffca006cd410b03ffc46dd3a58,28.94756050170224,163.40722231,4730.240454233834,0,0.0,0.0,False,train
2025-12-08 15:41:00+00:00,uniswap_v2,0xbb2b8038a1640196fbe3e38816f3e67cba72d940,28.949590748935808,73.3459053,2123.333941545202,1,0.0027563,0.080031010585365,False,train
2025-12-08 15:42:00+00:00,sushiswap_v2,0xceff51756c56ceffca006cd410b03ffc46dd3a58,28.94756050170224,163.40722231,4730.240454233834,0,0.0,0.0,False,train
2025-12-08 15:42:00+00:00,uniswap_v2,0xbb2b8038a1640196fbe3e38816f3e67cba72d940,28.949590748935808,73.3459053,2123.333941545202,0,0.0,0.0,False,train
2025-12-08 15:43:00+00:00,sushiswap_v2,0xceff51756c56ceffca006cd410b03ffc46dd3a58,28.94756050170224,163.40722231,4730.240454233834,0,0.0,0.0,False,train
2025-12-08 15:43:00+00:00,uniswap_v2,0xbb2b8038a1640196fbe3e38816f3e67cba72d940,28.949590748935808,73.3459053,2123.333941545202,0,0.0,0.0,False,train
2025-12-08 15:44:00+00:00,sushiswap_v2,0xceff51756c56ceffca006cd410b03ffc46dd3a58,28.94756050170224,163.40722231,4730.240454233834,0,0.0,0.0,False,train
2025-12-08 15:44:00+00:00,uniswap_v2,0xbb2b8038a1640196fbe3e38816f3e67cba72d940,28.949590748935808,73.3459053,2123.333941545202,0,0.0,0.0,False,train
2025-12-08 15:45:00+00:00,sushiswap_v2,0xceff51756c56ceffca006cd410b03ffc46dd3a58,28.94756050170224,163.40722231,4730.240454233834,0,0.0,0.0,False,train
2025-12-08 15:45:00+00:00,uniswap_v2,0xbb2b8038a1640196fbe3e38816f3e67cba72d940,28.949590748935808,73.3459053,2123.333941545202,0,0.0,0.0,False,train
2025-12-08 15:46:00+00:00,sushiswap_v2,0xceff51756c56ceffca006cd410b03ffc46dd3a58,28.94756050170224,163.40722231,4730.240454233834,0,0.0,0.0,False,train
2025-12-08 15:46:00+00:00,uniswap_v2,0xbb2b8038a1640196fbe3e38816f3e67cba72d940,28.949590748935808,73.3459053,2123.333941545202,0,0.0,0.0,False,train
2025-12-08 15:47:00+00:00,sushiswap_v2,0xceff51756c56ceffca006cd410b03ffc46dd3a58,28.94756050170224,163.40722231,4730.240454233834,0,0.0,0.0,False,train
2025-12-08 15:47:00+00:00,uniswap_v2,0xbb2b8038a1640196fbe3e38816f3e67cba72d940,28.949590748935808,73.3459053,2123.333941545202,0,0.0,0.0,False,train
2025-12-08 15:48:00+00:00,sushiswap_v2,0xceff51756c56ceffca006cd410b03ffc46dd3a58,28.94756050170224,163.40722231,4730.240454233834,0,0.0,0.0,False,train
2025-12-08 15:48:00+00:00,uniswap_v2,0xbb2b8038a1640196fbe3e38816f3e67cba72d940,28.949590748935808,73.3459053,2123.333941545202,0,0.0,0.0,False,train
2025-12-08 15:49:00+00:00,sushiswap_v2,0xceff51756c56ceffca006cd410b03ffc46dd3a58,28.94756050170224,163.40722231,4730.240454233834,0,0.0,0.0,False,train
2025-12-08 15:49:00+00:00,uniswap_v2,0xbb2b8038a1640196fbe3e38816f3e67cba72d940,28.949590748935808,73.3459053,2123.333941545202,0,0.0,0.0,False,train
2025-12-08 15:50:00+00:00,sushiswap_v2,0xceff51756c56ceffca006cd410b03ffc46dd3a58,28.94756050170224,163.40722231,4730.240454233834,0,0.0,0.0,True,train
2025-12-08 15:50:00+00:00,uniswap_v2,0xbb2b8038a1640196fbe3e38816f3e67cba72d940,28.94958854981647,73.34590809,2123.333861018155,1,2.79e-06,8.0527047060988e-05,False,train
2025-12-08 15:51:00+00:00,sushiswap_v2,0xceff51756c56ceffca006cd410b03ffc46dd3a58,28.94756050170224,163.40722231,4730.240454233834,0,0.0,0.0,True,train
2025-12-08 15:51:00+00:00,uniswap_v2,0xbb2b8038a1640196fbe3e38816f3e67cba72d940,28.94958854981647,73.34590809,2123.333861018155,0,0.0,0.0,False,train
2025-12-08 15:52:00+00:00,sushiswap_v2,0xceff51756c56ceffca006cd410b03ffc46dd3a58,28.94756050170224,163.40722231,4730.240454233834,0,0.0,0.0,True,train
2025-12-08 15:52:00+00:00,uniswap_v2,0xbb2b8038a1640196fbe3e38816f3e67cba72d940,28.9495831111353,73.34591499,2123.3336618652693,1,6.9e-06,0.000199152885831694,False,train
2025-12-08 15:53:00+00:00,sushiswap_v2,0xceff51756c56ceffca006cd410b03ffc46dd3a58,28.94756050170224,163.40722231,4730.240454233834,0,0.0,0.0,True,train
2025-12-08 15:53:00+00:00,uniswap_v2,0xbb2b8038a1640196fbe3e38816f3e67cba72d940,28.9495831111353,73.34591499,2123.3336618652693,0,0.0,0.0,False,train
2025-12-08 15:54:00+00:00,sushiswap_v2,0xceff51756c56ceffca006cd410b03ffc46dd3a58,28.94756050170224,163.40722231,4730.240454233834,0,0.0,0.0,True,train
2025-12-08 15:54:00+00:00,uniswap_v2,0xbb2b8038a1640196fbe3e38816f3e67cba72d940,28.949581479531243,73.34591706,2123.333602119411,1,2.07e-06,5.9745858447815e-05,False,train
2025-12-08 15:55:00+00:00,sushiswap_v2,0xceff51756c56ceffca006cd410b03ffc46dd3a58,28.94756050170224,163.40722231,4730.240454233834,0,0.0,0.0,True,train
2025-12-08 15:55:00+00:00,uniswap_v2,0xbb2b8038a1640196fbe3e38816f3e67cba72d940,28.949581479531243,73.34591706,2123.333602119411,0,0.0,0.0,False,train
2025-12-08 15:56:00+00:00,sushiswap_v2,0xceff51756c56ceffca006cd410b03ffc46dd3a58,28.94756050170224,163.40722231,4730.240454233834,0,0.0,0.0,True,train
2025-12-08 15:56:00+00:00,uniswap_v2,0xbb2b8038a1640196fbe3e38816f3e67cba72d940,28.949581479531243,73.34591706,2123.333602119411,0,0.0,0.0,False,train
2025-12-08 15:57:00+00:00,sushiswap_v2,0xceff51756c56ceffca006cd410b03ffc46dd3a58,28.94756050170224,163.40722231,4730.240454233834,0,0.0,0.0,True,train
2025-12-08 15:57:00+00:00,uniswap_v2,0xbb2b8038a1640196fbe3e38816f3e67cba72d940,28.949581479531243,73.34591706,2123.333602119411,0,0.0,0.0,False,train
2025-12-08 15:58:00+00:00,sushiswap_v2,0xceff51756c56ceffca006cd410b03ffc46dd3a58,28.94756050170224,163.40722231,4730.240454233834,0,0.0,0.0,True,train
2025-12-08 15:58:00+00:00,uniswap_v2,0xbb2b8038a1640196fbe3e38816f3e67cba72d940,28.949581479531243,73.34591706,2123.333602119411,0,0.0,0.0,False,train
2025-12-08 15:59:00+00:00,sushiswap_v2,0xceff51756c56ceffca006cd410b03ffc46dd3a58,28.94756050170224,163.40722231,4730.240454233834,0,0.0,0.0,True,train
2025-12-08 15:59:00+00:00,uniswap_v2,0xbb2b8038a1640196fbe3e38816f3e67cba72d940,28.949581479531243,73.34591706,2123.333602119411,0,0.0,0.0,False,train
2025-12-08 16:00:00+00:00,sushiswap_v2,0xceff51756c56ceffca006cd410b03ffc46dd3a58,28.94756050170224,163.40722231,4730.240454233834,0,0.0,0.0,True,train
2025-12-08 16:00:00+00:00,uniswap_v2,0xbb2b8038a1640196fbe3e38816f3e67cba72d940,28.949581479531243,73.34591706,2123.333602119411,0,0.0,0.0,False,train
2025-12-08 16:01:00+00:00,sushiswap_v2,0xceff51756c56ceffca006cd410b03ffc46dd3a58,28.94756050170224,163.40722231,4730.240454233834,0,0.0,0.0,True,train
2025-12-08 16:01:00+00:00,uniswap_v2,0xbb2b8038a1640196fbe3e38816f3e67cba72d940,28.949581479531243,73.34591706,2123.333602119411,0,0.0,0.0,False,train
2025-12-08 16:02:00+00:00,sushiswap_v2,0xceff51756c56ceffca006cd410b03ffc46dd3a58,28.94756050170224,163.40722231,4730.240454233834,0,0.0,0.0,True,train
2025-12-08 16:02:00+00:00,uniswap_v2,0xbb2b8038a1640196fbe3e38816f3e67cba72d940,28.949581479531243,73.34591706,2123.333602119411,0,0.0,0.0,False,train
2025-12-08 16:03:00+00:00,sushiswap_v2,0xceff51756c56ceffca006cd410b03ffc46dd3a58,28.94756050170224,163.40722231,4730.240454233834,0,0.0,0.0,True,train
2025-12-08 16:03:00+00:00,uniswap_v2,0xbb2b8038a1640196fbe3e38816f3e67cba72d940,28.949581479531243,73.34591706,2123.333602119411,0,0.0,0.0,False,train
2025-12-08 16:04:00+00:00,sushiswap_v2,0xceff51756c56ceffca006cd410b03ffc46dd3a58,28.94756050170224,163.40722231,4730.240454233834,0,0.0,0.0,True,train
2025-12-08 16:04:00+00:00,uniswap_v2,0xbb2b8038a1640196fbe3e38816f3e67cba72d940,28.949581479531243,73.34591706,2123.333602119411,0,0.0,0.0,False,train
2025-12-08 16:05:00+00:00,sushiswap_v2,0xceff51756c56ceffca006cd410b03ffc46dd3a58,28.94756050170224,163.40722231,4730.240454233834,0,0.0,0.0,True,train
2025-12-08 16:05:00+00:00,uniswap_v2,0xbb2b8038a1640196fbe3e38816f3e67cba72d940,28.94958574079157,73.34591167,2123.33375862719,1,5.39e-06,0.000156507778978453,False,train
2025-12-08 16:06:00+00:00,sushiswap_v2,0xceff51756c56ceffca006cd410b03ffc46dd3a58,28.94756050170224,163.40722231,4730.240454233834,0,0.0,0.0,True,train
2025-12-08 16:06:00+00:00,uniswap_v2,0xbb2b8038a1640196fbe3e38816f3e67cba72d940,28.94958574079157,73.34591167,2123.33375862719,0,0.0,0.0,False,train
2025-12-08 16:07:00+00:00,sushiswap_v2,0xceff51756c56ceffca006cd410b03ffc46dd3a58,28.94756050170224,163.40722231,4730.240454233834,0,0.0,0.0,True,train
2025-12-08 16:07:00+00:00,uniswap_v2,0xbb2b8038a1640196fbe3e38816f3e67cba72d940,28.94958574079157,73.34591167,2123.33375862719,0,0.0,0.0,False,train
2025-12-08 16:08:00+00:00,sushiswap_v2,0xceff51756c56ceffca006cd410b03ffc46dd3a58,28.94756050170224,163.40722231,4730.240454233834,0,0.0,0.0,True,train
2025-12-08 16:08:00+00:00,uniswap_v2,0xbb2b8038a1640196fbe3e38816f3e67cba72d940,28.94958574079157,73.34591167,2123.33375862719,0,0.0,0.0,False,train
2025-12-08 16:09:00+00:00,sushiswap_v2,0xceff51756c56ceffca006cd410b03ffc46dd3a58,28.94756050170224,163.40722231,4730.240454233834,0,0.0,0.0,True,train
2025-12-08 16:09:00+00:00,uniswap_v2,0xbb2b8038a1640196fbe3e38816f3e67cba72d940,28.94958574079157,73.34591167,2123.33375862719,0,0.0,0.0,False,train
2025-12-08 16:10:00+00:00,sushiswap_v2,0xceff51756c56ceffca006cd410b03ffc46dd3a58,28.94756050170224,163.40722231,4730.240454233834,0,0.0,0.0,True,train
2025-12-08 16:10:00+00:00,uniswap_v2,0xbb2b8038a1640196fbe3e38816f3e67cba72d940,28.94958574079157,73.34591167,2123.33375862719,0,0.0,0.0,False,train
2025-12-08 16:11:00+00:00,sushiswap_v2,0xceff51756c56ceffca006cd410b03ffc46dd3a58,28.94756050170224,163.40722231,4730.240454233834,0,0.0,0.0,True,train
2025-12-08 16:11:00+00:00,uniswap_v2,0xbb2b8038a1640196fbe3e38816f3e67cba72d940,28.94958574079157,73.34591167,2123.33375862719,0,0.0,0.0,False,train
2025-12-08 16:12:00+00:00,sushiswap_v2,0xceff51756c56ceffca006cd410b03ffc46dd3a58,28.94756050170224,163.40722231,4730.240454233834,0,0.0,0.0,True,train
2025-12-08 16:12:00+00:00,uniswap_v2,0xbb2b8038a1640196fbe3e38816f3e67cba72d940,28.94958574079157,73.34591167,2123.33375862719,0,0.0,0.0,False,train
2025-12-08 16:13:00+00:00,sushiswap_v2,0xceff51756c56ceffca006cd410b03ffc46dd3a58,28.94756050170224,163.40722231,4730.240454233834,0,0.0,0.0,True,train
2025-12-08 16:13:00+00:00,uniswap_v2,0xbb2b8038a1640196fbe3e38816f3e67cba72d940,28.94958574079157,73.34591167,2123.33375862719,0,0.0,0.0,False,train
2025-12-08 16:14:00+00:00,sushiswap_v2,0xceff51756c56ceffca006cd410b03ffc46dd3a58,28.94756050170224,163.40722231,4730.240454233834,0,0.0,0.0,True,train
2025-12-08 16:14:00+00:00,uniswap_v2,0xbb2b8038a1640196fbe3e38816f3e67cba72d940,28.94958574079157,73.34591167,2123.33375862719,0,0.0,0.0,False,train
2025-12-08 16:15:00+00:00,sushiswap_v2,0xceff51756c56ceffca006cd410b03ffc46dd3a58,28.94756050170224,163.40722231,4730.240454233834,0,0.0,0.0,True,train
2025-12-08 16:15:00+00:00,uniswap_v2,0xbb2b8038a1640196fbe3e38816f3e67cba72d940,28.94958574079157,73.34591167,2123.33375862719,0,0.0,0.0,False,train
2025-12-08 16:16:00+00:00,sushiswap_v2,0xceff51756c56ceffca006cd410b03ffc46dd3a58,28.94756050170224,163.40722231,4730.240454233834,0,0.0,0.0,True,train
2025-12-08 16:16:00+00:00,uniswap_v2,0xbb2b8038a1640196fbe3e38816f3e67cba72d940,28.94958574079157,73.34591167,2123.33375862719,0,0.0,0.0,False,train
2025-12-08 16:17:00+00:00,sushiswap_v2,0xceff51756c56ceffca006cd410b03ffc46dd3a58,28.94756050170224,163.40722231,4730.240454233834,0,0.0,0.0,True,train
2025-12-08 16:17:00+00:00,uniswap_v2,0xbb2b8038a1640196fbe3e38816f3e67cba72d940,28.94958574079157,73.34591167,2123.33375862719,0,0.0,0.0,False,train
2025-12-08 16:18:00+00:00,sushiswap_v2,0xceff51756c56ceffca006cd410b03ffc46dd3a58,28.947631358373044,163.40702262,4730.246252173085,1,0.00019969,0.005797939251249152,False,train
2025-12-08 16:18:00+00:00,uniswap_v2,0xbb2b8038a1640196fbe3e38816f3e67cba72d940,28.94958574079157,73.34591167,2123.33375862719,0,0.0,0.0,False,train
2025-12-08 16:19:00+00:00,sushiswap_v2,0xceff51756c56ceffca006cd410b03ffc46dd3a58,28.947631358373044,163.40702262,4730.246252173085,0,0.0,0.0,False,train
2025-12-08 16:19:00+00:00,uniswap_v2,0xbb2b8038a1640196fbe3e38816f3e67cba72d940,28.94958574079157,73.34591167,2123.33375862719,0,0.0,0.0,False,train
2025-12-08 16:20:00+00:00,sushiswap_v2,0xceff51756c56ceffca006cd410b03ffc46dd3a58,28.947631358373044,163.40702262,4730.246252173085,0,0.0,0.0,False,train
2025-12-08 16:20:00+00:00,uniswap_v2,0xbb2b8038a1640196fbe3e38816f3e67cba72d940,28.94958574079157,73.34591167,2123.33375862719,0,0.0,0.0,False,train
2025-12-08 16:21:00+00:00,sushiswap_v2,0xceff51756c56ceffca006cd410b03ffc46dd3a58,28.947631358373044,163.40702262,4730.246252173085,0,0.0,0.0,False,train
2025-12-08 16:21:00+00:00,uniswap_v2,0xbb2b8038a1640196fbe3e38816f3e67cba72d940,28.94958574079157,73.34591167,2123.33375862719,0,0.0,0.0,True,train
2025-12-08 16:22:00+00:00,sushiswap_v2,0xceff51756c56ceffca006cd410b03ffc46dd3a58,28.947631358373044,163.40702262,4730.246252173085,0,0.0,0.0,False,train
2025-12-08 16:22:00+00:00,uniswap_v2,0xbb2b8038a1640196fbe3e38816f3e67cba72d940,28.94958574079157,73.34591167,2123.33375862719,0,0.0,0.0,True,train
2025-12-08 16:23:00+00:00,sushiswap_v2,0xceff51756c56ceffca006cd410b03ffc46dd3a58,28.947631358373044,163.40702262,4730.246252173085,0,0.0,0.0,False,train
2025-12-08 16:23:00+00:00,uniswap_v2,0xbb2b8038a1640196fbe3e38816f3e67cba72d940,28.94958574079157,73.34591167,2123.33375862719,0,0.0,0.0,True,train
2025-12-08 16:24:00+00:00,sushiswap_v2,0xceff51756c56ceffca006cd410b03ffc46dd3a58,28.947631358373044,163.40702262,4730.246252173085,0,0.0,0.0,False,train
2025-12-08 16:24:00+00:00,uniswap_v2,0xbb2b8038a1640196fbe3e38816f3e67cba72d940,28.94958574079157,73.34591167,2123.33375862719,0,0.0,0.0,True,train
2025-12-08 16:25:00+00:00,sushiswap_v2,0xceff51756c56ceffca006cd410b03ffc46dd3a58,28.947631358373044,163.40702262,4730.246252173085,0,0.0,0.0,False,train
2025-12-08 16:25:00+00:00,uniswap_v2,0xbb2b8038a1640196fbe3e38816f3e67cba72d940,28.94958574079157,73.34591167,2123.33375862719,0,0.0,0.0,True,train
2025-12-08 16:26:00+00:00,sushiswap_v2,0xceff51756c56ceffca006cd410b03ffc46dd3a58,28.947631358373044,163.40702262,4730.246252173085,0,0.0,0.0,False,train
2025-12-08 16:26:00+00:00,uniswap_v2,0xbb2b8038a1640196fbe3e38816f3e67cba72d940,28.94958574079157,73.34591167,2123.33375862719,0,0.0,0.0,True,train
2025-12-08 16:27:00+00:00,sushiswap_v2,0xceff51756c56ceffca006cd410b03ffc46dd3a58,28.947631358373044,163.40702262,4730.246252173085,0,0.0,0.0,False,train
2025-12-08 16:27:00+00:00,uniswap_v2,0xbb2b8038a1640196fbe3e38816f3e67cba72d940,28.94958574079157,73.34591167,2123.33375862719,0,0.0,0.0,True,train
2025-12-08 16:28:00+00:00,sushiswap_v2,0xceff51756c56ceffca006cd410b03ffc46dd3a58,28.947631358373044,163.40702262,4730.246252173085,0,0.0,0.0,False,train
2025-12-08 16:28:00+00:00,uniswap_v2,0xbb2b8038a1640196fbe3e38816f3e67cba72d940,28.94958574079157,73.34591167,2123.33375862719,0,0.0,0.0,True,train
2025-12-08 16:29:00+00:00,sushiswap_v2,0xceff51756c56ceffca006cd410b03ffc46dd3a58,28.947631358373044,163.40702262,4730.246252173085,0,0.0,0.0,False,train
2025-12-08 16:29:00+00:00,uniswap_v2,0xbb2b8038a1640196fbe3e38816f3e67cba72d940,28.94958574079157,73.34591167,2123.33375862719,0,0.0,0.0,True,train
2025-12-08 16:30:00+00:00,sushiswap_v2,0xceff51756c56ceffca006cd410b03ffc46dd3a58,28.915238787107608,163.49866361,4727.602899656131,2,0.09164098999999999,2.643352516953699,False,train
2025-12-08 16:30:00+00:00,uniswap_v2,0xbb2b8038a1640196fbe3e38816f3e67cba72d940,28.915244221003835,73.38951922,2122.075871508355,2,0.04360755,1.2578871188350103,False,train
2025-12-08 16:31:00+00:00,sushiswap_v2,0xceff51756c56ceffca006cd410b03ffc46dd3a58,28.915238787107608,163.49866361,4727.602899656131,0,0.0,0.0,False,train
2025-12-08 16:31:00+00:00,uniswap_v2,0xbb2b8038a1640196fbe3e38816f3e67cba72d940,28.915244221003835,73.38951922,2122.075871508355,0,0.0,0.0,False,train
2025-12-08 16:32:00+00:00,sushiswap_v2,0xceff51756c56ceffca006cd410b03ffc46dd3a58,28.915238787107608,163.49866361,4727.602899656131,0,0.0,0.0,False,train
2025-12-08 16:32:00+00:00,uniswap_v2,0xbb2b8038a1640196fbe3e38816f3e67cba72d940,28.915244221003835,73.38951922,2122.075871508355,0,0.0,0.0,False,train
2025-12-08 16:33:00+00:00,sushiswap_v2,0xceff51756c56ceffca006cd410b03ffc46dd3a58,28.915238787107608,163.49866361,4727.602899656131,0,0.0,0.0,False,train
2025-12-08 16:33:00+00:00,uniswap_v2,0xbb2b8038a1640196fbe3e38816f3e67cba72d940,28.915244221003835,73.38951922,2122.075871508355,0,0.0,0.0,False,train
2025-12-08 16:34:00+00:00,sushiswap_v2,0xceff51756c56ceffca006cd410b03ffc46dd3a58,28.915238787107608,163.49866361,4727.602899656131,0,0.0,0.0,False,train
2025-12-08 16:34:00+00:00,uniswap_v2,0xbb2b8038a1640196fbe3e38816f3e67cba72d940,28.915244221003835,73.38951922,2122.075871508355,0,0.0,0.0,False,train
2025-12-08 16:35:00+00:00,sushiswap_v2,0xceff51756c56ceffca006cd410b03ffc46dd3a58,28.915238787107608,163.49866361,4727.602899656131,0,0.0,0.0,False,train
2025-12-08 16:35:00+00:00,uniswap_v2,0xbb2b8038a1640196fbe3e38816f3e67cba72d940,28.915244221003835,73.38951922,2122.075871508355,0,0.0,0.0,False,train
2025-12-08 16:36:00+00:00,sushiswap_v2,0xceff51756c56ceffca006cd410b03ffc46dd3a58,28.915238787107608,163.49866361,4727.602899656131,0,0.0,0.0,False,train
2025-12-08 16:36:00+00:00,uniswap_v2,0xbb2b8038a1640196fbe3e38816f3e67cba72d940,28.915244221003835,73.38951922,2122.075871508355,0,0.0,0.0,False,train
2025-12-08 16:37:00+00:00,sushiswap_v2,0xceff51756c56ceffca006cd410b03ffc46dd3a58,28.915238787107608,163.49866361,4727.602899656131,0,0.0,0.0,False,train
2025-12-08 16:37:00+00:00,uniswap_v2,0xbb2b8038a1640196fbe3e38816f3e67cba72d940,28.915244221003835,73.38951922,2122.075871508355,0,0.0,0.0,False,train
2025-12-08 16:38:00+00:00,sushiswap_v2,0xceff51756c56ceffca006cd410b03ffc46dd3a58,28.915238787107608,163.49866361,4727.602899656131,0,0.0,0.0,False,train
2025-12-08 16:38:00+00:00,uniswap_v2,0xbb2b8038a1640196fbe3e38816f3e67cba72d940,28.915244221003835,73.38951922,2122.075871508355,0,0.0,0.0,False,train
2025-12-08 16:39:00+00:00,sushiswap_v2,0xceff51756c56ceffca006cd410b03ffc46dd3a58,28.915238787107608,163.49866361,4727.602899656131,0,0.0,0.0,False,train
2025-12-08 16:39:00+00:00,uniswap_v2,0xbb2b8038a1640196fbe3e38816f3e67cba72d940,28.915244221003835,73.38951922,2122.075871508355,0,0.0,0.0,False,train
2025-12-08 16:40:00+00:00,sushiswap_v2,0xceff51756c56ceffca006cd410b03ffc46dd3a58,28.915238787107608,163.49866361,4727.602899656131,0,0.0,0.0,False,train
2025-12-08 16:40:00+00:00,uniswap_v2,0xbb2b8038a1640196fbe3e38816f3e67cba72d940,28.915244221003835,73.38951922,2122.075871508355,0,0.0,0.0,False,train
2025-12-08 16:41:00+00:00,sushiswap_v2,0xceff51756c56ceffca006cd410b03ffc46dd3a58,28.915238787107608,163.49866361,4727.602899656131,0,0.0,0.0,False,train
2025-12-08 16:41:00+00:00,uniswap_v2,0xbb2b8038a1640196fbe3e38816f3e67cba72d940,28.915244221003835,73.38951922,2122.075871508355,0,0.0,0.0,False,train
2025-12-08 16:42:00+00:00,sushiswap_v2,0xceff51756c56ceffca006cd410b03ffc46dd3a58,28.915238787107608,163.49866361,4727.602899656131,0,0.0,0.0,False,train
2025-12-08 16:42:00+00:00,uniswap_v2,0xbb2b8038a1640196fbe3e38816f3e67cba72d940,28.915244221003835,73.38951922,2122.075871508355,0,0.0,0.0,False,train
2025-12-08 16:43:00+00:00,sushiswap_v2,0xceff51756c56ceffca006cd410b03ffc46dd3a58,28.915238787107608,163.49866361,4727.602899656131,0,0.0,0.0,False,train
2025-12-08 16:43:00+00:00,uniswap_v2,0xbb2b8038a1640196fbe3e38816f3e67cba72d940,28.915244221003835,73.38951922,2122.075871508355,0,0.0,0.0,False,train
2025-12-08 16:44:00+00:00,sushiswap_v2,0xceff51756c56ceffca006cd410b03ffc46dd3a58,28.915238787107608,163.49866361,4727.602899656131,0,0.0,0.0,False,train
2025-12-08 16:44:00+00:00,uniswap_v2,0xbb2b8038a1640196fbe3e38816f3e67cba72d940,28.915244221003835,73.38951922,2122.075871508355,0,0.0,0.0,False,train
2025-12-08 16:45:00+00:00,sushiswap_v2,0xceff51756c56ceffca006cd410b03ffc46dd3a58,28.915238787107608,163.49866361,4727.602899656131,0,0.0,0.0,False,train
2025-12-08 16:45:00+00:00,uniswap_v2,0xbb2b8038a1640196fbe3e38816f3e67cba72d940,28.915244221003835,73.38951922,2122.075871508355,0,0.0,0.0,False,train
2025-12-08 16:46:00+00:00,sushiswap_v2,0xceff51756c56ceffca006cd410b03ffc46dd3a58,28.915238787107608,163.49866361,4727.602899656131,0,0.0,0.0,True,train
2025-12-08 16:46:00+00:00,uniswap_v2,0xbb2b8038a1640196fbe3e38816f3e67cba72d940,28.915244221003835,73.38951922,2122.075871508355,0,0.0,0.0,True,train
2025-12-08 16:47:00+00:00,sushiswap_v2,0xceff51756c56ceffca006cd410b03ffc46dd3a58,28.915238787107608,163.49866361,4727.602899656131,0,0.0,0.0,True,train
2025-12-08 16:47:00+00:00,uniswap_v2,0xbb2b8038a1640196fbe3e38816f3e67cba72d940,28.915244221003835,73.38951922,2122.075871508355,0,0.0,0.0,True,train
2025-12-08 16:48:00+00:00,sushiswap_v2,0xceff51756c56ceffca006cd410b03ffc46dd3a58,28.915238787107608,163.49866361,4727.602899656131,0,0.0,0.0,True,train
2025-12-08 16:48:00+00:00,uniswap_v2,0xbb2b8038a1640196fbe3e38816f3e67cba72d940,28.915244221003835,73.38951922,2122.075871508355,0,0.0,0.0,True,train
2025-12-08 16:49:00+00:00,sushiswap_v2,0xceff51756c56ceffca006cd410b03ffc46dd3a58,28.915238787107608,163.49866361,4727.602899656131,0,0.0,0.0,True,train
2025-12-08 16:49:00+00:00,uniswap_v2,0xbb2b8038a1640196fbe3e38816f3e67cba72d940,28.915244221003835,73.38951922,2122.075871508355,0,0.0,0.0,True,train
2025-12-08 16:50:00+00:00,sushiswap_v2,0xceff51756c56ceffca006cd410b03ffc46dd3a58,28.915238787107608,163.49866361,4727.602899656131,0,0.0,0.0,True,train
2025-12-08 16:50:00+00:00,uniswap_v2,0xbb2b8038a1640196fbe3e38816f3e67cba72d940,28.915244221003835,73.38951922,2122.075871508355,0,0.0,0.0,True,train
2025-12-08 16:51:00+00:00,sushiswap_v2,0xceff51756c56ceffca006cd410b03ffc46dd3a58,28.915238787107608,163.49866361,4727.602899656131,0,0.0,0.0,True,train
2025-12-08 16:51:00+00:00,uniswap_v2,0xbb2b8038a1640196fbe3e38816f3e67cba72d940,28.915233457420854,73.3895329,2122.0754771345687,1,1.368e-05,0.000394373786028725,False,train
2025-12-08 16:52:00+00:00,sushiswap_v2,0xceff51756c56ceffca006cd410b03ffc46dd3a58,28.915238787107608,163.49866361,4727.602899656131,0,0.0,0.0,True,train
2025-12-08 16:52:00+00:00,uniswap_v2,0xbb2b8038a1640196fbe3e38816f3e67cba72d940,28.915233457420854,73.3895329,2122.0754771345687,0,0.0,0.0,False,train
2025-12-08 16:53:00+00:00,sushiswap_v2,0xceff51756c56ceffca006cd410b03ffc46dd3a58,28.915238787107608,163.49866361,4727.602899656131,0,0.0,0.0,True,train
2025-12-08 16:53:00+00:00,uniswap_v2,0xbb2b8038a1640196fbe3e38816f3e67cba72d940,28.915233457420854,73.3895329,2122.0754771345687,0,0.0,0.0,False,train
2025-12-08 16:54:00+00:00,sushiswap_v2,0xceff51756c56ceffca006cd410b03ffc46dd3a58,28.915238787107608,163.49866361,4727.602899656131,0,0.0,0.0,True,train
2025-12-08 16:54:00+00:00,uniswap_v2,0xbb2b8038a1640196fbe3e38816f3e67cba72d940,28.915233457420854,73.3895329,2122.0754771345687,0,0.0,0.0,False,train
2025-12-08 16:55:00+00:00,sushiswap_v2,0xceff51756c56ceffca006cd410b03ffc46dd3a58,28.915238787107608,163.49866361,4727.602899656131,0,0.0,0.0,True,train
2025-12-08 16:55:00+00:00,uniswap_v2,0xbb2b8038a1640196fbe3e38816f3e67cba72d940,28.915233457420854,73.3895329,2122.0754771345687,0,0.0,0.0,False,train
2025-12-08 16:56:00+00:00,sushiswap_v2,0xceff51756c56ceffca006cd410b03ffc46dd3a58,28.915238787107608,163.49866361,4727.602899656131,0,0.0,0.0,True,train
2025-12-08 16:56:00+00:00,uniswap_v2,0xbb2b8038a1640196fbe3e38816f3e67cba72d940,28.915233457420854,73.3895329,2122.0754771345687,0,0.0,0.0,False,train
2025-12-08 16:57:00+00:00,sushiswap_v2,0xceff51756c56ceffca006cd410b03ffc46dd3a58,28.915238787107608,163.49866361,4727.602899656131,0,0.0,0.0,True,train
2025-12-08 16:57:00+00:00,uniswap_v2,0xbb2b8038a1640196fbe3e38816f3e67cba72d940,28.915233457420854,73.3895329,2122.0754771345687,0,0.0,0.0,False,train
2025-12-08 16:58:00+00:00,sushiswap_v2,0xceff51756c56ceffca006cd410b03ffc46dd3a58,28.915238787107608,163.49866361,4727.602899656131,0,0.0,0.0,True,train
2025-12-08 16:58:00+00:00,uniswap_v2,0xbb2b8038a1640196fbe3e38816f3e67cba72d940,28.915233457420854,73.3895329,2122.0754771345687,0,0.0,0.0,False,train
2025-12-08 16:59:00+00:00,sushiswap_v2,0xceff51756c56ceffca006cd410b03ffc46dd3a58,28.915238787107608,163.49866361,4727.602899656131,0,0.0,0.0,True,train
2025-12-08 16:59:00+00:00,uniswap_v2,0xbb2b8038a1640196fbe3e38816f3e67cba72d940,28.915233457420854,73.3895329,2122.0754771345687,0,0.0,0.0,False,train
2025-12-08 17:00:00+00:00,sushiswap_v2,0xceff51756c56ceffca006cd410b03ffc46dd3a58,28.915238787107608,163.49866361,4727.602899656131,0,0.0,0.0,True,train
2025-12-08 17:00:00+00:00,uniswap_v2,0xbb2b8038a1640196fbe3e38816f3e67cba72d940,28.915233457420854,73.3895329,2122.0754771345687,0,0.0,0.0,False,train
2025-12-08 17:01:00+00:00,sushiswap_v2,0xceff51756c56ceffca006cd410b03ffc46dd3a58,28.915238787107608,163.49866361,4727.602899656131,0,0.0,0.0,True,train
2025-12-08 17:01:00+00:00,uniswap_v2,0xbb2b8038a1640196fbe3e38816f3e67cba72d940,28.915233457420854,73.3895329,2122.0754771345687,0,0.0,0.0,False,train
2025-12-08 17:02:00+00:00,sushiswap_v2,0xceff51756c56ceffca006cd410b03ffc46dd3a58,28.915238787107608,163.49866361,4727.602899656131,0,0.0,0.0,True,train
2025-12-08 17:02:00+00:00,uniswap_v2,0xbb2b8038a1640196fbe3e38816f3e67cba72d940,28.915233457420854,73.3895329,2122.0754771345687,0,0.0,0.0,False,train
2025-12-08 17:03:00+00:00,sushiswap_v2,0xceff51756c56ceffca006cd410b03ffc46dd3a58,28.915238787107608,163.49866361,4727.602899656131,0,0.0,0.0,True,train
2025-12-08 17:03:00+00:00,uniswap_v2,0xbb2b8038a1640196fbe3e38816f3e67cba72d940,28.915233457420854,73.3895329,2122.0754771345687,0,0.0,0.0,False,train
2025-12-08 17:04:00+00:00,sushiswap_v2,0xceff51756c56ceffca006cd410b03ffc46dd3a58,28.915238787107608,163.49866361,4727.602899656131,0,0.0,0.0,True,train
2025-12-08 17:04:00+00:00,uniswap_v2,0xbb2b8038a1640196fbe3e38816f3e67cba72d940,28.915233457420854,73.3895329,2122.0754771345687,0,0.0,0.0,False,train
2025-12-08 17:05:00+00:00,sushiswap_v2,0xceff51756c56ceffca006cd410b03ffc46dd3a58,28.915238787107608,163.49866361,4727.602899656131,0,0.0,0.0,True,train
2025-12-08 17:05:00+00:00,uniswap_v2,0xbb2b8038a1640196fbe3e38816f3e67cba72d940,28.915233457420854,73.3895329,2122.0754771345687,0,0.0,0.0,False,train
2025-12-08 17:06:00+00:00,sushiswap_v2,0xceff51756c56ceffca006cd410b03ffc46dd3a58,28.915238787107608,163.49866361,4727.602899656131,0,0.0,0.0,True,train
2025-12-08 17:06:00+00:00,uniswap_v2,0xbb2b8038a1640196fbe3e38816f3e67cba72d940,28.915233457420854,73.3895329,2122.0754771345687,0,0.0,0.0,False,train
2025-12-08 17:07:00+00:00,sushiswap_v2,0xceff51756c56ceffca006cd410b03ffc46dd3a58,28.915238787107608,163.49866361,4727.602899656131,0,0.0,0.0,True,train
2025-12-08 17:07:00+00:00,uniswap_v2,0xbb2b8038a1640196fbe3e38816f3e67cba72d940,28.915233457420854,73.3895329,2122.0754771345687,0,0.0,0.0,True,train
2025-12-08 17:08:00+00:00,sushiswap_v2,0xceff51756c56ceffca006cd410b03ffc46dd3a58,28.915238787107608,163.49866361,4727.602899656131,0,0.0,0.0,True,train
2025-12-08 17:08:00+00:00,uniswap_v2,0xbb2b8038a1640196fbe3e38816f3e67cba72d940,28.915233457420854,73.3895329,2122.0754771345687,0,0.0,0.0,True,train
2025-12-08 17:09:00+00:00,sushiswap_v2,0xceff51756c56ceffca006cd410b03ffc46dd3a58,28.915238787107608,163.49866361,4727.602899656131,0,0.0,0.0,True,train
2025-12-08 17:09:00+00:00,uniswap_v2,0xbb2b8038a1640196fbe3e38816f3e67cba72d940,28.915233457420854,73.3895329,2122.0754771345687,0,0.0,0.0,True,train
2025-12-08 17:10:00+00:00,sushiswap_v2,0xceff51756c56ceffca006cd410b03ffc46dd3a58,28.915238787107608,163.49866361,4727.602899656131,0,0.0,0.0,True,train
2025-12-08 17:10:00+00:00,uniswap_v2,0xbb2b8038a1640196fbe3e38816f3e67cba72d940,28.915233457420854,73.3895329,2122.0754771345687,0,0.0,0.0,True,train
2025-12-08 17:11:00+00:00,sushiswap_v2,0xceff51756c56ceffca006cd410b03ffc46dd3a58,28.915238787107608,163.49866361,4727.602899656131,0,0.0,0.0,True,train
2025-12-08 17:11:00+00:00,uniswap_v2,0xbb2b8038a1640196fbe3e38816f3e67cba72d940,28.915233457420854,73.3895329,2122.0754771345687,0,0.0,0.0,True,train
2025-12-08 17:12:00+00:00,sushiswap_v2,0xceff51756c56ceffca006cd410b03ffc46dd3a58,28.915238787107608,163.49866361,4727.602899656131,0,0.0,0.0,True,train
2025-12-08 17:12:00+00:00,uniswap_v2,0xbb2b8038a1640196fbe3e38816f3e67cba72d940,28.915233457420854,73.3895329,2122.0754771345687,0,0.0,0.0,True,train
2025-12-08 17:13:00+00:00,sushiswap_v2,0xceff51756c56ceffca006cd410b03ffc46dd3a58,28.915238787107608,163.49866361,4727.602899656131,0,0.0,0.0,True,train
2025-12-08 17:13:00+00:00,uniswap_v2,0xbb2b8038a1640196fbe3e38816f3e67cba72d940,28.915233457420854,73.3895329,2122.0754771345687,0,0.0,0.0,True,train
2025-12-08 17:14:00+00:00,sushiswap_v2,0xceff51756c56ceffca006cd410b03ffc46dd3a58,28.915238787107608,163.49866361,4727.602899656131,0,0.0,0.0,True,train
2025-12-08 17:14:00+00:00,uniswap_v2,0xbb2b8038a1640196fbe3e38816f3e67cba72d940,28.915233457420854,73.3895329,2122.0754771345687,0,0.0,0.0,True,train
2025-12-08 17:15:00+00:00,sushiswap_v2,0xceff51756c56ceffca006cd410b03ffc46dd3a58,28.915238787107608,163.49866361,4727.602899656131,0,0.0,0.0,True,train
2025-12-08 17:15:00+00:00,uniswap_v2,0xbb2b8038a1640196fbe3e38816f3e67cba72d940,28.915233457420854,73.3895329,2122.0754771345687,0,0.0,0.0,True,train
2025-12-08 17:16:00+00:00,sushiswap_v2,0xceff51756c56ceffca006cd410b03ffc46dd3a58,28.915238787107608,163.49866361,4727.602899656131,0,0.0,0.0,True,train
2025-12-08 17:16:00+00:00,uniswap_v2,0xbb2b8038a1640196fbe3e38816f3e67cba72d940,28.915233457420854,73.3895329,2122.0754771345687,0,0.0,0.0,True,train
2025-12-08 17:17:00+00:00,sushiswap_v2,0xceff51756c56ceffca006cd410b03ffc46dd3a58,28.915238787107608,163.49866361,4727.602899656131,0,0.0,0.0,True,train
2025-12-08 17:17:00+00:00,uniswap_v2,0xbb2b8038a1640196fbe3e38816f3e67cba72d940,28.915233457420854,73.3895329,2122.0754771345687,0,0.0,0.0,True,train
2025-12-08 17:18:00+00:00,sushiswap_v2,0xceff51756c56ceffca006cd410b03ffc46dd3a58,28.915238787107608,163.49866361,4727.602899656131,0,0.0,0.0,True,train
2025-12-08 17:18:00+00:00,uniswap_v2,0xbb2b8038a1640196fbe3e38816f3e67cba72d940,28.915233457420854,73.3895329,2122.0754771345687,0,0.0,0.0,True,train
2025-12-08 17:19:00+00:00,sushiswap_v2,0xceff51756c56ceffca006cd410b03ffc46dd3a58,28.915238787107608,163.49866361,4727.602899656131,0,0.0,0.0,True,train
2025-12-08 17:19:00+00:00,uniswap_v2,0xbb2b8038a1640196fbe3e38816f3e67cba72d940,28.915233457420854,73.3895329,2122.0754771345687,0,0.0,0.0,True,train
2025-12-08 17:20:00+00:00,sushiswap_v2,0xceff51756c56ceffca006cd410b03ffc46dd3a58,28.915238787107608,163.49866361,4727.602899656131,0,0.0,0.0,True,train
2025-12-08 17:20:00+00:00,uniswap_v2,0xbb2b8038a1640196fbe3e38816f3e67cba72d940,28.915233457420854,73.3895329,2122.0754771345687,0,0.0,0.0,True,train
2025-12-08 17:21:00+00:00,sushiswap_v2,0xceff51756c56ceffca006cd410b03ffc46dd3a58,28.915238787107608,163.49866361,4727.602899656131,0,0.0,0.0,True,train
2025-12-08 17:21:00+00:00,uniswap_v2,0xbb2b8038a1640196fbe3e38816f3e67cba72d940,28.915233457420854,73.3895329,2122.0754771345687,0,0.0,0.0,True,train
2025-12-08 17:22:00+00:00,sushiswap_v2,0xceff51756c56ceffca006cd410b03ffc46dd3a58,28.915238787107608,163.49866361,4727.602899656131,0,0.0,0.0,True,train
2025-12-08 17:22:00+00:00,uniswap_v2,0xbb2b8038a1640196fbe3e38816f3e67cba72d940,28.915233457420854,73.3895329,2122.0754771345687,0,0.0,0.0,True,train
2025-12-08 17:23:00+00:00,sushiswap_v2,0xceff51756c56ceffca006cd410b03ffc46dd3a58,28.915238787107608,163.49866361,4727.602899656131,0,0.0,0.0,True,train
2025-12-08 17:23:00+00:00,uniswap_v2,0xbb2b8038a1640196fbe3e38816f3e67cba72d940,28.915233457420854,73.3895329,2122.0754771345687,0,0.0,0.0,True,train
2025-12-08 17:24:00+00:00,sushiswap_v2,0xceff51756c56ceffca006cd410b03ffc46dd3a58,28.915238787107608,163.49866361,4727.602899656131,0,0.0,0.0,True,train
2025-12-08 17:24:00+00:00,uniswap_v2,0xbb2b8038a1640196fbe3e38816f3e67cba72d940,28.915233457420854,73.3895329,2122.0754771345687,0,0.0,0.0,True,train
2025-12-08 17:25:00+00:00,sushiswap_v2,0xceff51756c56ceffca006cd410b03ffc46dd3a58,28.915238787107608,163.49866361,4727.602899656131,0,0.0,0.0,True,train
2025-12-08 17:25:00+00:00,uniswap_v2,0xbb2b8038a1640196fbe3e38816f3e67cba72d940,28.915233457420854,73.3895329,2122.0754771345687,0,0.0,0.0,True,train
2025-12-08 17:26:00+00:00,sushiswap_v2,0xceff51756c56ceffca006cd410b03ffc46dd3a58,28.915238787107608,163.49866361,4727.602899656131,0,0.0,0.0,True,train
2025-12-08 17:26:00+00:00,uniswap_v2,0xbb2b8038a1640196fbe3e38816f3e67cba72d940,28.915233457420854,73.3895329,2122.0754771345687,0,0.0,0.0,True,train
2025-12-08 17:27:00+00:00,sushiswap_v2,0xceff51756c56ceffca006cd410b03ffc46dd3a58,28.915238787107608,163.49866361,4727.602899656131,0,0.0,0.0,True,train
2025-12-08 17:27:00+00:00,uniswap_v2,0xbb2b8038a1640196fbe3e38816f3e67cba72d940,28.915233457420854,73.3895329,2122.0754771345687,0,0.0,0.0,True,train
2025-12-08 17:28:00+00:00,sushiswap_v2,0xceff51756c56ceffca006cd410b03ffc46dd3a58,28.915238787107608,163.49866361,4727.602899656131,0,0.0,0.0,True,train
2025-12-08 17:28:00+00:00,uniswap_v2,0xbb2b8038a1640196fbe3e38816f3e67cba72d940,28.915233457420854,73.3895329,2122.0754771345687,0,0.0,0.0,True,train
2025-12-08 17:29:00+00:00,sushiswap_v2,0xceff51756c56ceffca006cd410b03ffc46dd3a58,28.915238787107608,163.49866361,4727.602899656131,0,0.0,0.0,True,train
2025-12-08 17:29:00+00:00,uniswap_v2,0xbb2b8038a1640196fbe3e38816f3e67cba72d940,28.915233457420854,73.3895329,2122.0754771345687,0,0.0,0.0,True,train
2025-12-08 17:30:00+00:00,sushiswap_v2,0xceff51756c56ceffca006cd410b03ffc46dd3a58,28.915238787107608,163.49866361,4727.602899656131,0,0.0,0.0,True,train
2025-12-08 17:30:00+00:00,uniswap_v2,0xbb2b8038a1640196fbe3e38816f3e67cba72d940,28.915233457420854,73.3895329,2122.0754771345687,0,0.0,0.0,True,train
2025-12-08 17:31:00+00:00,sushiswap_v2,0xceff51756c56ceffca006cd410b03ffc46dd3a58,28.915238787107608,163.49866361,4727.602899656131,0,0.0,0.0,True,train
2025-12-08 17:31:00+00:00,uniswap_v2,0xbb2b8038a1640196fbe3e38816f3e67cba72d940,28.915233457420854,73.3895329,2122.0754771345687,0,0.0,0.0,True,train
2025-12-08 17:32:00+00:00,sushiswap_v2,0xceff51756c56ceffca006cd410b03ffc46dd3a58,28.915238787107608,163.49866361,4727.602899656131,0,0.0,0.0,True,train
2025-12-08 17:32:00+00:00,uniswap_v2,0xbb2b8038a1640196fbe3e38816f3e67cba72d940,28.915233457420854,73.3895329,2122.0754771345687,0,0.0,0.0,True,train
2025-12-08 17:33:00+00:00,sushiswap_v2,0xceff51756c56ceffca006cd410b03ffc46dd3a58,28.915238787107608,163.49866361,4727.602899656131,0,0.0,0.0,True,train
2025-12-08 17:33:00+00:00,uniswap_v2,0xbb2b8038a1640196fbe3e38816f3e67cba72d940,28.915233457420854,73.3895329,2122.0754771345687,0,0.0,0.0,True,train
2025-12-08 17:34:00+00:00,sushiswap_v2,0xceff51756c56ceffca006cd410b03ffc46dd3a58,28.915238787107608,163.49866361,4727.602899656131,0,0.0,0.0,True,train
2025-12-08 17:34:00+00:00,uniswap_v2,0xbb2b8038a1640196fbe3e38816f3e67cba72d940,28.915233457420854,73.3895329,2122.0754771345687,0,0.0,0.0,True,train
2025-12-08 17:35:00+00:00,sushiswap_v2,0xceff51756c56ceffca006cd410b03ffc46dd3a58,28.915238787107608,163.49866361,4727.602899656131,0,0.0,0.0,True,train
2025-12-08 17:35:00+00:00,uniswap_v2,0xbb2b8038a1640196fbe3e38816f3e67cba72d940,28.915233457420854,73.3895329,2122.0754771345687,0,0.0,0.0,True,train
2025-12-08 17:36:00+00:00,sushiswap_v2,0xceff51756c56ceffca006cd410b03ffc46dd3a58,28.915238787107608,163.49866361,4727.602899656131,0,0.0,0.0,True,train
2025-12-08 17:36:00+00:00,uniswap_v2,0xbb2b8038a1640196fbe3e38816f3e67cba72d940,28.915233457420854,73.3895329,2122.0754771345687,0,0.0,0.0,True,train
2025-12-08 17:37:00+00:00,sushiswap_v2,0xceff51756c56ceffca006cd410b03ffc46dd3a58,28.915238787107608,163.49866361,4727.602899656131,0,0.0,0.0,True,train
2025-12-08 17:37:00+00:00,uniswap_v2,0xbb2b8038a1640196fbe3e38816f3e67cba72d940,28.915233457420854,73.3895329,2122.0754771345687,0,0.0,0.0,True,train
2025-12-08 17:38:00+00:00,sushiswap_v2,0xceff51756c56ceffca006cd410b03ffc46dd3a58,28.915238787107608,163.49866361,4727.602899656131,0,0.0,0.0,True,train
2025-12-08 17:38:00+00:00,uniswap_v2,0xbb2b8038a1640196fbe3e38816f3e67cba72d940,28.915233457420854,73.3895329,2122.0754771345687,0,0.0,0.0,True,train
2025-12-08 17:39:00+00:00,sushiswap_v2,0xceff51756c56ceffca006cd410b03ffc46dd3a58,28.915238787107608,163.49866361,4727.602899656131,0,0.0,0.0,True,train
2025-12-08 17:39:00+00:00,uniswap_v2,0xbb2b8038a1640196fbe3e38816f3e67cba72d940,28.915233457420854,73.3895329,2122.0754771345687,0,0.0,0.0,True,train
2025-12-08 17:40:00+00:00,sushiswap_v2,0xceff51756c56ceffca006cd410b03ffc46dd3a58,28.915238787107608,163.49866361,4727.602899656131,0,0.0,0.0,True,train
2025-12-08 17:40:00+00:00,uniswap_v2,0xbb2b8038a1640196fbe3e38816f3e67cba72d940,28.915233457420854,73.3895329,2122.0754771345687,0,0.0,0.0,True,train
2025-12-08 17:41:00+00:00,sushiswap_v2,0xceff51756c56ceffca006cd410b03ffc46dd3a58,28.915238787107608,163.49866361,4727.602899656131,0,0.0,0.0,True,train
2025-12-08 17:41:00+00:00,uniswap_v2,0xbb2b8038a1640196fbe3e38816f3e67cba72d940,28.915233457420854,73.3895329,2122.0754771345687,0,0.0,0.0,True,train
2025-12-08 17:42:00+00:00,sushiswap_v2,0xceff51756c56ceffca006cd410b03ffc46dd3a58,28.915238787107608,163.49866361,4727.602899656131,0,0.0,0.0,True,train
2025-12-08 17:42:00+00:00,uniswap_v2,0xbb2b8038a1640196fbe3e38816f3e67cba72d940,28.915233457420854,73.3895329,2122.0754771345687,0,0.0,0.0,True,train
2025-12-08 17:43:00+00:00,sushiswap_v2,0xceff51756c56ceffca006cd410b03ffc46dd3a58,28.915238787107608,163.49866361,4727.602899656131,0,0.0,0.0,True,train
2025-12-08 17:43:00+00:00,uniswap_v2,0xbb2b8038a1640196fbe3e38816f3e67cba72d940,28.915233457420854,73.3895329,2122.0754771345687,0,0.0,0.0,True,train
2025-12-08 17:44:00+00:00,sushiswap_v2,0xceff51756c56ceffca006cd410b03ffc46dd3a58,28.915238787107608,163.49866361,4727.602899656131,0,0.0,0.0,True,train
2025-12-08 17:44:00+00:00,uniswap_v2,0xbb2b8038a1640196fbe3e38816f3e67cba72d940,28.915233457420854,73.3895329,2122.0754771345687,0,0.0,0.0,True,train
2025-12-08 17:45:00+00:00,sushiswap_v2,0xceff51756c56ceffca006cd410b03ffc46dd3a58,28.915238787107608,163.49866361,4727.602899656131,0,0.0,0.0,True,train
2025-12-08 17:45:00+00:00,uniswap_v2,0xbb2b8038a1640196fbe3e38816f3e67cba72d940,28.915233457420854,73.3895329,2122.0754771345687,0,0.0,0.0,True,train
2025-12-08 17:46:00+00:00,sushiswap_v2,0xceff51756c56ceffca006cd410b03ffc46dd3a58,28.915238787107608,163.49866361,4727.602899656131,0,0.0,0.0,True,train
2025-12-08 17:46:00+00:00,uniswap_v2,0xbb2b8038a1640196fbe3e38816f3e67cba72d940,28.915233457420854,73.3895329,2122.0754771345687,0,0.0,0.0,True,train
2025-12-08 17:47:00+00:00,sushiswap_v2,0xceff51756c56ceffca006cd410b03ffc46dd3a58,28.915238787107608,163.49866361,4727.602899656131,0,0.0,0.0,True,train
2025-12-08 17:47:00+00:00,uniswap_v2,0xbb2b8038a1640196fbe3e38816f3e67cba72d940,28.915233457420854,73.3895329,2122.0754771345687,0,0.0,0.0,True,train
2025-12-08 17:48:00+00:00,sushiswap_v2,0xceff51756c56ceffca006cd410b03ffc46dd3a58,28.915238787107608,163.49866361,4727.602899656131,0,0.0,0.0,True,train
2025-12-08 17:48:00+00:00,uniswap_v2,0xbb2b8038a1640196fbe3e38816f3e67cba72d940,28.915233457420854,73.3895329,2122.0754771345687,0,0.0,0.0,True,train
2025-12-08 17:49:00+00:00,sushiswap_v2,0xceff51756c56ceffca006cd410b03ffc46dd3a58,28.915238787107608,163.49866361,4727.602899656131,0,0.0,0.0,True,train
2025-12-08 17:49:00+00:00,uniswap_v2,0xbb2b8038a1640196fbe3e38816f3e67cba72d940,28.915233457420854,73.3895329,2122.0754771345687,0,0.0,0.0,True,train
2025-12-08 17:50:00+00:00,sushiswap_v2,0xceff51756c56ceffca006cd410b03ffc46dd3a58,28.915238787107608,163.49866361,4727.602899656131,0,0.0,0.0,True,train
2025-12-08 17:50:00+00:00,uniswap_v2,0xbb2b8038a1640196fbe3e38816f3e67cba72d940,28.915233457420854,73.3895329,2122.0754771345687,0,0.0,0.0,True,train
2025-12-08 17:51:00+00:00,sushiswap_v2,0xceff51756c56ceffca006cd410b03ffc46dd3a58,28.915238787107608,163.49866361,4727.602899656131,0,0.0,0.0,True,train
2025-12-08 17:51:00+00:00,uniswap_v2,0xbb2b8038a1640196fbe3e38816f3e67cba72d940,28.915233457420854,73.3895329,2122.0754771345687,0,0.0,0.0,True,train
2025-12-08 17:52:00+00:00,sushiswap_v2,0xceff51756c56ceffca006cd410b03ffc46dd3a58,28.915238787107608,163.49866361,4727.602899656131,0,0.0,0.0,True,train
2025-12-08 17:52:00+00:00,uniswap_v2,0xbb2b8038a1640196fbe3e38816f3e67cba72d940,28.915233457420854,73.3895329,2122.0754771345687,0,0.0,0.0,True,train
2025-12-08 17:53:00+00:00,sushiswap_v2,0xceff51756c56ceffca006cd410b03ffc46dd3a58,28.915238787107608,163.49866361,4727.602899656131,0,0.0,0.0,True,train
2025-12-08 17:53:00+00:00,uniswap_v2,0xbb2b8038a1640196fbe3e38816f3e67cba72d940,28.915233457420854,73.3895329,2122.0754771345687,0,0.0,0.0,True,train
2025-12-08 17:54:00+00:00,sushiswap_v2,0xceff51756c56ceffca006cd410b03ffc46dd3a58,28.915238787107608,163.49866361,4727.602899656131,0,0.0,0.0,True,train
2025-12-08 17:54:00+00:00,uniswap_v2,0xbb2b8038a1640196fbe3e38816f3e67cba72d940,28.915233457420854,73.3895329,2122.0754771345687,0,0.0,0.0,True,train
2025-12-08 17:55:00+00:00,sushiswap_v2,0xceff51756c56ceffca006cd410b03ffc46dd3a58,28.915238787107608,163.49866361,4727.602899656131,0,0.0,0.0,True,train
2025-12-08 17:55:00+00:00,uniswap_v2,0xbb2b8038a1640196fbe3e38816f3e67cba72d940,28.915233457420854,73.3895329,2122.0754771345687,0,0.0,0.0,True,train
2025-12-08 17:56:00+00:00,sushiswap_v2,0xceff51756c56ceffca006cd410b03ffc46dd3a58,28.915238787107608,163.49866361,4727.602899656131,0,0.0,0.0,True,train
2025-12-08 17:56:00+00:00,uniswap_v2,0xbb2b8038a1640196fbe3e38816f3e67cba72d940,28.915233457420854,73.3895329,2122.0754771345687,0,0.0,0.0,True,train
2025-12-08 17:57:00+00:00,sushiswap_v2,0xceff51756c56ceffca006cd410b03ffc46dd3a58,28.915238787107608,163.49866361,4727.602899656131,0,0.0,0.0,True,train
2025-12-08 17:57:00+00:00,uniswap_v2,0xbb2b8038a1640196fbe3e38816f3e67cba72d940,28.915233457420854,73.3895329,2122.0754771345687,0,0.0,0.0,True,train
2025-12-08 17:58:00+00:00,sushiswap_v2,0xceff51756c56ceffca006cd410b03ffc46dd3a58,28.915238787107608,163.49866361,4727.602899656131,0,0.0,0.0,True,train
2025-12-08 17:58:00+00:00,uniswap_v2,0xbb2b8038a1640196fbe3e38816f3e67cba72d940,28.915233457420854,73.3895329,2122.0754771345687,0,0.0,0.0,True,train
2025-12-08 17:59:00+00:00,sushiswap_v2,0xceff51756c56ceffca006cd410b03ffc46dd3a58,28.915238787107608,163.49866361,4727.602899656131,0,0.0,0.0,True,train
2025-12-08 17:59:00+00:00,uniswap_v2,0xbb2b8038a1640196fbe3e38816f3e67cba72d940,28.915233457420854,73.3895329,2122.0754771345687,0,0.0,0.0,True,train
2025-12-08 18:00:00+00:00,sushiswap_v2,0xceff51756c56ceffca006cd410b03ffc46dd3a58,28.915238787107608,163.49866361,4727.602899656131,0,0.0,0.0,True,train
2025-12-08 18:00:00+00:00,uniswap_v2,0xbb2b8038a1640196fbe3e38816f3e67cba72d940,28.915233457420854,73.3895329,2122.0754771345687,0,0.0,0.0,True,train
2025-12-08 18:01:00+00:00,sushiswap_v2,0xceff51756c56ceffca006cd410b03ffc46dd3a58,28.915238787107608,163.49866361,4727.602899656131,0,0.0,0.0,True,train
2025-12-08 18:01:00+00:00,uniswap_v2,0xbb2b8038a1640196fbe3e38816f3e67cba72d940,28.915233457420854,73.3895329,2122.0754771345687,0,0.0,0.0,True,train
2025-12-08 18:02:00+00:00,sushiswap_v2,0xceff51756c56ceffca006cd410b03ffc46dd3a58,28.915238787107608,163.49866361,4727.602899656131,0,0.0,0.0,True,train
2025-12-08 18:02:00+00:00,uniswap_v2,0xbb2b8038a1640196fbe3e38816f3e67cba72d940,28.915233457420854,73.3895329,2122.0754771345687,0,0.0,0.0,True,train
2025-12-08 18:03:00+00:00,sushiswap_v2,0xceff51756c56ceffca006cd410b03ffc46dd3a58,28.915238787107608,163.49866361,4727.602899656131,0,0.0,0.0,True,train
2025-12-08 18:03:00+00:00,uniswap_v2,0xbb2b8038a1640196fbe3e38816f3e67cba72d940,28.915233457420854,73.3895329,2122.0754771345687,0,0.0,0.0,True,train
2025-12-08 18:04:00+00:00,sushiswap_v2,0xceff51756c56ceffca006cd410b03ffc46dd3a58,28.915238787107608,163.49866361,4727.602899656131,0,0.0,0.0,True,train
2025-12-08 18:04:00+00:00,uniswap_v2,0xbb2b8038a1640196fbe3e38816f3e67cba72d940,28.915233457420854,73.3895329,2122.0754771345687,0,0.0,0.0,True,train
2025-12-08 18:05:00+00:00,sushiswap_v2,0xceff51756c56ceffca006cd410b03ffc46dd3a58,28.915238787107608,163.49866361,4727.602899656131,0,0.0,0.0,True,train
2025-12-08 18:05:00+00:00,uniswap_v2,0xbb2b8038a1640196fbe3e38816f3e67cba72d940,28.915233457420854,73.3895329,2122.0754771345687,0,0.0,0.0,True,train
2025-12-08 18:06:00+00:00,sushiswap_v2,0xceff51756c56ceffca006cd410b03ffc46dd3a58,28.915238787107608,163.49866361,4727.602899656131,0,0.0,0.0,True,train
2025-12-08 18:06:00+00:00,uniswap_v2,0xbb2b8038a1640196fbe3e38816f3e67cba72d940,28.915233457420854,73.3895329,2122.0754771345687,0,0.0,0.0,True,train
2025-12-08 18:07:00+00:00,sushiswap_v2,0xceff51756c56ceffca006cd410b03ffc46dd3a58,28.915238787107608,163.49866361,4727.602899656131,0,0.0,0.0,True,train
2025-12-08 18:07:00+00:00,uniswap_v2,0xbb2b8038a1640196fbe3e38816f3e67cba72d940,28.915233457420854,73.3895329,2122.0754771345687,0,0.0,0.0,True,train
2025-12-08 18:08:00+00:00,sushiswap_v2,0xceff51756c56ceffca006cd410b03ffc46dd3a58,28.915238787107608,163.49866361,4727.602899656131,0,0.0,0.0,True,train
2025-12-08 18:08:00+00:00,uniswap_v2,0xbb2b8038a1640196fbe3e38816f3e67cba72d940,28.915233457420854,73.3895329,2122.0754771345687,0,0.0,0.0,True,train
2025-12-08 18:09:00+00:00,sushiswap_v2,0xceff51756c56ceffca006cd410b03ffc46dd3a58,28.915238787107608,163.49866361,4727.602899656131,0,0.0,0.0,True,train
2025-12-08 18:09:00+00:00,uniswap_v2,0xbb2b8038a1640196fbe3e38816f3e67cba72d940,28.915233457420854,73.3895329,2122.0754771345687,0,0.0,0.0,True,train
2025-12-08 18:10:00+00:00,sushiswap_v2,0xceff51756c56ceffca006cd410b03ffc46dd3a58,28.915238787107608,163.49866361,4727.602899656131,0,0.0,0.0,True,train
2025-12-08 18:10:00+00:00,uniswap_v2,0xbb2b8038a1640196fbe3e38816f3e67cba72d940,28.915233457420854,73.3895329,2122.0754771345687,0,0.0,0.0,True,train
2025-12-08 18:11:00+00:00,sushiswap_v2,0xceff51756c56ceffca006cd410b03ffc46dd3a58,28.915238787107608,163.49866361,4727.602899656131,0,0.0,0.0,True,train
2025-12-08 18:11:00+00:00,uniswap_v2,0xbb2b8038a1640196fbe3e38816f3e67cba72d940,28.915233457420854,73.3895329,2122.0754771345687,0,0.0,0.0,True,train
2025-12-08 18:12:00+00:00,sushiswap_v2,0xceff51756c56ceffca006cd410b03ffc46dd3a58,28.915238787107608,163.49866361,4727.602899656131,0,0.0,0.0,True,train
2025-12-08 18:12:00+00:00,uniswap_v2,0xbb2b8038a1640196fbe3e38816f3e67cba72d940,28.915233457420854,73.3895329,2122.0754771345687,0,0.0,0.0,True,train
2025-12-08 18:13:00+00:00,sushiswap_v2,0xceff51756c56ceffca006cd410b03ffc46dd3a58,28.915238787107608,163.49866361,4727.602899656131,0,0.0,0.0,True,train
2025-12-08 18:13:00+00:00,uniswap_v2,0xbb2b8038a1640196fbe3e38816f3e67cba72d940,28.915233457420854,73.3895329,2122.0754771345687,0,0.0,0.0,True,train
2025-12-08 18:14:00+00:00,sushiswap_v2,0xceff51756c56ceffca006cd410b03ffc46dd3a58,28.915238787107608,163.49866361,4727.602899656131,0,0.0,0.0,True,train
2025-12-08 18:14:00+00:00,uniswap_v2,0xbb2b8038a1640196fbe3e38816f3e67cba72d940,28.915233457420854,73.3895329,2122.0754771345687,0,0.0,0.0,True,train
2025-12-08 18:15:00+00:00,sushiswap_v2,0xceff51756c56ceffca006cd410b03ffc46dd3a58,28.915238787107608,163.49866361,4727.602899656131,0,0.0,0.0,True,train
2025-12-08 18:15:00+00:00,uniswap_v2,0xbb2b8038a1640196fbe3e38816f3e67cba72d940,28.915233457420854,73.3895329,2122.0754771345687,0,0.0,0.0,True,train
2025-12-08 18:16:00+00:00,sushiswap_v2,0xceff51756c56ceffca006cd410b03ffc46dd3a58,28.915238787107608,163.49866361,4727.602899656131,0,0.0,0.0,True,train
2025-12-08 18:16:00+00:00,uniswap_v2,0xbb2b8038a1640196fbe3e38816f3e67cba72d940,28.915233457420854,73.3895329,2122.0754771345687,0,0.0,0.0,True,train
2025-12-08 18:17:00+00:00,sushiswap_v2,0xceff51756c56ceffca006cd410b03ffc46dd3a58,28.915238787107608,163.49866361,4727.602899656131,0,0.0,0.0,True,train
2025-12-08 18:17:00+00:00,uniswap_v2,0xbb2b8038a1640196fbe3e38816f3e67cba72d940,28.915233457420854,73.3895329,2122.0754771345687,0,0.0,0.0,True,train
2025-12-08 18:18:00+00:00,sushiswap_v2,0xceff51756c56ceffca006cd410b03ffc46dd3a58,28.915238787107608,163.49866361,4727.602899656131,0,0.0,0.0,True,train
2025-12-08 18:18:00+00:00,uniswap_v2,0xbb2b8038a1640196fbe3e38816f3e67cba72d940,28.915233457420854,73.3895329,2122.0754771345687,0,0.0,0.0,True,train
2025-12-08 18:19:00+00:00,sushiswap_v2,0xceff51756c56ceffca006cd410b03ffc46dd3a58,28.915238787107608,163.49866361,4727.602899656131,0,0.0,0.0,True,train
2025-12-08 18:19:00+00:00,uniswap_v2,0xbb2b8038a1640196fbe3e38816f3e67cba72d940,28.915233457420854,73.3895329,2122.0754771345687,0,0.0,0.0,True,train
2025-12-08 18:20:00+00:00,sushiswap_v2,0xceff51756c56ceffca006cd410b03ffc46dd3a58,28.915238787107608,163.49866361,4727.602899656131,0,0.0,0.0,True,train
2025-12-08 18:20:00+00:00,uniswap_v2,0xbb2b8038a1640196fbe3e38816f3e67cba72d940,28.915233457420854,73.3895329,2122.0754771345687,0,0.0,0.0,True,train
2025-12-08 18:21:00+00:00,sushiswap_v2,0xceff51756c56ceffca006cd410b03ffc46dd3a58,28.915238787107608,163.49866361,4727.602899656131,0,0.0,0.0,True,train
2025-12-08 18:21:00+00:00,uniswap_v2,0xbb2b8038a1640196fbe3e38816f3e67cba72d940,28.915233457420854,73.3895329,2122.0754771345687,0,0.0,0.0,True,train
2025-12-08 18:22:00+00:00,sushiswap_v2,0xceff51756c56ceffca006cd410b03ffc46dd3a58,28.915238787107608,163.49866361,4727.602899656131,0,0.0,0.0,True,train
2025-12-08 18:22:00+00:00,uniswap_v2,0xbb2b8038a1640196fbe3e38816f3e67cba72d940,28.915132446837823,73.38966128,2122.0717761397655,1,0.00012838,0.00370099480353772,False,train
2025-12-08 18:23:00+00:00,sushiswap_v2,0xceff51756c56ceffca006cd410b03ffc46dd3a58,28.915238787107608,163.49866361,4727.602899656131,0,0.0,0.0,True,train
2025-12-08 18:23:00+00:00,uniswap_v2,0xbb2b8038a1640196fbe3e38816f3e67cba72d940,28.915132446837823,73.38966128,2122.0717761397655,0,0.0,0.0,False,train
2025-12-08 18:24:00+00:00,sushiswap_v2,0xceff51756c56ceffca006cd410b03ffc46dd3a58,28.915238787107608,163.49866361,4727.602899656131,0,0.0,0.0,True,train
2025-12-08 18:24:00+00:00,uniswap_v2,0xbb2b8038a1640196fbe3e38816f3e67cba72d940,28.915132446837823,73.38966128,2122.0717761397655,0,0.0,0.0,False,train
2025-12-08 18:25:00+00:00,sushiswap_v2,0xceff51756c56ceffca006cd410b03ffc46dd3a58,28.915238787107608,163.49866361,4727.602899656131,0,0.0,0.0,True,train
2025-12-08 18:25:00+00:00,uniswap_v2,0xbb2b8038a1640196fbe3e38816f3e67cba72d940,28.915132446837823,73.38966128,2122.0717761397655,0,0.0,0.0,False,train
2025-12-08 18:26:00+00:00,sushiswap_v2,0xceff51756c56ceffca006cd410b03ffc46dd3a58,28.915238787107608,163.49866361,4727.602899656131,0,0.0,0.0,True,train
2025-12-08 18:26:00+00:00,uniswap_v2,0xbb2b8038a1640196fbe3e38816f3e67cba72d940,28.915132446837823,73.38966128,2122.0717761397655,0,0.0,0.0,False,train
2025-12-08 18:27:00+00:00,sushiswap_v2,0xceff51756c56ceffca006cd410b03ffc46dd3a58,28.915238787107608,163.49866361,4727.602899656131,0,0.0,0.0,True,train
2025-12-08 18:27:00+00:00,uniswap_v2,0xbb2b8038a1640196fbe3e38816f3e67cba72d940,28.915132446837823,73.38966128,2122.0717761397655,0,0.0,0.0,False,train
2025-12-08 18:28:00+00:00,sushiswap_v2,0xceff51756c56ceffca006cd410b03ffc46dd3a58,28.915238787107608,163.49866361,4727.602899656131,0,0.0,0.0,True,train
2025-12-08 18:28:00+00:00,uniswap_v2,0xbb2b8038a1640196fbe3e38816f3e67cba72d940,28.915132446837823,73.38966128,2122.0717761397655,0,0.0,0.0,False,train
2025-12-08 18:29:00+00:00,sushiswap_v2,0xceff51756c56ceffca006cd410b03ffc46dd3a58,28.915238787107608,163.49866361,4727.602899656131,0,0.0,0.0,True,train
2025-12-08 18:29:00+00:00,uniswap_v2,0xbb2b8038a1640196fbe3e38816f3e67cba72d940,28.915132446837823,73.38966128,2122.0717761397655,0,0.0,0.0,False,train
2025-12-08 18:30:00+00:00,sushiswap_v2,0xceff51756c56ceffca006cd410b03ffc46dd3a58,28.915238787107608,163.49866361,4727.602899656131,0,0.0,0.0,True,train
2025-12-08 18:30:00+00:00,uniswap_v2,0xbb2b8038a1640196fbe3e38816f3e67cba72d940,28.915132446837823,73.38966128,2122.0717761397655,0,0.0,0.0,False,train
2025-12-08 18:31:00+00:00,sushiswap_v2,0xceff51756c56ceffca006cd410b03ffc46dd3a58,28.915238787107608,163.49866361,4727.602899656131,0,0.0,0.0,True,train
2025-12-08 18:31:00+00:00,uniswap_v2,0xbb2b8038a1640196fbe3e38816f3e67cba72d940,28.915132446837823,73.38966128,2122.0717761397655,0,0.0,0.0,False,train
2025-12-08 18:32:00+00:00,sushiswap_v2,0xceff51756c56ceffca006cd410b03ffc46dd3a58,28.915238787107608,163.49866361,4727.602899656131,0,0.0,0.0,True,train
2025-12-08 18:32:00+00:00,uniswap_v2,0xbb2b8038a1640196fbe3e38816f3e67cba72d940,28.915132446837823,73.38966128,2122.0717761397655,0,0.0,0.0,False,train
2025-12-08 18:33:00+00:00,sushiswap_v2,0xceff51756c56ceffca006cd410b03ffc46dd3a58,28.915238787107608,163.49866361,4727.602899656131,0,0.0,0.0,True,train
2025-12-08 18:33:00+00:00,uniswap_v2,0xbb2b8038a1640196fbe3e38816f3e67cba72d940,28.915132443563245,73.38966129,2122.0717761885967,0,0.0,0.0,False,train
2025-12-08 18:34:00+00:00,sushiswap_v2,0xceff51756c56ceffca006cd410b03ffc46dd3a58,28.915238787107608,163.49866361,4727.602899656131,0,0.0,0.0,True,train
2025-12-08 18:34:00+00:00,uniswap_v2,0xbb2b8038a1640196fbe3e38816f3e67cba72d940,28.915132443563245,73.38966129,2122.0717761885967,0,0.0,0.0,False,train
2025-12-08 18:35:00+00:00,sushiswap_v2,0xceff51756c56ceffca006cd410b03ffc46dd3a58,28.915238787107608,163.49866361,4727.602899656131,0,0.0,0.0,True,train
2025-12-08 18:35:00+00:00,uniswap_v2,0xbb2b8038a1640196fbe3e38816f3e67cba72d940,28.915132443563245,73.38966129,2122.0717761885967,0,0.0,0.0,False,train
2025-12-08 18:36:00+00:00,sushiswap_v2,0xceff51756c56ceffca006cd410b03ffc46dd3a58,28.915238787107608,163.49866361,4727.602899656131,0,0.0,0.0,True,train
2025-12-08 18:36:00+00:00,uniswap_v2,0xbb2b8038a1640196fbe3e38816f3e67cba72d940,28.915132443563245,73.38966129,2122.0717761885967,0,0.0,0.0,False,train
2025-12-08 18:37:00+00:00,sushiswap_v2,0xceff51756c56ceffca006cd410b03ffc46dd3a58,28.915238787107608,163.49866361,4727.602899656131,0,0.0,0.0,True,train
2025-12-08 18:37:00+00:00,uniswap_v2,0xbb2b8038a1640196fbe3e38816f3e67cba72d940,28.915132443563245,73.38966129,2122.0717761885967,0,0.0,0.0,False,train
2025-12-08 18:38:00+00:00,sushiswap_v2,0xceff51756c56ceffca006cd410b03ffc46dd3a58,28.915238787107608,163.49866361,4727.602899656131,0,0.0,0.0,True,train
2025-12-08 18:38:00+00:00,uniswap_v2,0xbb2b8038a1640196fbe3e38816f3e67cba72d940,28.915132443563245,73.38966129,2122.0717761885967,0,0.0,0.0,False,train
2025-12-08 18:39:00+00:00,sushiswap_v2,0xceff51756c56ceffca006cd410b03ffc46dd3a58,28.915238787107608,163.49866361,4727.602899656131,0,0.0,0.0,True,train
2025-12-08 18:39:00+00:00,uniswap_v2,0xbb2b8038a1640196fbe3e38816f3e67cba72d940,28.915132443563245,73.38966129,2122.0717761885967,0,0.0,0.0,False,train
2025-12-08 18:40:00+00:00,sushiswap_v2,0xceff51756c56ceffca006cd410b03ffc46dd3a58,28.915238787107608,163.49866361,4727.602899656131,0,0.0,0.0,True,train
2025-12-08 18:40:00+00:00,uniswap_v2,0xbb2b8038a1640196fbe3e38816f3e67cba72d940,28.915132443563245,73.38966129,2122.0717761885967,0,0.0,0.0,False,train
2025-12-08 18:41:00+00:00,sushiswap_v2,0xceff51756c56ceffca006cd410b03ffc46dd3a58,28.915238787107608,163.49866361,4727.602899656131,0,0.0,0.0,True,train
2025-12-08 18:41:00+00:00,uniswap_v2,0xbb2b8038a1640196fbe3e38816f3e67cba72d940,28.915132443563245,73.38966129,2122.0717761885967,0,0.0,0.0,False,train
2025-12-08 18:42:00+00:00,sushiswap_v2,0xceff51756c56ceffca006cd410b03ffc46dd3a58,28.915238787107608,163.49866361,4727.602899656131,0,0.0,0.0,True,train
2025-12-08 18:42:00+00:00,uniswap_v2,0xbb2b8038a1640196fbe3e38816f3e67cba72d940,28.915132443563245,73.38966129,2122.0717761885967,0,0.0,0.0,False,train
2025-12-08 18:43:00+00:00,sushiswap_v2,0xceff51756c56ceffca006cd410b03ffc46dd3a58,28.915238787107608,163.49866361,4727.602899656131,0,0.0,0.0,True,train
2025-12-08 18:43:00+00:00,uniswap_v2,0xbb2b8038a1640196fbe3e38816f3e67cba72d940,28.915132443563245,73.38966129,2122.0717761885967,0,0.0,0.0,False,train
2025-12-08 18:44:00+00:00,sushiswap_v2,0xceff51756c56ceffca006cd410b03ffc46dd3a58,28.915238787107608,163.49866361,4727.602899656131,0,0.0,0.0,True,train
2025-12-08 18:44:00+00:00,uniswap_v2,0xbb2b8038a1640196fbe3e38816f3e67cba72d940,28.915132443563245,73.38966129,2122.0717761885967,0,0.0,0.0,False,train
2025-12-08 18:45:00+00:00,sushiswap_v2,0xceff51756c56ceffca006cd410b03ffc46dd3a58,28.915238787107608,163.49866361,4727.602899656131,0,0.0,0.0,True,train
2025-12-08 18:45:00+00:00,uniswap_v2,0xbb2b8038a1640196fbe3e38816f3e67cba72d940,28.915132443563245,73.38966129,2122.0717761885967,0,0.0,0.0,False,train
2025-12-08 18:46:00+00:00,sushiswap_v2,0xceff51756c56ceffca006cd410b03ffc46dd3a58,28.915238787107608,163.49866361,4727.602899656131,0,0.0,0.0,True,train
2025-12-08 18:46:00+00:00,uniswap_v2,0xbb2b8038a1640196fbe3e38816f3e67cba72d940,28.915132443563245,73.38966129,2122.0717761885967,0,0.0,0.0,False,train
2025-12-08 18:47:00+00:00,sushiswap_v2,0xceff51756c56ceffca006cd410b03ffc46dd3a58,28.915238787107608,163.49866361,4727.602899656131,0,0.0,0.0,True,train
2025-12-08 18:47:00+00:00,uniswap_v2,0xbb2b8038a1640196fbe3e38816f3e67cba72d940,28.915132443563245,73.38966129,2122.0717761885967,0,0.0,0.0,False,train
2025-12-08 18:48:00+00:00,sushiswap_v2,0xceff51756c56ceffca006cd410b03ffc46dd3a58,28.915238787107608,163.49866361,4727.602899656131,0,0.0,0.0,True,train
2025-12-08 18:48:00+00:00,uniswap_v2,0xbb2b8038a1640196fbe3e38816f3e67cba72d940,28.915132443563245,73.38966129,2122.0717761885967,0,0.0,0.0,False,train
2025-12-08 18:49:00+00:00,sushiswap_v2,0xceff51756c56ceffca006cd410b03ffc46dd3a58,28.915238787107608,163.49866361,4727.602899656131,0,0.0,0.0,True,train
2025-12-08 18:49:00+00:00,uniswap_v2,0xbb2b8038a1640196fbe3e38816f3e67cba72d940,28.915132443563245,73.38966129,2122.0717761885967,0,0.0,0.0,True,train
2025-12-08 18:50:00+00:00,sushiswap_v2,0xceff51756c56ceffca006cd410b03ffc46dd3a58,28.915238787107608,163.49866361,4727.602899656131,0,0.0,0.0,True,train
2025-12-08 18:50:00+00:00,uniswap_v2,0xbb2b8038a1640196fbe3e38816f3e67cba72d940,28.915132443563245,73.38966129,2122.0717761885967,0,0.0,0.0,True,train
2025-12-08 18:51:00+00:00,sushiswap_v2,0xceff51756c56ceffca006cd410b03ffc46dd3a58,28.915238787107608,163.49866361,4727.602899656131,0,0.0,0.0,True,train
2025-12-08 18:51:00+00:00,uniswap_v2,0xbb2b8038a1640196fbe3e38816f3e67cba72d940,28.915132443563245,73.38966129,2122.0717761885967,0,0.0,0.0,True,train
2025-12-08 18:52:00+00:00,sushiswap_v2,0xceff51756c56ceffca006cd410b03ffc46dd3a58,28.915238787107608,163.49866361,4727.602899656131,0,0.0,0.0,True,train
2025-12-08 18:52:00+00:00,uniswap_v2,0xbb2b8038a1640196fbe3e38816f3e67cba72d940,28.915132443563245,73.38966129,2122.0717761885967,0,0.0,0.0,True,train
2025-12-08 18:53:00+00:00,sushiswap_v2,0xceff51756c56ceffca006cd410b03ffc46dd3a58,28.915238787107608,163.49866361,4727.602899656131,0,0.0,0.0,True,train
2025-12-08 18:53:00+00:00,uniswap_v2,0xbb2b8038a1640196fbe3e38816f3e67cba72d940,28.915132443563245,73.38966129,2122.0717761885967,0,0.0,0.0,True,train
2025-12-08 18:54:00+00:00,sushiswap_v2,0xceff51756c56ceffca006cd410b03ffc46dd3a58,28.915238787107608,163.49866361,4727.602899656131,0,0.0,0.0,True,train
2025-12-08 18:54:00+00:00,uniswap_v2,0xbb2b8038a1640196fbe3e38816f3e67cba72d940,28.915132443563245,73.38966129,2122.0717761885967,0,0.0,0.0,True,train
2025-12-08 18:55:00+00:00,sushiswap_v2,0xceff51756c56ceffca006cd410b03ffc46dd3a58,28.915238787107608,163.49866361,4727.602899656131,0,0.0,0.0,True,train
2025-12-08 18:55:00+00:00,uniswap_v2,0xbb2b8038a1640196fbe3e38816f3e67cba72d940,28.915132443563245,73.38966129,2122.0717761885967,0,0.0,0.0,True,train
2025-12-08 18:56:00+00:00,sushiswap_v2,0xceff51756c56ceffca006cd410b03ffc46dd3a58,28.915238787107608,163.49866361,4727.602899656131,0,0.0,0.0,True,train
2025-12-08 18:56:00+00:00,uniswap_v2,0xbb2b8038a1640196fbe3e38816f3e67cba72d940,28.915132443563245,73.38966129,2122.0717761885967,0,0.0,0.0,True,train
2025-12-08 18:57:00+00:00,sushiswap_v2,0xceff51756c56ceffca006cd410b03ffc46dd3a58,28.93372363984369,163.44650662,4729.116052440962,1,0.05215699,1.5131527848309092,False,train
2025-12-08 18:57:00+00:00,uniswap_v2,0xbb2b8038a1640196fbe3e38816f3e67cba72d940,28.933970645630968,73.36580218,2122.7639666692885,1,0.02385911,0.6921904806916506,False,train
2025-12-08 18:58:00+00:00,sushiswap_v2,0xceff51756c56ceffca006cd410b03ffc46dd3a58,28.973856116167234,163.33344029,4732.399597921052,1,0.11306633,3.2835454800906336,False,train
2025-12-08 18:58:00+00:00,uniswap_v2,0xbb2b8038a1640196fbe3e38816f3e67cba72d940,28.974276116117725,73.31483229,2124.2441941773236,1,0.05096989,1.480227508035324,False,train
2025-12-08 18:59:00+00:00,sushiswap_v2,0xceff51756c56ceffca006cd410b03ffc46dd3a58,28.973856116167234,163.33344029,4732.399597921052,0,0.0,0.0,False,train
2025-12-08 18:59:00+00:00,uniswap_v2,0xbb2b8038a1640196fbe3e38816f3e67cba72d940,28.974276116117725,73.31483229,2124.2441941773236,0,0.0,0.0,False,train
2025-12-08 19:00:00+00:00,sushiswap_v2,0xceff51756c56ceffca006cd410b03ffc46dd3a58,28.973856116167234,163.33344029,4732.399597921052,0,0.0,0.0,False,train
2025-12-08 19:00:00+00:00,uniswap_v2,0xbb2b8038a1640196fbe3e38816f3e67cba72d940,28.974276116117725,73.31483229,2124.2441941773236,0,0.0,0.0,False,train
2025-12-08 19:01:00+00:00,sushiswap_v2,0xceff51756c56ceffca006cd410b03ffc46dd3a58,28.973856116167234,163.33344029,4732.399597921052,0,0.0,0.0,False,train
2025-12-08 19:01:00+00:00,uniswap_v2,0xbb2b8038a1640196fbe3e38816f3e67cba72d940,28.974276116117725,73.31483229,2124.2441941773236,0,0.0,0.0,False,train
2025-12-08 19:02:00+00:00,sushiswap_v2,0xceff51756c56ceffca006cd410b03ffc46dd3a58,28.973856116167234,163.33344029,4732.399597921052,0,0.0,0.0,False,train
2025-12-08 19:02:00+00:00,uniswap_v2,0xbb2b8038a1640196fbe3e38816f3e67cba72d940,28.974276116117725,73.31483229,2124.2441941773236,0,0.0,0.0,False,train
2025-12-08 19:03:00+00:00,sushiswap_v2,0xceff51756c56ceffca006cd410b03ffc46dd3a58,28.973856116167234,163.33344029,4732.399597921052,0,0.0,0.0,False,train
2025-12-08 19:03:00+00:00,uniswap_v2,0xbb2b8038a1640196fbe3e38816f3e67cba72d940,28.974276116117725,73.31483229,2124.2441941773236,0,0.0,0.0,False,train
2025-12-08 19:04:00+00:00,sushiswap_v2,0xceff51756c56ceffca006cd410b03ffc46dd3a58,28.973856116167234,163.33344029,4732.399597921052,0,0.0,0.0,False,train
2025-12-08 19:04:00+00:00,uniswap_v2,0xbb2b8038a1640196fbe3e38816f3e67cba72d940,28.974276116117725,73.31483229,2124.2441941773236,0,0.0,0.0,False,train
2025-12-08 19:05:00+00:00,sushiswap_v2,0xceff51756c56ceffca006cd410b03ffc46dd3a58,28.973856116167234,163.33344029,4732.399597921052,0,0.0,0.0,False,train
2025-12-08 19:05:00+00:00,uniswap_v2,0xbb2b8038a1640196fbe3e38816f3e67cba72d940,28.974276116117725,73.31483229,2124.2441941773236,0,0.0,0.0,False,train
2025-12-08 19:06:00+00:00,sushiswap_v2,0xceff51756c56ceffca006cd410b03ffc46dd3a58,28.973856116167234,163.33344029,4732.399597921052,0,0.0,0.0,False,train
2025-12-08 19:06:00+00:00,uniswap_v2,0xbb2b8038a1640196fbe3e38816f3e67cba72d940,28.974276116117725,73.31483229,2124.2441941773236,0,0.0,0.0,False,train
2025-12-08 19:07:00+00:00,sushiswap_v2,0xceff51756c56ceffca006cd410b03ffc46dd3a58,28.973856116167234,163.33344029,4732.399597921052,0,0.0,0.0,False,train
2025-12-08 19:07:00+00:00,uniswap_v2,0xbb2b8038a1640196fbe3e38816f3e67cba72d940,28.974276116117725,73.31483229,2124.2441941773236,0,0.0,0.0,False,train
2025-12-08 19:08:00+00:00,sushiswap_v2,0xceff51756c56ceffca006cd410b03ffc46dd3a58,28.973856116167234,163.33344029,4732.399597921052,0,0.0,0.0,False,train
2025-12-08 19:08:00+00:00,uniswap_v2,0xbb2b8038a1640196fbe3e38816f3e67cba72d940,28.974276116117725,73.31483229,2124.2441941773236,0,0.0,0.0,False,train
2025-12-08 19:09:00+00:00,sushiswap_v2,0xceff51756c56ceffca006cd410b03ffc46dd3a58,28.973856116167234,163.33344029,4732.399597921052,0,0.0,0.0,False,train
2025-12-08 19:09:00+00:00,uniswap_v2,0xbb2b8038a1640196fbe3e38816f3e67cba72d940,28.974276116117725,73.31483229,2124.2441941773236,0,0.0,0.0,False,train
2025-12-08 19:10:00+00:00,sushiswap_v2,0xceff51756c56ceffca006cd410b03ffc46dd3a58,28.973856116167234,163.33344029,4732.399597921052,0,0.0,0.0,False,train
2025-12-08 19:10:00+00:00,uniswap_v2,0xbb2b8038a1640196fbe3e38816f3e67cba72d940,28.974276116117725,73.31483229,2124.2441941773236,0,0.0,0.0,False,train
2025-12-08 19:11:00+00:00,sushiswap_v2,0xceff51756c56ceffca006cd410b03ffc46dd3a58,28.973856116167234,163.33344029,4732.399597921052,0,0.0,0.0,False,train
2025-12-08 19:11:00+00:00,uniswap_v2,0xbb2b8038a1640196fbe3e38816f3e67cba72d940,28.974276116117725,73.31483229,2124.2441941773236,0,0.0,0.0,False,train
2025-12-08 19:12:00+00:00,sushiswap_v2,0xceff51756c56ceffca006cd410b03ffc46dd3a58,28.973856116167234,163.33344029,4732.399597921052,0,0.0,0.0,False,train
2025-12-08 19:12:00+00:00,uniswap_v2,0xbb2b8038a1640196fbe3e38816f3e67cba72d940,28.974276116117725,73.31483229,2124.2441941773236,0,0.0,0.0,False,train
2025-12-08 19:13:00+00:00,sushiswap_v2,0xceff51756c56ceffca006cd410b03ffc46dd3a58,28.973856116167234,163.33344029,4732.399597921052,0,0.0,0.0,False,train
2025-12-08 19:13:00+00:00,uniswap_v2,0xbb2b8038a1640196fbe3e38816f3e67cba72d940,28.974276116117725,73.31483229,2124.2441941773236,0,0.0,0.0,False,train
2025-12-08 19:14:00+00:00,sushiswap_v2,0xceff51756c56ceffca006cd410b03ffc46dd3a58,28.973856116167234,163.33344029,4732.399597921052,0,0.0,0.0,True,train
2025-12-08 19:14:00+00:00,uniswap_v2,0xbb2b8038a1640196fbe3e38816f3e67cba72d940,28.974276116117725,73.31483229,2124.2441941773236,0,0.0,0.0,True,train
2025-12-08 19:15:00+00:00,sushiswap_v2,0xceff51756c56ceffca006cd410b03ffc46dd3a58,28.973856116167234,163.33344029,4732.399597921052,0,0.0,0.0,True,train
2025-12-08 19:15:00+00:00,uniswap_v2,0xbb2b8038a1640196fbe3e38816f3e67cba72d940,28.974276116117725,73.31483229,2124.2441941773236,0,0.0,0.0,True,train
2025-12-08 19:16:00+00:00,sushiswap_v2,0xceff51756c56ceffca006cd410b03ffc46dd3a58,28.973856116167234,163.33344029,4732.399597921052,0,0.0,0.0,True,train
2025-12-08 19:16:00+00:00,uniswap_v2,0xbb2b8038a1640196fbe3e38816f3e67cba72d940,28.974276116117725,73.31483229,2124.2441941773236,0,0.0,0.0,True,train
2025-12-08 19:17:00+00:00,sushiswap_v2,0xceff51756c56ceffca006cd410b03ffc46dd3a58,28.973856116167234,163.33344029,4732.399597921052,0,0.0,0.0,True,train
2025-12-08 19:17:00+00:00,uniswap_v2,0xbb2b8038a1640196fbe3e38816f3e67cba72d940,28.974276116117725,73.31483229,2124.2441941773236,0,0.0,0.0,True,train
2025-12-08 19:18:00+00:00,sushiswap_v2,0xceff51756c56ceffca006cd410b03ffc46dd3a58,28.973856116167234,163.33344029,4732.399597921052,0,0.0,0.0,True,train
2025-12-08 19:18:00+00:00,uniswap_v2,0xbb2b8038a1640196fbe3e38816f3e67cba72d940,28.974276116117725,73.31483229,2124.2441941773236,0,0.0,0.0,True,train
2025-12-08 19:19:00+00:00,sushiswap_v2,0xceff51756c56ceffca006cd410b03ffc46dd3a58,28.973856116167234,163.33344029,4732.399597921052,0,0.0,0.0,True,train
2025-12-08 19:19:00+00:00,uniswap_v2,0xbb2b8038a1640196fbe3e38816f3e67cba72d940,28.974276116117725,73.31483229,2124.2441941773236,0,0.0,0.0,True,train
2025-12-08 19:20:00+00:00,sushiswap_v2,0xceff51756c56ceffca006cd410b03ffc46dd3a58,28.973856116167234,163.33344029,4732.399597921052,0,0.0,0.0,True,train
2025-12-08 19:20:00+00:00,uniswap_v2,0xbb2b8038a1640196fbe3e38816f3e67cba72d940,28.974276116117725,73.31483229,2124.2441941773236,0,0.0,0.0,True,train
2025-12-08 19:21:00+00:00,sushiswap_v2,0xceff51756c56ceffca006cd410b03ffc46dd3a58,28.973856116167234,163.33344029,4732.399597921052,0,0.0,0.0,True,train
2025-12-08 19:21:00+00:00,uniswap_v2,0xbb2b8038a1640196fbe3e38816f3e67cba72d940,28.974276116117725,73.31483229,2124.2441941773236,0,0.0,0.0,True,train
2025-12-08 19:22:00+00:00,sushiswap_v2,0xceff51756c56ceffca006cd410b03ffc46dd3a58,28.973856116167234,163.33344029,4732.399597921052,0,0.0,0.0,True,train
2025-12-08 19:22:00+00:00,uniswap_v2,0xbb2b8038a1640196fbe3e38816f3e67cba72d940,28.974276116117725,73.31483229,2124.2441941773236,0,0.0,0.0,True,train
2025-12-08 19:23:00+00:00,sushiswap_v2,0xceff51756c56ceffca006cd410b03ffc46dd3a58,28.973856116167234,163.33344029,4732.399597921052,0,0.0,0.0,True,train
2025-12-08 19:23:00+00:00,uniswap_v2,0xbb2b8038a1640196fbe3e38816f3e67cba72d940,28.974276116117725,73.31483229,2124.2441941773236,0,0.0,0.0,True,train
2025-12-08 19:24:00+00:00,sushiswap_v2,0xceff51756c56ceffca006cd410b03ffc46dd3a58,28.973856116167234,163.33344029,4732.399597921052,0,0.0,0.0,True,train
2025-12-08 19:24:00+00:00,uniswap_v2,0xbb2b8038a1640196fbe3e38816f3e67cba72d940,28.974276116117725,73.31483229,2124.2441941773236,0,0.0,0.0,True,train
2025-12-08 19:25:00+00:00,sushiswap_v2,0xceff51756c56ceffca006cd410b03ffc46dd3a58,28.973856116167234,163.33344029,4732.399597921052,0,0.0,0.0,True,train
2025-12-08 19:25:00+00:00,uniswap_v2,0xbb2b8038a1640196fbe3e38816f3e67cba72d940,28.974276116117725,73.31483229,2124.2441941773236,0,0.0,0.0,True,train
2025-12-08 19:26:00+00:00,sushiswap_v2,0xceff51756c56ceffca006cd410b03ffc46dd3a58,28.973856116167234,163.33344029,4732.399597921052,0,0.0,0.0,True,train
2025-12-08 19:26:00+00:00,uniswap_v2,0xbb2b8038a1640196fbe3e38816f3e67cba72d940,28.974276116117725,73.31483229,2124.2441941773236,0,0.0,0.0,True,train
2025-12-08 19:27:00+00:00,sushiswap_v2,0xceff51756c56ceffca006cd410b03ffc46dd3a58,28.973856116167234,163.33344029,4732.399597921052,0,0.0,0.0,True,train
2025-12-08 19:27:00+00:00,uniswap_v2,0xbb2b8038a1640196fbe3e38816f3e67cba72d940,28.974276116117725,73.31483229,2124.2441941773236,0,0.0,0.0,True,train
2025-12-08 19:28:00+00:00,sushiswap_v2,0xceff51756c56ceffca006cd410b03ffc46dd3a58,28.973856116167234,163.33344029,4732.399597921052,0,0.0,0.0,True,train
2025-12-08 19:28:00+00:00,uniswap_v2,0xbb2b8038a1640196fbe3e38816f3e67cba72d940,28.974276116117725,73.31483229,2124.2441941773236,0,0.0,0.0,True,train
2025-12-08 19:29:00+00:00,sushiswap_v2,0xceff51756c56ceffca006cd410b03ffc46dd3a58,28.973856116167234,163.33344029,4732.399597921052,0,0.0,0.0,True,train
2025-12-08 19:29:00+00:00,uniswap_v2,0xbb2b8038a1640196fbe3e38816f3e67cba72d940,28.974276116117725,73.31483229,2124.2441941773236,0,0.0,0.0,True,train
2025-12-08 19:30:00+00:00,sushiswap_v2,0xceff51756c56ceffca006cd410b03ffc46dd3a58,28.973856116167234,163.33344029,4732.399597921052,0,0.0,0.0,True,train
2025-12-08 19:30:00+00:00,uniswap_v2,0xbb2b8038a1640196fbe3e38816f3e67cba72d940,28.974276116117725,73.31483229,2124.2441941773236,0,0.0,0.0,True,train
2025-12-08 19:31:00+00:00,sushiswap_v2,0xceff51756c56ceffca006cd410b03ffc46dd3a58,28.973856116167234,163.33344029,4732.399597921052,0,0.0,0.0,True,train
2025-12-08 19:31:00+00:00,uniswap_v2,0xbb2b8038a1640196fbe3e38816f3e67cba72d940,28.974276116117725,73.31483229,2124.2441941773236,0,0.0,0.0,True,train
2025-12-08 19:32:00+00:00,sushiswap_v2,0xceff51756c56ceffca006cd410b03ffc46dd3a58,28.973856116167234,163.33344029,4732.399597921052,0,0.0,0.0,True,train
2025-12-08 19:32:00+00:00,uniswap_v2,0xbb2b8038a1640196fbe3e38816f3e67cba72d940,28.974276116117725,73.31483229,2124.2441941773236,0,0.0,0.0,True,train
2025-12-08 19:33:00+00:00,sushiswap_v2,0xceff51756c56ceffca006cd410b03ffc46dd3a58,28.973856116167234,163.33344029,4732.399597921052,0,0.0,0.0,True,train
2025-12-08 19:33:00+00:00,uniswap_v2,0xbb2b8038a1640196fbe3e38816f3e67cba72d940,28.974276116117725,73.31483229,2124.2441941773236,0,0.0,0.0,True,train
2025-12-08 19:34:00+00:00,sushiswap_v2,0xceff51756c56ceffca006cd410b03ffc46dd3a58,28.973856116167234,163.33344029,4732.399597921052,0,0.0,0.0,True,train
2025-12-08 19:34:00+00:00,uniswap_v2,0xbb2b8038a1640196fbe3e38816f3e67cba72d940,28.974276116117725,73.31483229,2124.2441941773236,0,0.0,0.0,True,train
2025-12-08 19:35:00+00:00,sushiswap_v2,0xceff51756c56ceffca006cd410b03ffc46dd3a58,28.973856116167234,163.33344029,4732.399597921052,0,0.0,0.0,True,train
2025-12-08 19:35:00+00:00,uniswap_v2,0xbb2b8038a1640196fbe3e38816f3e67cba72d940,28.974276116117725,73.31483229,2124.2441941773236,0,0.0,0.0,True,train
2025-12-08 19:36:00+00:00,sushiswap_v2,0xceff51756c56ceffca006cd410b03ffc46dd3a58,28.973856116167234,163.33344029,4732.399597921052,0,0.0,0.0,True,train
2025-12-08 19:36:00+00:00,uniswap_v2,0xbb2b8038a1640196fbe3e38816f3e67cba72d940,28.974276116117725,73.31483229,2124.2441941773236,0,0.0,0.0,True,train
2025-12-08 19:37:00+00:00,sushiswap_v2,0xceff51756c56ceffca006cd410b03ffc46dd3a58,28.973856116167234,163.33344029,4732.399597921052,0,0.0,0.0,True,train
2025-12-08 19:37:00+00:00,uniswap_v2,0xbb2b8038a1640196fbe3e38816f3e67cba72d940,28.974276116117725,73.31483229,2124.2441941773236,0,0.0,0.0,True,train
2025-12-08 19:38:00+00:00,sushiswap_v2,0xceff51756c56ceffca006cd410b03ffc46dd3a58,28.973856116167234,163.33344029,4732.399597921052,0,0.0,0.0,True,train
2025-12-08 19:38:00+00:00,uniswap_v2,0xbb2b8038a1640196fbe3e38816f3e67cba72d940,28.974276116117725,73.31483229,2124.2441941773236,0,0.0,0.0,True,train
2025-12-08 19:39:00+00:00,sushiswap_v2,0xceff51756c56ceffca006cd410b03ffc46dd3a58,28.973856116167234,163.33344029,4732.399597921052,0,0.0,0.0,True,train
2025-12-08 19:39:00+00:00,uniswap_v2,0xbb2b8038a1640196fbe3e38816f3e67cba72d940,28.974187305245696,73.31494482,2124.2409434884325,1,0.00011253,0.003250688891000136,False,train
2025-12-08 19:40:00+00:00,sushiswap_v2,0xceff51756c56ceffca006cd410b03ffc46dd3a58,28.973856116167234,163.33344029,4732.399597921052,0,0.0,0.0,True,train
2025-12-08 19:40:00+00:00,uniswap_v2,0xbb2b8038a1640196fbe3e38816f3e67cba72d940,28.974187305245696,73.31494482,2124.2409434884325,0,0.0,0.0,False,train
2025-12-08 19:41:00+00:00,sushiswap_v2,0xceff51756c56ceffca006cd410b03ffc46dd3a58,28.973856116167234,163.33344029,4732.399597921052,0,0.0,0.0,True,train
2025-12-08 19:41:00+00:00,uniswap_v2,0xbb2b8038a1640196fbe3e38816f3e67cba72d940,28.974187305245696,73.31494482,2124.2409434884325,0,0.0,0.0,False,train
2025-12-08 19:42:00+00:00,sushiswap_v2,0xceff51756c56ceffca006cd410b03ffc46dd3a58,28.973856116167234,163.33344029,4732.399597921052,0,0.0,0.0,True,train
2025-12-08 19:42:00+00:00,uniswap_v2,0xbb2b8038a1640196fbe3e38816f3e67cba72d940,28.974187305245696,73.31494482,2124.2409434884325,0,0.0,0.0,False,train
2025-12-08 19:43:00+00:00,sushiswap_v2,0xceff51756c56ceffca006cd410b03ffc46dd3a58,28.973856116167234,163.33344029,4732.399597921052,0,0.0,0.0,True,train
2025-12-08 19:43:00+00:00,uniswap_v2,0xbb2b8038a1640196fbe3e38816f3e67cba72d940,28.974187305245696,73.31494482,2124.2409434884325,0,0.0,0.0,False,train
2025-12-08 19:44:00+00:00,sushiswap_v2,0xceff51756c56ceffca006cd410b03ffc46dd3a58,28.973856116167234,163.33344029,4732.399597921052,0,0.0,0.0,True,train
2025-12-08 19:44:00+00:00,uniswap_v2,0xbb2b8038a1640196fbe3e38816f3e67cba72d940,28.974187305245696,73.31494482,2124.2409434884325,0,0.0,0.0,False,train
2025-12-08 19:45:00+00:00,sushiswap_v2,0xceff51756c56ceffca006cd410b03ffc46dd3a58,28.973856116167234,163.33344029,4732.399597921052,0,0.0,0.0,True,train
2025-12-08 19:45:00+00:00,uniswap_v2,0xbb2b8038a1640196fbe3e38816f3e67cba72d940,28.974187305245696,73.31494482,2124.2409434884325,0,0.0,0.0,False,train
2025-12-08 19:46:00+00:00,sushiswap_v2,0xceff51756c56ceffca006cd410b03ffc46dd3a58,28.961076788626382,163.3695266,4731.35740478414,2,0.036086309999999996,1.0421931369128128,False,train
2025-12-08 19:46:00+00:00,uniswap_v2,0xbb2b8038a1640196fbe3e38816f3e67cba72d940,28.966745145678132,73.32437643,2123.9685250135785,1,0.00943161,0.27241847485390647,False,train
2025-12-08 19:47:00+00:00,sushiswap_v2,0xceff51756c56ceffca006cd410b03ffc46dd3a58,28.961076788626382,163.3695266,4731.35740478414,0,0.0,0.0,False,train
2025-12-08 19:47:00+00:00,uniswap_v2,0xbb2b8038a1640196fbe3e38816f3e67cba72d940,28.966745145678132,73.32437643,2123.9685250135785,0,0.0,0.0,False,train
2025-12-08 19:48:00+00:00,sushiswap_v2,0xceff51756c56ceffca006cd410b03ffc46dd3a58,28.961076788626382,163.3695266,4731.35740478414,0,0.0,0.0,False,train
2025-12-08 19:48:00+00:00,uniswap_v2,0xbb2b8038a1640196fbe3e38816f3e67cba72d940,28.966745145678132,73.32437643,2123.9685250135785,0,0.0,0.0,False,train
2025-12-08 19:49:00+00:00,sushiswap_v2,0xceff51756c56ceffca006cd410b03ffc46dd3a58,28.950776768657462,163.39862923,4730.517239142358,2,0.02910263,0.8401656417811407,False,train
2025-12-08 19:49:00+00:00,uniswap_v2,0xbb2b8038a1640196fbe3e38816f3e67cba72d940,28.956427541532776,73.33745817,2123.590793579796,1,0.01308174,0.37773143378262136,False,train
2025-12-08 19:50:00+00:00,sushiswap_v2,0xceff51756c56ceffca006cd410b03ffc46dd3a58,28.950776768657462,163.39862923,4730.517239142358,0,0.0,0.0,False,train
2025-12-08 19:50:00+00:00,uniswap_v2,0xbb2b8038a1640196fbe3e38816f3e67cba72d940,28.947643730919737,73.34860072,2123.2691618040426,1,0.01114255,0.3216317757534718,False,train
2025-12-08 19:51:00+00:00,sushiswap_v2,0xceff51756c56ceffca006cd410b03ffc46dd3a58,28.937510032080116,163.4361372,4729.434859829422,2,0.03750797,1.0823793129366202,False,train
2025-12-08 19:51:00+00:00,uniswap_v2,0xbb2b8038a1640196fbe3e38816f3e67cba72d940,28.937503511665902,73.36147023,2122.8978024015983,1,0.01286951,0.37135940244415944,False,train
2025-12-08 19:52:00+00:00,sushiswap_v2,0xceff51756c56ceffca006cd410b03ffc46dd3a58,28.937510032080116,163.4361372,4729.434859829422,0,0.0,0.0,False,train
2025-12-08 19:52:00+00:00,uniswap_v2,0xbb2b8038a1640196fbe3e38816f3e67cba72d940,28.937503511665902,73.36147023,2122.8978024015983,0,0.0,0.0,False,train
2025-12-08 19:53:00+00:00,sushiswap_v2,0xceff51756c56ceffca006cd410b03ffc46dd3a58,28.926798850055867,163.46643889,4728.56079650598,1,0.03030169,0.8740633234427156,False,train
2025-12-08 19:53:00+00:00,uniswap_v2,0xbb2b8038a1640196fbe3e38816f3e67cba72d940,28.926798866051236,73.37506343,2122.5057016233613,1,0.0135932,0.3921007782370443,False,train
2025-12-08 19:54:00+00:00,sushiswap_v2,0xceff51756c56ceffca006cd410b03ffc46dd3a58,28.926798850055867,163.46643889,4728.56079650598,0,0.0,0.0,False,train
2025-12-08 19:54:00+00:00,uniswap_v2,0xbb2b8038a1640196fbe3e38816f3e67cba72d940,28.926798866051236,73.37506343,2122.5057016233613,0,0.0,0.0,False,train
2025-12-08 19:55:00+00:00,sushiswap_v2,0xceff51756c56ceffca006cd410b03ffc46dd3a58,28.926798850055867,163.46643889,4728.56079650598,0,0.0,0.0,False,train
2025-12-08 19:55:00+00:00,uniswap_v2,0xbb2b8038a1640196fbe3e38816f3e67cba72d940,28.926798866051236,73.37506343,2122.5057016233613,0,0.0,0.0,False,train
2025-12-08 19:56:00+00:00,sushiswap_v2,0xceff51756c56ceffca006cd410b03ffc46dd3a58,28.926798850055867,163.46643889,4728.56079650598,0,0.0,0.0,False,train
2025-12-08 19:56:00+00:00,uniswap_v2,0xbb2b8038a1640196fbe3e38816f3e67cba72d940,28.926798866051236,73.37506343,2122.5057016233613,0,0.0,0.0,False,train
2025-12-08 19:57:00+00:00,sushiswap_v2,0xceff51756c56ceffca006cd410b03ffc46dd3a58,28.926798850055867,163.46643889,4728.56079650598,0,0.0,0.0,False,train
2025-12-08 19:57:00+00:00,uniswap_v2,0xbb2b8038a1640196fbe3e38816f3e67cba72d940,28.926798866051236,73.37506343,2122.5057016233613,0,0.0,0.0,False,train
2025-12-08 19:58:00+00:00,sushiswap_v2,0xceff51756c56ceffca006cd410b03ffc46dd3a58,28.926798850055867,163.46643889,4728.56079650598,0,0.0,0.0,False,train
2025-12-08 19:58:00+00:00,uniswap_v2,0xbb2b8038a1640196fbe3e38816f3e67cba72d940,28.926798866051236,73.37506343,2122.5057016233613,0,0.0,0.0,False,train
2025-12-08 19:59:00+00:00,sushiswap_v2,0xceff51756c56ceffca006cd410b03ffc46dd3a58,28.926798850055867,163.46643889,4728.56079650598,0,0.0,0.0,False,train
2025-12-08 19:59:00+00:00,uniswap_v2,0xbb2b8038a1640196fbe3e38816f3e67cba72d940,28.926798866051236,73.37506343,2122.5057016233613,0,0.0,0.0,False,train
2025-12-08 20:00:00+00:00,sushiswap_v2,0xceff51756c56ceffca006cd410b03ffc46dd3a58,28.926798850055867,163.46643889,4728.56079650598,0,0.0,0.0,False,train
2025-12-08 20:00:00+00:00,uniswap_v2,0xbb2b8038a1640196fbe3e38816f3e67cba72d940,28.926798866051236,73.37506343,2122.5057016233613,0,0.0,0.0,False,train
2025-12-08 20:01:00+00:00,sushiswap_v2,0xceff51756c56ceffca006cd410b03ffc46dd3a58,28.923024208102373,163.47712128,4728.252736252328,1,0.01068239,0.30806025365157363,False,train
2025-12-08 20:01:00+00:00,uniswap_v2,0xbb2b8038a1640196fbe3e38816f3e67cba72d940,28.926798866051236,73.37506343,2122.5057016233613,0,0.0,0.0,False,train
2025-12-08 20:02:00+00:00,sushiswap_v2,0xceff51756c56ceffca006cd410b03ffc46dd3a58,28.923024208102373,163.47712128,4728.252736252328,0,0.0,0.0,False,train
2025-12-08 20:02:00+00:00,uniswap_v2,0xbb2b8038a1640196fbe3e38816f3e67cba72d940,28.926798866051236,73.37506343,2122.5057016233613,0,0.0,0.0,False,train
2025-12-08 20:03:00+00:00,sushiswap_v2,0xceff51756c56ceffca006cd410b03ffc46dd3a58,28.90184869141583,163.53708766,4726.524162984127,2,0.05996638,1.728573268201353,False,train
2025-12-08 20:03:00+00:00,uniswap_v2,0xbb2b8038a1640196fbe3e38816f3e67cba72d940,28.901907120559226,73.4067012,2121.5936601090434,2,0.031637769999999996,0.9120415143178839,False,train
2025-12-08 20:04:00+00:00,sushiswap_v2,0xceff51756c56ceffca006cd410b03ffc46dd3a58,28.90184869141583,163.53708766,4726.524162984127,0,0.0,0.0,False,train
2025-12-08 20:04:00+00:00,uniswap_v2,0xbb2b8038a1640196fbe3e38816f3e67cba72d940,28.901907120559226,73.4067012,2121.5936601090434,0,0.0,0.0,False,train
2025-12-08 20:05:00+00:00,sushiswap_v2,0xceff51756c56ceffca006cd410b03ffc46dd3a58,28.90184869141583,163.53708766,4726.524162984127,0,0.0,0.0,False,train
2025-12-08 20:05:00+00:00,uniswap_v2,0xbb2b8038a1640196fbe3e38816f3e67cba72d940,28.901907120559226,73.4067012,2121.5936601090434,0,0.0,0.0,False,train
2025-12-08 20:06:00+00:00,sushiswap_v2,0xceff51756c56ceffca006cd410b03ffc46dd3a58,28.90184869141583,163.53708766,4726.524162984127,0,0.0,0.0,False,train
2025-12-08 20:06:00+00:00,uniswap_v2,0xbb2b8038a1640196fbe3e38816f3e67cba72d940,28.901907120559226,73.4067012,2121.5936601090434,0,0.0,0.0,False,train
2025-12-08 20:07:00+00:00,sushiswap_v2,0xceff51756c56ceffca006cd410b03ffc46dd3a58,28.90184869141583,163.53708766,4726.524162984127,0,0.0,0.0,False,train
2025-12-08 20:07:00+00:00,uniswap_v2,0xbb2b8038a1640196fbe3e38816f3e67cba72d940,28.901907120559226,73.4067012,2121.5936601090434,0,0.0,0.0,False,train
2025-12-08 20:08:00+00:00,sushiswap_v2,0xceff51756c56ceffca006cd410b03ffc46dd3a58,28.90184869141583,163.53708766,4726.524162984127,0,0.0,0.0,False,train
2025-12-08 20:08:00+00:00,uniswap_v2,0xbb2b8038a1640196fbe3e38816f3e67cba72d940,28.901907120559226,73.4067012,2121.5936601090434,0,0.0,0.0,False,train
2025-12-08 20:09:00+00:00,sushiswap_v2,0xceff51756c56ceffca006cd410b03ffc46dd3a58,28.90184869141583,163.53708766,4726.524162984127,0,0.0,0.0,False,train
2025-12-08 20:09:00+00:00,uniswap_v2,0xbb2b8038a1640196fbe3e38816f3e67cba72d940,28.901907120559226,73.4067012,2121.5936601090434,0,0.0,0.0,False,train
2025-12-08 20:10:00+00:00,sushiswap_v2,0xceff51756c56ceffca006cd410b03ffc46dd3a58,28.90184869141583,163.53708766,4726.524162984127,0,0.0,0.0,False,train
2025-12-08 20:10:00+00:00,uniswap_v2,0xbb2b8038a1640196fbe3e38816f3e67cba72d940,28.901907120559226,73.4067012,2121.5936601090434,0,0.0,0.0,False,train
2025-12-08 20:11:00+00:00,sushiswap_v2,0xceff51756c56ceffca006cd410b03ffc46dd3a58,28.90184869141583,163.53708766,4726.524162984127,0,0.0,0.0,False,train
2025-12-08 20:11:00+00:00,uniswap_v2,0xbb2b8038a1640196fbe3e38816f3e67cba72d940,28.901907120559226,73.4067012,2121.5936601090434,0,0.0,0.0,False,train
2025-12-08 20:12:00+00:00,sushiswap_v2,0xceff51756c56ceffca006cd410b03ffc46dd3a58,28.90184869141583,163.53708766,4726.524162984127,0,0.0,0.0,False,train
2025-12-08 20:12:00+00:00,uniswap_v2,0xbb2b8038a1640196fbe3e38816f3e67cba72d940,28.901907120559226,73.4067012,2121.5936601090434,0,0.0,0.0,False,train
2025-12-08 20:13:00+00:00,sushiswap_v2,0xceff51756c56ceffca006cd410b03ffc46dd3a58,28.90184869141583,163.53708766,4726.524162984127,0,0.0,0.0,False,train
2025-12-08 20:13:00+00:00,uniswap_v2,0xbb2b8038a1640196fbe3e38816f3e67cba72d940,28.901907120559226,73.4067012,2121.5936601090434,0,0.0,0.0,False,train
2025-12-08 20:14:00+00:00,sushiswap_v2,0xceff51756c56ceffca006cd410b03ffc46dd3a58,28.90184869141583,163.53708766,4726.524162984127,0,0.0,0.0,False,train
2025-12-08 20:14:00+00:00,uniswap_v2,0xbb2b8038a1640196fbe3e38816f3e67cba72d940,28.901907120559226,73.4067012,2121.5936601090434,0,0.0,0.0,False,train
2025-12-08 20:15:00+00:00,sushiswap_v2,0xceff51756c56ceffca006cd410b03ffc46dd3a58,28.90184869141583,163.53708766,4726.524162984127,0,0.0,0.0,False,train
2025-12-08 20:15:00+00:00,uniswap_v2,0xbb2b8038a1640196fbe3e38816f3e67cba72d940,28.901907120559226,73.4067012,2121.5936601090434,0,0.0,0.0,False,train
2025-12-08 20:16:00+00:00,sushiswap_v2,0xceff51756c56ceffca006cd410b03ffc46dd3a58,28.90184869141583,163.53708766,4726.524162984127,0,0.0,0.0,False,train
2025-12-08 20:16:00+00:00,uniswap_v2,0xbb2b8038a1640196fbe3e38816f3e67cba72d940,28.901907120559226,73.4067012,2121.5936601090434,0,0.0,0.0,False,train
2025-12-08 20:17:00+00:00,sushiswap_v2,0xceff51756c56ceffca006cd410b03ffc46dd3a58,28.90184869141583,163.53708766,4726.524162984127,0,0.0,0.0,False,train
2025-12-08 20:17:00+00:00,uniswap_v2,0xbb2b8038a1640196fbe3e38816f3e67cba72d940,28.901907120559226,73.4067012,2121.5936601090434,0,0.0,0.0,False,train
2025-12-08 20:18:00+00:00,sushiswap_v2,0xceff51756c56ceffca006cd410b03ffc46dd3a58,28.90184869141583,163.53708766,4726.524162984127,0,0.0,0.0,False,train
2025-12-08 20:18:00+00:00,uniswap_v2,0xbb2b8038a1640196fbe3e38816f3e67cba72d940,28.901907120559226,73.4067012,2121.5936601090434,0,0.0,0.0,False,train
2025-12-08 20:19:00+00:00,sushiswap_v2,0xceff51756c56ceffca006cd410b03ffc46dd3a58,28.90184869141583,163.53708766,4726.524162984127,0,0.0,0.0,True,train
2025-12-08 20:19:00+00:00,uniswap_v2,0xbb2b8038a1640196fbe3e38816f3e67cba72d940,28.901907120559226,73.4067012,2121.5936601090434,0,0.0,0.0,True,train
2025-12-08 20:20:00+00:00,sushiswap_v2,0xceff51756c56ceffca006cd410b03ffc46dd3a58,28.90184869141583,163.53708766,4726.524162984127,0,0.0,0.0,True,train
2025-12-08 20:20:00+00:00,uniswap_v2,0xbb2b8038a1640196fbe3e38816f3e67cba72d940,28.901907120559226,73.4067012,2121.5936601090434,0,0.0,0.0,True,train
2025-12-08 20:21:00+00:00,sushiswap_v2,0xceff51756c56ceffca006cd410b03ffc46dd3a58,28.90184869141583,163.53708766,4726.524162984127,0,0.0,0.0,True,train
2025-12-08 20:21:00+00:00,uniswap_v2,0xbb2b8038a1640196fbe3e38816f3e67cba72d940,28.901889390295135,73.40672375,2121.593010326451,1,2.255e-05,0.000649782592542285,False,train
2025-12-08 20:22:00+00:00,sushiswap_v2,0xceff51756c56ceffca006cd410b03ffc46dd3a58,28.90184869141583,163.53708766,4726.524162984127,0,0.0,0.0,True,train
2025-12-08 20:22:00+00:00,uniswap_v2,0xbb2b8038a1640196fbe3e38816f3e67cba72d940,28.901889390295135,73.40672375,2121.593010326451,0,0.0,0.0,False,train
2025-12-08 20:23:00+00:00,sushiswap_v2,0xceff51756c56ceffca006cd410b03ffc46dd3a58,28.90184869141583,163.53708766,4726.524162984127,0,0.0,0.0,True,train
2025-12-08 20:23:00+00:00,uniswap_v2,0xbb2b8038a1640196fbe3e38816f3e67cba72d940,28.901889390295135,73.40672375,2121.593010326451,0,0.0,0.0,False,train
2025-12-08 20:24:00+00:00,sushiswap_v2,0xceff51756c56ceffca006cd410b03ffc46dd3a58,28.90184869141583,163.53708766,4726.524162984127,0,0.0,0.0,True,train
2025-12-08 20:24:00+00:00,uniswap_v2,0xbb2b8038a1640196fbe3e38816f3e67cba72d940,28.901889390295135,73.40672375,2121.593010326451,0,0.0,0.0,False,train
2025-12-08 20:25:00+00:00,sushiswap_v2,0xceff51756c56ceffca006cd410b03ffc46dd3a58,28.90184869141583,163.53708766,4726.524162984127,0,0.0,0.0,True,train
2025-12-08 20:25:00+00:00,uniswap_v2,0xbb2b8038a1640196fbe3e38816f3e67cba72d940,28.901889390295135,73.40672375,2121.593010326451,0,0.0,0.0,False,train
2025-12-08 20:26:00+00:00,sushiswap_v2,0xceff51756c56ceffca006cd410b03ffc46dd3a58,28.90184869141583,163.53708766,4726.524162984127,0,0.0,0.0,True,train
2025-12-08 20:26:00+00:00,uniswap_v2,0xbb2b8038a1640196fbe3e38816f3e67cba72d940,28.901889390295135,73.40672375,2121.593010326451,0,0.0,0.0,False,train
2025-12-08 20:27:00+00:00,sushiswap_v2,0xceff51756c56ceffca006cd410b03ffc46dd3a58,28.90184869141583,163.53708766,4726.524162984127,0,0.0,0.0,True,train
2025-12-08 20:27:00+00:00,uniswap_v2,0xbb2b8038a1640196fbe3e38816f3e67cba72d940,28.90187904306208,73.40673691,2121.592631118701,1,1.316e-05,0.000379207750004583,False,train
2025-12-08 20:28:00+00:00,sushiswap_v2,0xceff51756c56ceffca006cd410b03ffc46dd3a58,28.90184869141583,163.53708766,4726.524162984127,0,0.0,0.0,True,train
2025-12-08 20:28:00+00:00,uniswap_v2,0xbb2b8038a1640196fbe3e38816f3e67cba72d940,28.90187904306208,73.40673691,2121.592631118701,0,0.0,0.0,False,train
2025-12-08 20:29:00+00:00,sushiswap_v2,0xceff51756c56ceffca006cd410b03ffc46dd3a58,28.90184869141583,163.53708766,4726.524162984127,0,0.0,0.0,True,train
2025-12-08 20:29:00+00:00,uniswap_v2,0xbb2b8038a1640196fbe3e38816f3e67cba72d940,28.90187904306208,73.40673691,2121.592631118701,0,0.0,0.0,False,train
2025-12-08 20:30:00+00:00,sushiswap_v2,0xceff51756c56ceffca006cd410b03ffc46dd3a58,28.90184869141583,163.53708766,4726.524162984127,0,0.0,0.0,True,train
2025-12-08 20:30:00+00:00,uniswap_v2,0xbb2b8038a1640196fbe3e38816f3e67cba72d940,28.90187904306208,73.40673691,2121.592631118701,0,0.0,0.0,False,train
2025-12-08 20:31:00+00:00,sushiswap_v2,0xceff51756c56ceffca006cd410b03ffc46dd3a58,28.90184869141583,163.53708766,4726.524162984127,0,0.0,0.0,True,train
2025-12-08 20:31:00+00:00,uniswap_v2,0xbb2b8038a1640196fbe3e38816f3e67cba72d940,28.90187904306208,73.40673691,2121.592631118701,0,0.0,0.0,False,train
2025-12-08 20:32:00+00:00,sushiswap_v2,0xceff51756c56ceffca006cd410b03ffc46dd3a58,28.90184869141583,163.53708766,4726.524162984127,0,0.0,0.0,True,train
2025-12-08 20:32:00+00:00,uniswap_v2,0xbb2b8038a1640196fbe3e38816f3e67cba72d940,28.90187904306208,73.40673691,2121.592631118701,0,0.0,0.0,False,train
2025-12-08 20:33:00+00:00,sushiswap_v2,0xceff51756c56ceffca006cd410b03ffc46dd3a58,28.90184869141583,163.53708766,4726.524162984127,0,0.0,0.0,True,train
2025-12-08 20:33:00+00:00,uniswap_v2,0xbb2b8038a1640196fbe3e38816f3e67cba72d940,28.90187904306208,73.40673691,2121.592631118701,0,0.0,0.0,False,train
2025-12-08 20:34:00+00:00,sushiswap_v2,0xceff51756c56ceffca006cd410b03ffc46dd3a58,28.90184869141583,163.53708766,4726.524162984127,0,0.0,0.0,True,train
2025-12-08 20:34:00+00:00,uniswap_v2,0xbb2b8038a1640196fbe3e38816f3e67cba72d940,28.90187904306208,73.40673691,2121.592631118701,0,0.0,0.0,False,train
2025-12-08 20:35:00+00:00,sushiswap_v2,0xceff51756c56ceffca006cd410b03ffc46dd3a58,28.90184869141583,163.53708766,4726.524162984127,0,0.0,0.0,True,train
2025-12-08 20:35:00+00:00,uniswap_v2,0xbb2b8038a1640196fbe3e38816f3e67cba72d940,28.90187904306208,73.40673691,2121.592631118701,0,0.0,0.0,False,train
2025-12-08 20:36:00+00:00,sushiswap_v2,0xceff51756c56ceffca006cd410b03ffc46dd3a58,28.90184869141583,163.53708766,4726.524162984127,0,0.0,0.0,True,train
2025-12-08 20:36:00+00:00,uniswap_v2,0xbb2b8038a1640196fbe3e38816f3e67cba72d940,28.90187904306208,73.40673691,2121.592631118701,0,0.0,0.0,False,train
2025-12-08 20:37:00+00:00,sushiswap_v2,0xceff51756c56ceffca006cd410b03ffc46dd3a58,28.90184869141583,163.53708766,4726.524162984127,0,0.0,0.0,True,train
2025-12-08 20:37:00+00:00,uniswap_v2,0xbb2b8038a1640196fbe3e38816f3e67cba72d940,28.90187904306208,73.40673691,2121.592631118701,0,0.0,0.0,False,train
2025-12-08 20:38:00+00:00,sushiswap_v2,0xceff51756c56ceffca006cd410b03ffc46dd3a58,28.90184869141583,163.53708766,4726.524162984127,0,0.0,0.0,True,train
2025-12-08 20:38:00+00:00,uniswap_v2,0xbb2b8038a1640196fbe3e38816f3e67cba72d940,28.90187904306208,73.40673691,2121.592631118701,0,0.0,0.0,False,train
2025-12-08 20:39:00+00:00,sushiswap_v2,0xceff51756c56ceffca006cd410b03ffc46dd3a58,28.90184869141583,163.53708766,4726.524162984127,0,0.0,0.0,True,train
2025-12-08 20:39:00+00:00,uniswap_v2,0xbb2b8038a1640196fbe3e38816f3e67cba72d940,28.90187904306208,73.40673691,2121.592631118701,0,0.0,0.0,False,train
2025-12-08 20:40:00+00:00,sushiswap_v2,0xceff51756c56ceffca006cd410b03ffc46dd3a58,28.90184869141583,163.53708766,4726.524162984127,0,0.0,0.0,True,train
2025-12-08 20:40:00+00:00,uniswap_v2,0xbb2b8038a1640196fbe3e38816f3e67cba72d940,28.90187904306208,73.40673691,2121.592631118701,0,0.0,0.0,False,train
2025-12-08 20:41:00+00:00,sushiswap_v2,0xceff51756c56ceffca006cd410b03ffc46dd3a58,28.90184869141583,163.53708766,4726.524162984127,0,0.0,0.0,True,train
2025-12-08 20:41:00+00:00,uniswap_v2,0xbb2b8038a1640196fbe3e38816f3e67cba72d940,28.90187904306208,73.40673691,2121.592631118701,0,0.0,0.0,False,train
2025-12-08 20:42:00+00:00,sushiswap_v2,0xceff51756c56ceffca006cd410b03ffc46dd3a58,28.90184869141583,163.53708766,4726.524162984127,0,0.0,0.0,True,train
2025-12-08 20:42:00+00:00,uniswap_v2,0xbb2b8038a1640196fbe3e38816f3e67cba72d940,28.90187904306208,73.40673691,2121.592631118701,0,0.0,0.0,False,train
2025-12-08 20:43:00+00:00,sushiswap_v2,0xceff51756c56ceffca006cd410b03ffc46dd3a58,28.90184869141583,163.53708766,4726.524162984127,0,0.0,0.0,True,train
2025-12-08 20:43:00+00:00,uniswap_v2,0xbb2b8038a1640196fbe3e38816f3e67cba72d940,28.90187904306208,73.40673691,2121.592631118701,0,0.0,0.0,True,train
2025-12-08 20:44:00+00:00,sushiswap_v2,0xceff51756c56ceffca006cd410b03ffc46dd3a58,28.90184869141583,163.53708766,4726.524162984127,0,0.0,0.0,True,train
2025-12-08 20:44:00+00:00,uniswap_v2,0xbb2b8038a1640196fbe3e38816f3e67cba72d940,28.90187904306208,73.40673691,2121.592631118701,0,0.0,0.0,True,train
2025-12-08 20:45:00+00:00,sushiswap_v2,0xceff51756c56ceffca006cd410b03ffc46dd3a58,28.901848690343783,163.53644741,4726.505658400183,0,0.0,0.0,False,train
2025-12-08 20:45:00+00:00,uniswap_v2,0xbb2b8038a1640196fbe3e38816f3e67cba72d940,28.90187904306208,73.40673691,2121.592631118701,0,0.0,0.0,True,train
2025-12-08 20:46:00+00:00,sushiswap_v2,0xceff51756c56ceffca006cd410b03ffc46dd3a58,28.901848690343783,163.53644741,4726.505658400183,0,0.0,0.0,False,train
2025-12-08 20:46:00+00:00,uniswap_v2,0xbb2b8038a1640196fbe3e38816f3e67cba72d940,28.90187904306208,73.40673691,2121.592631118701,0,0.0,0.0,True,train
2025-12-08 20:47:00+00:00,sushiswap_v2,0xceff51756c56ceffca006cd410b03ffc46dd3a58,28.901848690343783,163.53644741,4726.505658400183,0,0.0,0.0,False,train
2025-12-08 20:47:00+00:00,uniswap_v2,0xbb2b8038a1640196fbe3e38816f3e67cba72d940,28.90187904306208,73.40673691,2121.592631118701,0,0.0,0.0,True,train
2025-12-08 20:48:00+00:00,sushiswap_v2,0xceff51756c56ceffca006cd410b03ffc46dd3a58,28.901848690343783,163.53644741,4726.505658400183,0,0.0,0.0,False,train
2025-12-08 20:48:00+00:00,uniswap_v2,0xbb2b8038a1640196fbe3e38816f3e67cba72d940,28.90187904306208,73.40673691,2121.592631118701,0,0.0,0.0,True,train
2025-12-08 20:49:00+00:00,sushiswap_v2,0xceff51756c56ceffca006cd410b03ffc46dd3a58,28.901848690343783,163.53644741,4726.505658400183,0,0.0,0.0,False,train
2025-12-08 20:49:00+00:00,uniswap_v2,0xbb2b8038a1640196fbe3e38816f3e67cba72d940,28.90187904306208,73.40673691,2121.592631118701,0,0.0,0.0,True,train
2025-12-08 20:50:00+00:00,sushiswap_v2,0xceff51756c56ceffca006cd410b03ffc46dd3a58,28.901848690343783,163.53644741,4726.505658400183,0,0.0,0.0,False,train
2025-12-08 20:50:00+00:00,uniswap_v2,0xbb2b8038a1640196fbe3e38816f3e67cba72d940,28.90187904306208,73.40673691,2121.592631118701,0,0.0,0.0,True,train
2025-12-08 20:51:00+00:00,sushiswap_v2,0xceff51756c56ceffca006cd410b03ffc46dd3a58,28.901848690343783,163.53644741,4726.505658400183,0,0.0,0.0,False,train
2025-12-08 20:51:00+00:00,uniswap_v2,0xbb2b8038a1640196fbe3e38816f3e67cba72d940,28.90187904306208,73.40673691,2121.592631118701,0,0.0,0.0,True,train
2025-12-08 20:52:00+00:00,sushiswap_v2,0xceff51756c56ceffca006cd410b03ffc46dd3a58,28.901848690343783,163.53644741,4726.505658400183,0,0.0,0.0,False,train
2025-12-08 20:52:00+00:00,uniswap_v2,0xbb2b8038a1640196fbe3e38816f3e67cba72d940,28.90187904306208,73.40673691,2121.592631118701,0,0.0,0.0,True,train
2025-12-08 20:53:00+00:00,sushiswap_v2,0xceff51756c56ceffca006cd410b03ffc46dd3a58,28.901848690343783,163.53644741,4726.505658400183,0,0.0,0.0,False,train
2025-12-08 20:53:00+00:00,uniswap_v2,0xbb2b8038a1640196fbe3e38816f3e67cba72d940,28.90187904306208,73.40673691,2121.592631118701,0,0.0,0.0,True,train
2025-12-08 20:54:00+00:00,sushiswap_v2,0xceff51756c56ceffca006cd410b03ffc46dd3a58,28.901848690343783,163.53644741,4726.505658400183,0,0.0,0.0,False,train
2025-12-08 20:54:00+00:00,uniswap_v2,0xbb2b8038a1640196fbe3e38816f3e67cba72d940,28.90187904306208,73.40673691,2121.592631118701,0,0.0,0.0,True,train
2025-12-08 20:55:00+00:00,sushiswap_v2,0xceff51756c56ceffca006cd410b03ffc46dd3a58,28.901848690343783,163.53644741,4726.505658400183,0,0.0,0.0,False,train
2025-12-08 20:55:00+00:00,uniswap_v2,0xbb2b8038a1640196fbe3e38816f3e67cba72d940,28.90187904306208,73.40673691,2121.592631118701,0,0.0,0.0,True,train
2025-12-08 20:56:00+00:00,sushiswap_v2,0xceff51756c56ceffca006cd410b03ffc46dd3a58,28.901848690343783,163.53644741,4726.505658400183,0,0.0,0.0,False,train
2025-12-08 20:56:00+00:00,uniswap_v2,0xbb2b8038a1640196fbe3e38816f3e67cba72d940,28.90187904306208,73.40673691,2121.592631118701,0,0.0,0.0,True,train
2025-12-08 20:57:00+00:00,sushiswap_v2,0xceff51756c56ceffca006cd410b03ffc46dd3a58,28.901848690343783,163.53644741,4726.505658400183,0,0.0,0.0,False,train
2025-12-08 20:57:00+00:00,uniswap_v2,0xbb2b8038a1640196fbe3e38816f3e67cba72d940,28.90187904306208,73.40673691,2121.592631118701,0,0.0,0.0,True,train
2025-12-08 20:58:00+00:00,sushiswap_v2,0xceff51756c56ceffca006cd410b03ffc46dd3a58,28.901848690343783,163.53644741,4726.505658400183,0,0.0,0.0,False,train
2025-12-08 20:58:00+00:00,uniswap_v2,0xbb2b8038a1640196fbe3e38816f3e67cba72d940,28.90187904306208,73.40673691,2121.592631118701,0,0.0,0.0,True,train
2025-12-08 20:59:00+00:00,sushiswap_v2,0xceff51756c56ceffca006cd410b03ffc46dd3a58,28.901848690343783,163.53644741,4726.505658400183,0,0.0,0.0,False,train
2025-12-08 20:59:00+00:00,uniswap_v2,0xbb2b8038a1640196fbe3e38816f3e67cba72d940,28.90187904306208,73.40673691,2121.592631118701,0,0.0,0.0,True,train
2025-12-08 21:00:00+00:00,sushiswap_v2,0xceff51756c56ceffca006cd410b03ffc46dd3a58,28.901848690343783,163.53644741,4726.505658400183,0,0.0,0.0,False,train
2025-12-08 21:00:00+00:00,uniswap_v2,0xbb2b8038a1640196fbe3e38816f3e67cba72d940,28.90187904306208,73.40673691,2121.592631118701,0,0.0,0.0,True,train
2025-12-08 21:01:00+00:00,sushiswap_v2,0xceff51756c56ceffca006cd410b03ffc46dd3a58,28.901848690343783,163.53644741,4726.505658400183,0,0.0,0.0,True,train
2025-12-08 21:01:00+00:00,uniswap_v2,0xbb2b8038a1640196fbe3e38816f3e67cba72d940,28.90187904306208,73.40673691,2121.592631118701,0,0.0,0.0,True,train
2025-12-08 21:02:00+00:00,sushiswap_v2,0xceff51756c56ceffca006cd410b03ffc46dd3a58,28.901848690343783,163.53644741,4726.505658400183,0,0.0,0.0,True,train
2025-12-08 21:02:00+00:00,uniswap_v2,0xbb2b8038a1640196fbe3e38816f3e67cba72d940,28.90187904306208,73.40673691,2121.592631118701,0,0.0,0.0,True,train
2025-12-08 21:03:00+00:00,sushiswap_v2,0xceff51756c56ceffca006cd410b03ffc46dd3a58,28.901848690343783,163.53644741,4726.505658400183,0,0.0,0.0,True,train
2025-12-08 21:03:00+00:00,uniswap_v2,0xbb2b8038a1640196fbe3e38816f3e67cba72d940,28.90187904306208,73.40673691,2121.592631118701,0,0.0,0.0,True,train
2025-12-08 21:04:00+00:00,sushiswap_v2,0xceff51756c56ceffca006cd410b03ffc46dd3a58,28.901848690343783,163.53644741,4726.505658400183,0,0.0,0.0,True,train
2025-12-08 21:04:00+00:00,uniswap_v2,0xbb2b8038a1640196fbe3e38816f3e67cba72d940,28.90187904306208,73.40673691,2121.592631118701,0,0.0,0.0,True,train
2025-12-08 21:05:00+00:00,sushiswap_v2,0xceff51756c56ceffca006cd410b03ffc46dd3a58,28.901848690343783,163.53644741,4726.505658400183,0,0.0,0.0,True,train
2025-12-08 21:05:00+00:00,uniswap_v2,0xbb2b8038a1640196fbe3e38816f3e67cba72d940,28.90187904306208,73.40673691,2121.592631118701,0,0.0,0.0,True,train
2025-12-08 21:06:00+00:00,sushiswap_v2,0xceff51756c56ceffca006cd410b03ffc46dd3a58,28.901848690343783,163.53644741,4726.505658400183,0,0.0,0.0,True,train
2025-12-08 21:06:00+00:00,uniswap_v2,0xbb2b8038a1640196fbe3e38816f3e67cba72d940,28.90187904306208,73.40673691,2121.592631118701,0,0.0,0.0,True,train
2025-12-08 21:07:00+00:00,sushiswap_v2,0xceff51756c56ceffca006cd410b03ffc46dd3a58,28.901848690343783,163.53644741,4726.505658400183,0,0.0,0.0,True,train
2025-12-08 21:07:00+00:00,uniswap_v2,0xbb2b8038a1640196fbe3e38816f3e67cba72d940,28.90187904306208,73.40673691,2121.592631118701,0,0.0,0.0,True,train
2025-12-08 21:08:00+00:00,sushiswap_v2,0xceff51756c56ceffca006cd410b03ffc46dd3a58,28.901848690343783,163.53644741,4726.505658400183,0,0.0,0.0,True,train
2025-12-08 21:08:00+00:00,uniswap_v2,0xbb2b8038a1640196fbe3e38816f3e67cba72d940,28.90187904306208,73.40673691,2121.592631118701,0,0.0,0.0,True,train
2025-12-08 21:09:00+00:00,sushiswap_v2,0xceff51756c56ceffca006cd410b03ffc46dd3a58,28.901848690343783,163.53644741,4726.505658400183,0,0.0,0.0,True,train
2025-12-08 21:09:00+00:00,uniswap_v2,0xbb2b8038a1640196fbe3e38816f3e67cba72d940,28.90187904306208,73.40673691,2121.592631118701,0,0.0,0.0,True,train
2025-12-08 21:10:00+00:00,sushiswap_v2,0xceff51756c56ceffca006cd410b03ffc46dd3a58,28.901848690343783,163.53644741,4726.505658400183,0,0.0,0.0,True,train
2025-12-08 21:10:00+00:00,uniswap_v2,0xbb2b8038a1640196fbe3e38816f3e67cba72d940,28.90187904306208,73.40673691,2121.592631118701,0,0.0,0.0,True,train
2025-12-08 21:11:00+00:00,sushiswap_v2,0xceff51756c56ceffca006cd410b03ffc46dd3a58,28.901848690343783,163.53644741,4726.505658400183,0,0.0,0.0,True,train
2025-12-08 21:11:00+00:00,uniswap_v2,0xbb2b8038a1640196fbe3e38816f3e67cba72d940,28.90187904306208,73.40673691,2121.592631118701,0,0.0,0.0,True,train
2025-12-08 21:12:00+00:00,sushiswap_v2,0xceff51756c56ceffca006cd410b03ffc46dd3a58,28.901848690343783,163.53644741,4726.505658400183,0,0.0,0.0,True,train
2025-12-08 21:12:00+00:00,uniswap_v2,0xbb2b8038a1640196fbe3e38816f3e67cba72d940,28.90187904306208,73.40673691,2121.592631118701,0,0.0,0.0,True,train
2025-12-08 21:13:00+00:00,sushiswap_v2,0xceff51756c56ceffca006cd410b03ffc46dd3a58,28.901848690343783,163.53644741,4726.505658400183,0,0.0,0.0,True,train
2025-12-08 21:13:00+00:00,uniswap_v2,0xbb2b8038a1640196fbe3e38816f3e67cba72d940,28.90187904306208,73.40673691,2121.592631118701,0,0.0,0.0,True,train
2025-12-08 21:14:00+00:00,sushiswap_v2,0xceff51756c56ceffca006cd410b03ffc46dd3a58,28.901848690343783,163.53644741,4726.505658400183,0,0.0,0.0,True,train
2025-12-08 21:14:00+00:00,uniswap_v2,0xbb2b8038a1640196fbe3e38816f3e67cba72d940,28.90187904306208,73.40673691,2121.592631118701,0,0.0,0.0,True,train
2025-12-08 21:15:00+00:00,sushiswap_v2,0xceff51756c56ceffca006cd410b03ffc46dd3a58,28.901848690343783,163.53644741,4726.505658400183,0,0.0,0.0,True,train
2025-12-08 21:15:00+00:00,uniswap_v2,0xbb2b8038a1640196fbe3e38816f3e67cba72d940,28.90187904306208,73.40673691,2121.592631118701,0,0.0,0.0,True,train
2025-12-08 21:16:00+00:00,sushiswap_v2,0xceff51756c56ceffca006cd410b03ffc46dd3a58,28.901848690343783,163.53644741,4726.505658400183,0,0.0,0.0,True,train
2025-12-08 21:16:00+00:00,uniswap_v2,0xbb2b8038a1640196fbe3e38816f3e67cba72d940,28.90187904306208,73.40673691,2121.592631118701,0,0.0,0.0,True,train
2025-12-08 21:17:00+00:00,sushiswap_v2,0xceff51756c56ceffca006cd410b03ffc46dd3a58,28.901848690343783,163.53644741,4726.505658400183,0,0.0,0.0,True,train
2025-12-08 21:17:00+00:00,uniswap_v2,0xbb2b8038a1640196fbe3e38816f3e67cba72d940,28.90187904306208,73.40673691,2121.592631118701,0,0.0,0.0,True,train
2025-12-08 21:18:00+00:00,sushiswap_v2,0xceff51756c56ceffca006cd410b03ffc46dd3a58,28.901848690343783,163.53644741,4726.505658400183,0,0.0,0.0,True,train
2025-12-08 21:18:00+00:00,uniswap_v2,0xbb2b8038a1640196fbe3e38816f3e67cba72d940,28.90187904306208,73.40673691,2121.592631118701,0,0.0,0.0,True,train
2025-12-08 21:19:00+00:00,sushiswap_v2,0xceff51756c56ceffca006cd410b03ffc46dd3a58,28.901848690343783,163.53644741,4726.505658400183,0,0.0,0.0,True,train
2025-12-08 21:19:00+00:00,uniswap_v2,0xbb2b8038a1640196fbe3e38816f3e67cba72d940,28.90187904306208,73.40673691,2121.592631118701,0,0.0,0.0,True,train
2025-12-08 21:20:00+00:00,sushiswap_v2,0xceff51756c56ceffca006cd410b03ffc46dd3a58,28.901848690343783,163.53644741,4726.505658400183,0,0.0,0.0,True,train
2025-12-08 21:20:00+00:00,uniswap_v2,0xbb2b8038a1640196fbe3e38816f3e67cba72d940,28.90187904306208,73.40673691,2121.592631118701,0,0.0,0.0,True,train
2025-12-08 21:21:00+00:00,sushiswap_v2,0xceff51756c56ceffca006cd410b03ffc46dd3a58,28.901848690343783,163.53644741,4726.505658400183,0,0.0,0.0,True,train
2025-12-08 21:21:00+00:00,uniswap_v2,0xbb2b8038a1640196fbe3e38816f3e67cba72d940,28.90187904306208,73.40673691,2121.592631118701,0,0.0,0.0,True,train
2025-12-08 21:22:00+00:00,sushiswap_v2,0xceff51756c56ceffca006cd410b03ffc46dd3a58,28.901848690343783,163.53644741,4726.505658400183,0,0.0,0.0,True,train
2025-12-08 21:22:00+00:00,uniswap_v2,0xbb2b8038a1640196fbe3e38816f3e67cba72d940,28.90187904306208,73.40673691,2121.592631118701,0,0.0,0.0,True,train
2025-12-08 21:23:00+00:00,sushiswap_v2,0xceff51756c56ceffca006cd410b03ffc46dd3a58,28.901848690343783,163.53644741,4726.505658400183,0,0.0,0.0,True,train
2025-12-08 21:23:00+00:00,uniswap_v2,0xbb2b8038a1640196fbe3e38816f3e67cba72d940,28.90187904306208,73.40673691,2121.592631118701,0,0.0,0.0,True,train
2025-12-08 21:24:00+00:00,sushiswap_v2,0xceff51756c56ceffca006cd410b03ffc46dd3a58,28.901848690343783,163.53644741,4726.505658400183,0,0.0,0.0,True,train
2025-12-08 21:24:00+00:00,uniswap_v2,0xbb2b8038a1640196fbe3e38816f3e67cba72d940,28.90187903930189,73.40673692,2121.592631131696,0,0.0,0.0,False,train
2025-12-08 21:25:00+00:00,sushiswap_v2,0xceff51756c56ceffca006cd410b03ffc46dd3a58,28.901848690343783,163.53644741,4726.505658400183,0,0.0,0.0,True,train
2025-12-08 21:25:00+00:00,uniswap_v2,0xbb2b8038a1640196fbe3e38816f3e67cba72d940,28.90187903930189,73.40673692,2121.592631131696,0,0.0,0.0,False,train
2025-12-08 21:26:00+00:00,sushiswap_v2,0xceff51756c56ceffca006cd410b03ffc46dd3a58,28.901848690343783,163.53644741,4726.505658400183,0,0.0,0.0,True,train
2025-12-08 21:26:00+00:00,uniswap_v2,0xbb2b8038a1640196fbe3e38816f3e67cba72d940,28.90187903930189,73.40673692,2121.592631131696,0,0.0,0.0,False,train
2025-12-08 21:27:00+00:00,sushiswap_v2,0xceff51756c56ceffca006cd410b03ffc46dd3a58,28.901848690343783,163.53644741,4726.505658400183,0,0.0,0.0,True,train
2025-12-08 21:27:00+00:00,uniswap_v2,0xbb2b8038a1640196fbe3e38816f3e67cba72d940,28.90187903930189,73.40673692,2121.592631131696,0,0.0,0.0,False,train
2025-12-08 21:28:00+00:00,sushiswap_v2,0xceff51756c56ceffca006cd410b03ffc46dd3a58,28.901848690343783,163.53644741,4726.505658400183,0,0.0,0.0,True,train
2025-12-08 21:28:00+00:00,uniswap_v2,0xbb2b8038a1640196fbe3e38816f3e67cba72d940,28.90187903930189,73.40673692,2121.592631131696,0,0.0,0.0,False,train
2025-12-08 21:29:00+00:00,sushiswap_v2,0xceff51756c56ceffca006cd410b03ffc46dd3a58,28.901848690343783,163.53644741,4726.505658400183,0,0.0,0.0,True,train
2025-12-08 21:29:00+00:00,uniswap_v2,0xbb2b8038a1640196fbe3e38816f3e67cba72d940,28.90187903930189,73.40673692,2121.592631131696,0,0.0,0.0,False,train
2025-12-08 21:30:00+00:00,sushiswap_v2,0xceff51756c56ceffca006cd410b03ffc46dd3a58,28.901848690343783,163.53644741,4726.505658400183,0,0.0,0.0,True,train
2025-12-08 21:30:00+00:00,uniswap_v2,0xbb2b8038a1640196fbe3e38816f3e67cba72d940,28.90187903930189,73.40673692,2121.592631131696,0,0.0,0.0,False,train
2025-12-08 21:31:00+00:00,sushiswap_v2,0xceff51756c56ceffca006cd410b03ffc46dd3a58,28.901848690343783,163.53644741,4726.505658400183,0,0.0,0.0,True,train
2025-12-08 21:31:00+00:00,uniswap_v2,0xbb2b8038a1640196fbe3e38816f3e67cba72d940,28.90187903930189,73.40673692,2121.592631131696,0,0.0,0.0,False,train
2025-12-08 21:32:00+00:00,sushiswap_v2,0xceff51756c56ceffca006cd410b03ffc46dd3a58,28.901848690343783,163.53644741,4726.505658400183,0,0.0,0.0,True,train
2025-12-08 21:32:00+00:00,uniswap_v2,0xbb2b8038a1640196fbe3e38816f3e67cba72d940,28.90187903930189,73.40673692,2121.592631131696,0,0.0,0.0,False,train
2025-12-08 21:33:00+00:00,sushiswap_v2,0xceff51756c56ceffca006cd410b03ffc46dd3a58,28.901848690343783,163.53644741,4726.505658400183,0,0.0,0.0,True,train
2025-12-08 21:33:00+00:00,uniswap_v2,0xbb2b8038a1640196fbe3e38816f3e67cba72d940,28.90187903930189,73.40673692,2121.592631131696,0,0.0,0.0,False,train
2025-12-08 21:34:00+00:00,sushiswap_v2,0xceff51756c56ceffca006cd410b03ffc46dd3a58,28.901848690343783,163.53644741,4726.505658400183,0,0.0,0.0,True,train
2025-12-08 21:34:00+00:00,uniswap_v2,0xbb2b8038a1640196fbe3e38816f3e67cba72d940,28.90187903930189,73.40673692,2121.592631131696,0,0.0,0.0,False,train
2025-12-08 21:35:00+00:00,sushiswap_v2,0xceff51756c56ceffca006cd410b03ffc46dd3a58,28.901848690343783,163.53644741,4726.505658400183,0,0.0,0.0,True,train
2025-12-08 21:35:00+00:00,uniswap_v2,0xbb2b8038a1640196fbe3e38816f3e67cba72d940,28.90187903930189,73.40673692,2121.592631131696,0,0.0,0.0,False,train
2025-12-08 21:36:00+00:00,sushiswap_v2,0xceff51756c56ceffca006cd410b03ffc46dd3a58,28.907765317728426,163.51973598,4726.990152526753,1,0.01671143,0.4844941265703316,False,train
2025-12-08 21:36:00+00:00,uniswap_v2,0xbb2b8038a1640196fbe3e38816f3e67cba72d940,28.90187903930189,73.40673692,2121.592631131696,0,0.0,0.0,False,train
2025-12-08 21:37:00+00:00,sushiswap_v2,0xceff51756c56ceffca006cd410b03ffc46dd3a58,28.916731200691373,163.49442174,4727.724246268052,1,0.02531424,0.7340937412986561,False,train
2025-12-08 21:37:00+00:00,uniswap_v2,0xbb2b8038a1640196fbe3e38816f3e67cba72d940,28.91228340716965,73.39354751,2121.9750458666904,1,0.01318941,0.38241473499423206,False,train
2025-12-08 21:38:00+00:00,sushiswap_v2,0xceff51756c56ceffca006cd410b03ffc46dd3a58,28.92842527950831,163.4614224,4728.681543980546,1,0.03299934,0.9572977124944294,False,train
2025-12-08 21:38:00+00:00,uniswap_v2,0xbb2b8038a1640196fbe3e38816f3e67cba72d940,28.928433043282055,73.37308902,2122.5684928938435,1,0.02045849,0.5934470271530017,False,train
2025-12-08 21:39:00+00:00,sushiswap_v2,0xceff51756c56ceffca006cd410b03ffc46dd3a58,28.92842527950831,163.4614224,4728.681543980546,0,0.0,0.0,False,train
2025-12-08 21:39:00+00:00,uniswap_v2,0xbb2b8038a1640196fbe3e38816f3e67cba72d940,28.928433043282055,73.37308902,2122.5684928938435,0,0.0,0.0,False,train
2025-12-08 21:40:00+00:00,sushiswap_v2,0xceff51756c56ceffca006cd410b03ffc46dd3a58,28.92842527950831,163.4614224,4728.681543980546,0,0.0,0.0,False,train
2025-12-08 21:40:00+00:00,uniswap_v2,0xbb2b8038a1640196fbe3e38816f3e67cba72d940,28.928433043282055,73.37308902,2122.5684928938435,0,0.0,0.0,False,train
2025-12-08 21:41:00+00:00,sushiswap_v2,0xceff51756c56ceffca006cd410b03ffc46dd3a58,28.92842527950831,163.4614224,4728.681543980546,0,0.0,0.0,False,train
2025-12-08 21:41:00+00:00,uniswap_v2,0xbb2b8038a1640196fbe3e38816f3e67cba72d940,28.928370370563478,73.37316862,2122.566197101166,1,7.96e-05,0.00229579267727803,False,train
2025-12-08 21:42:00+00:00,sushiswap_v2,0xceff51756c56ceffca006cd410b03ffc46dd3a58,28.92842527950831,163.4614224,4728.681543980546,0,0.0,0.0,False,train
2025-12-08 21:42:00+00:00,uniswap_v2,0xbb2b8038a1640196fbe3e38816f3e67cba72d940,28.928370370563478,73.37316862,2122.566197101166,0,0.0,0.0,False,train
2025-12-08 21:43:00+00:00,sushiswap_v2,0xceff51756c56ceffca006cd410b03ffc46dd3a58,28.92842527950831,163.4614224,4728.681543980546,0,0.0,0.0,False,train
2025-12-08 21:43:00+00:00,uniswap_v2,0xbb2b8038a1640196fbe3e38816f3e67cba72d940,28.928370370563478,73.37316862,2122.566197101166,0,0.0,0.0,False,train
2025-12-08 21:44:00+00:00,sushiswap_v2,0xceff51756c56ceffca006cd410b03ffc46dd3a58,28.92842527950831,163.4614224,4728.681543980546,0,0.0,0.0,False,train
2025-12-08 21:44:00+00:00,uniswap_v2,0xbb2b8038a1640196fbe3e38816f3e67cba72d940,28.928370370563478,73.37316862,2122.566197101166,0,0.0,0.0,False,train
2025-12-08 21:45:00+00:00,sushiswap_v2,0xceff51756c56ceffca006cd410b03ffc46dd3a58,28.92842527950831,163.4614224,4728.681543980546,0,0.0,0.0,False,train
2025-12-08 21:45:00+00:00,uniswap_v2,0xbb2b8038a1640196fbe3e38816f3e67cba72d940,28.928370370563478,73.37316862,2122.566197101166,0,0.0,0.0,False,train
2025-12-08 21:46:00+00:00,sushiswap_v2,0xceff51756c56ceffca006cd410b03ffc46dd3a58,28.92842527950831,163.4614224,4728.681543980546,0,0.0,0.0,False,train
2025-12-08 21:46:00+00:00,uniswap_v2,0xbb2b8038a1640196fbe3e38816f3e67cba72d940,28.928370370563478,73.37316862,2122.566197101166,0,0.0,0.0,False,train
2025-12-08 21:47:00+00:00,sushiswap_v2,0xceff51756c56ceffca006cd410b03ffc46dd3a58,28.92842527950831,163.4614224,4728.681543980546,0,0.0,0.0,False,train
2025-12-08 21:47:00+00:00,uniswap_v2,0xbb2b8038a1640196fbe3e38816f3e67cba72d940,28.928370370563478,73.37316862,2122.566197101166,0,0.0,0.0,False,train
2025-12-08 21:48:00+00:00,sushiswap_v2,0xceff51756c56ceffca006cd410b03ffc46dd3a58,28.92842527950831,163.4614224,4728.681543980546,0,0.0,0.0,False,train
2025-12-08 21:48:00+00:00,uniswap_v2,0xbb2b8038a1640196fbe3e38816f3e67cba72d940,28.928370370563478,73.37316862,2122.566197101166,0,0.0,0.0,False,train
2025-12-08 21:49:00+00:00,sushiswap_v2,0xceff51756c56ceffca006cd410b03ffc46dd3a58,28.92842527950831,163.4614224,4728.681543980546,0,0.0,0.0,False,train
2025-12-08 21:49:00+00:00,uniswap_v2,0xbb2b8038a1640196fbe3e38816f3e67cba72d940,28.928370370563478,73.37316862,2122.566197101166,0,0.0,0.0,False,train
2025-12-08 21:50:00+00:00,sushiswap_v2,0xceff51756c56ceffca006cd410b03ffc46dd3a58,28.92842527950831,163.4614224,4728.681543980546,0,0.0,0.0,False,train
2025-12-08 21:50:00+00:00,uniswap_v2,0xbb2b8038a1640196fbe3e38816f3e67cba72d940,28.928370370563478,73.37316862,2122.566197101166,0,0.0,0.0,False,train
2025-12-08 21:51:00+00:00,sushiswap_v2,0xceff51756c56ceffca006cd410b03ffc46dd3a58,28.92842527950831,163.4614224,4728.681543980546,0,0.0,0.0,False,train
2025-12-08 21:51:00+00:00,uniswap_v2,0xbb2b8038a1640196fbe3e38816f3e67cba72d940,28.928370370563478,73.37316862,2122.566197101166,0,0.0,0.0,False,train
2025-12-08 21:52:00+00:00,sushiswap_v2,0xceff51756c56ceffca006cd410b03ffc46dd3a58,28.92842527950831,163.4614224,4728.681543980546,0,0.0,0.0,False,train
2025-12-08 21:52:00+00:00,uniswap_v2,0xbb2b8038a1640196fbe3e38816f3e67cba72d940,28.928444753828014,73.37307443,2122.568930066766,1,9.419e-05,0.00273296559981791,False,train
2025-12-08 21:53:00+00:00,sushiswap_v2,0xceff51756c56ceffca006cd410b03ffc46dd3a58,28.92842527950831,163.4614224,4728.681543980546,0,0.0,0.0,False,train
2025-12-08 21:53:00+00:00,uniswap_v2,0xbb2b8038a1640196fbe3e38816f3e67cba72d940,28.928444753828014,73.37307443,2122.568930066766,0,0.0,0.0,False,train
2025-12-08 21:54:00+00:00,sushiswap_v2,0xceff51756c56ceffca006cd410b03ffc46dd3a58,28.92842527950831,163.4614224,4728.681543980546,0,0.0,0.0,True,train
2025-12-08 21:54:00+00:00,uniswap_v2,0xbb2b8038a1640196fbe3e38816f3e67cba72d940,28.928444753828014,73.37307443,2122.568930066766,0,0.0,0.0,False,train
2025-12-08 21:55:00+00:00,sushiswap_v2,0xceff51756c56ceffca006cd410b03ffc46dd3a58,28.92842527950831,163.4614224,4728.681543980546,0,0.0,0.0,True,train
2025-12-08 21:55:00+00:00,uniswap_v2,0xbb2b8038a1640196fbe3e38816f3e67cba72d940,28.928444753828014,73.37307443,2122.568930066766,0,0.0,0.0,False,train
2025-12-08 21:56:00+00:00,sushiswap_v2,0xceff51756c56ceffca006cd410b03ffc46dd3a58,28.92842527950831,163.4614224,4728.681543980546,0,0.0,0.0,True,train
2025-12-08 21:56:00+00:00,uniswap_v2,0xbb2b8038a1640196fbe3e38816f3e67cba72d940,28.928444753828014,73.37307443,2122.568930066766,0,0.0,0.0,False,train
2025-12-08 21:57:00+00:00,sushiswap_v2,0xceff51756c56ceffca006cd410b03ffc46dd3a58,28.92842527950831,163.4614224,4728.681543980546,0,0.0,0.0,True,train
2025-12-08 21:57:00+00:00,uniswap_v2,0xbb2b8038a1640196fbe3e38816f3e67cba72d940,28.928444753828014,73.37307443,2122.568930066766,0,0.0,0.0,False,train
2025-12-08 21:58:00+00:00,sushiswap_v2,0xceff51756c56ceffca006cd410b03ffc46dd3a58,28.92842527950831,163.4614224,4728.681543980546,0,0.0,0.0,True,train
2025-12-08 21:58:00+00:00,uniswap_v2,0xbb2b8038a1640196fbe3e38816f3e67cba72d940,28.928444753828014,73.37307443,2122.568930066766,0,0.0,0.0,False,train
2025-12-08 21:59:00+00:00,sushiswap_v2,0xceff51756c56ceffca006cd410b03ffc46dd3a58,28.92842527950831,163.4614224,4728.681543980546,0,0.0,0.0,True,train
2025-12-08 21:59:00+00:00,uniswap_v2,0xbb2b8038a1640196fbe3e38816f3e67cba72d940,28.928444753828014,73.37307443,2122.568930066766,0,0.0,0.0,False,train
2025-12-08 22:00:00+00:00,sushiswap_v2,0xceff51756c56ceffca006cd410b03ffc46dd3a58,28.92842527950831,163.4614224,4728.681543980546,0,0.0,0.0,True,train
2025-12-08 22:00:00+00:00,uniswap_v2,0xbb2b8038a1640196fbe3e38816f3e67cba72d940,28.928444753828014,73.37307443,2122.568930066766,0,0.0,0.0,False,train
2025-12-08 22:01:00+00:00,sushiswap_v2,0xceff51756c56ceffca006cd410b03ffc46dd3a58,28.92842527950831,163.4614224,4728.681543980546,0,0.0,0.0,True,train
2025-12-08 22:01:00+00:00,uniswap_v2,0xbb2b8038a1640196fbe3e38816f3e67cba72d940,28.928444753828014,73.37307443,2122.568930066766,0,0.0,0.0,False,train
2025-12-08 22:02:00+00:00,sushiswap_v2,0xceff51756c56ceffca006cd410b03ffc46dd3a58,28.92842527950831,163.4614224,4728.681543980546,0,0.0,0.0,True,train
2025-12-08 22:02:00+00:00,uniswap_v2,0xbb2b8038a1640196fbe3e38816f3e67cba72d940,28.928444753828014,73.37307443,2122.568930066766,0,0.0,0.0,False,train
2025-12-08 22:03:00+00:00,sushiswap_v2,0xceff51756c56ceffca006cd410b03ffc46dd3a58,28.92842527950831,163.4614224,4728.681543980546,0,0.0,0.0,True,train
2025-12-08 22:03:00+00:00,uniswap_v2,0xbb2b8038a1640196fbe3e38816f3e67cba72d940,28.928444753828014,73.37307443,2122.568930066766,0,0.0,0.0,False,train
2025-12-08 22:04:00+00:00,sushiswap_v2,0xceff51756c56ceffca006cd410b03ffc46dd3a58,28.92842527950831,163.4614224,4728.681543980546,0,0.0,0.0,True,train
2025-12-08 22:04:00+00:00,uniswap_v2,0xbb2b8038a1640196fbe3e38816f3e67cba72d940,28.928444753828014,73.37307443,2122.568930066766,0,0.0,0.0,False,train
2025-12-08 22:05:00+00:00,sushiswap_v2,0xceff51756c56ceffca006cd410b03ffc46dd3a58,28.92842527950831,163.4614224,4728.681543980546,0,0.0,0.0,True,train
2025-12-08 22:05:00+00:00,uniswap_v2,0xbb2b8038a1640196fbe3e38816f3e67cba72d940,28.928444753828014,73.37307443,2122.568930066766,0,0.0,0.0,False,train
2025-12-08 22:06:00+00:00,sushiswap_v2,0xceff51756c56ceffca006cd410b03ffc46dd3a58,28.92842527950831,163.4614224,4728.681543980546,0,0.0,0.0,True,train
2025-12-08 22:06:00+00:00,uniswap_v2,0xbb2b8038a1640196fbe3e38816f3e67cba72d940,28.928444753828014,73.37307443,2122.568930066766,0,0.0,0.0,False,train
2025-12-08 22:07:00+00:00,sushiswap_v2,0xceff51756c56ceffca006cd410b03ffc46dd3a58,28.92842527950831,163.4614224,4728.681543980546,0,0.0,0.0,True,train
2025-12-08 22:07:00+00:00,uniswap_v2,0xbb2b8038a1640196fbe3e38816f3e67cba72d940,28.928444753828014,73.37307443,2122.568930066766,0,0.0,0.0,False,train
2025-12-08 22:08:00+00:00,sushiswap_v2,0xceff51756c56ceffca006cd410b03ffc46dd3a58,28.92842527950831,163.4614224,4728.681543980546,0,0.0,0.0,True,train
2025-12-08 22:08:00+00:00,uniswap_v2,0xbb2b8038a1640196fbe3e38816f3e67cba72d940,28.928444753828014,73.37307443,2122.568930066766,0,0.0,0.0,True,train
2025-12-08 22:09:00+00:00,sushiswap_v2,0xceff51756c56ceffca006cd410b03ffc46dd3a58,28.92842527950831,163.4614224,4728.681543980546,0,0.0,0.0,True,train
2025-12-08 22:09:00+00:00,uniswap_v2,0xbb2b8038a1640196fbe3e38816f3e67cba72d940,28.928444753828014,73.37307443,2122.568930066766,0,0.0,0.0,True,train
2025-12-08 22:10:00+00:00,sushiswap_v2,0xceff51756c56ceffca006cd410b03ffc46dd3a58,28.92842527950831,163.4614224,4728.681543980546,0,0.0,0.0,True,train
2025-12-08 22:10:00+00:00,uniswap_v2,0xbb2b8038a1640196fbe3e38816f3e67cba72d940,28.928444753828014,73.37307443,2122.568930066766,0,0.0,0.0,True,train
2025-12-08 22:11:00+00:00,sushiswap_v2,0xceff51756c56ceffca006cd410b03ffc46dd3a58,28.92842527950831,163.4614224,4728.681543980546,0,0.0,0.0,True,train
2025-12-08 22:11:00+00:00,uniswap_v2,0xbb2b8038a1640196fbe3e38816f3e67cba72d940,28.928444753828014,73.37307443,2122.568930066766,0,0.0,0.0,True,train
2025-12-08 22:12:00+00:00,sushiswap_v2,0xceff51756c56ceffca006cd410b03ffc46dd3a58,28.92842527950831,163.4614224,4728.681543980546,0,0.0,0.0,True,train
2025-12-08 22:12:00+00:00,uniswap_v2,0xbb2b8038a1640196fbe3e38816f3e67cba72d940,28.928444753828014,73.37307443,2122.568930066766,0,0.0,0.0,True,train
2025-12-08 22:13:00+00:00,sushiswap_v2,0xceff51756c56ceffca006cd410b03ffc46dd3a58,28.92842527950831,163.4614224,4728.681543980546,0,0.0,0.0,True,train
2025-12-08 22:13:00+00:00,uniswap_v2,0xbb2b8038a1640196fbe3e38816f3e67cba72d940,28.928444753828014,73.37307443,2122.568930066766,0,0.0,0.0,True,train
2025-12-08 22:14:00+00:00,sushiswap_v2,0xceff51756c56ceffca006cd410b03ffc46dd3a58,28.92842527950831,163.4614224,4728.681543980546,0,0.0,0.0,True,train
2025-12-08 22:14:00+00:00,uniswap_v2,0xbb2b8038a1640196fbe3e38816f3e67cba72d940,28.928444753828014,73.37307443,2122.568930066766,0,0.0,0.0,True,train
2025-12-08 22:15:00+00:00,sushiswap_v2,0xceff51756c56ceffca006cd410b03ffc46dd3a58,28.92842527950831,163.4614224,4728.681543980546,0,0.0,0.0,True,train
2025-12-08 22:15:00+00:00,uniswap_v2,0xbb2b8038a1640196fbe3e38816f3e67cba72d940,28.928444753828014,73.37307443,2122.568930066766,0,0.0,0.0,True,train
2025-12-08 22:16:00+00:00,sushiswap_v2,0xceff51756c56ceffca006cd410b03ffc46dd3a58,28.92842527950831,163.4614224,4728.681543980546,0,0.0,0.0,True,train
2025-12-08 22:16:00+00:00,uniswap_v2,0xbb2b8038a1640196fbe3e38816f3e67cba72d940,28.928444753828014,73.37307443,2122.568930066766,0,0.0,0.0,True,train
2025-12-08 22:17:00+00:00,sushiswap_v2,0xceff51756c56ceffca006cd410b03ffc46dd3a58,28.92842527950831,163.4614224,4728.681543980546,0,0.0,0.0,True,train
2025-12-08 22:17:00+00:00,uniswap_v2,0xbb2b8038a1640196fbe3e38816f3e67cba72d940,28.928444753828014,73.37307443,2122.568930066766,0,0.0,0.0,True,train
2025-12-08 22:18:00+00:00,sushiswap_v2,0xceff51756c56ceffca006cd410b03ffc46dd3a58,28.92842527950831,163.4614224,4728.681543980546,0,0.0,0.0,True,train
2025-12-08 22:18:00+00:00,uniswap_v2,0xbb2b8038a1640196fbe3e38816f3e67cba72d940,28.928444753828014,73.37307443,2122.568930066766,0,0.0,0.0,True,train
2025-12-08 22:19:00+00:00,sushiswap_v2,0xceff51756c56ceffca006cd410b03ffc46dd3a58,28.92842527950831,163.4614224,4728.681543980546,0,0.0,0.0,True,train
2025-12-08 22:19:00+00:00,uniswap_v2,0xbb2b8038a1640196fbe3e38816f3e67cba72d940,28.928444753828014,73.37307443,2122.568930066766,0,0.0,0.0,True,train
2025-12-08 22:20:00+00:00,sushiswap_v2,0xceff51756c56ceffca006cd410b03ffc46dd3a58,28.92842527950831,163.4614224,4728.681543980546,0,0.0,0.0,True,train
2025-12-08 22:20:00+00:00,uniswap_v2,0xbb2b8038a1640196fbe3e38816f3e67cba72d940,28.928444753828014,73.37307443,2122.568930066766,0,0.0,0.0,True,train
2025-12-08 22:21:00+00:00,sushiswap_v2,0xceff51756c56ceffca006cd410b03ffc46dd3a58,28.92842527950831,163.4614224,4728.681543980546,0,0.0,0.0,True,train
2025-12-08 22:21:00+00:00,uniswap_v2,0xbb2b8038a1640196fbe3e38816f3e67cba72d940,28.928444753828014,73.37307443,2122.568930066766,0,0.0,0.0,True,train
2025-12-08 22:22:00+00:00,sushiswap_v2,0xceff51756c56ceffca006cd410b03ffc46dd3a58,28.92842527950831,163.4614224,4728.681543980546,0,0.0,0.0,True,train
2025-12-08 22:22:00+00:00,uniswap_v2,0xbb2b8038a1640196fbe3e38816f3e67cba72d940,28.928444753828014,73.37307443,2122.568930066766,0,0.0,0.0,True,train
2025-12-08 22:23:00+00:00,sushiswap_v2,0xceff51756c56ceffca006cd410b03ffc46dd3a58,28.92842527950831,163.4614224,4728.681543980546,0,0.0,0.0,True,train
2025-12-08 22:23:00+00:00,uniswap_v2,0xbb2b8038a1640196fbe3e38816f3e67cba72d940,28.928444753828014,73.37307443,2122.568930066766,0,0.0,0.0,True,train
2025-12-08 22:24:00+00:00,sushiswap_v2,0xceff51756c56ceffca006cd410b03ffc46dd3a58,28.92842527950831,163.4614224,4728.681543980546,0,0.0,0.0,True,train
2025-12-08 22:24:00+00:00,uniswap_v2,0xbb2b8038a1640196fbe3e38816f3e67cba72d940,28.928444753828014,73.37307443,2122.568930066766,0,0.0,0.0,True,train
2025-12-08 22:25:00+00:00,sushiswap_v2,0xceff51756c56ceffca006cd410b03ffc46dd3a58,28.92842527950831,163.4614224,4728.681543980546,0,0.0,0.0,True,train
2025-12-08 22:25:00+00:00,uniswap_v2,0xbb2b8038a1640196fbe3e38816f3e67cba72d940,28.928444753828014,73.37307443,2122.568930066766,0,0.0,0.0,True,train
2025-12-08 22:26:00+00:00,sushiswap_v2,0xceff51756c56ceffca006cd410b03ffc46dd3a58,28.92842527950831,163.4614224,4728.681543980546,0,0.0,0.0,True,train
2025-12-08 22:26:00+00:00,uniswap_v2,0xbb2b8038a1640196fbe3e38816f3e67cba72d940,28.928444753828014,73.37307443,2122.568930066766,0,0.0,0.0,True,train
2025-12-08 22:27:00+00:00,sushiswap_v2,0xceff51756c56ceffca006cd410b03ffc46dd3a58,28.92842527950831,163.4614224,4728.681543980546,0,0.0,0.0,True,train
2025-12-08 22:27:00+00:00,uniswap_v2,0xbb2b8038a1640196fbe3e38816f3e67cba72d940,28.928444753828014,73.37307443,2122.568930066766,0,0.0,0.0,True,train
2025-12-08 22:28:00+00:00,sushiswap_v2,0xceff51756c56ceffca006cd410b03ffc46dd3a58,28.933133909121064,163.44814084,4729.0669461206,1,0.01328156,0.3854021400535011,False,train
2025-12-08 22:28:00+00:00,uniswap_v2,0xbb2b8038a1640196fbe3e38816f3e67cba72d940,28.928444753828014,73.37307443,2122.568930066766,0,0.0,0.0,True,train
2025-12-08 22:29:00+00:00,sushiswap_v2,0xceff51756c56ceffca006cd410b03ffc46dd3a58,28.933133909121064,163.44814084,4729.0669461206,0,0.0,0.0,False,train
2025-12-08 22:29:00+00:00,uniswap_v2,0xbb2b8038a1640196fbe3e38816f3e67cba72d940,28.928444753828014,73.37307443,2122.568930066766,0,0.0,0.0,True,train
2025-12-08 22:30:00+00:00,sushiswap_v2,0xceff51756c56ceffca006cd410b03ffc46dd3a58,28.95348001159046,163.39078814,4730.731918489502,1,0.0573527,1.6649723689030032,False,train
2025-12-08 22:30:00+00:00,uniswap_v2,0xbb2b8038a1640196fbe3e38816f3e67cba72d940,28.953487067951293,73.34138449,2123.4888273768584,1,0.03168994,0.9198973100923644,False,train
2025-12-08 22:31:00+00:00,sushiswap_v2,0xceff51756c56ceffca006cd410b03ffc46dd3a58,28.95348001159046,163.39078814,4730.731918489502,0,0.0,0.0,False,train
2025-12-08 22:31:00+00:00,uniswap_v2,0xbb2b8038a1640196fbe3e38816f3e67cba72d940,28.953487067951293,73.34138449,2123.4888273768584,0,0.0,0.0,False,train
2025-12-08 22:32:00+00:00,sushiswap_v2,0xceff51756c56ceffca006cd410b03ffc46dd3a58,28.95348001159046,163.39078814,4730.731918489502,0,0.0,0.0,False,train
2025-12-08 22:32:00+00:00,uniswap_v2,0xbb2b8038a1640196fbe3e38816f3e67cba72d940,28.953487067951293,73.34138449,2123.4888273768584,0,0.0,0.0,False,train
2025-12-08 22:33:00+00:00,sushiswap_v2,0xceff51756c56ceffca006cd410b03ffc46dd3a58,28.95348001159046,163.39078814,4730.731918489502,0,0.0,0.0,False,train
2025-12-08 22:33:00+00:00,uniswap_v2,0xbb2b8038a1640196fbe3e38816f3e67cba72d940,28.953487067951293,73.34138449,2123.4888273768584,0,0.0,0.0,False,train
2025-12-08 22:34:00+00:00,sushiswap_v2,0xceff51756c56ceffca006cd410b03ffc46dd3a58,28.968061239643085,163.34972292,4731.92477702529,1,0.04106522,1.1928585357867825,False,train
2025-12-08 22:34:00+00:00,uniswap_v2,0xbb2b8038a1640196fbe3e38816f3e67cba72d940,28.968247789913864,73.32272469,2124.030857451555,1,0.0186598,0.5420300746968405,False,train
2025-12-08 22:35:00+00:00,sushiswap_v2,0xceff51756c56ceffca006cd410b03ffc46dd3a58,28.968061239643085,163.34972292,4731.92477702529,0,0.0,0.0,False,train
2025-12-08 22:35:00+00:00,uniswap_v2,0xbb2b8038a1640196fbe3e38816f3e67cba72d940,28.968247789913864,73.32272469,2124.030857451555,0,0.0,0.0,False,train
2025-12-08 22:36:00+00:00,sushiswap_v2,0xceff51756c56ceffca006cd410b03ffc46dd3a58,28.968061239643085,163.34972292,4731.92477702529,0,0.0,0.0,False,train
2025-12-08 22:36:00+00:00,uniswap_v2,0xbb2b8038a1640196fbe3e38816f3e67cba72d940,28.968247789913864,73.32272469,2124.030857451555,0,0.0,0.0,False,train
2025-12-08 22:37:00+00:00,sushiswap_v2,0xceff51756c56ceffca006cd410b03ffc46dd3a58,28.968061239643085,163.34972292,4731.92477702529,0,0.0,0.0,False,train
2025-12-08 22:37:00+00:00,uniswap_v2,0xbb2b8038a1640196fbe3e38816f3e67cba72d940,28.968247789913864,73.32272469,2124.030857451555,0,0.0,0.0,False,train
2025-12-08 22:38:00+00:00,sushiswap_v2,0xceff51756c56ceffca006cd410b03ffc46dd3a58,28.968061239643085,163.34972292,4731.92477702529,0,0.0,0.0,False,train
2025-12-08 22:38:00+00:00,uniswap_v2,0xbb2b8038a1640196fbe3e38816f3e67cba72d940,28.968247789913864,73.32272469,2124.030857451555,0,0.0,0.0,False,train
2025-12-08 22:39:00+00:00,sushiswap_v2,0xceff51756c56ceffca006cd410b03ffc46dd3a58,28.968061239643085,163.34972292,4731.92477702529,0,0.0,0.0,False,train
2025-12-08 22:39:00+00:00,uniswap_v2,0xbb2b8038a1640196fbe3e38816f3e67cba72d940,28.968247789913864,73.32272469,2124.030857451555,0,0.0,0.0,False,train
2025-12-08 22:40:00+00:00,sushiswap_v2,0xceff51756c56ceffca006cd410b03ffc46dd3a58,28.968061239643085,163.34972292,4731.92477702529,0,0.0,0.0,False,train
2025-12-08 22:40:00+00:00,uniswap_v2,0xbb2b8038a1640196fbe3e38816f3e67cba72d940,28.968247789913864,73.32272469,2124.030857451555,0,0.0,0.0,False,train
2025-12-08 22:41:00+00:00,sushiswap_v2,0xceff51756c56ceffca006cd410b03ffc46dd3a58,28.968061239643085,163.34972292,4731.92477702529,0,0.0,0.0,False,train
2025-12-08 22:41:00+00:00,uniswap_v2,0xbb2b8038a1640196fbe3e38816f3e67cba72d940,28.968247789913864,73.32272469,2124.030857451555,0,0.0,0.0,False,train
2025-12-08 22:42:00+00:00,sushiswap_v2,0xceff51756c56ceffca006cd410b03ffc46dd3a58,28.968061239643085,163.34972292,4731.92477702529,0,0.0,0.0,False,train
2025-12-08 22:42:00+00:00,uniswap_v2,0xbb2b8038a1640196fbe3e38816f3e67cba72d940,28.968247789913864,73.32272469,2124.030857451555,0,0.0,0.0,False,train
2025-12-08 22:43:00+00:00,sushiswap_v2,0xceff51756c56ceffca006cd410b03ffc46dd3a58,28.968061239643085,163.34972292,4731.92477702529,0,0.0,0.0,False,train
2025-12-08 22:43:00+00:00,uniswap_v2,0xbb2b8038a1640196fbe3e38816f3e67cba72d940,28.968247789913864,73.32272469,2124.030857451555,0,0.0,0.0,False,train
2025-12-08 22:44:00+00:00,sushiswap_v2,0xceff51756c56ceffca006cd410b03ffc46dd3a58,28.968061239643085,163.34972292,4731.92477702529,0,0.0,0.0,False,train
2025-12-08 22:44:00+00:00,uniswap_v2,0xbb2b8038a1640196fbe3e38816f3e67cba72d940,28.968247789913864,73.32272469,2124.030857451555,0,0.0,0.0,False,train
2025-12-08 22:45:00+00:00,sushiswap_v2,0xceff51756c56ceffca006cd410b03ffc46dd3a58,28.968061239643085,163.34972292,4731.92477702529,0,0.0,0.0,False,train
2025-12-08 22:45:00+00:00,uniswap_v2,0xbb2b8038a1640196fbe3e38816f3e67cba72d940,28.968247789913864,73.32272469,2124.030857451555,0,0.0,0.0,False,train
2025-12-08 22:46:00+00:00,sushiswap_v2,0xceff51756c56ceffca006cd410b03ffc46dd3a58,28.968061239643085,163.34972292,4731.92477702529,0,0.0,0.0,False,train
2025-12-08 22:46:00+00:00,uniswap_v2,0xbb2b8038a1640196fbe3e38816f3e67cba72d940,28.968247789913864,73.32272469,2124.030857451555,0,0.0,0.0,False,train
2025-12-08 22:47:00+00:00,sushiswap_v2,0xceff51756c56ceffca006cd410b03ffc46dd3a58,28.968061239643085,163.34972292,4731.92477702529,0,0.0,0.0,False,train
2025-12-08 22:47:00+00:00,uniswap_v2,0xbb2b8038a1640196fbe3e38816f3e67cba72d940,28.968247789913864,73.32272469,2124.030857451555,0,0.0,0.0,False,train
2025-12-08 22:48:00+00:00,sushiswap_v2,0xceff51756c56ceffca006cd410b03ffc46dd3a58,28.968061239643085,163.34972292,4731.92477702529,0,0.0,0.0,False,train
2025-12-08 22:48:00+00:00,uniswap_v2,0xbb2b8038a1640196fbe3e38816f3e67cba72d940,28.968247789913864,73.32272469,2124.030857451555,0,0.0,0.0,False,train
2025-12-08 22:49:00+00:00,sushiswap_v2,0xceff51756c56ceffca006cd410b03ffc46dd3a58,28.968061239643085,163.34972292,4731.92477702529,0,0.0,0.0,False,train
2025-12-08 22:49:00+00:00,uniswap_v2,0xbb2b8038a1640196fbe3e38816f3e67cba72d940,28.968247789913864,73.32272469,2124.030857451555,0,0.0,0.0,False,train
2025-12-08 22:50:00+00:00,sushiswap_v2,0xceff51756c56ceffca006cd410b03ffc46dd3a58,28.968061239643085,163.34972292,4731.92477702529,0,0.0,0.0,True,train
2025-12-08 22:50:00+00:00,uniswap_v2,0xbb2b8038a1640196fbe3e38816f3e67cba72d940,28.968247789913864,73.32272469,2124.030857451555,0,0.0,0.0,True,train
2025-12-08 22:51:00+00:00,sushiswap_v2,0xceff51756c56ceffca006cd410b03ffc46dd3a58,28.968061239643085,163.34972292,4731.92477702529,0,0.0,0.0,True,train
2025-12-08 22:51:00+00:00,uniswap_v2,0xbb2b8038a1640196fbe3e38816f3e67cba72d940,28.968247789913864,73.32272469,2124.030857451555,0,0.0,0.0,True,train
2025-12-08 22:52:00+00:00,sushiswap_v2,0xceff51756c56ceffca006cd410b03ffc46dd3a58,28.968061239643085,163.34972292,4731.92477702529,0,0.0,0.0,True,train
2025-12-08 22:52:00+00:00,uniswap_v2,0xbb2b8038a1640196fbe3e38816f3e67cba72d940,28.968247789913864,73.32272469,2124.030857451555,0,0.0,0.0,True,train
2025-12-08 22:53:00+00:00,sushiswap_v2,0xceff51756c56ceffca006cd410b03ffc46dd3a58,28.968061239643085,163.34972292,4731.92477702529,0,0.0,0.0,True,train
2025-12-08 22:53:00+00:00,uniswap_v2,0xbb2b8038a1640196fbe3e38816f3e67cba72d940,28.968247789913864,73.32272469,2124.030857451555,0,0.0,0.0,True,train
2025-12-08 22:54:00+00:00,sushiswap_v2,0xceff51756c56ceffca006cd410b03ffc46dd3a58,28.968061239643085,163.34972292,4731.92477702529,0,0.0,0.0,True,train
2025-12-08 22:54:00+00:00,uniswap_v2,0xbb2b8038a1640196fbe3e38816f3e67cba72d940,28.968247789913864,73.32272469,2124.030857451555,0,0.0,0.0,True,train
2025-12-08 22:55:00+00:00,sushiswap_v2,0xceff51756c56ceffca006cd410b03ffc46dd3a58,28.968061239643085,163.34972292,4731.92477702529,0,0.0,0.0,True,train
2025-12-08 22:55:00+00:00,uniswap_v2,0xbb2b8038a1640196fbe3e38816f3e67cba72d940,28.968247789913864,73.32272469,2124.030857451555,0,0.0,0.0,True,train
2025-12-08 22:56:00+00:00,sushiswap_v2,0xceff51756c56ceffca006cd410b03ffc46dd3a58,28.968061239643085,163.34972292,4731.92477702529,0,0.0,0.0,True,train
2025-12-08 22:56:00+00:00,uniswap_v2,0xbb2b8038a1640196fbe3e38816f3e67cba72d940,28.968247789913864,73.32272469,2124.030857451555,0,0.0,0.0,True,train
2025-12-08 22:57:00+00:00,sushiswap_v2,0xceff51756c56ceffca006cd410b03ffc46dd3a58,28.968061239643085,163.34972292,4731.92477702529,0,0.0,0.0,True,train
2025-12-08 22:57:00+00:00,uniswap_v2,0xbb2b8038a1640196fbe3e38816f3e67cba72d940,28.968247789913864,73.32272469,2124.030857451555,0,0.0,0.0,True,train
2025-12-08 22:58:00+00:00,sushiswap_v2,0xceff51756c56ceffca006cd410b03ffc46dd3a58,28.968061239643085,163.34972292,4731.92477702529,0,0.0,0.0,True,train
2025-12-08 22:58:00+00:00,uniswap_v2,0xbb2b8038a1640196fbe3e38816f3e67cba72d940,28.968247789913864,73.32272469,2124.030857451555,0,0.0,0.0,True,train
2025-12-08 22:59:00+00:00,sushiswap_v2,0xceff51756c56ceffca006cd410b03ffc46dd3a58,28.968061239643085,163.34972292,4731.92477702529,0,0.0,0.0,True,train
2025-12-08 22:59:00+00:00,uniswap_v2,0xbb2b8038a1640196fbe3e38816f3e67cba72d940,28.968247789913864,73.32272469,2124.030857451555,0,0.0,0.0,True,train
2025-12-08 23:00:00+00:00,sushiswap_v2,0xceff51756c56ceffca006cd410b03ffc46dd3a58,28.968061239643085,163.34972292,4731.92477702529,0,0.0,0.0,True,train
2025-12-08 23:00:00+00:00,uniswap_v2,0xbb2b8038a1640196fbe3e38816f3e67cba72d940,28.968247789913864,73.32272469,2124.030857451555,0,0.0,0.0,True,train
2025-12-08 23:01:00+00:00,sushiswap_v2,0xceff51756c56ceffca006cd410b03ffc46dd3a58,28.968061239643085,163.34972292,4731.92477702529,0,0.0,0.0,True,train
2025-12-08 23:01:00+00:00,uniswap_v2,0xbb2b8038a1640196fbe3e38816f3e67cba72d940,28.968247789913864,73.32272469,2124.030857451555,0,0.0,0.0,True,train
2025-12-08 23:02:00+00:00,sushiswap_v2,0xceff51756c56ceffca006cd410b03ffc46dd3a58,28.968061239643085,163.34972292,4731.92477702529,0,0.0,0.0,True,train
2025-12-08 23:02:00+00:00,uniswap_v2,0xbb2b8038a1640196fbe3e38816f3e67cba72d940,28.968247789913864,73.32272469,2124.030857451555,0,0.0,0.0,True,train
2025-12-08 23:03:00+00:00,sushiswap_v2,0xceff51756c56ceffca006cd410b03ffc46dd3a58,28.968061239643085,163.34972292,4731.92477702529,0,0.0,0.0,True,train
2025-12-08 23:03:00+00:00,uniswap_v2,0xbb2b8038a1640196fbe3e38816f3e67cba72d940,28.968247789913864,73.32272469,2124.030857451555,0,0.0,0.0,True,train
2025-12-08 23:04:00+00:00,sushiswap_v2,0xceff51756c56ceffca006cd410b03ffc46dd3a58,28.968061239643085,163.34972292,4731.92477702529,0,0.0,0.0,True,train
2025-12-08 23:04:00+00:00,uniswap_v2,0xbb2b8038a1640196fbe3e38816f3e67cba72d940,28.968247789913864,73.32272469,2124.030857451555,0,0.0,0.0,True,train
2025-12-08 23:05:00+00:00,sushiswap_v2,0xceff51756c56ceffca006cd410b03ffc46dd3a58,28.968061239643085,163.34972292,4731.92477702529,0,0.0,0.0,True,train
2025-12-08 23:05:00+00:00,uniswap_v2,0xbb2b8038a1640196fbe3e38816f3e67cba72d940,28.968247789913864,73.32272469,2124.030857451555,0,0.0,0.0,True,train
2025-12-08 23:06:00+00:00,sushiswap_v2,0xceff51756c56ceffca006cd410b03ffc46dd3a58,28.968061239643085,163.34972292,4731.92477702529,0,0.0,0.0,True,train
2025-12-08 23:06:00+00:00,uniswap_v2,0xbb2b8038a1640196fbe3e38816f3e67cba72d940,28.968247789913864,73.32272469,2124.030857451555,0,0.0,0.0,True,train
2025-12-08 23:07:00+00:00,sushiswap_v2,0xceff51756c56ceffca006cd410b03ffc46dd3a58,28.968061239643085,163.34972292,4731.92477702529,0,0.0,0.0,True,train
2025-12-08 23:07:00+00:00,uniswap_v2,0xbb2b8038a1640196fbe3e38816f3e67cba72d940,28.968247789913864,73.32272469,2124.030857451555,0,0.0,0.0,True,train
2025-12-08 23:08:00+00:00,sushiswap_v2,0xceff51756c56ceffca006cd410b03ffc46dd3a58,28.968061239643085,163.34972292,4731.92477702529,0,0.0,0.0,True,train
2025-12-08 23:08:00+00:00,uniswap_v2,0xbb2b8038a1640196fbe3e38816f3e67cba72d940,28.968247789913864,73.32272469,2124.030857451555,0,0.0,0.0,True,train
2025-12-08 23:09:00+00:00,sushiswap_v2,0xceff51756c56ceffca006cd410b03ffc46dd3a58,28.968061239643085,163.34972292,4731.92477702529,0,0.0,0.0,True,train
2025-12-08 23:09:00+00:00,uniswap_v2,0xbb2b8038a1640196fbe3e38816f3e67cba72d940,28.968247789913864,73.32272469,2124.030857451555,0,0.0,0.0,True,train
2025-12-08 23:10:00+00:00,sushiswap_v2,0xceff51756c56ceffca006cd410b03ffc46dd3a58,28.968061239643085,163.34972292,4731.92477702529,0,0.0,0.0,True,train
2025-12-08 23:10:00+00:00,uniswap_v2,0xbb2b8038a1640196fbe3e38816f3e67cba72d940,28.968247789913864,73.32272469,2124.030857451555,0,0.0,0.0,True,train
2025-12-08 23:11:00+00:00,sushiswap_v2,0xceff51756c56ceffca006cd410b03ffc46dd3a58,28.968061239643085,163.34972292,4731.92477702529,0,0.0,0.0,True,train
2025-12-08 23:11:00+00:00,uniswap_v2,0xbb2b8038a1640196fbe3e38816f3e67cba72d940,28.968247789913864,73.32272469,2124.030857451555,0,0.0,0.0,True,train
2025-12-08 23:12:00+00:00,sushiswap_v2,0xceff51756c56ceffca006cd410b03ffc46dd3a58,28.968061239643085,163.34972292,4731.92477702529,0,0.0,0.0,True,train
2025-12-08 23:12:00+00:00,uniswap_v2,0xbb2b8038a1640196fbe3e38816f3e67cba72d940,28.968247789913864,73.32272469,2124.030857451555,0,0.0,0.0,True,train
2025-12-08 23:13:00+00:00,sushiswap_v2,0xceff51756c56ceffca006cd410b03ffc46dd3a58,28.968061239643085,163.34972292,4731.92477702529,0,0.0,0.0,True,train
2025-12-08 23:13:00+00:00,uniswap_v2,0xbb2b8038a1640196fbe3e38816f3e67cba72d940,28.968247789913864,73.32272469,2124.030857451555,0,0.0,0.0,True,train
2025-12-08 23:14:00+00:00,sushiswap_v2,0xceff51756c56ceffca006cd410b03ffc46dd3a58,28.968061239643085,163.34972292,4731.92477702529,0,0.0,0.0,True,train
2025-12-08 23:14:00+00:00,uniswap_v2,0xbb2b8038a1640196fbe3e38816f3e67cba72d940,28.968247789913864,73.32272469,2124.030857451555,0,0.0,0.0,True,train
2025-12-08 23:15:00+00:00,sushiswap_v2,0xceff51756c56ceffca006cd410b03ffc46dd3a58,28.968061239643085,163.34972292,4731.92477702529,0,0.0,0.0,True,train
2025-12-08 23:15:00+00:00,uniswap_v2,0xbb2b8038a1640196fbe3e38816f3e67cba72d940,28.968247789913864,73.32272469,2124.030857451555,0,0.0,0.0,True,train
2025-12-08 23:16:00+00:00,sushiswap_v2,0xceff51756c56ceffca006cd410b03ffc46dd3a58,28.968061239643085,163.34972292,4731.92477702529,0,0.0,0.0,True,train
2025-12-08 23:16:00+00:00,uniswap_v2,0xbb2b8038a1640196fbe3e38816f3e67cba72d940,28.968247789913864,73.32272469,2124.030857451555,0,0.0,0.0,True,train
2025-12-08 23:17:00+00:00,sushiswap_v2,0xceff51756c56ceffca006cd410b03ffc46dd3a58,28.968061239643085,163.34972292,4731.92477702529,0,0.0,0.0,True,train
2025-12-08 23:17:00+00:00,uniswap_v2,0xbb2b8038a1640196fbe3e38816f3e67cba72d940,28.968247789913864,73.32272469,2124.030857451555,0,0.0,0.0,True,train
2025-12-08 23:18:00+00:00,sushiswap_v2,0xceff51756c56ceffca006cd410b03ffc46dd3a58,28.968061239643085,163.34972292,4731.92477702529,0,0.0,0.0,True,train
2025-12-08 23:18:00+00:00,uniswap_v2,0xbb2b8038a1640196fbe3e38816f3e67cba72d940,28.968247789913864,73.32272469,2124.030857451555,0,0.0,0.0,True,train
2025-12-08 23:19:00+00:00,sushiswap_v2,0xceff51756c56ceffca006cd410b03ffc46dd3a58,28.968061239643085,163.34972292,4731.92477702529,0,0.0,0.0,True,train
2025-12-08 23:19:00+00:00,uniswap_v2,0xbb2b8038a1640196fbe3e38816f3e67cba72d940,28.968247789913864,73.32272469,2124.030857451555,0,0.0,0.0,True,train
2025-12-08 23:20:00+00:00,sushiswap_v2,0xceff51756c56ceffca006cd410b03ffc46dd3a58,28.968061239643085,163.34972292,4731.92477702529,0,0.0,0.0,True,train
2025-12-08 23:20:00+00:00,uniswap_v2,0xbb2b8038a1640196fbe3e38816f3e67cba72d940,28.968247789913864,73.32272469,2124.030857451555,0,0.0,0.0,True,train
2025-12-08 23:21:00+00:00,sushiswap_v2,0xceff51756c56ceffca006cd410b03ffc46dd3a58,28.968061239643085,163.34972292,4731.92477702529,0,0.0,0.0,True,train
2025-12-08 23:21:00+00:00,uniswap_v2,0xbb2b8038a1640196fbe3e38816f3e67cba72d940,28.968247789913864,73.32272469,2124.030857451555,0,0.0,0.0,True,train
2025-12-08 23:22:00+00:00,sushiswap_v2,0xceff51756c56ceffca006cd410b03ffc46dd3a58,28.968061239643085,163.34972292,4731.92477702529,0,0.0,0.0,True,train
2025-12-08 23:22:00+00:00,uniswap_v2,0xbb2b8038a1640196fbe3e38816f3e67cba72d940,28.968247789913864,73.32272469,2124.030857451555,0,0.0,0.0,True,train
2025-12-08 23:23:00+00:00,sushiswap_v2,0xceff51756c56ceffca006cd410b03ffc46dd3a58,28.968061239643085,163.34972292,4731.92477702529,0,0.0,0.0,True,train
2025-12-08 23:23:00+00:00,uniswap_v2,0xbb2b8038a1640196fbe3e38816f3e67cba72d940,28.968247789913864,73.32272469,2124.030857451555,0,0.0,0.0,True,train
2025-12-08 23:24:00+00:00,sushiswap_v2,0xceff51756c56ceffca006cd410b03ffc46dd3a58,28.968061239643085,163.34972292,4731.92477702529,0,0.0,0.0,True,train
2025-12-08 23:24:00+00:00,uniswap_v2,0xbb2b8038a1640196fbe3e38816f3e67cba72d940,28.968247789913864,73.32272469,2124.030857451555,0,0.0,0.0,True,train
2025-12-08 23:25:00+00:00,sushiswap_v2,0xceff51756c56ceffca006cd410b03ffc46dd3a58,28.968061239643085,163.34972292,4731.92477702529,0,0.0,0.0,True,train
2025-12-08 23:25:00+00:00,uniswap_v2,0xbb2b8038a1640196fbe3e38816f3e67cba72d940,28.968247789913864,73.32272469,2124.030857451555,0,0.0,0.0,True,train
2025-12-08 23:26:00+00:00,sushiswap_v2,0xceff51756c56ceffca006cd410b03ffc46dd3a58,28.968061239643085,163.34972292,4731.92477702529,0,0.0,0.0,True,train
2025-12-08 23:26:00+00:00,uniswap_v2,0xbb2b8038a1640196fbe3e38816f3e67cba72d940,28.968247789913864,73.32272469,2124.030857451555,0,0.0,0.0,True,train
2025-12-08 23:27:00+00:00,sushiswap_v2,0xceff51756c56ceffca006cd410b03ffc46dd3a58,28.968061239643085,163.34972292,4731.92477702529,0,0.0,0.0,True,train
2025-12-08 23:27:00+00:00,uniswap_v2,0xbb2b8038a1640196fbe3e38816f3e67cba72d940,28.968247789913864,73.32272469,2124.030857451555,0,0.0,0.0,True,train
2025-12-08 23:28:00+00:00,sushiswap_v2,0xceff51756c56ceffca006cd410b03ffc46dd3a58,28.968061239643085,163.34972292,4731.92477702529,0,0.0,0.0,True,train
2025-12-08 23:28:00+00:00,uniswap_v2,0xbb2b8038a1640196fbe3e38816f3e67cba72d940,28.968247789913864,73.32272469,2124.030857451555,0,0.0,0.0,True,train
2025-12-08 23:29:00+00:00,sushiswap_v2,0xceff51756c56ceffca006cd410b03ffc46dd3a58,28.968061239643085,163.34972292,4731.92477702529,0,0.0,0.0,True,train
2025-12-08 23:29:00+00:00,uniswap_v2,0xbb2b8038a1640196fbe3e38816f3e67cba72d940,28.968247789913864,73.32272469,2124.030857451555,0,0.0,0.0,True,train
2025-12-08 23:30:00+00:00,sushiswap_v2,0xceff51756c56ceffca006cd410b03ffc46dd3a58,28.968061239643085,163.34972292,4731.92477702529,0,0.0,0.0,True,train
2025-12-08 23:30:00+00:00,uniswap_v2,0xbb2b8038a1640196fbe3e38816f3e67cba72d940,28.968247789913864,73.32272469,2124.030857451555,0,0.0,0.0,True,train
2025-12-08 23:31:00+00:00,sushiswap_v2,0xceff51756c56ceffca006cd410b03ffc46dd3a58,28.968061239643085,163.34972292,4731.92477702529,0,0.0,0.0,True,train
2025-12-08 23:31:00+00:00,uniswap_v2,0xbb2b8038a1640196fbe3e38816f3e67cba72d940,28.968247789913864,73.32272469,2124.030857451555,0,0.0,0.0,True,train
2025-12-08 23:32:00+00:00,sushiswap_v2,0xceff51756c56ceffca006cd410b03ffc46dd3a58,28.968061239643085,163.34972292,4731.92477702529,0,0.0,0.0,True,train
2025-12-08 23:32:00+00:00,uniswap_v2,0xbb2b8038a1640196fbe3e38816f3e67cba72d940,28.968247789913864,73.32272469,2124.030857451555,0,0.0,0.0,True,train
2025-12-08 23:33:00+00:00,sushiswap_v2,0xceff51756c56ceffca006cd410b03ffc46dd3a58,28.968061239643085,163.34972292,4731.92477702529,0,0.0,0.0,True,train
2025-12-08 23:33:00+00:00,uniswap_v2,0xbb2b8038a1640196fbe3e38816f3e67cba72d940,28.968247789913864,73.32272469,2124.030857451555,0,0.0,0.0,True,train
2025-12-08 23:34:00+00:00,sushiswap_v2,0xceff51756c56ceffca006cd410b03ffc46dd3a58,28.968061239643085,163.34972292,4731.92477702529,0,0.0,0.0,True,train
2025-12-08 23:34:00+00:00,uniswap_v2,0xbb2b8038a1640196fbe3e38816f3e67cba72d940,28.968247789913864,73.32272469,2124.030857451555,0,0.0,0.0,True,train
2025-12-08 23:35:00+00:00,sushiswap_v2,0xceff51756c56ceffca006cd410b03ffc46dd3a58,28.968061239643085,163.34972292,4731.92477702529,0,0.0,0.0,True,train
2025-12-08 23:35:00+00:00,uniswap_v2,0xbb2b8038a1640196fbe3e38816f3e67cba72d940,28.968247789913864,73.32272469,2124.030857451555,0,0.0,0.0,True,train
2025-12-08 23:36:00+00:00,sushiswap_v2,0xceff51756c56ceffca006cd410b03ffc46dd3a58,28.968061239643085,163.34972292,4731.92477702529,0,0.0,0.0,True,train
2025-12-08 23:36:00+00:00,uniswap_v2,0xbb2b8038a1640196fbe3e38816f3e67cba72d940,28.968247789913864,73.32272469,2124.030857451555,0,0.0,0.0,True,train
2025-12-08 23:37:00+00:00,sushiswap_v2,0xceff51756c56ceffca006cd410b03ffc46dd3a58,28.968061239643085,163.34972292,4731.92477702529,0,0.0,0.0,True,train
2025-12-08 23:37:00+00:00,uniswap_v2,0xbb2b8038a1640196fbe3e38816f3e67cba72d940,28.968247789913864,73.32272469,2124.030857451555,0,0.0,0.0,True,train
2025-12-08 23:38:00+00:00,sushiswap_v2,0xceff51756c56ceffca006cd410b03ffc46dd3a58,28.968061239643085,163.34972292,4731.92477702529,0,0.0,0.0,True,train
2025-12-08 23:38:00+00:00,uniswap_v2,0xbb2b8038a1640196fbe3e38816f3e67cba72d940,28.968247789913864,73.32272469,2124.030857451555,0,0.0,0.0,True,train
2025-12-08 23:39:00+00:00,sushiswap_v2,0xceff51756c56ceffca006cd410b03ffc46dd3a58,28.968061239643085,163.34972292,4731.92477702529,0,0.0,0.0,True,train
2025-12-08 23:39:00+00:00,uniswap_v2,0xbb2b8038a1640196fbe3e38816f3e67cba72d940,28.968247789913864,73.32272469,2124.030857451555,0,0.0,0.0,True,train
2025-12-08 23:40:00+00:00,sushiswap_v2,0xceff51756c56ceffca006cd410b03ffc46dd3a58,28.968061239643085,163.34972292,4731.92477702529,0,0.0,0.0,True,train
2025-12-08 23:40:00+00:00,uniswap_v2,0xbb2b8038a1640196fbe3e38816f3e67cba72d940,28.968247789913864,73.32272469,2124.030857451555,0,0.0,0.0,True,train
2025-12-08 23:41:00+00:00,sushiswap_v2,0xceff51756c56ceffca006cd410b03ffc46dd3a58,28.968061239643085,163.34972292,4731.92477702529,0,0.0,0.0,True,train
2025-12-08 23:41:00+00:00,uniswap_v2,0xbb2b8038a1640196fbe3e38816f3e67cba72d940,28.968247789913864,73.32272469,2124.030857451555,0,0.0,0.0,True,train
2025-12-08 23:42:00+00:00,sushiswap_v2,0xceff51756c56ceffca006cd410b03ffc46dd3a58,28.968061239643085,163.34972292,4731.92477702529,0,0.0,0.0,True,train
2025-12-08 23:42:00+00:00,uniswap_v2,0xbb2b8038a1640196fbe3e38816f3e67cba72d940,28.968247789913864,73.32272469,2124.030857451555,0,0.0,0.0,True,train
2025-12-08 23:43:00+00:00,sushiswap_v2,0xceff51756c56ceffca006cd410b03ffc46dd3a58,28.968061239643085,163.34972292,4731.92477702529,0,0.0,0.0,True,train
2025-12-08 23:43:00+00:00,uniswap_v2,0xbb2b8038a1640196fbe3e38816f3e67cba72d940,28.968247789913864,73.32272469,2124.030857451555,0,0.0,0.0,True,train
2025-12-08 23:44:00+00:00,sushiswap_v2,0xceff51756c56ceffca006cd410b03ffc46dd3a58,28.968061239643085,163.34972292,4731.92477702529,0,0.0,0.0,True,train
2025-12-08 23:44:00+00:00,uniswap_v2,0xbb2b8038a1640196fbe3e38816f3e67cba72d940,28.968247789913864,73.32272469,2124.030857451555,0,0.0,0.0,True,train
2025-12-08 23:45:00+00:00,sushiswap_v2,0xceff51756c56ceffca006cd410b03ffc46dd3a58,28.968061239643085,163.34972292,4731.92477702529,0,0.0,0.0,True,train
2025-12-08 23:45:00+00:00,uniswap_v2,0xbb2b8038a1640196fbe3e38816f3e67cba72d940,28.968247789913864,73.32272469,2124.030857451555,0,0.0,0.0,True,train
2025-12-08 23:46:00+00:00,sushiswap_v2,0xceff51756c56ceffca006cd410b03ffc46dd3a58,28.968061239643085,163.34972292,4731.92477702529,0,0.0,0.0,True,train
2025-12-08 23:46:00+00:00,uniswap_v2,0xbb2b8038a1640196fbe3e38816f3e67cba72d940,28.968247789913864,73.32272469,2124.030857451555,0,0.0,0.0,True,train
2025-12-08 23:47:00+00:00,sushiswap_v2,0xceff51756c56ceffca006cd410b03ffc46dd3a58,28.968061239643085,163.34972292,4731.92477702529,0,0.0,0.0,True,train
2025-12-08 23:47:00+00:00,uniswap_v2,0xbb2b8038a1640196fbe3e38816f3e67cba72d940,28.968247789913864,73.32272469,2124.030857451555,0,0.0,0.0,True,train
2025-12-08 23:48:00+00:00,sushiswap_v2,0xceff51756c56ceffca006cd410b03ffc46dd3a58,28.968061239643085,163.34972292,4731.92477702529,0,0.0,0.0,True,train
2025-12-08 23:48:00+00:00,uniswap_v2,0xbb2b8038a1640196fbe3e38816f3e67cba72d940,28.968247789913864,73.32272469,2124.030857451555,0,0.0,0.0,True,train
2025-12-08 23:49:00+00:00,sushiswap_v2,0xceff51756c56ceffca006cd410b03ffc46dd3a58,28.968061239643085,163.34972292,4731.92477702529,0,0.0,0.0,True,train
2025-12-08 23:49:00+00:00,uniswap_v2,0xbb2b8038a1640196fbe3e38816f3e67cba72d940,28.968247789913864,73.32272469,2124.030857451555,0,0.0,0.0,True,train
2025-12-08 23:50:00+00:00,sushiswap_v2,0xceff51756c56ceffca006cd410b03ffc46dd3a58,28.968061239643085,163.34972292,4731.92477702529,0,0.0,0.0,True,train
2025-12-08 23:50:00+00:00,uniswap_v2,0xbb2b8038a1640196fbe3e38816f3e67cba72d940,28.968247789913864,73.32272469,2124.030857451555,0,0.0,0.0,True,train
2025-12-08 23:51:00+00:00,sushiswap_v2,0xceff51756c56ceffca006cd410b03ffc46dd3a58,28.968061239643085,163.34972292,4731.92477702529,0,0.0,0.0,True,train
2025-12-08 23:51:00+00:00,uniswap_v2,0xbb2b8038a1640196fbe3e38816f3e67cba72d940,28.968247789913864,73.32272469,2124.030857451555,0,0.0,0.0,True,train
2025-12-08 23:52:00+00:00,sushiswap_v2,0xceff51756c56ceffca006cd410b03ffc46dd3a58,28.968061239643085,163.34972292,4731.92477702529,0,0.0,0.0,True,train
2025-12-08 23:52:00+00:00,uniswap_v2,0xbb2b8038a1640196fbe3e38816f3e67cba72d940,28.968247789913864,73.32272469,2124.030857451555,0,0.0,0.0,True,train
2025-12-08 23:53:00+00:00,sushiswap_v2,0xceff51756c56ceffca006cd410b03ffc46dd3a58,28.968061239643085,163.34972292,4731.92477702529,0,0.0,0.0,True,train
2025-12-08 23:53:00+00:00,uniswap_v2,0xbb2b8038a1640196fbe3e38816f3e67cba72d940,28.968247789913864,73.32272469,2124.030857451555,0,0.0,0.0,True,train
2025-12-08 23:54:00+00:00,sushiswap_v2,0xceff51756c56ceffca006cd410b03ffc46dd3a58,28.968061239643085,163.34972292,4731.92477702529,0,0.0,0.0,True,train
2025-12-08 23:54:00+00:00,uniswap_v2,0xbb2b8038a1640196fbe3e38816f3e67cba72d940,28.968247789913864,73.32272469,2124.030857451555,0,0.0,0.0,True,train
2025-12-08 23:55:00+00:00,sushiswap_v2,0xceff51756c56ceffca006cd410b03ffc46dd3a58,28.968061239643085,163.34972292,4731.92477702529,0,0.0,0.0,True,train
2025-12-08 23:55:00+00:00,uniswap_v2,0xbb2b8038a1640196fbe3e38816f3e67cba72d940,28.968247789913864,73.32272469,2124.030857451555,0,0.0,0.0,True,train
2025-12-08 23:56:00+00:00,sushiswap_v2,0xceff51756c56ceffca006cd410b03ffc46dd3a58,28.968061239643085,163.34972292,4731.92477702529,0,0.0,0.0,True,train
2025-12-08 23:56:00+00:00,uniswap_v2,0xbb2b8038a1640196fbe3e38816f3e67cba72d940,28.968247789913864,73.32272469,2124.030857451555,0,0.0,0.0,True,train
2025-12-08 23:57:00+00:00,sushiswap_v2,0xceff51756c56ceffca006cd410b03ffc46dd3a58,28.968061239643085,163.34972292,4731.92477702529,0,0.0,0.0,True,train
2025-12-08 23:57:00+00:00,uniswap_v2,0xbb2b8038a1640196fbe3e38816f3e67cba72d940,28.968247789913864,73.32272469,2124.030857451555,0,0.0,0.0,True,train
2025-12-08 23:58:00+00:00,sushiswap_v2,0xceff51756c56ceffca006cd410b03ffc46dd3a58,28.968061239643085,163.34972292,4731.92477702529,0,0.0,0.0,True,train
2025-12-08 23:58:00+00:00,uniswap_v2,0xbb2b8038a1640196fbe3e38816f3e67cba72d940,28.968247789913864,73.32272469,2124.030857451555,0,0.0,0.0,True,train
2025-12-08 23:59:00+00:00,sushiswap_v2,0xceff51756c56ceffca006cd410b03ffc46dd3a58,28.968061239643085,163.34972292,4731.92477702529,0,0.0,0.0,True,train
2025-12-08 23:59:00+00:00,uniswap_v2,0xbb2b8038a1640196fbe3e38816f3e67cba72d940,28.968247789913864,73.32272469,2124.030857451555,0,0.0,0.0,True,train
2025-12-09 00:00:00+00:00,sushiswap_v2,0xceff51756c56ceffca006cd410b03ffc46dd3a58,28.968061239643085,163.34972292,4731.92477702529,0,0.0,0.0,True,train
2025-12-09 00:00:00+00:00,uniswap_v2,0xbb2b8038a1640196fbe3e38816f3e67cba72d940,28.968247789913864,73.32272469,2124.030857451555,0,0.0,0.0,True,train
2025-12-09 00:01:00+00:00,sushiswap_v2,0xceff51756c56ceffca006cd410b03ffc46dd3a58,28.968061239643085,163.34972292,4731.92477702529,0,0.0,0.0,True,train
2025-12-09 00:01:00+00:00,uniswap_v2,0xbb2b8038a1640196fbe3e38816f3e67cba72d940,28.968247789913864,73.32272469,2124.030857451555,0,0.0,0.0,True,train
2025-12-09 00:02:00+00:00,sushiswap_v2,0xceff51756c56ceffca006cd410b03ffc46dd3a58,28.968061239643085,163.34972292,4731.92477702529,0,0.0,0.0,True,train
2025-12-09 00:02:00+00:00,uniswap_v2,0xbb2b8038a1640196fbe3e38816f3e67cba72d940,28.968247789913864,73.32272469,2124.030857451555,0,0.0,0.0,True,train
2025-12-09 00:03:00+00:00,sushiswap_v2,0xceff51756c56ceffca006cd410b03ffc46dd3a58,28.968061239643085,163.34972292,4731.92477702529,0,0.0,0.0,True,train
2025-12-09 00:03:00+00:00,uniswap_v2,0xbb2b8038a1640196fbe3e38816f3e67cba72d940,28.96824778634568,73.3227247,2124.0308574796086,0,0.0,0.0,False,train
2025-12-09 00:04:00+00:00,sushiswap_v2,0xceff51756c56ceffca006cd410b03ffc46dd3a58,28.968061239643085,163.34972292,4731.92477702529,0,0.0,0.0,True,train
2025-12-09 00:04:00+00:00,uniswap_v2,0xbb2b8038a1640196fbe3e38816f3e67cba72d940,28.96824778634568,73.3227247,2124.0308574796086,0,0.0,0.0,False,train
2025-12-09 00:05:00+00:00,sushiswap_v2,0xceff51756c56ceffca006cd410b03ffc46dd3a58,28.968061239643085,163.34972292,4731.92477702529,0,0.0,0.0,True,train
2025-12-09 00:05:00+00:00,uniswap_v2,0xbb2b8038a1640196fbe3e38816f3e67cba72d940,28.96824778634568,73.3227247,2124.0308574796086,0,0.0,0.0,False,train
2025-12-09 00:06:00+00:00,sushiswap_v2,0xceff51756c56ceffca006cd410b03ffc46dd3a58,28.968061239643085,163.34972292,4731.92477702529,0,0.0,0.0,True,train
2025-12-09 00:06:00+00:00,uniswap_v2,0xbb2b8038a1640196fbe3e38816f3e67cba72d940,28.96824778634568,73.3227247,2124.0308574796086,0,0.0,0.0,False,train
2025-12-09 00:07:00+00:00,sushiswap_v2,0xceff51756c56ceffca006cd410b03ffc46dd3a58,28.968061239643085,163.34972292,4731.92477702529,0,0.0,0.0,True,train
2025-12-09 00:07:00+00:00,uniswap_v2,0xbb2b8038a1640196fbe3e38816f3e67cba72d940,28.96824778634568,73.3227247,2124.0308574796086,0,0.0,0.0,False,train
2025-12-09 00:08:00+00:00,sushiswap_v2,0xceff51756c56ceffca006cd410b03ffc46dd3a58,28.968061239643085,163.34972292,4731.92477702529,0,0.0,0.0,True,train
2025-12-09 00:08:00+00:00,uniswap_v2,0xbb2b8038a1640196fbe3e38816f3e67cba72d940,28.96824778634568,73.3227247,2124.0308574796086,0,0.0,0.0,False,train
2025-12-09 00:09:00+00:00,sushiswap_v2,0xceff51756c56ceffca006cd410b03ffc46dd3a58,28.968061239643085,163.34972292,4731.92477702529,0,0.0,0.0,True,train
2025-12-09 00:09:00+00:00,uniswap_v2,0xbb2b8038a1640196fbe3e38816f3e67cba72d940,28.96824778634568,73.3227247,2124.0308574796086,0,0.0,0.0,False,train
2025-12-09 00:10:00+00:00,sushiswap_v2,0xceff51756c56ceffca006cd410b03ffc46dd3a58,28.968061239643085,163.34972292,4731.92477702529,0,0.0,0.0,True,train
2025-12-09 00:10:00+00:00,uniswap_v2,0xbb2b8038a1640196fbe3e38816f3e67cba72d940,28.96824778634568,73.3227247,2124.0308574796086,0,0.0,0.0,False,train
2025-12-09 00:11:00+00:00,sushiswap_v2,0xceff51756c56ceffca006cd410b03ffc46dd3a58,28.968061239643085,163.34972292,4731.92477702529,0,0.0,0.0,True,train
2025-12-09 00:11:00+00:00,uniswap_v2,0xbb2b8038a1640196fbe3e38816f3e67cba72d940,28.96824778634568,73.3227247,2124.0308574796086,0,0.0,0.0,False,train
2025-12-09 00:12:00+00:00,sushiswap_v2,0xceff51756c56ceffca006cd410b03ffc46dd3a58,28.968061239643085,163.34972292,4731.92477702529,0,0.0,0.0,True,train
2025-12-09 00:12:00+00:00,uniswap_v2,0xbb2b8038a1640196fbe3e38816f3e67cba72d940,28.96824778634568,73.3227247,2124.0308574796086,0,0.0,0.0,False,train
2025-12-09 00:13:00+00:00,sushiswap_v2,0xceff51756c56ceffca006cd410b03ffc46dd3a58,28.968061239643085,163.34972292,4731.92477702529,0,0.0,0.0,True,train
2025-12-09 00:13:00+00:00,uniswap_v2,0xbb2b8038a1640196fbe3e38816f3e67cba72d940,28.96824778634568,73.3227247,2124.0308574796086,0,0.0,0.0,False,train
2025-12-09 00:14:00+00:00,sushiswap_v2,0xceff51756c56ceffca006cd410b03ffc46dd3a58,28.968061239643085,163.34972292,4731.92477702529,0,0.0,0.0,True,train
2025-12-09 00:14:00+00:00,uniswap_v2,0xbb2b8038a1640196fbe3e38816f3e67cba72d940,28.96824778634568,73.3227247,2124.0308574796086,0,0.0,0.0,False,train
2025-12-09 00:15:00+00:00,sushiswap_v2,0xceff51756c56ceffca006cd410b03ffc46dd3a58,28.968061239643085,163.34972292,4731.92477702529,0,0.0,0.0,True,train
2025-12-09 00:15:00+00:00,uniswap_v2,0xbb2b8038a1640196fbe3e38816f3e67cba72d940,28.96824778634568,73.3227247,2124.0308574796086,0,0.0,0.0,False,train
2025-12-09 00:16:00+00:00,sushiswap_v2,0xceff51756c56ceffca006cd410b03ffc46dd3a58,28.968061239643085,163.34972292,4731.92477702529,0,0.0,0.0,True,train
2025-12-09 00:16:00+00:00,uniswap_v2,0xbb2b8038a1640196fbe3e38816f3e67cba72d940,28.96824778634568,73.3227247,2124.0308574796086,0,0.0,0.0,False,train
2025-12-09 00:17:00+00:00,sushiswap_v2,0xceff51756c56ceffca006cd410b03ffc46dd3a58,28.968061239643085,163.34972292,4731.92477702529,0,0.0,0.0,True,train
2025-12-09 00:17:00+00:00,uniswap_v2,0xbb2b8038a1640196fbe3e38816f3e67cba72d940,28.96824778634568,73.3227247,2124.0308574796086,0,0.0,0.0,False,train
2025-12-09 00:18:00+00:00,sushiswap_v2,0xceff51756c56ceffca006cd410b03ffc46dd3a58,28.968061239643085,163.34972292,4731.92477702529,0,0.0,0.0,True,train
2025-12-09 00:18:00+00:00,uniswap_v2,0xbb2b8038a1640196fbe3e38816f3e67cba72d940,28.96824778634568,73.3227247,2124.0308574796086,0,0.0,0.0,False,train
2025-12-09 00:19:00+00:00,sushiswap_v2,0xceff51756c56ceffca006cd410b03ffc46dd3a58,28.959967240444335,163.37258286,4731.264647612377,1,0.02285994,0.6601294129127162,False,train
2025-12-09 00:19:00+00:00,uniswap_v2,0xbb2b8038a1640196fbe3e38816f3e67cba72d940,28.955404995218007,73.33900799,2123.5606782979794,1,0.01628329,0.4701791816289492,False,train
2025-12-09 00:20:00+00:00,sushiswap_v2,0xceff51756c56ceffca006cd410b03ffc46dd3a58,28.951665382503162,163.39603982,4730.587469694802,1,0.02345696,0.6771779175749317,False,train
2025-12-09 00:20:00+00:00,uniswap_v2,0xbb2b8038a1640196fbe3e38816f3e67cba72d940,28.955404995218007,73.33900799,2123.5606782979794,0,0.0,0.0,False,train
2025-12-09 00:21:00+00:00,sushiswap_v2,0xceff51756c56ceffca006cd410b03ffc46dd3a58,28.942218039072134,163.42274564,4729.816736856705,1,0.02670582,0.7707328380968841,False,train
2025-12-09 00:21:00+00:00,uniswap_v2,0xbb2b8038a1640196fbe3e38816f3e67cba72d940,28.942211685937522,73.35574699,2123.077557764654,1,0.016739,0.4831205333256687,False,train
2025-12-09 00:22:00+00:00,sushiswap_v2,0xceff51756c56ceffca006cd410b03ffc46dd3a58,28.942218039072134,163.42274564,4729.816736856705,0,0.0,0.0,False,train
2025-12-09 00:22:00+00:00,uniswap_v2,0xbb2b8038a1640196fbe3e38816f3e67cba72d940,28.942211685937522,73.35574699,2123.077557764654,0,0.0,0.0,False,train
2025-12-09 00:23:00+00:00,sushiswap_v2,0xceff51756c56ceffca006cd410b03ffc46dd3a58,28.942218039072134,163.42274564,4729.816736856705,0,0.0,0.0,False,train
2025-12-09 00:23:00+00:00,uniswap_v2,0xbb2b8038a1640196fbe3e38816f3e67cba72d940,28.942211685937522,73.35574699,2123.077557764654,0,0.0,0.0,False,train
2025-12-09 00:24:00+00:00,sushiswap_v2,0xceff51756c56ceffca006cd410b03ffc46dd3a58,28.942218039072134,163.42274564,4729.816736856705,0,0.0,0.0,False,train
2025-12-09 00:24:00+00:00,uniswap_v2,0xbb2b8038a1640196fbe3e38816f3e67cba72d940,28.942211685937522,73.35574699,2123.077557764654,0,0.0,0.0,False,train
2025-12-09 00:25:00+00:00,sushiswap_v2,0xceff51756c56ceffca006cd410b03ffc46dd3a58,28.942218039072134,163.42274564,4729.816736856705,0,0.0,0.0,False,train
2025-12-09 00:25:00+00:00,uniswap_v2,0xbb2b8038a1640196fbe3e38816f3e67cba72d940,28.942211685937522,73.35574699,2123.077557764654,0,0.0,0.0,False,train
2025-12-09 00:26:00+00:00,sushiswap_v2,0xceff51756c56ceffca006cd410b03ffc46dd3a58,28.942218039072134,163.42274564,4729.816736856705,0,0.0,0.0,False,train
2025-12-09 00:26:00+00:00,uniswap_v2,0xbb2b8038a1640196fbe3e38816f3e67cba72d940,28.942211685937522,73.35574699,2123.077557764654,0,0.0,0.0,False,train
2025-12-09 00:27:00+00:00,sushiswap_v2,0xceff51756c56ceffca006cd410b03ffc46dd3a58,28.942218039072134,163.42274564,4729.816736856705,0,0.0,0.0,False,train
2025-12-09 00:27:00+00:00,uniswap_v2,0xbb2b8038a1640196fbe3e38816f3e67cba72d940,28.942211685937522,73.35574699,2123.077557764654,0,0.0,0.0,False,train
2025-12-09 00:28:00+00:00,sushiswap_v2,0xceff51756c56ceffca006cd410b03ffc46dd3a58,28.942218039072134,163.42274564,4729.816736856705,0,0.0,0.0,False,train
2025-12-09 00:28:00+00:00,uniswap_v2,0xbb2b8038a1640196fbe3e38816f3e67cba72d940,28.942211685937522,73.35574699,2123.077557764654,0,0.0,0.0,False,train
2025-12-09 00:29:00+00:00,sushiswap_v2,0xceff51756c56ceffca006cd410b03ffc46dd3a58,28.942218039072134,163.42274564,4729.816736856705,0,0.0,0.0,False,train
2025-12-09 00:29:00+00:00,uniswap_v2,0xbb2b8038a1640196fbe3e38816f3e67cba72d940,28.942211685937522,73.35574699,2123.077557764654,0,0.0,0.0,False,train
2025-12-09 00:30:00+00:00,sushiswap_v2,0xceff51756c56ceffca006cd410b03ffc46dd3a58,28.942218039072134,163.42274564,4729.816736856705,0,0.0,0.0,False,train
2025-12-09 00:30:00+00:00,uniswap_v2,0xbb2b8038a1640196fbe3e38816f3e67cba72d940,28.942211685937522,73.35574699,2123.077557764654,0,0.0,0.0,False,train
2025-12-09 00:31:00+00:00,sushiswap_v2,0xceff51756c56ceffca006cd410b03ffc46dd3a58,28.942218039072134,163.42274564,4729.816736856705,0,0.0,0.0,False,train
2025-12-09 00:31:00+00:00,uniswap_v2,0xbb2b8038a1640196fbe3e38816f3e67cba72d940,28.942211685937522,73.35574699,2123.077557764654,0,0.0,0.0,False,train
2025-12-09 00:32:00+00:00,sushiswap_v2,0xceff51756c56ceffca006cd410b03ffc46dd3a58,28.942218039072134,163.42274564,4729.816736856705,0,0.0,0.0,False,train
2025-12-09 00:32:00+00:00,uniswap_v2,0xbb2b8038a1640196fbe3e38816f3e67cba72d940,28.942211685937522,73.35574699,2123.077557764654,0,0.0,0.0,False,train
2025-12-09 00:33:00+00:00,sushiswap_v2,0xceff51756c56ceffca006cd410b03ffc46dd3a58,28.942115995136426,163.42303417,4729.808411225284,1,0.00028853,0.008325631421132686,False,train
2025-12-09 00:33:00+00:00,uniswap_v2,0xbb2b8038a1640196fbe3e38816f3e67cba72d940,28.942211685937522,73.35574699,2123.077557764654,0,0.0,0.0,False,train
2025-12-09 00:34:00+00:00,sushiswap_v2,0xceff51756c56ceffca006cd410b03ffc46dd3a58,28.942115995136426,163.42303417,4729.808411225284,0,0.0,0.0,False,train
2025-12-09 00:34:00+00:00,uniswap_v2,0xbb2b8038a1640196fbe3e38816f3e67cba72d940,28.942211685937522,73.35574699,2123.077557764654,0,0.0,0.0,False,train
2025-12-09 00:35:00+00:00,sushiswap_v2,0xceff51756c56ceffca006cd410b03ffc46dd3a58,28.942115995136426,163.42303417,4729.808411225284,0,0.0,0.0,False,train
2025-12-09 00:35:00+00:00,uniswap_v2,0xbb2b8038a1640196fbe3e38816f3e67cba72d940,28.942211685937522,73.35574699,2123.077557764654,0,0.0,0.0,False,train
2025-12-09 00:36:00+00:00,sushiswap_v2,0xceff51756c56ceffca006cd410b03ffc46dd3a58,28.942115995136426,163.42303417,4729.808411225284,0,0.0,0.0,False,train
2025-12-09 00:36:00+00:00,uniswap_v2,0xbb2b8038a1640196fbe3e38816f3e67cba72d940,28.942211685937522,73.35574699,2123.077557764654,0,0.0,0.0,False,train
2025-12-09 00:37:00+00:00,sushiswap_v2,0xceff51756c56ceffca006cd410b03ffc46dd3a58,28.942115995136426,163.42303417,4729.808411225284,0,0.0,0.0,False,train
2025-12-09 00:37:00+00:00,uniswap_v2,0xbb2b8038a1640196fbe3e38816f3e67cba72d940,28.942211685937522,73.35574699,2123.077557764654,0,0.0,0.0,True,train
2025-12-09 00:38:00+00:00,sushiswap_v2,0xceff51756c56ceffca006cd410b03ffc46dd3a58,28.942115995136426,163.42303417,4729.808411225284,0,0.0,0.0,False,train
2025-12-09 00:38:00+00:00,uniswap_v2,0xbb2b8038a1640196fbe3e38816f3e67cba72d940,28.942211685937522,73.35574699,2123.077557764654,0,0.0,0.0,True,train
2025-12-09 00:39:00+00:00,sushiswap_v2,0xceff51756c56ceffca006cd410b03ffc46dd3a58,28.942115995136426,163.42303417,4729.808411225284,0,0.0,0.0,False,train
2025-12-09 00:39:00+00:00,uniswap_v2,0xbb2b8038a1640196fbe3e38816f3e67cba72d940,28.942211685937522,73.35574699,2123.077557764654,0,0.0,0.0,True,train
2025-12-09 00:40:00+00:00,sushiswap_v2,0xceff51756c56ceffca006cd410b03ffc46dd3a58,28.942115995136426,163.42303417,4729.808411225284,0,0.0,0.0,False,train
2025-12-09 00:40:00+00:00,uniswap_v2,0xbb2b8038a1640196fbe3e38816f3e67cba72d940,28.942211685937522,73.35574699,2123.077557764654,0,0.0,0.0,True,train
2025-12-09 00:41:00+00:00,sushiswap_v2,0xceff51756c56ceffca006cd410b03ffc46dd3a58,28.942115995136426,163.42303417,4729.808411225284,0,0.0,0.0,False,train
2025-12-09 00:41:00+00:00,uniswap_v2,0xbb2b8038a1640196fbe3e38816f3e67cba72d940,28.942211685937522,73.35574699,2123.077557764654,0,0.0,0.0,True,train
2025-12-09 00:42:00+00:00,sushiswap_v2,0xceff51756c56ceffca006cd410b03ffc46dd3a58,28.942115995136426,163.42303417,4729.808411225284,0,0.0,0.0,False,train
2025-12-09 00:42:00+00:00,uniswap_v2,0xbb2b8038a1640196fbe3e38816f3e67cba72d940,28.942211685937522,73.35574699,2123.077557764654,0,0.0,0.0,True,train
2025-12-09 00:43:00+00:00,sushiswap_v2,0xceff51756c56ceffca006cd410b03ffc46dd3a58,28.942115995136426,163.42303417,4729.808411225284,0,0.0,0.0,False,train
2025-12-09 00:43:00+00:00,uniswap_v2,0xbb2b8038a1640196fbe3e38816f3e67cba72d940,28.942211685937522,73.35574699,2123.077557764654,0,0.0,0.0,True,train
2025-12-09 00:44:00+00:00,sushiswap_v2,0xceff51756c56ceffca006cd410b03ffc46dd3a58,28.942115995136426,163.42303417,4729.808411225284,0,0.0,0.0,False,train
2025-12-09 00:44:00+00:00,uniswap_v2,0xbb2b8038a1640196fbe3e38816f3e67cba72d940,28.942211685937522,73.35574699,2123.077557764654,0,0.0,0.0,True,train
2025-12-09 00:45:00+00:00,sushiswap_v2,0xceff51756c56ceffca006cd410b03ffc46dd3a58,28.942115995136426,163.42303417,4729.808411225284,0,0.0,0.0,False,train
2025-12-09 00:45:00+00:00,uniswap_v2,0xbb2b8038a1640196fbe3e38816f3e67cba72d940,28.942211685937522,73.35574699,2123.077557764654,0,0.0,0.0,True,train
2025-12-09 00:46:00+00:00,sushiswap_v2,0xceff51756c56ceffca006cd410b03ffc46dd3a58,28.942115995136426,163.42303417,4729.808411225284,0,0.0,0.0,False,train
2025-12-09 00:46:00+00:00,uniswap_v2,0xbb2b8038a1640196fbe3e38816f3e67cba72d940,28.942211685937522,73.35574699,2123.077557764654,0,0.0,0.0,True,train
2025-12-09 00:47:00+00:00,sushiswap_v2,0xceff51756c56ceffca006cd410b03ffc46dd3a58,28.942115995136426,163.42303417,4729.808411225284,0,0.0,0.0,False,train
2025-12-09 00:47:00+00:00,uniswap_v2,0xbb2b8038a1640196fbe3e38816f3e67cba72d940,28.942211685937522,73.35574699,2123.077557764654,0,0.0,0.0,True,train
2025-12-09 00:48:00+00:00,sushiswap_v2,0xceff51756c56ceffca006cd410b03ffc46dd3a58,28.942115995136426,163.42303417,4729.808411225284,0,0.0,0.0,False,train
2025-12-09 00:48:00+00:00,uniswap_v2,0xbb2b8038a1640196fbe3e38816f3e67cba72d940,28.942211685937522,73.35574699,2123.077557764654,0,0.0,0.0,True,train
2025-12-09 00:49:00+00:00,sushiswap_v2,0xceff51756c56ceffca006cd410b03ffc46dd3a58,28.942115995136426,163.42303417,4729.808411225284,0,0.0,0.0,True,train
2025-12-09 00:49:00+00:00,uniswap_v2,0xbb2b8038a1640196fbe3e38816f3e67cba72d940,28.942211685937522,73.35574699,2123.077557764654,0,0.0,0.0,True,train
2025-12-09 00:50:00+00:00,sushiswap_v2,0xceff51756c56ceffca006cd410b03ffc46dd3a58,28.942115995136426,163.42303417,4729.808411225284,0,0.0,0.0,True,train
2025-12-09 00:50:00+00:00,uniswap_v2,0xbb2b8038a1640196fbe3e38816f3e67cba72d940,28.942211685937522,73.35574699,2123.077557764654,0,0.0,0.0,True,train
2025-12-09 00:51:00+00:00,sushiswap_v2,0xceff51756c56ceffca006cd410b03ffc46dd3a58,28.942115995136426,163.42303417,4729.808411225284,0,0.0,0.0,True,train
2025-12-09 00:51:00+00:00,uniswap_v2,0xbb2b8038a1640196fbe3e38816f3e67cba72d940,28.942211685937522,73.35574699,2123.077557764654,0,0.0,0.0,True,train
2025-12-09 00:52:00+00:00,sushiswap_v2,0xceff51756c56ceffca006cd410b03ffc46dd3a58,28.942115995136426,163.42303417,4729.808411225284,0,0.0,0.0,True,train
2025-12-09 00:52:00+00:00,uniswap_v2,0xbb2b8038a1640196fbe3e38816f3e67cba72d940,28.942211685937522,73.35574699,2123.077557764654,0,0.0,0.0,True,train
2025-12-09 00:53:00+00:00,sushiswap_v2,0xceff51756c56ceffca006cd410b03ffc46dd3a58,28.942115995136426,163.42303417,4729.808411225284,0,0.0,0.0,True,train
2025-12-09 00:53:00+00:00,uniswap_v2,0xbb2b8038a1640196fbe3e38816f3e67cba72d940,28.942211685937522,73.35574699,2123.077557764654,0,0.0,0.0,True,train
2025-12-09 00:54:00+00:00,sushiswap_v2,0xceff51756c56ceffca006cd410b03ffc46dd3a58,28.942115995136426,163.42303417,4729.808411225284,0,0.0,0.0,True,train
2025-12-09 00:54:00+00:00,uniswap_v2,0xbb2b8038a1640196fbe3e38816f3e67cba72d940,28.942211685937522,73.35574699,2123.077557764654,0,0.0,0.0,True,train
2025-12-09 00:55:00+00:00,sushiswap_v2,0xceff51756c56ceffca006cd410b03ffc46dd3a58,28.942115995136426,163.42303417,4729.808411225284,0,0.0,0.0,True,train
2025-12-09 00:55:00+00:00,uniswap_v2,0xbb2b8038a1640196fbe3e38816f3e67cba72d940,28.942211685937522,73.35574699,2123.077557764654,0,0.0,0.0,True,train
2025-12-09 00:56:00+00:00,sushiswap_v2,0xceff51756c56ceffca006cd410b03ffc46dd3a58,28.942115995136426,163.42303417,4729.808411225284,0,0.0,0.0,True,train
2025-12-09 00:56:00+00:00,uniswap_v2,0xbb2b8038a1640196fbe3e38816f3e67cba72d940,28.942211685937522,73.35574699,2123.077557764654,0,0.0,0.0,True,train
2025-12-09 00:57:00+00:00,sushiswap_v2,0xceff51756c56ceffca006cd410b03ffc46dd3a58,28.942115995136426,163.42303417,4729.808411225284,0,0.0,0.0,True,train
2025-12-09 00:57:00+00:00,uniswap_v2,0xbb2b8038a1640196fbe3e38816f3e67cba72d940,28.942211685937522,73.35574699,2123.077557764654,0,0.0,0.0,True,train
2025-12-09 00:58:00+00:00,sushiswap_v2,0xceff51756c56ceffca006cd410b03ffc46dd3a58,28.942115995136426,163.42303417,4729.808411225284,0,0.0,0.0,True,train
2025-12-09 00:58:00+00:00,uniswap_v2,0xbb2b8038a1640196fbe3e38816f3e67cba72d940,28.942211685937522,73.35574699,2123.077557764654,0,0.0,0.0,True,train
2025-12-09 00:59:00+00:00,sushiswap_v2,0xceff51756c56ceffca006cd410b03ffc46dd3a58,28.942115995136426,163.42303417,4729.808411225284,0,0.0,0.0,True,train
2025-12-09 00:59:00+00:00,uniswap_v2,0xbb2b8038a1640196fbe3e38816f3e67cba72d940,28.942211685937522,73.35574699,2123.077557764654,0,0.0,0.0,True,train
2025-12-09 01:00:00+00:00,sushiswap_v2,0xceff51756c56ceffca006cd410b03ffc46dd3a58,28.942115995136426,163.42303417,4729.808411225284,0,0.0,0.0,True,train
2025-12-09 01:00:00+00:00,uniswap_v2,0xbb2b8038a1640196fbe3e38816f3e67cba72d940,28.942211685937522,73.35574699,2123.077557764654,0,0.0,0.0,True,train
2025-12-09 01:01:00+00:00,sushiswap_v2,0xceff51756c56ceffca006cd410b03ffc46dd3a58,28.942115995136426,163.42303417,4729.808411225284,0,0.0,0.0,True,train
2025-12-09 01:01:00+00:00,uniswap_v2,0xbb2b8038a1640196fbe3e38816f3e67cba72d940,28.942211685937522,73.35574699,2123.077557764654,0,0.0,0.0,True,train
2025-12-09 01:02:00+00:00,sushiswap_v2,0xceff51756c56ceffca006cd410b03ffc46dd3a58,28.942115995136426,163.42303417,4729.808411225284,0,0.0,0.0,True,train
2025-12-09 01:02:00+00:00,uniswap_v2,0xbb2b8038a1640196fbe3e38816f3e67cba72d940,28.942211685937522,73.35574699,2123.077557764654,0,0.0,0.0,True,train
2025-12-09 01:03:00+00:00,sushiswap_v2,0xceff51756c56ceffca006cd410b03ffc46dd3a58,28.942115995136426,163.42303417,4729.808411225284,0,0.0,0.0,True,train
2025-12-09 01:03:00+00:00,uniswap_v2,0xbb2b8038a1640196fbe3e38816f3e67cba72d940,28.942211685937522,73.35574699,2123.077557764654,0,0.0,0.0,True,train
2025-12-09 01:04:00+00:00,sushiswap_v2,0xceff51756c56ceffca006cd410b03ffc46dd3a58,28.942115995136426,163.42303417,4729.808411225284,0,0.0,0.0,True,train
2025-12-09 01:04:00+00:00,uniswap_v2,0xbb2b8038a1640196fbe3e38816f3e67cba72d940,28.942211685937522,73.35574699,2123.077557764654,0,0.0,0.0,True,train
2025-12-09 01:05:00+00:00,sushiswap_v2,0xceff51756c56ceffca006cd410b03ffc46dd3a58,28.942115995136426,163.42303417,4729.808411225284,0,0.0,0.0,True,train
2025-12-09 01:05:00+00:00,uniswap_v2,0xbb2b8038a1640196fbe3e38816f3e67cba72d940,28.942211685937522,73.35574699,2123.077557764654,0,0.0,0.0,True,train
2025-12-09 01:06:00+00:00,sushiswap_v2,0xceff51756c56ceffca006cd410b03ffc46dd3a58,28.942115995136426,163.42303417,4729.808411225284,0,0.0,0.0,True,train
2025-12-09 01:06:00+00:00,uniswap_v2,0xbb2b8038a1640196fbe3e38816f3e67cba72d940,28.942211685937522,73.35574699,2123.077557764654,0,0.0,0.0,True,train
2025-12-09 01:07:00+00:00,sushiswap_v2,0xceff51756c56ceffca006cd410b03ffc46dd3a58,28.942115995136426,163.42303417,4729.808411225284,0,0.0,0.0,True,train
2025-12-09 01:07:00+00:00,uniswap_v2,0xbb2b8038a1640196fbe3e38816f3e67cba72d940,28.942211685937522,73.35574699,2123.077557764654,0,0.0,0.0,True,train
2025-12-09 01:08:00+00:00,sushiswap_v2,0xceff51756c56ceffca006cd410b03ffc46dd3a58,28.942115995136426,163.42303417,4729.808411225284,0,0.0,0.0,True,train
2025-12-09 01:08:00+00:00,uniswap_v2,0xbb2b8038a1640196fbe3e38816f3e67cba72d940,28.942211685937522,73.35574699,2123.077557764654,0,0.0,0.0,True,train
2025-12-09 01:09:00+00:00,sushiswap_v2,0xceff51756c56ceffca006cd410b03ffc46dd3a58,28.942115995136426,163.42303417,4729.808411225284,0,0.0,0.0,True,train
2025-12-09 01:09:00+00:00,uniswap_v2,0xbb2b8038a1640196fbe3e38816f3e67cba72d940,28.942211685937522,73.35574699,2123.077557764654,0,0.0,0.0,True,train
2025-12-09 01:10:00+00:00,sushiswap_v2,0xceff51756c56ceffca006cd410b03ffc46dd3a58,28.942115995136426,163.42303417,4729.808411225284,0,0.0,0.0,True,train
2025-12-09 01:10:00+00:00,uniswap_v2,0xbb2b8038a1640196fbe3e38816f3e67cba72d940,28.942211685937522,73.35574699,2123.077557764654,0,0.0,0.0,True,train
2025-12-09 01:11:00+00:00,sushiswap_v2,0xceff51756c56ceffca006cd410b03ffc46dd3a58,28.942115995136426,163.42303417,4729.808411225284,0,0.0,0.0,True,train
2025-12-09 01:11:00+00:00,uniswap_v2,0xbb2b8038a1640196fbe3e38816f3e67cba72d940,28.942211685937522,73.35574699,2123.077557764654,0,0.0,0.0,True,train
2025-12-09 01:12:00+00:00,sushiswap_v2,0xceff51756c56ceffca006cd410b03ffc46dd3a58,28.942115995136426,163.42303417,4729.808411225284,0,0.0,0.0,True,train
2025-12-09 01:12:00+00:00,uniswap_v2,0xbb2b8038a1640196fbe3e38816f3e67cba72d940,28.942211685937522,73.35574699,2123.077557764654,0,0.0,0.0,True,train
2025-12-09 01:13:00+00:00,sushiswap_v2,0xceff51756c56ceffca006cd410b03ffc46dd3a58,28.942115995136426,163.42303417,4729.808411225284,0,0.0,0.0,True,train
2025-12-09 01:13:00+00:00,uniswap_v2,0xbb2b8038a1640196fbe3e38816f3e67cba72d940,28.942211685937522,73.35574699,2123.077557764654,0,0.0,0.0,True,train
2025-12-09 01:14:00+00:00,sushiswap_v2,0xceff51756c56ceffca006cd410b03ffc46dd3a58,28.942115995136426,163.42303417,4729.808411225284,0,0.0,0.0,True,train
2025-12-09 01:14:00+00:00,uniswap_v2,0xbb2b8038a1640196fbe3e38816f3e67cba72d940,28.942211685937522,73.35574699,2123.077557764654,0,0.0,0.0,True,train
2025-12-09 01:15:00+00:00,sushiswap_v2,0xceff51756c56ceffca006cd410b03ffc46dd3a58,28.942115995136426,163.42303417,4729.808411225284,0,0.0,0.0,True,train
2025-12-09 01:15:00+00:00,uniswap_v2,0xbb2b8038a1640196fbe3e38816f3e67cba72d940,28.942211685937522,73.35574699,2123.077557764654,0,0.0,0.0,True,train
2025-12-09 01:16:00+00:00,sushiswap_v2,0xceff51756c56ceffca006cd410b03ffc46dd3a58,28.942115995136426,163.42303417,4729.808411225284,0,0.0,0.0,True,train
2025-12-09 01:16:00+00:00,uniswap_v2,0xbb2b8038a1640196fbe3e38816f3e67cba72d940,28.942211685937522,73.35574699,2123.077557764654,0,0.0,0.0,True,train
2025-12-09 01:17:00+00:00,sushiswap_v2,0xceff51756c56ceffca006cd410b03ffc46dd3a58,28.942115995136426,163.42303417,4729.808411225284,0,0.0,0.0,True,train
2025-12-09 01:17:00+00:00,uniswap_v2,0xbb2b8038a1640196fbe3e38816f3e67cba72d940,28.942211685937522,73.35574699,2123.077557764654,0,0.0,0.0,True,train
2025-12-09 01:18:00+00:00,sushiswap_v2,0xceff51756c56ceffca006cd410b03ffc46dd3a58,28.942115995136426,163.42303417,4729.808411225284,0,0.0,0.0,True,train
2025-12-09 01:18:00+00:00,uniswap_v2,0xbb2b8038a1640196fbe3e38816f3e67cba72d940,28.942211685937522,73.35574699,2123.077557764654,0,0.0,0.0,True,train
2025-12-09 01:19:00+00:00,sushiswap_v2,0xceff51756c56ceffca006cd410b03ffc46dd3a58,28.942115995136426,163.42303417,4729.808411225284,0,0.0,0.0,True,train
2025-12-09 01:19:00+00:00,uniswap_v2,0xbb2b8038a1640196fbe3e38816f3e67cba72d940,28.942211685937522,73.35574699,2123.077557764654,0,0.0,0.0,True,train
2025-12-09 01:20:00+00:00,sushiswap_v2,0xceff51756c56ceffca006cd410b03ffc46dd3a58,28.942115995136426,163.42303417,4729.808411225284,0,0.0,0.0,True,train
2025-12-09 01:20:00+00:00,uniswap_v2,0xbb2b8038a1640196fbe3e38816f3e67cba72d940,28.942211685937522,73.35574699,2123.077557764654,0,0.0,0.0,True,train
2025-12-09 01:21:00+00:00,sushiswap_v2,0xceff51756c56ceffca006cd410b03ffc46dd3a58,28.942115995136426,163.42303417,4729.808411225284,0,0.0,0.0,True,train
2025-12-09 01:21:00+00:00,uniswap_v2,0xbb2b8038a1640196fbe3e38816f3e67cba72d940,28.942211685937522,73.35574699,2123.077557764654,0,0.0,0.0,True,train
2025-12-09 01:22:00+00:00,sushiswap_v2,0xceff51756c56ceffca006cd410b03ffc46dd3a58,28.942115995136426,163.42303417,4729.808411225284,0,0.0,0.0,True,train
2025-12-09 01:22:00+00:00,uniswap_v2,0xbb2b8038a1640196fbe3e38816f3e67cba72d940,28.942211685937522,73.35574699,2123.077557764654,0,0.0,0.0,True,train
2025-12-09 01:23:00+00:00,sushiswap_v2,0xceff51756c56ceffca006cd410b03ffc46dd3a58,28.942115995136426,163.42303417,4729.808411225284,0,0.0,0.0,True,train
2025-12-09 01:23:00+00:00,uniswap_v2,0xbb2b8038a1640196fbe3e38816f3e67cba72d940,28.942211685937522,73.35574699,2123.077557764654,0,0.0,0.0,True,train
2025-12-09 01:24:00+00:00,sushiswap_v2,0xceff51756c56ceffca006cd410b03ffc46dd3a58,28.942115995136426,163.42303417,4729.808411225284,0,0.0,0.0,True,train
2025-12-09 01:24:00+00:00,uniswap_v2,0xbb2b8038a1640196fbe3e38816f3e67cba72d940,28.942211685937522,73.35574699,2123.077557764654,0,0.0,0.0,True,train
2025-12-09 01:25:00+00:00,sushiswap_v2,0xceff51756c56ceffca006cd410b03ffc46dd3a58,28.942115995136426,163.42303417,4729.808411225284,0,0.0,0.0,True,train
2025-12-09 01:25:00+00:00,uniswap_v2,0xbb2b8038a1640196fbe3e38816f3e67cba72d940,28.942211685937522,73.35574699,2123.077557764654,0,0.0,0.0,True,train
2025-12-09 01:26:00+00:00,sushiswap_v2,0xceff51756c56ceffca006cd410b03ffc46dd3a58,28.942115995136426,163.42303417,4729.808411225284,0,0.0,0.0,True,train
2025-12-09 01:26:00+00:00,uniswap_v2,0xbb2b8038a1640196fbe3e38816f3e67cba72d940,28.942211685937522,73.35574699,2123.077557764654,0,0.0,0.0,True,train
2025-12-09 01:27:00+00:00,sushiswap_v2,0xceff51756c56ceffca006cd410b03ffc46dd3a58,28.942115995136426,163.42303417,4729.808411225284,0,0.0,0.0,True,train
2025-12-09 01:27:00+00:00,uniswap_v2,0xbb2b8038a1640196fbe3e38816f3e67cba72d940,28.942211685937522,73.35574699,2123.077557764654,0,0.0,0.0,True,train
2025-12-09 01:28:00+00:00,sushiswap_v2,0xceff51756c56ceffca006cd410b03ffc46dd3a58,28.942115995136426,163.42303417,4729.808411225284,0,0.0,0.0,True,train
2025-12-09 01:28:00+00:00,uniswap_v2,0xbb2b8038a1640196fbe3e38816f3e67cba72d940,28.942211685937522,73.35574699,2123.077557764654,0,0.0,0.0,True,train
2025-12-09 01:29:00+00:00,sushiswap_v2,0xceff51756c56ceffca006cd410b03ffc46dd3a58,28.942115995136426,163.42303417,4729.808411225284,0,0.0,0.0,True,train
2025-12-09 01:29:00+00:00,uniswap_v2,0xbb2b8038a1640196fbe3e38816f3e67cba72d940,28.942211685937522,73.35574699,2123.077557764654,0,0.0,0.0,True,train
2025-12-09 01:30:00+00:00,sushiswap_v2,0xceff51756c56ceffca006cd410b03ffc46dd3a58,28.942115995136426,163.42303417,4729.808411225284,0,0.0,0.0,True,train
2025-12-09 01:30:00+00:00,uniswap_v2,0xbb2b8038a1640196fbe3e38816f3e67cba72d940,28.942211685937522,73.35574699,2123.077557764654,0,0.0,0.0,True,train
2025-12-09 01:31:00+00:00,sushiswap_v2,0xceff51756c56ceffca006cd410b03ffc46dd3a58,28.942115995136426,163.42303417,4729.808411225284,0,0.0,0.0,True,train
2025-12-09 01:31:00+00:00,uniswap_v2,0xbb2b8038a1640196fbe3e38816f3e67cba72d940,28.942211685937522,73.35574699,2123.077557764654,0,0.0,0.0,True,train
2025-12-09 01:32:00+00:00,sushiswap_v2,0xceff51756c56ceffca006cd410b03ffc46dd3a58,28.942115995136426,163.42303417,4729.808411225284,0,0.0,0.0,True,train
2025-12-09 01:32:00+00:00,uniswap_v2,0xbb2b8038a1640196fbe3e38816f3e67cba72d940,28.942211685937522,73.35574699,2123.077557764654,0,0.0,0.0,True,train
2025-12-09 01:33:00+00:00,sushiswap_v2,0xceff51756c56ceffca006cd410b03ffc46dd3a58,28.942115995136426,163.42303417,4729.808411225284,0,0.0,0.0,True,train
2025-12-09 01:33:00+00:00,uniswap_v2,0xbb2b8038a1640196fbe3e38816f3e67cba72d940,28.942211685937522,73.35574699,2123.077557764654,0,0.0,0.0,True,train
2025-12-09 01:34:00+00:00,sushiswap_v2,0xceff51756c56ceffca006cd410b03ffc46dd3a58,28.942115995136426,163.42303417,4729.808411225284,0,0.0,0.0,True,train
2025-12-09 01:34:00+00:00,uniswap_v2,0xbb2b8038a1640196fbe3e38816f3e67cba72d940,28.942211685937522,73.35574699,2123.077557764654,0,0.0,0.0,True,train
2025-12-09 01:35:00+00:00,sushiswap_v2,0xceff51756c56ceffca006cd410b03ffc46dd3a58,28.942115995136426,163.42303417,4729.808411225284,0,0.0,0.0,True,train
2025-12-09 01:35:00+00:00,uniswap_v2,0xbb2b8038a1640196fbe3e38816f3e67cba72d940,28.942211685937522,73.35574699,2123.077557764654,0,0.0,0.0,True,train
2025-12-09 01:36:00+00:00,sushiswap_v2,0xceff51756c56ceffca006cd410b03ffc46dd3a58,28.942115995136426,163.42303417,4729.808411225284,0,0.0,0.0,True,train
2025-12-09 01:36:00+00:00,uniswap_v2,0xbb2b8038a1640196fbe3e38816f3e67cba72d940,28.942211685937522,73.35574699,2123.077557764654,0,0.0,0.0,True,train
2025-12-09 01:37:00+00:00,sushiswap_v2,0xceff51756c56ceffca006cd410b03ffc46dd3a58,28.942115995136426,163.42303417,4729.808411225284,0,0.0,0.0,True,train
2025-12-09 01:37:00+00:00,uniswap_v2,0xbb2b8038a1640196fbe3e38816f3e67cba72d940,28.942211685937522,73.35574699,2123.077557764654,0,0.0,0.0,True,train
2025-12-09 01:38:00+00:00,sushiswap_v2,0xceff51756c56ceffca006cd410b03ffc46dd3a58,28.942115995136426,163.42303417,4729.808411225284,0,0.0,0.0,True,train
2025-12-09 01:38:00+00:00,uniswap_v2,0xbb2b8038a1640196fbe3e38816f3e67cba72d940,28.942211685937522,73.35574699,2123.077557764654,0,0.0,0.0,True,train
2025-12-09 01:39:00+00:00,sushiswap_v2,0xceff51756c56ceffca006cd410b03ffc46dd3a58,28.942115995136426,163.42303417,4729.808411225284,0,0.0,0.0,True,train
2025-12-09 01:39:00+00:00,uniswap_v2,0xbb2b8038a1640196fbe3e38816f3e67cba72d940,28.942211685937522,73.35574699,2123.077557764654,0,0.0,0.0,True,train
2025-12-09 01:40:00+00:00,sushiswap_v2,0xceff51756c56ceffca006cd410b03ffc46dd3a58,28.942115995136426,163.42303417,4729.808411225284,0,0.0,0.0,True,train
2025-12-09 01:40:00+00:00,uniswap_v2,0xbb2b8038a1640196fbe3e38816f3e67cba72d940,28.942211685937522,73.35574699,2123.077557764654,0,0.0,0.0,True,train
2025-12-09 01:41:00+00:00,sushiswap_v2,0xceff51756c56ceffca006cd410b03ffc46dd3a58,28.942115995136426,163.42303417,4729.808411225284,0,0.0,0.0,True,train
2025-12-09 01:41:00+00:00,uniswap_v2,0xbb2b8038a1640196fbe3e38816f3e67cba72d940,28.942211685937522,73.35574699,2123.077557764654,0,0.0,0.0,True,train
2025-12-09 01:42:00+00:00,sushiswap_v2,0xceff51756c56ceffca006cd410b03ffc46dd3a58,28.942115995136426,163.42303417,4729.808411225284,0,0.0,0.0,True,train
2025-12-09 01:42:00+00:00,uniswap_v2,0xbb2b8038a1640196fbe3e38816f3e67cba72d940,28.942211685937522,73.35574699,2123.077557764654,0,0.0,0.0,True,train
2025-12-09 01:43:00+00:00,sushiswap_v2,0xceff51756c56ceffca006cd410b03ffc46dd3a58,28.942115995136426,163.42303417,4729.808411225284,0,0.0,0.0,True,train
2025-12-09 01:43:00+00:00,uniswap_v2,0xbb2b8038a1640196fbe3e38816f3e67cba72d940,28.942211685937522,73.35574699,2123.077557764654,0,0.0,0.0,True,train
2025-12-09 01:44:00+00:00,sushiswap_v2,0xceff51756c56ceffca006cd410b03ffc46dd3a58,28.942115995136426,163.42303417,4729.808411225284,0,0.0,0.0,True,train
2025-12-09 01:44:00+00:00,uniswap_v2,0xbb2b8038a1640196fbe3e38816f3e67cba72d940,28.942211685937522,73.35574699,2123.077557764654,0,0.0,0.0,True,train
2025-12-09 01:45:00+00:00,sushiswap_v2,0xceff51756c56ceffca006cd410b03ffc46dd3a58,28.942115995136426,163.42303417,4729.808411225284,0,0.0,0.0,True,train
2025-12-09 01:45:00+00:00,uniswap_v2,0xbb2b8038a1640196fbe3e38816f3e67cba72d940,28.942211685937522,73.35574699,2123.077557764654,0,0.0,0.0,True,train
2025-12-09 01:46:00+00:00,sushiswap_v2,0xceff51756c56ceffca006cd410b03ffc46dd3a58,28.942115995136426,163.42303417,4729.808411225284,0,0.0,0.0,True,train
2025-12-09 01:46:00+00:00,uniswap_v2,0xbb2b8038a1640196fbe3e38816f3e67cba72d940,28.942211685937522,73.35574699,2123.077557764654,0,0.0,0.0,True,train
2025-12-09 01:47:00+00:00,sushiswap_v2,0xceff51756c56ceffca006cd410b03ffc46dd3a58,28.942115995136426,163.42303417,4729.808411225284,0,0.0,0.0,True,train
2025-12-09 01:47:00+00:00,uniswap_v2,0xbb2b8038a1640196fbe3e38816f3e67cba72d940,28.942211685937522,73.35574699,2123.077557764654,0,0.0,0.0,True,train
2025-12-09 01:48:00+00:00,sushiswap_v2,0xceff51756c56ceffca006cd410b03ffc46dd3a58,28.942115995136426,163.42303417,4729.808411225284,0,0.0,0.0,True,train
2025-12-09 01:48:00+00:00,uniswap_v2,0xbb2b8038a1640196fbe3e38816f3e67cba72d940,28.942211685937522,73.35574699,2123.077557764654,0,0.0,0.0,True,train
2025-12-09 01:49:00+00:00,sushiswap_v2,0xceff51756c56ceffca006cd410b03ffc46dd3a58,28.942115995136426,163.42303417,4729.808411225284,0,0.0,0.0,True,train
2025-12-09 01:49:00+00:00,uniswap_v2,0xbb2b8038a1640196fbe3e38816f3e67cba72d940,28.942211685937522,73.35574699,2123.077557764654,0,0.0,0.0,True,train
2025-12-09 01:50:00+00:00,sushiswap_v2,0xceff51756c56ceffca006cd410b03ffc46dd3a58,28.942115995136426,163.42303417,4729.808411225284,0,0.0,0.0,True,train
2025-12-09 01:50:00+00:00,uniswap_v2,0xbb2b8038a1640196fbe3e38816f3e67cba72d940,28.942211685937522,73.35574699,2123.077557764654,0,0.0,0.0,True,train
2025-12-09 01:51:00+00:00,sushiswap_v2,0xceff51756c56ceffca006cd410b03ffc46dd3a58,28.942115995136426,163.42303417,4729.808411225284,0,0.0,0.0,True,train
2025-12-09 01:51:00+00:00,uniswap_v2,0xbb2b8038a1640196fbe3e38816f3e67cba72d940,28.942211685937522,73.35574699,2123.077557764654,0,0.0,0.0,True,train
2025-12-09 01:52:00+00:00,sushiswap_v2,0xceff51756c56ceffca006cd410b03ffc46dd3a58,28.942115995136426,163.42303417,4729.808411225284,0,0.0,0.0,True,train
2025-12-09 01:52:00+00:00,uniswap_v2,0xbb2b8038a1640196fbe3e38816f3e67cba72d940,28.942211685937522,73.35574699,2123.077557764654,0,0.0,0.0,True,train
2025-12-09 01:53:00+00:00,sushiswap_v2,0xceff51756c56ceffca006cd410b03ffc46dd3a58,28.942115995136426,163.42303417,4729.808411225284,0,0.0,0.0,True,train
2025-12-09 01:53:00+00:00,uniswap_v2,0xbb2b8038a1640196fbe3e38816f3e67cba72d940,28.942211685937522,73.35574699,2123.077557764654,0,0.0,0.0,True,train
2025-12-09 01:54:00+00:00,sushiswap_v2,0xceff51756c56ceffca006cd410b03ffc46dd3a58,28.942115995136426,163.42303417,4729.808411225284,0,0.0,0.0,True,train
2025-12-09 01:54:00+00:00,uniswap_v2,0xbb2b8038a1640196fbe3e38816f3e67cba72d940,28.942211685937522,73.35574699,2123.077557764654,0,0.0,0.0,True,train
2025-12-09 01:55:00+00:00,sushiswap_v2,0xceff51756c56ceffca006cd410b03ffc46dd3a58,28.942115995136426,163.42303417,4729.808411225284,0,0.0,0.0,True,train
2025-12-09 01:55:00+00:00,uniswap_v2,0xbb2b8038a1640196fbe3e38816f3e67cba72d940,28.942211685937522,73.35574699,2123.077557764654,0,0.0,0.0,True,train
2025-12-09 01:56:00+00:00,sushiswap_v2,0xceff51756c56ceffca006cd410b03ffc46dd3a58,28.942115995136426,163.42303417,4729.808411225284,0,0.0,0.0,True,train
2025-12-09 01:56:00+00:00,uniswap_v2,0xbb2b8038a1640196fbe3e38816f3e67cba72d940,28.942211685937522,73.35574699,2123.077557764654,0,0.0,0.0,True,train
2025-12-09 01:57:00+00:00,sushiswap_v2,0xceff51756c56ceffca006cd410b03ffc46dd3a58,28.942115995136426,163.42303417,4729.808411225284,0,0.0,0.0,True,train
2025-12-09 01:57:00+00:00,uniswap_v2,0xbb2b8038a1640196fbe3e38816f3e67cba72d940,28.942211685937522,73.35574699,2123.077557764654,0,0.0,0.0,True,train
2025-12-09 01:58:00+00:00,sushiswap_v2,0xceff51756c56ceffca006cd410b03ffc46dd3a58,28.942115995136426,163.42303417,4729.808411225284,0,0.0,0.0,True,train
2025-12-09 01:58:00+00:00,uniswap_v2,0xbb2b8038a1640196fbe3e38816f3e67cba72d940,28.942211685937522,73.35574699,2123.077557764654,0,0.0,0.0,True,train
2025-12-09 01:59:00+00:00,sushiswap_v2,0xceff51756c56ceffca006cd410b03ffc46dd3a58,28.942115995136426,163.42303417,4729.808411225284,0,0.0,0.0,True,train
2025-12-09 01:59:00+00:00,uniswap_v2,0xbb2b8038a1640196fbe3e38816f3e67cba72d940,28.942211685937522,73.35574699,2123.077557764654,0,0.0,0.0,True,train
2025-12-09 02:00:00+00:00,sushiswap_v2,0xceff51756c56ceffca006cd410b03ffc46dd3a58,28.942115995136426,163.42303417,4729.808411225284,0,0.0,0.0,True,train
2025-12-09 02:00:00+00:00,uniswap_v2,0xbb2b8038a1640196fbe3e38816f3e67cba72d940,28.942211685937522,73.35574699,2123.077557764654,0,0.0,0.0,True,train
2025-12-09 02:01:00+00:00,sushiswap_v2,0xceff51756c56ceffca006cd410b03ffc46dd3a58,28.942115995136426,163.42303417,4729.808411225284,0,0.0,0.0,True,train
2025-12-09 02:01:00+00:00,uniswap_v2,0xbb2b8038a1640196fbe3e38816f3e67cba72d940,28.942211685937522,73.35574699,2123.077557764654,0,0.0,0.0,True,train
2025-12-09 02:02:00+00:00,sushiswap_v2,0xceff51756c56ceffca006cd410b03ffc46dd3a58,28.942115995136426,163.42303417,4729.808411225284,0,0.0,0.0,True,train
2025-12-09 02:02:00+00:00,uniswap_v2,0xbb2b8038a1640196fbe3e38816f3e67cba72d940,28.942211685937522,73.35574699,2123.077557764654,0,0.0,0.0,True,train
2025-12-09 02:03:00+00:00,sushiswap_v2,0xceff51756c56ceffca006cd410b03ffc46dd3a58,28.942115995136426,163.42303417,4729.808411225284,0,0.0,0.0,True,train
2025-12-09 02:03:00+00:00,uniswap_v2,0xbb2b8038a1640196fbe3e38816f3e67cba72d940,28.942211685937522,73.35574699,2123.077557764654,0,0.0,0.0,True,train
2025-12-09 02:04:00+00:00,sushiswap_v2,0xceff51756c56ceffca006cd410b03ffc46dd3a58,28.942115995136426,163.42303417,4729.808411225284,0,0.0,0.0,True,train
2025-12-09 02:04:00+00:00,uniswap_v2,0xbb2b8038a1640196fbe3e38816f3e67cba72d940,28.942211685937522,73.35574699,2123.077557764654,0,0.0,0.0,True,train
2025-12-09 02:05:00+00:00,sushiswap_v2,0xceff51756c56ceffca006cd410b03ffc46dd3a58,28.942115995136426,163.42303417,4729.808411225284,0,0.0,0.0,True,train
2025-12-09 02:05:00+00:00,uniswap_v2,0xbb2b8038a1640196fbe3e38816f3e67cba72d940,28.942211685937522,73.35574699,2123.077557764654,0,0.0,0.0,True,train
2025-12-09 02:06:00+00:00,sushiswap_v2,0xceff51756c56ceffca006cd410b03ffc46dd3a58,28.942115995136426,163.42303417,4729.808411225284,0,0.0,0.0,True,train
2025-12-09 02:06:00+00:00,uniswap_v2,0xbb2b8038a1640196fbe3e38816f3e67cba72d940,28.942211685937522,73.35574699,2123.077557764654,0,0.0,0.0,True,train
2025-12-09 02:07:00+00:00,sushiswap_v2,0xceff51756c56ceffca006cd410b03ffc46dd3a58,28.942115995136426,163.42303417,4729.808411225284,0,0.0,0.0,True,train
2025-12-09 02:07:00+00:00,uniswap_v2,0xbb2b8038a1640196fbe3e38816f3e67cba72d940,28.942211685937522,73.35574699,2123.077557764654,0,0.0,0.0,True,train
2025-12-09 02:08:00+00:00,sushiswap_v2,0xceff51756c56ceffca006cd410b03ffc46dd3a58,28.942115995136426,163.42303417,4729.808411225284,0,0.0,0.0,True,train
2025-12-09 02:08:00+00:00,uniswap_v2,0xbb2b8038a1640196fbe3e38816f3e67cba72d940,28.942211685937522,73.35574699,2123.077557764654,0,0.0,0.0,True,train
2025-12-09 02:09:00+00:00,sushiswap_v2,0xceff51756c56ceffca006cd410b03ffc46dd3a58,28.942115995136426,163.42303417,4729.808411225284,0,0.0,0.0,True,train
2025-12-09 02:09:00+00:00,uniswap_v2,0xbb2b8038a1640196fbe3e38816f3e67cba72d940,28.942211685937522,73.35574699,2123.077557764654,0,0.0,0.0,True,train
2025-12-09 02:10:00+00:00,sushiswap_v2,0xceff51756c56ceffca006cd410b03ffc46dd3a58,28.942115995136426,163.42303417,4729.808411225284,0,0.0,0.0,True,train
2025-12-09 02:10:00+00:00,uniswap_v2,0xbb2b8038a1640196fbe3e38816f3e67cba72d940,28.942211685937522,73.35574699,2123.077557764654,0,0.0,0.0,True,train
2025-12-09 02:11:00+00:00,sushiswap_v2,0xceff51756c56ceffca006cd410b03ffc46dd3a58,28.942115995136426,163.42303417,4729.808411225284,0,0.0,0.0,True,train
2025-12-09 02:11:00+00:00,uniswap_v2,0xbb2b8038a1640196fbe3e38816f3e67cba72d940,28.942211685937522,73.35574699,2123.077557764654,0,0.0,0.0,True,train
2025-12-09 02:12:00+00:00,sushiswap_v2,0xceff51756c56ceffca006cd410b03ffc46dd3a58,28.942115995136426,163.42303417,4729.808411225284,0,0.0,0.0,True,train
2025-12-09 02:12:00+00:00,uniswap_v2,0xbb2b8038a1640196fbe3e38816f3e67cba72d940,28.942211685937522,73.35574699,2123.077557764654,0,0.0,0.0,True,train
2025-12-09 02:13:00+00:00,sushiswap_v2,0xceff51756c56ceffca006cd410b03ffc46dd3a58,28.942115995136426,163.42303417,4729.808411225284,0,0.0,0.0,True,train
2025-12-09 02:13:00+00:00,uniswap_v2,0xbb2b8038a1640196fbe3e38816f3e67cba72d940,28.942211685937522,73.35574699,2123.077557764654,0,0.0,0.0,True,train
2025-12-09 02:14:00+00:00,sushiswap_v2,0xceff51756c56ceffca006cd410b03ffc46dd3a58,28.942115995136426,163.42303417,4729.808411225284,0,0.0,0.0,True,train
2025-12-09 02:14:00+00:00,uniswap_v2,0xbb2b8038a1640196fbe3e38816f3e67cba72d940,28.942211685937522,73.35574699,2123.077557764654,0,0.0,0.0,True,train
2025-12-09 02:15:00+00:00,sushiswap_v2,0xceff51756c56ceffca006cd410b03ffc46dd3a58,28.942115995136426,163.42303417,4729.808411225284,0,0.0,0.0,True,train
2025-12-09 02:15:00+00:00,uniswap_v2,0xbb2b8038a1640196fbe3e38816f3e67cba72d940,28.942211685937522,73.35574699,2123.077557764654,0,0.0,0.0,True,train
2025-12-09 02:16:00+00:00,sushiswap_v2,0xceff51756c56ceffca006cd410b03ffc46dd3a58,28.942115995136426,163.42303417,4729.808411225284,0,0.0,0.0,True,train
2025-12-09 02:16:00+00:00,uniswap_v2,0xbb2b8038a1640196fbe3e38816f3e67cba72d940,28.942211685937522,73.35574699,2123.077557764654,0,0.0,0.0,True,train
2025-12-09 02:17:00+00:00,sushiswap_v2,0xceff51756c56ceffca006cd410b03ffc46dd3a58,28.942115995136426,163.42303417,4729.808411225284,0,0.0,0.0,True,train
2025-12-09 02:17:00+00:00,uniswap_v2,0xbb2b8038a1640196fbe3e38816f3e67cba72d940,28.942211685937522,73.35574699,2123.077557764654,0,0.0,0.0,True,train
2025-12-09 02:18:00+00:00,sushiswap_v2,0xceff51756c56ceffca006cd410b03ffc46dd3a58,28.942115995136426,163.42303417,4729.808411225284,0,0.0,0.0,True,train
2025-12-09 02:18:00+00:00,uniswap_v2,0xbb2b8038a1640196fbe3e38816f3e67cba72d940,28.942211685937522,73.35574699,2123.077557764654,0,0.0,0.0,True,train
2025-12-09 02:19:00+00:00,sushiswap_v2,0xceff51756c56ceffca006cd410b03ffc46dd3a58,28.942115995136426,163.42303417,4729.808411225284,0,0.0,0.0,True,train
2025-12-09 02:19:00+00:00,uniswap_v2,0xbb2b8038a1640196fbe3e38816f3e67cba72d940,28.942211685937522,73.35574699,2123.077557764654,0,0.0,0.0,True,train
2025-12-09 02:20:00+00:00,sushiswap_v2,0xceff51756c56ceffca006cd410b03ffc46dd3a58,28.942115995136426,163.42303417,4729.808411225284,0,0.0,0.0,True,train
2025-12-09 02:20:00+00:00,uniswap_v2,0xbb2b8038a1640196fbe3e38816f3e67cba72d940,28.942211685937522,73.35574699,2123.077557764654,0,0.0,0.0,True,train
2025-12-09 02:21:00+00:00,sushiswap_v2,0xceff51756c56ceffca006cd410b03ffc46dd3a58,28.942115995136426,163.42303417,4729.808411225284,0,0.0,0.0,True,train
2025-12-09 02:21:00+00:00,uniswap_v2,0xbb2b8038a1640196fbe3e38816f3e67cba72d940,28.942211685937522,73.35574699,2123.077557764654,0,0.0,0.0,True,train
2025-12-09 02:22:00+00:00,sushiswap_v2,0xceff51756c56ceffca006cd410b03ffc46dd3a58,28.942115995136426,163.42303417,4729.808411225284,0,0.0,0.0,True,train
2025-12-09 02:22:00+00:00,uniswap_v2,0xbb2b8038a1640196fbe3e38816f3e67cba72d940,28.942211685937522,73.35574699,2123.077557764654,0,0.0,0.0,True,train
2025-12-09 02:23:00+00:00,sushiswap_v2,0xceff51756c56ceffca006cd410b03ffc46dd3a58,28.942115995136426,163.42303417,4729.808411225284,0,0.0,0.0,True,train
2025-12-09 02:23:00+00:00,uniswap_v2,0xbb2b8038a1640196fbe3e38816f3e67cba72d940,28.942211685937522,73.35574699,2123.077557764654,0,0.0,0.0,True,train
2025-12-09 02:24:00+00:00,sushiswap_v2,0xceff51756c56ceffca006cd410b03ffc46dd3a58,28.942115995136426,163.42303417,4729.808411225284,0,0.0,0.0,True,train
2025-12-09 02:24:00+00:00,uniswap_v2,0xbb2b8038a1640196fbe3e38816f3e67cba72d940,28.942211685937522,73.35574699,2123.077557764654,0,0.0,0.0,True,train
2025-12-09 02:25:00+00:00,sushiswap_v2,0xceff51756c56ceffca006cd410b03ffc46dd3a58,28.942115995136426,163.42303417,4729.808411225284,0,0.0,0.0,True,train
2025-12-09 02:25:00+00:00,uniswap_v2,0xbb2b8038a1640196fbe3e38816f3e67cba72d940,28.942211685937522,73.35574699,2123.077557764654,0,0.0,0.0,True,train
2025-12-09 02:26:00+00:00,sushiswap_v2,0xceff51756c56ceffca006cd410b03ffc46dd3a58,28.942115995136426,163.42303417,4729.808411225284,0,0.0,0.0,True,train
2025-12-09 02:26:00+00:00,uniswap_v2,0xbb2b8038a1640196fbe3e38816f3e67cba72d940,28.942211685937522,73.35574699,2123.077557764654,0,0.0,0.0,True,train
2025-12-09 02:27:00+00:00,sushiswap_v2,0xceff51756c56ceffca006cd410b03ffc46dd3a58,28.942115995136426,163.42303417,4729.808411225284,0,0.0,0.0,True,train
2025-12-09 02:27:00+00:00,uniswap_v2,0xbb2b8038a1640196fbe3e38816f3e67cba72d940,28.942211685937522,73.35574699,2123.077557764654,0,0.0,0.0,True,train
2025-12-09 02:28:00+00:00,sushiswap_v2,0xceff51756c56ceffca006cd410b03ffc46dd3a58,28.942115995136426,163.42303417,4729.808411225284,0,0.0,0.0,True,train
2025-12-09 02:28:00+00:00,uniswap_v2,0xbb2b8038a1640196fbe3e38816f3e67cba72d940,28.942211685937522,73.35574699,2123.077557764654,0,0.0,0.0,True,train
2025-12-09 02:29:00+00:00,sushiswap_v2,0xceff51756c56ceffca006cd410b03ffc46dd3a58,28.942115995136426,163.42303417,4729.808411225284,0,0.0,0.0,True,train
2025-12-09 02:29:00+00:00,uniswap_v2,0xbb2b8038a1640196fbe3e38816f3e67cba72d940,28.942211685937522,73.35574699,2123.077557764654,0,0.0,0.0,True,train
2025-12-09 02:30:00+00:00,sushiswap_v2,0xceff51756c56ceffca006cd410b03ffc46dd3a58,28.942115995136426,163.42303417,4729.808411225284,0,0.0,0.0,True,train
2025-12-09 02:30:00+00:00,uniswap_v2,0xbb2b8038a1640196fbe3e38816f3e67cba72d940,28.942211685937522,73.35574699,2123.077557764654,0,0.0,0.0,True,train
2025-12-09 02:31:00+00:00,sushiswap_v2,0xceff51756c56ceffca006cd410b03ffc46dd3a58,28.942115995136426,163.42303417,4729.808411225284,0,0.0,0.0,True,train
2025-12-09 02:31:00+00:00,uniswap_v2,0xbb2b8038a1640196fbe3e38816f3e67cba72d940,28.942211685937522,73.35574699,2123.077557764654,0,0.0,0.0,True,train
2025-12-09 02:32:00+00:00,sushiswap_v2,0xceff51756c56ceffca006cd410b03ffc46dd3a58,28.942115995136426,163.42303417,4729.808411225284,0,0.0,0.0,True,train
2025-12-09 02:32:00+00:00,uniswap_v2,0xbb2b8038a1640196fbe3e38816f3e67cba72d940,28.942211685937522,73.35574699,2123.077557764654,0,0.0,0.0,True,train
2025-12-09 02:33:00+00:00,sushiswap_v2,0xceff51756c56ceffca006cd410b03ffc46dd3a58,28.942115995136426,163.42303417,4729.808411225284,0,0.0,0.0,True,train
2025-12-09 02:33:00+00:00,uniswap_v2,0xbb2b8038a1640196fbe3e38816f3e67cba72d940,28.942211685937522,73.35574699,2123.077557764654,0,0.0,0.0,True,train
2025-12-09 02:34:00+00:00,sushiswap_v2,0xceff51756c56ceffca006cd410b03ffc46dd3a58,28.942115995136426,163.42303417,4729.808411225284,0,0.0,0.0,True,train
2025-12-09 02:34:00+00:00,uniswap_v2,0xbb2b8038a1640196fbe3e38816f3e67cba72d940,28.942211685937522,73.35574699,2123.077557764654,0,0.0,0.0,True,train
2025-12-09 02:35:00+00:00,sushiswap_v2,0xceff51756c56ceffca006cd410b03ffc46dd3a58,28.942115995136426,163.42303417,4729.808411225284,0,0.0,0.0,True,train
2025-12-09 02:35:00+00:00,uniswap_v2,0xbb2b8038a1640196fbe3e38816f3e67cba72d940,28.942211685937522,73.35574699,2123.077557764654,0,0.0,0.0,True,train
2025-12-09 02:36:00+00:00,sushiswap_v2,0xceff51756c56ceffca006cd410b03ffc46dd3a58,28.942115995136426,163.42303417,4729.808411225284,0,0.0,0.0,True,train
2025-12-09 02:36:00+00:00,uniswap_v2,0xbb2b8038a1640196fbe3e38816f3e67cba72d940,28.942211682681545,73.355747,2123.0775578152316,0,0.0,0.0,False,train
2025-12-09 02:37:00+00:00,sushiswap_v2,0xceff51756c56ceffca006cd410b03ffc46dd3a58,28.942115995136426,163.42303417,4729.808411225284,0,0.0,0.0,True,train
2025-12-09 02:37:00+00:00,uniswap_v2,0xbb2b8038a1640196fbe3e38816f3e67cba72d940,28.942211682681545,73.355747,2123.0775578152316,0,0.0,0.0,False,train
2025-12-09 02:38:00+00:00,sushiswap_v2,0xceff51756c56ceffca006cd410b03ffc46dd3a58,28.942115995136426,163.42303417,4729.808411225284,0,0.0,0.0,True,train
2025-12-09 02:38:00+00:00,uniswap_v2,0xbb2b8038a1640196fbe3e38816f3e67cba72d940,28.942211682681545,73.355747,2123.0775578152316,0,0.0,0.0,False,train
2025-12-09 02:39:00+00:00,sushiswap_v2,0xceff51756c56ceffca006cd410b03ffc46dd3a58,28.942115995136426,163.42303417,4729.808411225284,0,0.0,0.0,True,train
2025-12-09 02:39:00+00:00,uniswap_v2,0xbb2b8038a1640196fbe3e38816f3e67cba72d940,28.942211682681545,73.355747,2123.0775578152316,0,0.0,0.0,False,train
2025-12-09 02:40:00+00:00,sushiswap_v2,0xceff51756c56ceffca006cd410b03ffc46dd3a58,28.942115995136426,163.42303417,4729.808411225284,0,0.0,0.0,True,train
2025-12-09 02:40:00+00:00,uniswap_v2,0xbb2b8038a1640196fbe3e38816f3e67cba72d940,28.942211682681545,73.355747,2123.0775578152316,0,0.0,0.0,False,train
2025-12-09 02:41:00+00:00,sushiswap_v2,0xceff51756c56ceffca006cd410b03ffc46dd3a58,28.942115995136426,163.42303417,4729.808411225284,0,0.0,0.0,True,train
2025-12-09 02:41:00+00:00,uniswap_v2,0xbb2b8038a1640196fbe3e38816f3e67cba72d940,28.942211682681545,73.355747,2123.0775578152316,0,0.0,0.0,False,train
2025-12-09 02:42:00+00:00,sushiswap_v2,0xceff51756c56ceffca006cd410b03ffc46dd3a58,28.942115995136426,163.42303417,4729.808411225284,0,0.0,0.0,True,train
2025-12-09 02:42:00+00:00,uniswap_v2,0xbb2b8038a1640196fbe3e38816f3e67cba72d940,28.942211682681545,73.355747,2123.0775578152316,0,0.0,0.0,False,train
2025-12-09 02:43:00+00:00,sushiswap_v2,0xceff51756c56ceffca006cd410b03ffc46dd3a58,28.942115995136426,163.42303417,4729.808411225284,0,0.0,0.0,True,train
2025-12-09 02:43:00+00:00,uniswap_v2,0xbb2b8038a1640196fbe3e38816f3e67cba72d940,28.942211682681545,73.355747,2123.0775578152316,0,0.0,0.0,False,train
2025-12-09 02:44:00+00:00,sushiswap_v2,0xceff51756c56ceffca006cd410b03ffc46dd3a58,28.942115995136426,163.42303417,4729.808411225284,0,0.0,0.0,True,train
2025-12-09 02:44:00+00:00,uniswap_v2,0xbb2b8038a1640196fbe3e38816f3e67cba72d940,28.942211682681545,73.355747,2123.0775578152316,0,0.0,0.0,False,train
2025-12-09 02:45:00+00:00,sushiswap_v2,0xceff51756c56ceffca006cd410b03ffc46dd3a58,28.942115995136426,163.42303417,4729.808411225284,0,0.0,0.0,True,train
2025-12-09 02:45:00+00:00,uniswap_v2,0xbb2b8038a1640196fbe3e38816f3e67cba72d940,28.942211682681545,73.355747,2123.0775578152316,0,0.0,0.0,False,train
2025-12-09 02:46:00+00:00,sushiswap_v2,0xceff51756c56ceffca006cd410b03ffc46dd3a58,28.942115995136426,163.42303417,4729.808411225284,0,0.0,0.0,True,train
2025-12-09 02:46:00+00:00,uniswap_v2,0xbb2b8038a1640196fbe3e38816f3e67cba72d940,28.942211682681545,73.355747,2123.0775578152316,0,0.0,0.0,False,train
2025-12-09 02:47:00+00:00,sushiswap_v2,0xceff51756c56ceffca006cd410b03ffc46dd3a58,28.942115995136426,163.42303417,4729.808411225284,0,0.0,0.0,True,train
2025-12-09 02:47:00+00:00,uniswap_v2,0xbb2b8038a1640196fbe3e38816f3e67cba72d940,28.942211682681545,73.355747,2123.0775578152316,0,0.0,0.0,False,train
2025-12-09 02:48:00+00:00,sushiswap_v2,0xceff51756c56ceffca006cd410b03ffc46dd3a58,28.942115995136426,163.42303417,4729.808411225284,0,0.0,0.0,True,train
2025-12-09 02:48:00+00:00,uniswap_v2,0xbb2b8038a1640196fbe3e38816f3e67cba72d940,28.942211682681545,73.355747,2123.0775578152316,0,0.0,0.0,False,train
2025-12-09 02:49:00+00:00,sushiswap_v2,0xceff51756c56ceffca006cd410b03ffc46dd3a58,28.942115995136426,163.42303417,4729.808411225284,0,0.0,0.0,True,train
2025-12-09 02:49:00+00:00,uniswap_v2,0xbb2b8038a1640196fbe3e38816f3e67cba72d940,28.942211682681545,73.355747,2123.0775578152316,0,0.0,0.0,False,train
2025-12-09 02:50:00+00:00,sushiswap_v2,0xceff51756c56ceffca006cd410b03ffc46dd3a58,28.942115995136426,163.42303417,4729.808411225284,0,0.0,0.0,True,train
2025-12-09 02:50:00+00:00,uniswap_v2,0xbb2b8038a1640196fbe3e38816f3e67cba72d940,28.942211682681545,73.355747,2123.0775578152316,0,0.0,0.0,False,train
2025-12-09 02:51:00+00:00,sushiswap_v2,0xceff51756c56ceffca006cd410b03ffc46dd3a58,28.942115995136426,163.42303417,4729.808411225284,0,0.0,0.0,True,train
2025-12-09 02:51:00+00:00,uniswap_v2,0xbb2b8038a1640196fbe3e38816f3e67cba72d940,28.942211682681545,73.355747,2123.0775578152316,0,0.0,0.0,False,train
2025-12-09 02:52:00+00:00,sushiswap_v2,0xceff51756c56ceffca006cd410b03ffc46dd3a58,28.942115995136426,163.42303417,4729.808411225284,0,0.0,0.0,True,train
2025-12-09 02:52:00+00:00,uniswap_v2,0xbb2b8038a1640196fbe3e38816f3e67cba72d940,28.942211682681545,73.355747,2123.0775578152316,0,0.0,0.0,True,train
2025-12-09 02:53:00+00:00,sushiswap_v2,0xceff51756c56ceffca006cd410b03ffc46dd3a58,28.942115995136426,163.42303417,4729.808411225284,0,0.0,0.0,True,train
2025-12-09 02:53:00+00:00,uniswap_v2,0xbb2b8038a1640196fbe3e38816f3e67cba72d940,28.942211682681545,73.355747,2123.0775578152316,0,0.0,0.0,True,train
2025-12-09 02:54:00+00:00,sushiswap_v2,0xceff51756c56ceffca006cd410b03ffc46dd3a58,28.942115995136426,163.42303417,4729.808411225284,0,0.0,0.0,True,train
2025-12-09 02:54:00+00:00,uniswap_v2,0xbb2b8038a1640196fbe3e38816f3e67cba72d940,28.942211682681545,73.355747,2123.0775578152316,0,0.0,0.0,True,train
2025-12-09 02:55:00+00:00,sushiswap_v2,0xceff51756c56ceffca006cd410b03ffc46dd3a58,28.942115995136426,163.42303417,4729.808411225284,0,0.0,0.0,True,train
2025-12-09 02:55:00+00:00,uniswap_v2,0xbb2b8038a1640196fbe3e38816f3e67cba72d940,28.942211682681545,73.355747,2123.0775578152316,0,0.0,0.0,True,train
2025-12-09 02:56:00+00:00,sushiswap_v2,0xceff51756c56ceffca006cd410b03ffc46dd3a58,28.942115995136426,163.42303417,4729.808411225284,0,0.0,0.0,True,train
2025-12-09 02:56:00+00:00,uniswap_v2,0xbb2b8038a1640196fbe3e38816f3e67cba72d940,28.942211682681545,73.355747,2123.0775578152316,0,0.0,0.0,True,train
2025-12-09 02:57:00+00:00,sushiswap_v2,0xceff51756c56ceffca006cd410b03ffc46dd3a58,28.942115995136426,163.42303417,4729.808411225284,0,0.0,0.0,True,train
2025-12-09 02:57:00+00:00,uniswap_v2,0xbb2b8038a1640196fbe3e38816f3e67cba72d940,28.942211682681545,73.355747,2123.0775578152316,0,0.0,0.0,True,train
2025-12-09 02:58:00+00:00,sushiswap_v2,0xceff51756c56ceffca006cd410b03ffc46dd3a58,28.942115995136426,163.42303417,4729.808411225284,0,0.0,0.0,True,train
2025-12-09 02:58:00+00:00,uniswap_v2,0xbb2b8038a1640196fbe3e38816f3e67cba72d940,28.942211682681545,73.355747,2123.0775578152316,0,0.0,0.0,True,train
2025-12-09 02:59:00+00:00,sushiswap_v2,0xceff51756c56ceffca006cd410b03ffc46dd3a58,28.942115995136426,163.42303417,4729.808411225284,0,0.0,0.0,True,train
2025-12-09 02:59:00+00:00,uniswap_v2,0xbb2b8038a1640196fbe3e38816f3e67cba72d940,28.942211682681545,73.355747,2123.0775578152316,0,0.0,0.0,True,train
2025-12-09 03:00:00+00:00,sushiswap_v2,0xceff51756c56ceffca006cd410b03ffc46dd3a58,28.951146636124268,163.39758245,4730.547369498155,1,0.02545172,0.7389582728711706,False,train
2025-12-09 03:00:00+00:00,uniswap_v2,0xbb2b8038a1640196fbe3e38816f3e67cba72d940,28.951146474043387,73.34444375,2123.405734063486,1,0.01130325,0.3281762482542235,False,train
2025-12-09 03:01:00+00:00,sushiswap_v2,0xceff51756c56ceffca006cd410b03ffc46dd3a58,28.951146636124268,163.39758245,4730.547369498155,0,0.0,0.0,False,train
2025-12-09 03:01:00+00:00,uniswap_v2,0xbb2b8038a1640196fbe3e38816f3e67cba72d940,28.951146474043387,73.34444375,2123.405734063486,0,0.0,0.0,False,train
2025-12-09 03:02:00+00:00,sushiswap_v2,0xceff51756c56ceffca006cd410b03ffc46dd3a58,28.951146636124268,163.39758245,4730.547369498155,0,0.0,0.0,False,train
2025-12-09 03:02:00+00:00,uniswap_v2,0xbb2b8038a1640196fbe3e38816f3e67cba72d940,28.951146474043387,73.34444375,2123.405734063486,0,0.0,0.0,False,train
2025-12-09 03:03:00+00:00,sushiswap_v2,0xceff51756c56ceffca006cd410b03ffc46dd3a58,28.951146636124268,163.39758245,4730.547369498155,0,0.0,0.0,False,train
2025-12-09 03:03:00+00:00,uniswap_v2,0xbb2b8038a1640196fbe3e38816f3e67cba72d940,28.951146474043387,73.34444375,2123.405734063486,0,0.0,0.0,False,train
2025-12-09 03:04:00+00:00,sushiswap_v2,0xceff51756c56ceffca006cd410b03ffc46dd3a58,28.951146636124268,163.39758245,4730.547369498155,0,0.0,0.0,False,train
2025-12-09 03:04:00+00:00,uniswap_v2,0xbb2b8038a1640196fbe3e38816f3e67cba72d940,28.951146474043387,73.34444375,2123.405734063486,0,0.0,0.0,False,train
2025-12-09 03:05:00+00:00,sushiswap_v2,0xceff51756c56ceffca006cd410b03ffc46dd3a58,28.951146636124268,163.39758245,4730.547369498155,0,0.0,0.0,False,train
2025-12-09 03:05:00+00:00,uniswap_v2,0xbb2b8038a1640196fbe3e38816f3e67cba72d940,28.951146474043387,73.34444375,2123.405734063486,0,0.0,0.0,False,train
2025-12-09 03:06:00+00:00,sushiswap_v2,0xceff51756c56ceffca006cd410b03ffc46dd3a58,28.951146636124268,163.39758245,4730.547369498155,0,0.0,0.0,False,train
2025-12-09 03:06:00+00:00,uniswap_v2,0xbb2b8038a1640196fbe3e38816f3e67cba72d940,28.951146474043387,73.34444375,2123.405734063486,0,0.0,0.0,False,train
2025-12-09 03:07:00+00:00,sushiswap_v2,0xceff51756c56ceffca006cd410b03ffc46dd3a58,28.951146636124268,163.39758245,4730.547369498155,0,0.0,0.0,False,train
2025-12-09 03:07:00+00:00,uniswap_v2,0xbb2b8038a1640196fbe3e38816f3e67cba72d940,28.951146474043387,73.34444375,2123.405734063486,0,0.0,0.0,False,train
2025-12-09 03:08:00+00:00,sushiswap_v2,0xceff51756c56ceffca006cd410b03ffc46dd3a58,28.951146636124268,163.39758245,4730.547369498155,0,0.0,0.0,False,train
2025-12-09 03:08:00+00:00,uniswap_v2,0xbb2b8038a1640196fbe3e38816f3e67cba72d940,28.951146474043387,73.34444375,2123.405734063486,0,0.0,0.0,False,train
2025-12-09 03:09:00+00:00,sushiswap_v2,0xceff51756c56ceffca006cd410b03ffc46dd3a58,28.951146636124268,163.39758245,4730.547369498155,0,0.0,0.0,False,train
2025-12-09 03:09:00+00:00,uniswap_v2,0xbb2b8038a1640196fbe3e38816f3e67cba72d940,28.951146474043387,73.34444375,2123.405734063486,0,0.0,0.0,False,train
2025-12-09 03:10:00+00:00,sushiswap_v2,0xceff51756c56ceffca006cd410b03ffc46dd3a58,28.951146636124268,163.39758245,4730.547369498155,0,0.0,0.0,False,train
2025-12-09 03:10:00+00:00,uniswap_v2,0xbb2b8038a1640196fbe3e38816f3e67cba72d940,28.951146474043387,73.34444375,2123.405734063486,0,0.0,0.0,False,train
2025-12-09 03:11:00+00:00,sushiswap_v2,0xceff51756c56ceffca006cd410b03ffc46dd3a58,28.951146636124268,163.39758245,4730.547369498155,0,0.0,0.0,False,train
2025-12-09 03:11:00+00:00,uniswap_v2,0xbb2b8038a1640196fbe3e38816f3e67cba72d940,28.951146474043387,73.34444375,2123.405734063486,0,0.0,0.0,False,train
2025-12-09 03:12:00+00:00,sushiswap_v2,0xceff51756c56ceffca006cd410b03ffc46dd3a58,28.951146636124268,163.39758245,4730.547369498155,0,0.0,0.0,False,train
2025-12-09 03:12:00+00:00,uniswap_v2,0xbb2b8038a1640196fbe3e38816f3e67cba72d940,28.951146474043387,73.34444375,2123.405734063486,0,0.0,0.0,False,train
2025-12-09 03:13:00+00:00,sushiswap_v2,0xceff51756c56ceffca006cd410b03ffc46dd3a58,28.951146636124268,163.39758245,4730.547369498155,0,0.0,0.0,False,train
2025-12-09 03:13:00+00:00,uniswap_v2,0xbb2b8038a1640196fbe3e38816f3e67cba72d940,28.951146474043387,73.34444375,2123.405734063486,0,0.0,0.0,False,train
2025-12-09 03:14:00+00:00,sushiswap_v2,0xceff51756c56ceffca006cd410b03ffc46dd3a58,28.951146636124268,163.39758245,4730.547369498155,0,0.0,0.0,False,train
2025-12-09 03:14:00+00:00,uniswap_v2,0xbb2b8038a1640196fbe3e38816f3e67cba72d940,28.951146474043387,73.34444375,2123.405734063486,0,0.0,0.0,False,train
2025-12-09 03:15:00+00:00,sushiswap_v2,0xceff51756c56ceffca006cd410b03ffc46dd3a58,28.951146636124268,163.39758245,4730.547369498155,0,0.0,0.0,False,train
2025-12-09 03:15:00+00:00,uniswap_v2,0xbb2b8038a1640196fbe3e38816f3e67cba72d940,28.951146474043387,73.34444375,2123.405734063486,0,0.0,0.0,False,train
2025-12-09 03:16:00+00:00,sushiswap_v2,0xceff51756c56ceffca006cd410b03ffc46dd3a58,28.951146636124268,163.39758245,4730.547369498155,0,0.0,0.0,True,train
2025-12-09 03:16:00+00:00,uniswap_v2,0xbb2b8038a1640196fbe3e38816f3e67cba72d940,28.951146474043387,73.34444375,2123.405734063486,0,0.0,0.0,True,train
2025-12-09 03:17:00+00:00,sushiswap_v2,0xceff51756c56ceffca006cd410b03ffc46dd3a58,28.951146636124268,163.39758245,4730.547369498155,0,0.0,0.0,True,train
2025-12-09 03:17:00+00:00,uniswap_v2,0xbb2b8038a1640196fbe3e38816f3e67cba72d940,28.951146474043387,73.34444375,2123.405734063486,0,0.0,0.0,True,train
2025-12-09 03:18:00+00:00,sushiswap_v2,0xceff51756c56ceffca006cd410b03ffc46dd3a58,28.951146636124268,163.39758245,4730.547369498155,0,0.0,0.0,True,train
2025-12-09 03:18:00+00:00,uniswap_v2,0xbb2b8038a1640196fbe3e38816f3e67cba72d940,28.951146474043387,73.34444375,2123.405734063486,0,0.0,0.0,True,train
2025-12-09 03:19:00+00:00,sushiswap_v2,0xceff51756c56ceffca006cd410b03ffc46dd3a58,28.951146636124268,163.39758245,4730.547369498155,0,0.0,0.0,True,train
2025-12-09 03:19:00+00:00,uniswap_v2,0xbb2b8038a1640196fbe3e38816f3e67cba72d940,28.951146474043387,73.34444375,2123.405734063486,0,0.0,0.0,True,train
2025-12-09 03:20:00+00:00,sushiswap_v2,0xceff51756c56ceffca006cd410b03ffc46dd3a58,28.951146636124268,163.39758245,4730.547369498155,0,0.0,0.0,True,train
2025-12-09 03:20:00+00:00,uniswap_v2,0xbb2b8038a1640196fbe3e38816f3e67cba72d940,28.951146474043387,73.34444375,2123.405734063486,0,0.0,0.0,True,train
2025-12-09 03:21:00+00:00,sushiswap_v2,0xceff51756c56ceffca006cd410b03ffc46dd3a58,28.951146636124268,163.39758245,4730.547369498155,0,0.0,0.0,True,train
2025-12-09 03:21:00+00:00,uniswap_v2,0xbb2b8038a1640196fbe3e38816f3e67cba72d940,28.951146474043387,73.34444375,2123.405734063486,0,0.0,0.0,True,train
2025-12-09 03:22:00+00:00,sushiswap_v2,0xceff51756c56ceffca006cd410b03ffc46dd3a58,28.951146636124268,163.39758245,4730.547369498155,0,0.0,0.0,True,train
2025-12-09 03:22:00+00:00,uniswap_v2,0xbb2b8038a1640196fbe3e38816f3e67cba72d940,28.951146474043387,73.34444375,2123.405734063486,0,0.0,0.0,True,train
2025-12-09 03:23:00+00:00,sushiswap_v2,0xceff51756c56ceffca006cd410b03ffc46dd3a58,28.951146636124268,163.39758245,4730.547369498155,0,0.0,0.0,True,train
2025-12-09 03:23:00+00:00,uniswap_v2,0xbb2b8038a1640196fbe3e38816f3e67cba72d940,28.951146474043387,73.34444375,2123.405734063486,0,0.0,0.0,True,train
2025-12-09 03:24:00+00:00,sushiswap_v2,0xceff51756c56ceffca006cd410b03ffc46dd3a58,28.951146636124268,163.39758245,4730.547369498155,0,0.0,0.0,True,train
2025-12-09 03:24:00+00:00,uniswap_v2,0xbb2b8038a1640196fbe3e38816f3e67cba72d940,28.951146474043387,73.34444375,2123.405734063486,0,0.0,0.0,True,train
2025-12-09 03:25:00+00:00,sushiswap_v2,0xceff51756c56ceffca006cd410b03ffc46dd3a58,28.951146636124268,163.39758245,4730.547369498155,0,0.0,0.0,True,train
2025-12-09 03:25:00+00:00,uniswap_v2,0xbb2b8038a1640196fbe3e38816f3e67cba72d940,28.951146474043387,73.34444375,2123.405734063486,0,0.0,0.0,True,train
2025-12-09 03:26:00+00:00,sushiswap_v2,0xceff51756c56ceffca006cd410b03ffc46dd3a58,28.951146636124268,163.39758245,4730.547369498155,0,0.0,0.0,True,train
2025-12-09 03:26:00+00:00,uniswap_v2,0xbb2b8038a1640196fbe3e38816f3e67cba72d940,28.951146474043387,73.34444375,2123.405734063486,0,0.0,0.0,True,train
2025-12-09 03:27:00+00:00,sushiswap_v2,0xceff51756c56ceffca006cd410b03ffc46dd3a58,28.951146636124268,163.39758245,4730.547369498155,0,0.0,0.0,True,train
2025-12-09 03:27:00+00:00,uniswap_v2,0xbb2b8038a1640196fbe3e38816f3e67cba72d940,28.951146474043387,73.34444375,2123.405734063486,0,0.0,0.0,True,train
2025-12-09 03:28:00+00:00,sushiswap_v2,0xceff51756c56ceffca006cd410b03ffc46dd3a58,28.951146636124268,163.39758245,4730.547369498155,0,0.0,0.0,True,train
2025-12-09 03:28:00+00:00,uniswap_v2,0xbb2b8038a1640196fbe3e38816f3e67cba72d940,28.951146474043387,73.34444375,2123.405734063486,0,0.0,0.0,True,train
2025-12-09 03:29:00+00:00,sushiswap_v2,0xceff51756c56ceffca006cd410b03ffc46dd3a58,28.951146636124268,163.39758245,4730.547369498155,0,0.0,0.0,True,train
2025-12-09 03:29:00+00:00,uniswap_v2,0xbb2b8038a1640196fbe3e38816f3e67cba72d940,28.951146474043387,73.34444375,2123.405734063486,0,0.0,0.0,True,train
2025-12-09 03:30:00+00:00,sushiswap_v2,0xceff51756c56ceffca006cd410b03ffc46dd3a58,28.951146636124268,163.39758245,4730.547369498155,0,0.0,0.0,True,train
2025-12-09 03:30:00+00:00,uniswap_v2,0xbb2b8038a1640196fbe3e38816f3e67cba72d940,28.951146474043387,73.34444375,2123.405734063486,0,0.0,0.0,True,train
2025-12-09 03:31:00+00:00,sushiswap_v2,0xceff51756c56ceffca006cd410b03ffc46dd3a58,28.951146636124268,163.39758245,4730.547369498155,0,0.0,0.0,True,train
2025-12-09 03:31:00+00:00,uniswap_v2,0xbb2b8038a1640196fbe3e38816f3e67cba72d940,28.951146474043387,73.34444375,2123.405734063486,0,0.0,0.0,True,train
2025-12-09 03:32:00+00:00,sushiswap_v2,0xceff51756c56ceffca006cd410b03ffc46dd3a58,28.951146636124268,163.39758245,4730.547369498155,0,0.0,0.0,True,train
2025-12-09 03:32:00+00:00,uniswap_v2,0xbb2b8038a1640196fbe3e38816f3e67cba72d940,28.951146474043387,73.34444375,2123.405734063486,0,0.0,0.0,True,train
2025-12-09 03:33:00+00:00,sushiswap_v2,0xceff51756c56ceffca006cd410b03ffc46dd3a58,28.951146636124268,163.39758245,4730.547369498155,0,0.0,0.0,True,train
2025-12-09 03:33:00+00:00,uniswap_v2,0xbb2b8038a1640196fbe3e38816f3e67cba72d940,28.951146474043387,73.34444375,2123.405734063486,0,0.0,0.0,True,train
2025-12-09 03:34:00+00:00,sushiswap_v2,0xceff51756c56ceffca006cd410b03ffc46dd3a58,28.951146636124268,163.39758245,4730.547369498155,0,0.0,0.0,True,train
