timestamp,pool_count,total_pair_count,known_fee_pair_count,selection_basis,buy_pool_address,sell_pool_address,buy_pool_name,sell_pool_name,buy_dex,sell_dex,buy_price_usd,sell_price_usd,buy_high_usd,buy_low_usd,sell_high_usd,sell_low_usd,observed_spread_bps,optimistic_spread_bps,conservative_spread_bps,buy_fee_bps,sell_fee_bps,explicit_fee_total_bps,explicit_fee_known,fee_adjusted_spread_bps,conservative_fee_adjusted_spread_bps,buy_volume_usd,sell_volume_usd,min_pool_volume_usd,total_volume_usd,buy_reserve_usd,sell_reserve_usd,min_pool_reserve_usd,buy_fee_source,sell_fee_source
2026-03-16 08:00:00+00:00,3,6,6,fee_adjusted_spread_bps,0x319c0dd36284ac24a6b2bee73929f699b9f48c38,0x73b14a78a0d396c521f954532d43fd5ffe385216,WETH / WBTC 0.05%,WETH / WBTC 0.3%,velodrome-finance-slipstream,uniswap_v3_optimism,72989.5773396125,73289.9608862222,73540.2374963212,72787.4536607966,73289.9608862222,73289.9608862222,41.154306896729054,69.03761570879796,-34.03260835424082,5.0,30.0,35.0,True,6.154306896729054,-69.03260835424082,43592.95685452054,0.0,0.0,43592.95685452054,471010.6933,791688.8575,471010.6933,api_detail,api_detail
2026-03-16 09:00:00+00:00,3,6,6,fee_adjusted_spread_bps,0x73b14a78a0d396c521f954532d43fd5ffe385216,0x319c0dd36284ac24a6b2bee73929f699b9f48c38,WETH / WBTC 0.3%,WETH / WBTC 0.05%,uniswap_v3_optimism,velodrome-finance-slipstream,72933.2160522105,73092.9775320332,73289.9608862222,72902.0016809895,73212.4060759994,72849.8274245079,21.905174140179895,42.57830894248915,-60.05371764320921,30.0,5.0,35.0,True,-13.094825859820105,-95.05371764320921,10502.880609372058,27855.089532723006,10502.880609372058,38357.970142095066,791688.8575,471010.6933,471010.6933,api_detail,api_detail
2026-03-16 10:00:00+00:00,3,6,6,fee_adjusted_spread_bps,0x73b14a78a0d396c521f954532d43fd5ffe385216,0x319c0dd36284ac24a6b2bee73929f699b9f48c38,WETH / WBTC 0.3%,WETH / WBTC 0.05%,uniswap_v3_optimism,velodrome-finance-slipstream,73043.4636834961,73538.5015402235,73142.4259857348,72933.2160522105,73538.5015402235,72980.7061179342,67.77305343465656,82.9917451576101,-22.11026850984399,30.0,5.0,35.0,True,32.77305343465656,-57.11026850984399,11201.539736608318,48256.39262438241,11201.539736608318,59457.93236099073,791688.8575,471010.6933,471010.6933,api_detail,api_detail
2026-03-16 11:00:00+00:00,3,6,6,fee_adjusted_spread_bps,0x73b14a78a0d396c521f954532d43fd5ffe385216,0x319c0dd36284ac24a6b2bee73929f699b9f48c38,WETH / WBTC 0.3%,WETH / WBTC 0.05%,uniswap_v3_optimism,velodrome-finance-slipstream,73043.4636834961,73408.3432722538,73043.4636834961,73043.4636834961,73649.730426187,73058.5147119361,49.95376319211209,83.00082062344671,2.060557876228941,30.0,5.0,35.0,True,14.953763192112092,-32.93944212377106,0.0,66825.74682419005,0.0,66825.74682419005,791688.8575,471010.6933,471010.6933,api_detail,api_detail
2026-03-16 12:00:00+00:00,3,6,6,fee_adjusted_spread_bps,0x319c0dd36284ac24a6b2bee73929f699b9f48c38,0x689a850f62b41d89b5e5c3465cd291374b215813,WETH / WBTC 0.05%,WETH / WBTC 0.3%,velodrome-finance-slipstream,sushiswap-v3-optimism,73615.7777667834,73635.2185006944,73954.1181327232,73070.5606768021,73743.1638569491,73143.2266246735,2.6408379427289574,92.04844932311218,-109.64791799618622,5.0,30.0,35.0,True,-32.35916205727104,-144.6479179961862,150338.8856587024,2080.455487061853,2080.455487061853,152419.34114576425,471010.6933,183752.7141,183752.7141,api_detail,api_detail
2026-03-16 13:00:00+00:00,3,6,6,fee_adjusted_spread_bps,0x319c0dd36284ac24a6b2bee73929f699b9f48c38,0x73b14a78a0d396c521f954532d43fd5ffe385216,WETH / WBTC 0.05%,WETH / WBTC 0.3%,velodrome-finance-slipstream,uniswap_v3_optimism,73770.9336954319,74021.3418909462,74212.073619579,73569.2833613584,74059.1293047433,73615.9723991916,33.94401873075603,66.5829434519405,-80.32402159291352,5.0,30.0,35.0,True,-1.055981269243972,-115.32402159291352,97514.98088931854,7892.600369868605,7892.600369868605,105407.58125918715,471010.6933,791688.8575,471010.6933,api_detail,api_detail
2026-03-16 14:00:00+00:00,3,6,6,fee_adjusted_spread_bps,0x689a850f62b41d89b5e5c3465cd291374b215813,0x319c0dd36284ac24a6b2bee73929f699b9f48c38,WETH / WBTC 0.3%,WETH / WBTC 0.05%,sushiswap-v3-optimism,velodrome-finance-slipstream,73001.0016053225,73275.3367013756,74020.340398938,72974.1443109515,74255.3971068775,72864.88883017,37.579634528344116,175.5762685570428,-156.09919686137675,30.0,5.0,35.0,True,2.5796345283441156,-191.09919686137675,615.7636094973534,107190.24641575375,615.7636094973534,107806.0100252511,183752.7141,471010.6933,183752.7141,api_detail,api_detail
2026-03-16 15:00:00+00:00,3,6,6,fee_adjusted_spread_bps,0x319c0dd36284ac24a6b2bee73929f699b9f48c38,0x689a850f62b41d89b5e5c3465cd291374b215813,WETH / WBTC 0.05%,WETH / WBTC 0.3%,velodrome-finance-slipstream,sushiswap-v3-optimism,73154.8885723182,73224.1735256936,73745.5208980803,73103.8052198524,73224.1735256936,73001.0016053225,9.470994314604297,16.465395403044703,-100.95790004477135,5.0,30.0,35.0,True,-25.529005685395703,-135.95790004477135,52872.087053714175,34.5691323214799,34.5691323214799,52906.65618603565,471010.6933,183752.7141,183752.7141,api_detail,api_detail
2026-03-16 16:00:00+00:00,3,6,6,fee_adjusted_spread_bps,0x73b14a78a0d396c521f954532d43fd5ffe385216,0x319c0dd36284ac24a6b2bee73929f699b9f48c38,WETH / WBTC 0.3%,WETH / WBTC 0.05%,uniswap_v3_optimism,velodrome-finance-slipstream,73556.1963185944,73608.2720409183,73579.5558144217,73046.0350475,73694.1470520411,72994.5650445917,7.0797193071725495,88.72651391956366,-79.5045258638749,30.0,5.0,35.0,True,-27.92028069282745,-114.5045258638749,5821.625683332475,66399.47047563342,5821.625683332475,72221.0961589659,791688.8575,471010.6933,471010.6933,api_detail,api_detail
2026-03-16 17:00:00+00:00,3,6,6,fee_adjusted_spread_bps,0x73b14a78a0d396c521f954532d43fd5ffe385216,0x319c0dd36284ac24a6b2bee73929f699b9f48c38,WETH / WBTC 0.3%,WETH / WBTC 0.05%,uniswap_v3_optimism,velodrome-finance-slipstream,73680.2350101797,73730.4225949335,73687.8434918077,73430.2325320136,73875.0347119299,73429.1236853807,6.811539722539894,60.57480203707222,-35.11024263530671,30.0,5.0,35.0,True,-28.188460277460106,-70.11024263530672,17226.52854081057,62625.244244937974,17226.52854081057,79851.77278574854,791688.8575,471010.6933,471010.6933,api_detail,api_detail
2026-03-16 18:00:00+00:00,3,6,6,fee_adjusted_spread_bps,0x319c0dd36284ac24a6b2bee73929f699b9f48c38,0x689a850f62b41d89b5e5c3465cd291374b215813,WETH / WBTC 0.05%,WETH / WBTC 0.3%,velodrome-finance-slipstream,sushiswap-v3-optimism,73828.633157684,74007.3921890782,74196.1235664289,73667.2377909363,74007.3921890782,73694.3735254755,24.21269685602745,46.174447195541646,-67.62483224668325,5.0,30.0,35.0,True,-10.78730314397255,-102.62483224668325,67073.32625818082,1251.3692328324698,1251.3692328324698,68324.69549101329,471010.6933,183752.7141,183752.7141,api_detail,api_detail
2026-03-16 19:00:00+00:00,3,6,6,fee_adjusted_spread_bps,0x73b14a78a0d396c521f954532d43fd5ffe385216,0x319c0dd36284ac24a6b2bee73929f699b9f48c38,WETH / WBTC 0.3%,WETH / WBTC 0.05%,uniswap_v3_optimism,velodrome-finance-slipstream,73710.4104921726,73916.1652011987,74000.7278385799,73710.4104921726,74167.6111801987,73650.6090658808,27.913927985512288,62.026609941976396,-47.312882308783166,30.0,5.0,35.0,True,-7.086072014487712,-82.31288230878317,2626.021663799143,56270.54307402602,2626.021663799143,58896.56473782516,791688.8575,471010.6933,471010.6933,api_detail,api_detail
2026-03-16 20:00:00+00:00,3,6,6,fee_adjusted_spread_bps,0x689a850f62b41d89b5e5c3465cd291374b215813,0x319c0dd36284ac24a6b2bee73929f699b9f48c38,WETH / WBTC 0.3%,WETH / WBTC 0.05%,sushiswap-v3-optimism,velodrome-finance-slipstream,73862.0410339565,74053.7621510903,73867.9166080943,73725.0436751698,74113.7128685215,73697.987057156,25.956650324034936,52.71874711450408,-23.004513832419747,30.0,5.0,35.0,True,-9.043349675965064,-58.00451383241975,319.9575497305779,33453.14676979904,319.9575497305779,33773.104319529615,183752.7141,471010.6933,183752.7141,api_detail,api_detail
2026-03-16 21:00:00+00:00,3,6,6,fee_adjusted_spread_bps,0x73b14a78a0d396c521f954532d43fd5ffe385216,0x319c0dd36284ac24a6b2bee73929f699b9f48c38,WETH / WBTC 0.3%,WETH / WBTC 0.05%,uniswap_v3_optimism,velodrome-finance-slipstream,73997.3738637611,74232.2057631519,74156.1390654969,73909.8653484678,74515.1436203431,73918.4734510106,31.735166686206462,81.89411102584643,-32.04935120427188,30.0,5.0,35.0,True,-3.264833313793538,-67.04935120427189,17192.57687160036,71942.9615656757,17192.57687160036,89135.53843727606,791688.8575,471010.6933,471010.6933,api_detail,api_detail
2026-03-16 22:00:00+00:00,3,6,6,fee_adjusted_spread_bps,0x689a850f62b41d89b5e5c3465cd291374b215813,0x319c0dd36284ac24a6b2bee73929f699b9f48c38,WETH / WBTC 0.3%,WETH / WBTC 0.05%,sushiswap-v3-optimism,velodrome-finance-slipstream,74523.1529525253,74549.0926820182,74695.1579203238,74084.9532221192,74794.2116671321,74126.6858187233,3.48076114136342,95.73582949919945,-76.10561613737855,30.0,5.0,35.0,True,-31.51923885863658,-111.10561613737855,1035.5458461387557,64716.336736977384,1035.5458461387557,65751.88258311614,183752.7141,471010.6933,183752.7141,api_detail,api_detail
2026-03-16 23:00:00+00:00,3,6,6,fee_adjusted_spread_bps,0x689a850f62b41d89b5e5c3465cd291374b215813,0x319c0dd36284ac24a6b2bee73929f699b9f48c38,WETH / WBTC 0.3%,WETH / WBTC 0.05%,sushiswap-v3-optimism,velodrome-finance-slipstream,74360.2457144481,74654.9455734488,74584.0907892963,74218.3919662551,74756.1945016944,74099.2130587482,39.631372404602686,72.46216486121338,-65.01087905166125,30.0,5.0,35.0,True,4.631372404602686,-100.01087905166125,1028.5235404949333,57229.50394487057,1028.5235404949333,58258.02748536551,183752.7141,471010.6933,183752.7141,api_detail,api_detail
2026-03-17 00:00:00+00:00,3,6,6,fee_adjusted_spread_bps,0x73b14a78a0d396c521f954532d43fd5ffe385216,0x319c0dd36284ac24a6b2bee73929f699b9f48c38,WETH / WBTC 0.3%,WETH / WBTC 0.05%,uniswap_v3_optimism,velodrome-finance-slipstream,74402.7097832545,74924.6592768088,75028.1683855655,74397.4114557754,75359.2173305314,74435.0299342101,70.15194676038172,129.2794810915887,-79.0554353276074,30.0,5.0,35.0,True,35.15194676038172,-114.0554353276074,7666.228737395691,100382.91676791653,7666.228737395691,108049.14550531222,791688.8575,471010.6933,471010.6933,api_detail,api_detail
2026-03-17 01:00:00+00:00,3,6,6,fee_adjusted_spread_bps,0x319c0dd36284ac24a6b2bee73929f699b9f48c38,0x73b14a78a0d396c521f954532d43fd5ffe385216,WETH / WBTC 0.05%,WETH / WBTC 0.3%,velodrome-finance-slipstream,uniswap_v3_optimism,75328.6975275932,75727.2924759399,75720.501265089,74894.2278977555,75727.2924759399,74402.7097832545,52.91409003861824,111.23214719853891,-174.03364476168193,5.0,30.0,35.0,True,17.91409003861824,-209.03364476168193,86321.47392440433,18473.55093580409,18473.55093580409,104795.02486020842,471010.6933,791688.8575,471010.6933,api_detail,api_detail
2026-03-17 02:00:00+00:00,3,6,6,fee_adjusted_spread_bps,0x319c0dd36284ac24a6b2bee73929f699b9f48c38,0x689a850f62b41d89b5e5c3465cd291374b215813,WETH / WBTC 0.05%,WETH / WBTC 0.3%,velodrome-finance-slipstream,sushiswap-v3-optimism,75005.7017374035,75701.9602517667,75426.4928084601,74883.8897628366,75701.9602517667,75701.9602517667,92.82741154809759,109.24519165884661,36.52131141853809,5.0,30.0,35.0,True,57.82741154809759,1.5213114185380903,46033.03128521119,0.0,0.0,46033.03128521119,471010.6933,183752.7141,183752.7141,api_detail,api_detail
2026-03-17 03:00:00+00:00,3,6,6,fee_adjusted_spread_bps,0x319c0dd36284ac24a6b2bee73929f699b9f48c38,0x73b14a78a0d396c521f954532d43fd5ffe385216,WETH / WBTC 0.05%,WETH / WBTC 0.3%,velodrome-finance-slipstream,uniswap_v3_optimism,74126.2318616537,74216.1892627894,75104.2214508916,74024.0537827399,75034.7398818179,74201.5131755206,12.135704038429562,136.5348217816287,-120.19407936493364,5.0,30.0,35.0,True,-22.864295961570438,-155.19407936493366,57878.07420237945,6991.79265791363,6991.79265791363,64869.866860293085,471010.6933,791688.8575,471010.6933,api_detail,api_detail
2026-03-17 04:00:00+00:00,3,6,6,fee_adjusted_spread_bps,0x319c0dd36284ac24a6b2bee73929f699b9f48c38,0x689a850f62b41d89b5e5c3465cd291374b215813,WETH / WBTC 0.05%,WETH / WBTC 0.3%,velodrome-finance-slipstream,sushiswap-v3-optimism,74102.6638767465,74275.9025388767,74502.0358930222,73803.2429155207,74275.9025388767,74179.6053770172,23.378196284324915,64.04320524194817,-43.27808121485144,5.0,30.0,35.0,True,-11.621803715675085,-78.27808121485144,63037.52417761681,193.0869692730217,193.0869692730217,63230.61114688983,471010.6933,183752.7141,183752.7141,api_detail,api_detail
2026-03-17 05:00:00+00:00,3,6,6,fee_adjusted_spread_bps,0x319c0dd36284ac24a6b2bee73929f699b9f48c38,0x689a850f62b41d89b5e5c3465cd291374b215813,WETH / WBTC 0.05%,WETH / WBTC 0.3%,velodrome-finance-slipstream,sushiswap-v3-optimism,73893.6511631299,74275.9025388767,74237.3654906185,73628.3130745057,74275.9025388767,74275.9025388767,51.72993480900389,87.9538641223121,5.191058169093932,5.0,30.0,35.0,True,16.729934809003893,-29.80894183090607,25397.200534308027,0.0,0.0,25397.200534308027,471010.6933,183752.7141,183752.7141,api_detail,api_detail
2026-03-17 06:00:00+00:00,3,6,6,fee_adjusted_spread_bps,0x319c0dd36284ac24a6b2bee73929f699b9f48c38,0x689a850f62b41d89b5e5c3465cd291374b215813,WETH / WBTC 0.05%,WETH / WBTC 0.3%,velodrome-finance-slipstream,sushiswap-v3-optimism,73859.8875054692,74046.6900069366,74112.1476407703,73610.682147584,74275.9025388767,73876.1123780523,25.291468451473786,90.37008921598976,-31.84839061230349,5.0,30.0,35.0,True,-9.708531548526214,-66.84839061230349,32278.841432523684,127.01660218257136,127.01660218257136,32405.858034706256,471010.6933,183752.7141,183752.7141,api_detail,api_detail
2026-03-17 07:00:00+00:00,3,6,6,fee_adjusted_spread_bps,0x319c0dd36284ac24a6b2bee73929f699b9f48c38,0x689a850f62b41d89b5e5c3465cd291374b215813,WETH / WBTC 0.05%,WETH / WBTC 0.3%,velodrome-finance-slipstream,sushiswap-v3-optimism,74022.8825986136,74200.5115547121,74274.7646922478,73849.3076684664,74200.5115547121,73995.7501600871,23.996492687494708,47.55682853823995,-37.56518560735556,5.0,30.0,35.0,True,-11.003507312505292,-72.56518560735556,28760.036328753125,761.3512814020463,761.3512814020463,29521.387610155172,471010.6933,183752.7141,183752.7141,api_detail,api_detail
2026-03-17 08:00:00+00:00,3,6,6,fee_adjusted_spread_bps,0x319c0dd36284ac24a6b2bee73929f699b9f48c38,0x73b14a78a0d396c521f954532d43fd5ffe385216,WETH / WBTC 0.05%,WETH / WBTC 0.3%,velodrome-finance-slipstream,uniswap_v3_optimism,74231.5563937128,74305.6282046341,74319.6057690968,73928.0940029775,74332.1758829828,73901.2534659376,9.978480112746713,54.65877153400412,-56.29097447838794,5.0,30.0,35.0,True,-25.021519887253287,-91.29097447838794,35826.69960941333,3666.087788708265,3666.087788708265,39492.787398121596,471010.6933,791688.8575,471010.6933,api_detail,api_detail
2026-03-17 09:00:00+00:00,3,6,6,fee_adjusted_spread_bps,0x319c0dd36284ac24a6b2bee73929f699b9f48c38,0x73b14a78a0d396c521f954532d43fd5ffe385216,WETH / WBTC 0.05%,WETH / WBTC 0.3%,velodrome-finance-slipstream,uniswap_v3_optimism,73736.3503260154,73870.5711029368,74231.5563937128,73714.5099907841,74305.6282046341,73870.5711029368,18.20279635864175,80.19021138767401,-48.62962711725927,5.0,30.0,35.0,True,-16.79720364135825,-83.62962711725928,44146.24115671432,5333.645619041254,5333.645619041254,49479.88677575557,471010.6933,791688.8575,471010.6933,api_detail,api_detail
2026-03-17 10:00:00+00:00,3,6,6,fee_adjusted_spread_bps,0x689a850f62b41d89b5e5c3465cd291374b215813,0x319c0dd36284ac24a6b2bee73929f699b9f48c38,WETH / WBTC 0.3%,WETH / WBTC 0.05%,sushiswap-v3-optimism,velodrome-finance-slipstream,73492.6287070515,73579.8602716764,73861.7336349237,73492.6287070515,73806.7682721167,73432.5229584171,11.869430466642239,42.7443636990299,-58.11001927304549,30.0,5.0,35.0,True,-23.13056953335776,-93.11001927304548,15.8744078007231,32363.65588509675,15.8744078007231,32379.53029289747,183752.7141,471010.6933,183752.7141,api_detail,api_detail
2026-03-17 11:00:00+00:00,3,6,6,fee_adjusted_spread_bps,0x73b14a78a0d396c521f954532d43fd5ffe385216,0x319c0dd36284ac24a6b2bee73929f699b9f48c38,WETH / WBTC 0.3%,WETH / WBTC 0.05%,uniswap_v3_optimism,velodrome-finance-slipstream,73713.3749251443,73823.6671753701,73771.3334987116,73564.1132688971,74063.6799426359,73515.6945763293,14.962311837953823,67.9090186151976,-34.652880767941376,30.0,5.0,35.0,True,-20.037688162046177,-69.65288076794138,15685.263917710237,27236.357626904664,15685.263917710237,42921.6215446149,791688.8575,471010.6933,471010.6933,api_detail,api_detail
2026-03-17 12:00:00+00:00,3,6,6,fee_adjusted_spread_bps,0x319c0dd36284ac24a6b2bee73929f699b9f48c38,0x689a850f62b41d89b5e5c3465cd291374b215813,WETH / WBTC 0.05%,WETH / WBTC 0.3%,velodrome-finance-slipstream,sushiswap-v3-optimism,73558.8943752655,73754.7194594156,74005.5984112628,73525.2780977382,73754.7194594156,73754.7194594156,26.621537179594146,31.20577951060577,-33.89999638311436,5.0,30.0,35.0,True,-8.378462820405854,-68.89999638311437,35407.67158667783,0.0,0.0,35407.67158667783,471010.6933,183752.7141,183752.7141,api_detail,api_detail
2026-03-17 13:00:00+00:00,3,6,6,fee_adjusted_spread_bps,0x73b14a78a0d396c521f954532d43fd5ffe385216,0x319c0dd36284ac24a6b2bee73929f699b9f48c38,WETH / WBTC 0.3%,WETH / WBTC 0.05%,uniswap_v3_optimism,velodrome-finance-slipstream,73265.3172686346,73324.4242630638,73713.3749251443,73265.3172686346,73975.0830965669,73246.9744162401,8.067527260202656,96.87610105199917,-63.27216863667107,30.0,5.0,35.0,True,-26.932472739797344,-98.27216863667107,12113.721171722691,58753.12153759196,12113.721171722691,70866.84270931465,791688.8575,471010.6933,471010.6933,api_detail,api_detail
2026-03-17 14:00:00+00:00,3,6,6,fee_adjusted_spread_bps,0x689a850f62b41d89b5e5c3465cd291374b215813,0x73b14a78a0d396c521f954532d43fd5ffe385216,WETH / WBTC 0.3%,WETH / WBTC 0.3%,sushiswap-v3-optimism,uniswap_v3_optimism,73268.9443485372,74359.7087338161,73268.9443485372,73268.9443485372,74371.7632519955,73265.3172686346,148.87131171020806,150.51655421869148,-0.49503646256443545,30.0,30.0,60.0,True,88.87131171020806,-60.495036462564435,0.0,132.1861854922104,0.0,132.1861854922104,183752.7141,791688.8575,183752.7141,api_detail,api_detail
2026-03-17 15:00:00+00:00,3,6,6,fee_adjusted_spread_bps,0x319c0dd36284ac24a6b2bee73929f699b9f48c38,0x73b14a78a0d396c521f954532d43fd5ffe385216,WETH / WBTC 0.05%,WETH / WBTC 0.3%,velodrome-finance-slipstream,uniswap_v3_optimism,73801.6529116228,74103.8316934639,74585.5028070981,72642.6062361717,74515.9453645001,72966.2350770075,40.94471734975347,257.88434988660794,-217.10220741938957,5.0,30.0,35.0,True,5.944717349753468,-252.10220741938957,178681.34462055832,148721.0985123655,148721.0985123655,327402.4431329238,471010.6933,791688.8575,471010.6933,api_detail,api_detail
2026-03-17 16:00:00+00:00,3,6,6,fee_adjusted_spread_bps,0x689a850f62b41d89b5e5c3465cd291374b215813,0x319c0dd36284ac24a6b2bee73929f699b9f48c38,WETH / WBTC 0.3%,WETH / WBTC 0.05%,sushiswap-v3-optimism,velodrome-finance-slipstream,73635.0759109312,73962.0677864431,73635.0759109312,73635.0759109312,74091.2481262551,73628.2375960163,44.40708065643007,61.95039655770618,-0.9286762905180712,30.0,5.0,35.0,True,9.407080656430068,-35.92867629051807,0.0,21070.55773730201,0.0,21070.55773730201,183752.7141,471010.6933,183752.7141,api_detail,api_detail
2026-03-17 17:00:00+00:00,3,6,6,fee_adjusted_spread_bps,0x689a850f62b41d89b5e5c3465cd291374b215813,0x319c0dd36284ac24a6b2bee73929f699b9f48c38,WETH / WBTC 0.3%,WETH / WBTC 0.05%,sushiswap-v3-optimism,velodrome-finance-slipstream,73635.0759109312,74271.4815134,73635.0759109312,73635.0759109312,74371.8893505207,73870.1785024102,86.42696358982293,100.0628342504517,31.928070769340344,30.0,5.0,35.0,True,51.42696358982293,-3.0719292306596557,0.0,20436.790778706003,0.0,20436.790778706003,183752.7141,471010.6933,183752.7141,api_detail,api_detail
2026-03-17 18:00:00+00:00,3,6,6,fee_adjusted_spread_bps,0x319c0dd36284ac24a6b2bee73929f699b9f48c38,0x689a850f62b41d89b5e5c3465cd291374b215813,WETH / WBTC 0.05%,WETH / WBTC 0.3%,velodrome-finance-slipstream,sushiswap-v3-optimism,74417.6890369062,74546.0674157303,74554.5535118459,74179.6029303713,74546.0674157303,73635.0759109312,17.251056904015183,49.40232501688957,-123.32950270684594,5.0,30.0,35.0,True,-17.748943095984817,-158.32950270684594,16947.85223022452,212.9432639113196,212.9432639113196,17160.795494135837,471010.6933,183752.7141,183752.7141,api_detail,api_detail
2026-03-17 19:00:00+00:00,3,6,6,fee_adjusted_spread_bps,0x73b14a78a0d396c521f954532d43fd5ffe385216,0x319c0dd36284ac24a6b2bee73929f699b9f48c38,WETH / WBTC 0.3%,WETH / WBTC 0.05%,uniswap_v3_optimism,velodrome-finance-slipstream,74292.9504235902,74293.5590263505,74561.7487259668,74292.9504235902,74580.0401248626,74220.059153409,0.08191931493151117,38.64292636589717,-45.82638932109639,30.0,5.0,35.0,True,-34.91808068506849,-80.8263893210964,9974.84816571514,21228.553624624736,9974.84816571514,31203.401790339878,791688.8575,471010.6933,471010.6933,api_detail,api_detail
2026-03-17 20:00:00+00:00,3,6,6,fee_adjusted_spread_bps,0x73b14a78a0d396c521f954532d43fd5ffe385216,0x319c0dd36284ac24a6b2bee73929f699b9f48c38,WETH / WBTC 0.3%,WETH / WBTC 0.05%,uniswap_v3_optimism,velodrome-finance-slipstream,74292.9504235902,74319.589829683,74292.9504235902,74292.9504235902,74431.2695464242,74141.691012011,3.5857246132930953,18.61806834233315,-20.359860621603776,30.0,5.0,35.0,True,-31.414275386706905,-55.35986062160377,0.0,13787.881004009196,0.0,13787.881004009196,791688.8575,471010.6933,471010.6933,api_detail,api_detail
2026-03-17 21:00:00+00:00,3,6,6,fee_adjusted_spread_bps,0x689a850f62b41d89b5e5c3465cd291374b215813,0x319c0dd36284ac24a6b2bee73929f699b9f48c38,WETH / WBTC 0.3%,WETH / WBTC 0.05%,sushiswap-v3-optimism,velodrome-finance-slipstream,74249.5542942478,74453.0404635405,74293.5590263505,74249.5542942478,74572.9629306596,74241.1771536614,27.405709196082206,43.55698017123988,-7.05066137301702,30.0,5.0,35.0,True,-7.594290803917794,-42.05066137301702,61.0977079671303,20901.603454511216,61.0977079671303,20962.701162478348,183752.7141,471010.6933,183752.7141,api_detail,api_detail
2026-03-17 22:00:00+00:00,3,6,6,fee_adjusted_spread_bps,0x73b14a78a0d396c521f954532d43fd5ffe385216,0x319c0dd36284ac24a6b2bee73929f699b9f48c38,WETH / WBTC 0.3%,WETH / WBTC 0.05%,uniswap_v3_optimism,velodrome-finance-slipstream,73764.046977031,74031.4214732184,74267.8767517583,73759.6357428782,74628.6017944059,73756.9719270756,36.24726504914521,117.81051286056554,-68.7921678965464,30.0,5.0,35.0,True,1.2472650491452129,-103.7921678965464,2573.9993632404185,15221.93240219725,2573.9993632404185,17795.93176543767,791688.8575,471010.6933,471010.6933,api_detail,api_detail
2026-03-17 23:00:00+00:00,3,6,6,fee_adjusted_spread_bps,0x319c0dd36284ac24a6b2bee73929f699b9f48c38,0x689a850f62b41d89b5e5c3465cd291374b215813,WETH / WBTC 0.05%,WETH / WBTC 0.3%,velodrome-finance-slipstream,sushiswap-v3-optimism,73790.3250683925,74006.1823533206,74152.7072960138,73779.6369751369,74117.1774607086,73779.4416237684,29.252789539555568,45.749816536158065,-50.33743012987202,5.0,30.0,35.0,True,-5.747210460444432,-85.33743012987202,11395.821617982321,181.0912670230843,181.0912670230843,11576.912885005406,471010.6933,183752.7141,183752.7141,api_detail,api_detail
2026-03-18 00:00:00+00:00,3,6,6,fee_adjusted_spread_bps,0x73b14a78a0d396c521f954532d43fd5ffe385216,0x319c0dd36284ac24a6b2bee73929f699b9f48c38,WETH / WBTC 0.3%,WETH / WBTC 0.05%,uniswap_v3_optimism,velodrome-finance-slipstream,73605.9105772653,73718.2623994968,73924.1559953121,73417.8883748883,73884.7813342881,73380.4276915872,15.263967438261528,63.593896492328824,-73.55218282903087,30.0,5.0,35.0,True,-19.736032561738472,-108.55218282903087,7555.847592482362,24269.66300652203,7555.847592482362,31825.510599004392,791688.8575,471010.6933,471010.6933,api_detail,api_detail
2026-03-18 01:00:00+00:00,3,6,6,fee_adjusted_spread_bps,0x689a850f62b41d89b5e5c3465cd291374b215813,0x319c0dd36284ac24a6b2bee73929f699b9f48c38,WETH / WBTC 0.3%,WETH / WBTC 0.05%,sushiswap-v3-optimism,velodrome-finance-slipstream,73731.557392081,73891.7719043299,73731.557392081,73668.9874073239,74025.0649088098,73650.4405534004,21.729435524728835,48.33478971512095,-11.001644553531031,30.0,5.0,35.0,True,-13.270564475271165,-46.00164455353103,180.323827836048,11678.286249279932,180.323827836048,11858.61007711598,183752.7141,471010.6933,183752.7141,api_detail,api_detail
2026-03-18 02:00:00+00:00,3,6,6,fee_adjusted_spread_bps,0x689a850f62b41d89b5e5c3465cd291374b215813,0x319c0dd36284ac24a6b2bee73929f699b9f48c38,WETH / WBTC 0.3%,WETH / WBTC 0.05%,sushiswap-v3-optimism,velodrome-finance-slipstream,73731.557392081,74196.4260571472,73731.557392081,73731.557392081,74230.2588440296,73438.2012622743,63.048805899239554,67.63744990447628,-39.787051865284305,30.0,5.0,35.0,True,28.048805899239554,-74.7870518652843,0.0,18481.44942515816,0.0,18481.44942515816,183752.7141,471010.6933,183752.7141,api_detail,api_detail
2026-03-18 03:00:00+00:00,3,6,6,fee_adjusted_spread_bps,0x689a850f62b41d89b5e5c3465cd291374b215813,0x319c0dd36284ac24a6b2bee73929f699b9f48c38,WETH / WBTC 0.3%,WETH / WBTC 0.05%,sushiswap-v3-optimism,velodrome-finance-slipstream,73731.557392081,74320.0344319424,73731.557392081,73731.557392081,74445.0849166642,73923.3416784544,79.81345582218857,96.77369498502398,26.011153589711178,30.0,5.0,35.0,True,44.81345582218857,-8.988846410288822,0.0,20158.92272797416,0.0,20158.92272797416,183752.7141,471010.6933,183752.7141,api_detail,api_detail
2026-03-18 04:00:00+00:00,3,6,6,fee_adjusted_spread_bps,0x689a850f62b41d89b5e5c3465cd291374b215813,0x319c0dd36284ac24a6b2bee73929f699b9f48c38,WETH / WBTC 0.3%,WETH / WBTC 0.05%,sushiswap-v3-optimism,velodrome-finance-slipstream,73731.557392081,74014.8344884109,73731.557392081,73731.557392081,74320.0344319424,74007.9382766403,38.42006141597132,79.81345582218857,37.484747960712106,30.0,5.0,35.0,True,3.4200614159713183,2.484747960712106,0.0,5170.017063932258,0.0,5170.017063932258,183752.7141,471010.6933,183752.7141,api_detail,api_detail
2026-03-18 05:00:00+00:00,3,6,6,fee_adjusted_spread_bps,0x319c0dd36284ac24a6b2bee73929f699b9f48c38,0x73b14a78a0d396c521f954532d43fd5ffe385216,WETH / WBTC 0.05%,WETH / WBTC 0.3%,velodrome-finance-slipstream,uniswap_v3_optimism,73710.4306978967,73838.3715933634,74050.0430209548,73681.3237906839,74266.5963286971,73838.3715933634,17.35723075490636,79.43295639962322,-28.584916220982805,5.0,30.0,35.0,True,-17.64276924509364,-63.584916220982805,14804.079276334014,160.00631663310534,160.00631663310534,14964.08559296712,471010.6933,791688.8575,471010.6933,api_detail,api_detail
2026-03-18 06:00:00+00:00,3,6,6,fee_adjusted_spread_bps,0x319c0dd36284ac24a6b2bee73929f699b9f48c38,0x73b14a78a0d396c521f954532d43fd5ffe385216,WETH / WBTC 0.05%,WETH / WBTC 0.3%,velodrome-finance-slipstream,uniswap_v3_optimism,73829.8566252601,74282.018524433,74027.5759328651,73710.4306978967,74565.0502850549,73838.3715933634,61.24377316184537,115.94282913104381,-25.558629621115216,5.0,30.0,35.0,True,26.24377316184537,-60.558629621115216,11787.018364447946,20.4014826714229,20.4014826714229,11807.419847119369,471010.6933,791688.8575,471010.6933,api_detail,api_detail
2026-03-18 07:00:00+00:00,3,6,6,fee_adjusted_spread_bps,0x319c0dd36284ac24a6b2bee73929f699b9f48c38,0x73b14a78a0d396c521f954532d43fd5ffe385216,WETH / WBTC 0.05%,WETH / WBTC 0.3%,velodrome-finance-slipstream,uniswap_v3_optimism,73746.1077465076,74282.018524433,73829.8566252601,73523.8953987503,74282.018524433,74282.018524433,72.66970343269286,103.11248085688175,61.24377316184537,5.0,30.0,35.0,True,37.669703432692856,26.24377316184537,9429.627762793705,0.0,0.0,9429.627762793705,471010.6933,791688.8575,471010.6933,api_detail,api_detail
2026-03-18 08:00:00+00:00,3,6,6,fee_adjusted_spread_bps,0x319c0dd36284ac24a6b2bee73929f699b9f48c38,0x73b14a78a0d396c521f954532d43fd5ffe385216,WETH / WBTC 0.05%,WETH / WBTC 0.3%,velodrome-finance-slipstream,uniswap_v3_optimism,73839.5685776698,74282.018524433,73892.0700769005,73643.0795314213,74282.018524433,74282.018524433,59.92044039339284,86.76157991724054,52.77270580275717,5.0,30.0,35.0,True,24.920440393392838,17.772705802757173,7501.710777234861,0.0,0.0,7501.710777234861,471010.6933,791688.8575,471010.6933,api_detail,api_detail
2026-03-18 09:00:00+00:00,3,6,6,fee_adjusted_spread_bps,0x319c0dd36284ac24a6b2bee73929f699b9f48c38,0x73b14a78a0d396c521f954532d43fd5ffe385216,WETH / WBTC 0.05%,WETH / WBTC 0.3%,velodrome-finance-slipstream,uniswap_v3_optimism,73890.7016726194,74282.018524433,74070.5887524951,73839.5685776698,74282.018524433,74282.018524433,52.958876144846286,59.92044039339284,28.54436227642143,5.0,30.0,35.0,True,17.958876144846286,-6.455637723578569,8088.843130718258,0.0,0.0,8088.843130718258,471010.6933,791688.8575,471010.6933,api_detail,api_detail
2026-03-18 10:00:00+00:00,3,6,6,fee_adjusted_spread_bps,0x319c0dd36284ac24a6b2bee73929f699b9f48c38,0x73b14a78a0d396c521f954532d43fd5ffe385216,WETH / WBTC 0.05%,WETH / WBTC 0.3%,velodrome-finance-slipstream,uniswap_v3_optimism,73634.3287861914,73696.9873556899,74025.0925080988,73634.3287861914,74282.018524433,73657.2709868653,8.509423597848897,87.96029636153557,-49.688762117149345,5.0,30.0,35.0,True,-26.490576402151103,-84.68876211714934,38660.63949150877,7419.310826685635,7419.310826685635,46079.95031819441,471010.6933,791688.8575,471010.6933,api_detail,api_detail
2026-03-18 11:00:00+00:00,3,6,6,fee_adjusted_spread_bps,0x319c0dd36284ac24a6b2bee73929f699b9f48c38,0x689a850f62b41d89b5e5c3465cd291374b215813,WETH / WBTC 0.05%,WETH / WBTC 0.3%,velodrome-finance-slipstream,sushiswap-v3-optimism,72740.555205583,72932.8192723283,73837.215371554,72564.2896287981,73822.218413014,72884.8157406865,26.431481888185004,173.3536965152993,-128.9863960978155,5.0,30.0,35.0,True,-8.568518111814996,-163.9863960978155,51149.51512850138,1268.116488238235,1268.116488238235,52417.631616739614,471010.6933,183752.7141,183752.7141,api_detail,api_detail
2026-03-18 12:00:00+00:00,3,6,6,fee_adjusted_spread_bps,0x319c0dd36284ac24a6b2bee73929f699b9f48c38,0x689a850f62b41d89b5e5c3465cd291374b215813,WETH / WBTC 0.05%,WETH / WBTC 0.3%,velodrome-finance-slipstream,sushiswap-v3-optimism,72278.3457510984,72346.5429446127,72778.9398258657,71956.0774347896,72932.8192723283,72286.683650117,9.435356164506636,135.74139563456322,-67.6371731886305,5.0,30.0,35.0,True,-25.564643835493364,-102.6371731886305,67513.32908096966,826.7956892094386,826.7956892094386,68340.1247701791,471010.6933,183752.7141,183752.7141,api_detail,api_detail
2026-03-18 13:00:00+00:00,3,6,6,fee_adjusted_spread_bps,0x319c0dd36284ac24a6b2bee73929f699b9f48c38,0x73b14a78a0d396c521f954532d43fd5ffe385216,WETH / WBTC 0.05%,WETH / WBTC 0.3%,velodrome-finance-slipstream,uniswap_v3_optimism,71750.6551457623,72271.0667260596,72278.3457510984,71738.6369393559,72333.9495569738,72159.8943194599,72.53056843036009,82.98354178671642,-16.38823224405339,5.0,30.0,35.0,True,37.53056843036009,-51.38823224405339,81117.07460896441,6195.474445198942,6195.474445198942,87312.54905416335,471010.6933,791688.8575,471010.6933,api_detail,api_detail
2026-03-18 14:00:00+00:00,3,6,6,fee_adjusted_spread_bps,0x319c0dd36284ac24a6b2bee73929f699b9f48c38,0x73b14a78a0d396c521f954532d43fd5ffe385216,WETH / WBTC 0.05%,WETH / WBTC 0.3%,velodrome-finance-slipstream,uniswap_v3_optimism,71013.7523190793,71345.7566372929,71965.7318206936,70955.7875386726,72271.0667260596,71170.4664616454,46.75211594534989,185.36601918062613,-110.5061171377586,5.0,30.0,35.0,True,11.752115945349892,-145.5061171377586,76954.47260829608,15682.75196239991,15682.75196239991,92637.224570696,471010.6933,791688.8575,471010.6933,api_detail,api_detail
2026-03-18 15:00:00+00:00,3,6,6,fee_adjusted_spread_bps,0x73b14a78a0d396c521f954532d43fd5ffe385216,0x319c0dd36284ac24a6b2bee73929f699b9f48c38,WETH / WBTC 0.3%,WETH / WBTC 0.05%,uniswap_v3_optimism,velodrome-finance-slipstream,70993.7699711492,71194.3539752163,71345.7566372929,70988.308418994,71224.6775870391,70701.9908357302,28.253747356792314,33.29691512720334,-90.23182763839289,30.0,5.0,35.0,True,-6.746252643207686,-125.23182763839289,14430.077033972397,65092.35791014815,14430.077033972397,79522.43494412056,791688.8575,471010.6933,471010.6933,api_detail,api_detail
2026-03-18 16:00:00+00:00,3,6,6,fee_adjusted_spread_bps,0x73b14a78a0d396c521f954532d43fd5ffe385216,0x319c0dd36284ac24a6b2bee73929f699b9f48c38,WETH / WBTC 0.3%,WETH / WBTC 0.05%,uniswap_v3_optimism,velodrome-finance-slipstream,71003.6369220202,71055.6417048587,71089.4899822719,70993.7699711492,71292.8827400094,70623.8805732966,7.324242122359603,42.13225596862324,-65.49623707968854,30.0,5.0,35.0,True,-27.675757877640397,-100.49623707968854,6012.293959846536,50059.605040029055,6012.293959846536,56071.89899987559,791688.8575,471010.6933,471010.6933,api_detail,api_detail
2026-03-18 17:00:00+00:00,3,6,6,fee_adjusted_spread_bps,0x73b14a78a0d396c521f954532d43fd5ffe385216,0x319c0dd36284ac24a6b2bee73929f699b9f48c38,WETH / WBTC 0.3%,WETH / WBTC 0.05%,uniswap_v3_optimism,velodrome-finance-slipstream,71198.800131023,71371.8971992284,71246.191072475,71003.6369220202,71520.4995962989,70889.1721023689,24.311795688531923,72.7938309478926,-50.110604473286855,30.0,5.0,35.0,True,-10.688204311468077,-85.11060447328686,14241.482385573334,57017.33558860731,14241.482385573334,71258.81797418065,791688.8575,471010.6933,471010.6933,api_detail,api_detail
2026-03-18 18:00:00+00:00,3,6,6,fee_adjusted_spread_bps,0x319c0dd36284ac24a6b2bee73929f699b9f48c38,0x689a850f62b41d89b5e5c3465cd291374b215813,WETH / WBTC 0.05%,WETH / WBTC 0.3%,velodrome-finance-slipstream,sushiswap-v3-optimism,70765.926184493,71142.6202959214,71790.6328915391,70765.926184493,71779.1119570023,71128.884425028,53.231001378590825,143.1742403636238,-92.17755017021156,5.0,30.0,35.0,True,18.231001378590825,-127.17755017021156,71333.10705940124,267.8955916985567,267.8955916985567,71601.0026510998,471010.6933,183752.7141,183752.7141,api_detail,api_detail
2026-03-18 19:00:00+00:00,3,6,6,fee_adjusted_spread_bps,0x319c0dd36284ac24a6b2bee73929f699b9f48c38,0x689a850f62b41d89b5e5c3465cd291374b215813,WETH / WBTC 0.05%,WETH / WBTC 0.3%,velodrome-finance-slipstream,sushiswap-v3-optimism,70786.3964051927,71142.6202959214,71229.2320692273,70765.926184493,71142.6202959214,71142.6202959214,50.323778129572894,53.231001378590825,-12.159582630587584,5.0,30.0,35.0,True,15.323778129572894,-47.159582630587586,42638.01725170279,0.0,0.0,42638.01725170279,471010.6933,183752.7141,183752.7141,api_detail,api_detail
2026-03-18 20:00:00+00:00,3,6,6,fee_adjusted_spread_bps,0x73b14a78a0d396c521f954532d43fd5ffe385216,0x319c0dd36284ac24a6b2bee73929f699b9f48c38,WETH / WBTC 0.3%,WETH / WBTC 0.05%,uniswap_v3_optimism,velodrome-finance-slipstream,70659.0741085433,71040.1209827098,70851.1961070937,70528.5635179349,71040.1209827098,70153.9911740474,53.92752154962599,72.53195574369099,-98.40411614116529,30.0,5.0,35.0,True,18.927521549625993,-133.40411614116528,9601.460534337011,74454.57691805135,9601.460534337011,84056.03745238835,791688.8575,471010.6933,471010.6933,api_detail,api_detail
2026-03-18 21:00:00+00:00,3,6,6,fee_adjusted_spread_bps,0x73b14a78a0d396c521f954532d43fd5ffe385216,0x319c0dd36284ac24a6b2bee73929f699b9f48c38,WETH / WBTC 0.3%,WETH / WBTC 0.05%,uniswap_v3_optimism,velodrome-finance-slipstream,71077.7416204166,71151.0976517902,71121.3316585085,70659.0741085433,71224.5665710979,70928.4326390277,10.32053491026197,80.03111697811205,-27.122526390114253,30.0,5.0,35.0,True,-24.67946508973803,-62.12252639011425,18452.420941060518,43323.66086391196,18452.420941060518,61776.08180497248,791688.8575,471010.6933,471010.6933,api_detail,api_detail
2026-03-18 22:00:00+00:00,3,6,6,fee_adjusted_spread_bps,0x319c0dd36284ac24a6b2bee73929f699b9f48c38,0x689a850f62b41d89b5e5c3465cd291374b215813,WETH / WBTC 0.05%,WETH / WBTC 0.3%,velodrome-finance-slipstream,sushiswap-v3-optimism,70872.6909002335,71086.1478505995,71151.0976517902,70745.8337949865,71086.1478505995,71086.1478505995,30.11836402070367,48.1037592403255,-9.128432776759343,5.0,30.0,35.0,True,-4.88163597929633,-44.12843277675934,13626.547204900904,0.0,0.0,13626.547204900904,471010.6933,183752.7141,183752.7141,api_detail,api_detail
2026-03-18 23:00:00+00:00,3,6,6,fee_adjusted_spread_bps,0x73b14a78a0d396c521f954532d43fd5ffe385216,0x319c0dd36284ac24a6b2bee73929f699b9f48c38,WETH / WBTC 0.3%,WETH / WBTC 0.05%,uniswap_v3_optimism,velodrome-finance-slipstream,71049.1910403594,71116.853267964,71077.7416204166,70987.7336709976,71137.4573722502,70863.0540518064,9.523293173905323,21.091489122122553,-30.20461310612732,30.0,5.0,35.0,True,-25.476706826094677,-65.20461310612731,826.042927138873,21969.996731058425,826.042927138873,22796.039658197296,791688.8575,471010.6933,471010.6933,api_detail,api_detail
2026-03-19 00:00:00+00:00,3,6,6,fee_adjusted_spread_bps,0x319c0dd36284ac24a6b2bee73929f699b9f48c38,0x689a850f62b41d89b5e5c3465cd291374b215813,WETH / WBTC 0.05%,WETH / WBTC 0.3%,velodrome-finance-slipstream,sushiswap-v3-optimism,70862.1105924406,71018.0103981493,71346.9693362944,68549.0634086086,71086.1478505995,71018.0103981493,22.00044627591602,370.11219640854745,-46.10692524226856,5.0,30.0,35.0,True,-12.999553724083981,-81.10692524226856,27609.24251944691,73.57047396024008,73.57047396024008,27682.81299340715,471010.6933,183752.7141,183752.7141,api_detail,api_detail
2026-03-19 01:00:00+00:00,3,6,6,fee_adjusted_spread_bps,0x689a850f62b41d89b5e5c3465cd291374b215813,0x319c0dd36284ac24a6b2bee73929f699b9f48c38,WETH / WBTC 0.3%,WETH / WBTC 0.05%,sushiswap-v3-optimism,velodrome-finance-slipstream,70625.742508797,70966.5480259018,71018.0103981493,70625.742508797,71089.7852120813,70344.8734500033,48.25514111406859,65.70447074967012,-94.78397724354437,30.0,5.0,35.0,True,13.255141114068593,-129.78397724354437,11.416651276547,21177.39061222901,11.416651276547,21188.807263505558,183752.7141,471010.6933,183752.7141,api_detail,api_detail
2026-03-19 02:00:00+00:00,3,6,6,fee_adjusted_spread_bps,0x689a850f62b41d89b5e5c3465cd291374b215813,0x73b14a78a0d396c521f954532d43fd5ffe385216,WETH / WBTC 0.3%,WETH / WBTC 0.3%,sushiswap-v3-optimism,uniswap_v3_optimism,70625.742508797,71475.3621323529,70625.742508797,70625.742508797,71475.3621323529,70979.1665517186,120.29885893943826,120.29885893943826,50.04181625100523,30.0,30.0,60.0,True,60.29885893943826,-9.95818374899477,0.0,0.488843242727272,0.0,0.488843242727272,183752.7141,791688.8575,183752.7141,api_detail,api_detail
2026-03-19 03:00:00+00:00,3,6,6,fee_adjusted_spread_bps,0x319c0dd36284ac24a6b2bee73929f699b9f48c38,0x689a850f62b41d89b5e5c3465cd291374b215813,WETH / WBTC 0.05%,WETH / WBTC 0.3%,velodrome-finance-slipstream,sushiswap-v3-optimism,71090.5066881225,71323.5701860488,71462.2362257127,70829.02921801,71323.5701860488,70625.742508797,32.78405356551551,69.82179107899667,-117.05395200251378,5.0,30.0,35.0,True,-2.2159464344844935,-152.05395200251377,60844.880103338575,1390.224586330912,1390.224586330912,62235.10468966949,471010.6933,183752.7141,183752.7141,api_detail,api_detail
2026-03-19 04:00:00+00:00,3,6,6,fee_adjusted_spread_bps,0x73b14a78a0d396c521f954532d43fd5ffe385216,0x319c0dd36284ac24a6b2bee73929f699b9f48c38,WETH / WBTC 0.3%,WETH / WBTC 0.05%,uniswap_v3_optimism,velodrome-finance-slipstream,70663.4427995631,70697.8372428718,71144.3160564373,70592.0489208709,71090.5066881225,70495.0342238165,4.867360256739506,70.61103550207726,-91.26264311905553,30.0,5.0,35.0,True,-30.132639743260494,-126.26264311905553,2050.23590679835,31010.90563700982,2050.23590679835,33061.14154380817,791688.8575,471010.6933,471010.6933,api_detail,api_detail
2026-03-19 05:00:00+00:00,3,6,6,fee_adjusted_spread_bps,0x319c0dd36284ac24a6b2bee73929f699b9f48c38,0x73b14a78a0d396c521f954532d43fd5ffe385216,WETH / WBTC 0.05%,WETH / WBTC 0.3%,velodrome-finance-slipstream,uniswap_v3_optimism,70631.5414846668,70657.8142585843,70704.6218764811,70416.3182339231,71012.1326677322,70531.4331156805,3.719694256312245,84.61311933830595,-24.494687363318945,5.0,30.0,35.0,True,-31.280305743687755,-59.494687363318945,48285.29791619459,6060.107519849295,6060.107519849295,54345.40543604389,471010.6933,791688.8575,471010.6933,api_detail,api_detail
2026-03-19 06:00:00+00:00,3,6,6,fee_adjusted_spread_bps,0x319c0dd36284ac24a6b2bee73929f699b9f48c38,0x73b14a78a0d396c521f954532d43fd5ffe385216,WETH / WBTC 0.05%,WETH / WBTC 0.3%,velodrome-finance-slipstream,uniswap_v3_optimism,70337.676617529,70905.7639524237,70714.2746919342,70337.676617529,70905.7639524237,70563.7893890457,80.76572360838253,80.76572360838253,-21.2807532204895,5.0,30.0,35.0,True,45.76572360838253,-56.2807532204895,30662.07649857457,6033.870132885057,6033.870132885057,36695.94663145963,471010.6933,791688.8575,471010.6933,api_detail,api_detail
2026-03-19 07:00:00+00:00,3,6,6,fee_adjusted_spread_bps,0x689a850f62b41d89b5e5c3465cd291374b215813,0x319c0dd36284ac24a6b2bee73929f699b9f48c38,WETH / WBTC 0.3%,WETH / WBTC 0.05%,sushiswap-v3-optimism,velodrome-finance-slipstream,69425.1317208573,70058.4656467561,70722.69310192,69425.1317208573,70414.2973755916,69346.0856747911,91.22545542229466,142.4794782833838,-194.64861514041033,30.0,5.0,35.0,True,56.22545542229466,-229.64861514041033,270.13014747996516,93125.80588050236,270.13014747996516,93395.93602798233,183752.7141,471010.6933,183752.7141,api_detail,api_detail
2026-03-19 08:00:00+00:00,3,6,6,fee_adjusted_spread_bps,0x689a850f62b41d89b5e5c3465cd291374b215813,0x73b14a78a0d396c521f954532d43fd5ffe385216,WETH / WBTC 0.3%,WETH / WBTC 0.3%,sushiswap-v3-optimism,uniswap_v3_optimism,69425.1317208573,70179.5007269339,69425.1317208573,69425.1317208573,70179.5007269339,69454.4150021097,108.65935539160931,108.65935539160931,4.217965530139978,30.0,30.0,60.0,True,48.65935539160931,-55.78203446986002,0.0,0.249839022587885,0.0,0.249839022587885,183752.7141,791688.8575,183752.7141,api_detail,api_detail
2026-03-19 09:00:00+00:00,3,6,6,fee_adjusted_spread_bps,0x73b14a78a0d396c521f954532d43fd5ffe385216,0x319c0dd36284ac24a6b2bee73929f699b9f48c38,WETH / WBTC 0.3%,WETH / WBTC 0.05%,uniswap_v3_optimism,velodrome-finance-slipstream,70179.7554038346,70304.1250209187,70187.5186856134,69697.7302013951,70377.3384950847,69695.5450371715,17.721580300249506,97.50795208478547,-70.09417880201264,30.0,5.0,35.0,True,-17.278419699750494,-105.09417880201264,6545.771243748335,43144.53265027639,6545.771243748335,49690.30389402473,791688.8575,471010.6933,471010.6933,api_detail,api_detail
2026-03-19 10:00:00+00:00,3,6,6,fee_adjusted_spread_bps,0x319c0dd36284ac24a6b2bee73929f699b9f48c38,0x689a850f62b41d89b5e5c3465cd291374b215813,WETH / WBTC 0.05%,WETH / WBTC 0.3%,velodrome-finance-slipstream,sushiswap-v3-optimism,69989.0711183113,70280.0695353423,70334.2350644321,69650.2190907487,70280.0695353423,70230.4492930654,41.57769382866938,90.43050442856027,-14.756081625345585,5.0,30.0,35.0,True,6.577693828669382,-49.75608162534559,11732.854550821883,44.6672009938822,44.6672009938822,11777.521751815766,471010.6933,183752.7141,183752.7141,api_detail,api_detail
2026-03-19 11:00:00+00:00,3,6,6,fee_adjusted_spread_bps,0x319c0dd36284ac24a6b2bee73929f699b9f48c38,0x689a850f62b41d89b5e5c3465cd291374b215813,WETH / WBTC 0.05%,WETH / WBTC 0.3%,velodrome-finance-slipstream,sushiswap-v3-optimism,69776.4124671738,70280.0695353423,70108.4687222604,69685.7382627245,70280.0695353423,70280.0695353423,72.18156542591726,85.28736114943757,24.476474270422877,5.0,30.0,35.0,True,37.181565425917256,-10.523525729577123,25958.766768458,0.0,0.0,25958.766768458,471010.6933,183752.7141,183752.7141,api_detail,api_detail
2026-03-19 12:00:00+00:00,3,6,6,fee_adjusted_spread_bps,0x319c0dd36284ac24a6b2bee73929f699b9f48c38,0x689a850f62b41d89b5e5c3465cd291374b215813,WETH / WBTC 0.05%,WETH / WBTC 0.3%,velodrome-finance-slipstream,sushiswap-v3-optimism,69032.4558842315,69150.1658946822,69791.3512243889,68939.3797351279,70280.0695353423,69010.1288940097,17.051401249303932,194.4737253751727,-111.93683983384383,5.0,30.0,35.0,True,-17.948598750696068,-146.93683983384383,206914.2436959128,2112.079129762397,2112.079129762397,209026.3228256752,471010.6933,183752.7141,183752.7141,api_detail,api_detail
2026-03-19 13:00:00+00:00,3,6,6,fee_adjusted_spread_bps,0x73b14a78a0d396c521f954532d43fd5ffe385216,0x319c0dd36284ac24a6b2bee73929f699b9f48c38,WETH / WBTC 0.3%,WETH / WBTC 0.05%,uniswap_v3_optimism,velodrome-finance-slipstream,69149.2843517984,69741.4296366285,69301.6667613636,68723.1903505005,69741.4296366285,68799.4455887261,85.63288693163473,148.1653108557368,-72.46884470569314,30.0,5.0,35.0,True,50.63288693163473,-107.46884470569314,27714.755696687287,118903.85753278167,27714.755696687287,146618.61322946896,791688.8575,471010.6933,471010.6933,api_detail,api_detail
2026-03-19 14:00:00+00:00,3,6,6,fee_adjusted_spread_bps,0x689a850f62b41d89b5e5c3465cd291374b215813,0x319c0dd36284ac24a6b2bee73929f699b9f48c38,WETH / WBTC 0.3%,WETH / WBTC 0.05%,sushiswap-v3-optimism,velodrome-finance-slipstream,69069.8877571684,69265.0483718655,69356.4598117405,69032.0910154365,69741.4296366285,68791.9378609173,28.255527992637752,102.75490873272064,-81.39428574577168,30.0,5.0,35.0,True,-6.744472007362248,-116.39428574577168,441.5699322129779,60929.12117757078,441.5699322129779,61370.69110978376,183752.7141,471010.6933,183752.7141,api_detail,api_detail
2026-03-19 15:00:00+00:00,3,6,6,fee_adjusted_spread_bps,0x689a850f62b41d89b5e5c3465cd291374b215813,0x319c0dd36284ac24a6b2bee73929f699b9f48c38,WETH / WBTC 0.3%,WETH / WBTC 0.05%,sushiswap-v3-optimism,velodrome-finance-slipstream,69198.4061894655,69242.0041152462,69198.4061894655,69069.8877571684,69591.4820082054,68605.2222207557,6.300423403009514,75.51688123061729,-85.72220104111294,30.0,5.0,35.0,True,-28.699576596990486,-120.72220104111294,120.378931375318,86958.50681746761,120.378931375318,87078.88574884293,183752.7141,471010.6933,183752.7141,api_detail,api_detail
2026-03-19 16:00:00+00:00,3,6,6,fee_adjusted_spread_bps,0x319c0dd36284ac24a6b2bee73929f699b9f48c38,0x73b14a78a0d396c521f954532d43fd5ffe385216,WETH / WBTC 0.05%,WETH / WBTC 0.3%,velodrome-finance-slipstream,uniswap_v3_optimism,69132.5475004686,69147.6413921339,69345.7398290789,68976.7520524961,69231.2279775391,69061.7921910382,2.1833264086201787,36.89299908603117,-40.946659267110384,5.0,30.0,35.0,True,-32.816673591379825,-75.94665926711039,59674.4081161799,8015.568230190825,8015.568230190825,67689.97634637072,471010.6933,791688.8575,471010.6933,api_detail,api_detail
2026-03-19 17:00:00+00:00,3,6,6,fee_adjusted_spread_bps,0x73b14a78a0d396c521f954532d43fd5ffe385216,0x319c0dd36284ac24a6b2bee73929f699b9f48c38,WETH / WBTC 0.3%,WETH / WBTC 0.05%,uniswap_v3_optimism,velodrome-finance-slipstream,69147.6413921339,69577.1025856493,69147.6413921339,69147.6413921339,69577.1025856493,68858.7099894852,62.10785861515467,62.10785861515467,-41.78470831856407,30.0,5.0,35.0,True,27.10785861515467,-76.78470831856407,0.0,32915.930034551326,0.0,32915.930034551326,791688.8575,471010.6933,471010.6933,api_detail,api_detail
2026-03-19 18:00:00+00:00,3,6,6,fee_adjusted_spread_bps,0x73b14a78a0d396c521f954532d43fd5ffe385216,0x319c0dd36284ac24a6b2bee73929f699b9f48c38,WETH / WBTC 0.3%,WETH / WBTC 0.05%,uniswap_v3_optimism,velodrome-finance-slipstream,69147.6413921339,69464.4895803182,69147.6413921339,69147.6413921339,69611.8849447712,69311.2806942851,45.82198059185583,67.13801704451461,23.665203737495144,30.0,5.0,35.0,True,10.821980591855827,-11.334796262504856,0.0,16709.468237656358,0.0,16709.468237656358,791688.8575,471010.6933,471010.6933,api_detail,api_detail
2026-03-19 19:00:00+00:00,3,6,6,fee_adjusted_spread_bps,0x689a850f62b41d89b5e5c3465cd291374b215813,0x73b14a78a0d396c521f954532d43fd5ffe385216,WETH / WBTC 0.3%,WETH / WBTC 0.3%,sushiswap-v3-optimism,uniswap_v3_optimism,69685.3636204413,70163.0834756694,69685.3636204413,69263.9653726911,70163.0834756694,69147.6413921339,68.55382972959845,129.81037082419044,-77.16429969946704,30.0,30.0,60.0,True,8.553829729598448,-137.16429969946705,231.86779436131664,5565.528572880508,231.86779436131664,5797.396367241825,183752.7141,791688.8575,183752.7141,api_detail,api_detail
2026-03-19 20:00:00+00:00,3,6,6,fee_adjusted_spread_bps,0x689a850f62b41d89b5e5c3465cd291374b215813,0x319c0dd36284ac24a6b2bee73929f699b9f48c38,WETH / WBTC 0.3%,WETH / WBTC 0.05%,sushiswap-v3-optimism,velodrome-finance-slipstream,69685.3636204413,70158.9135237796,69685.3636204413,69685.3636204413,70322.8456883999,69887.0145104355,67.9554326382803,91.48005188446717,28.937337701577803,30.0,5.0,35.0,True,32.9554326382803,-6.062662298422197,0.0,14589.172267423854,0.0,14589.172267423854,183752.7141,471010.6933,183752.7141,api_detail,api_detail
2026-03-19 21:00:00+00:00,3,6,6,fee_adjusted_spread_bps,0x689a850f62b41d89b5e5c3465cd291374b215813,0x319c0dd36284ac24a6b2bee73929f699b9f48c38,WETH / WBTC 0.3%,WETH / WBTC 0.05%,sushiswap-v3-optimism,velodrome-finance-slipstream,70105.3175501487,70201.5230634053,70105.3175501487,69685.3636204413,70406.7615622958,70044.6688014034,13.722998000513797,103.52216080607101,-8.651091081915974,30.0,5.0,35.0,True,-21.277001999486203,-43.65109108191597,74.5310662470896,65996.60126851998,74.5310662470896,66071.13233476707,183752.7141,471010.6933,183752.7141,api_detail,api_detail
2026-03-19 22:00:00+00:00,3,6,6,fee_adjusted_spread_bps,0x319c0dd36284ac24a6b2bee73929f699b9f48c38,0x73b14a78a0d396c521f954532d43fd5ffe385216,WETH / WBTC 0.05%,WETH / WBTC 0.3%,velodrome-finance-slipstream,uniswap_v3_optimism,69835.1101765476,70108.9966794452,70209.5343965806,69713.9932189128,70108.9966794452,70108.9966794452,39.21902639019148,56.66057018022697,-14.319667264491853,5.0,30.0,35.0,True,4.21902639019148,-49.319667264491855,25619.43480280595,0.0,0.0,25619.43480280595,471010.6933,791688.8575,471010.6933,api_detail,api_detail
2026-03-19 23:00:00+00:00,3,6,6,fee_adjusted_spread_bps,0x319c0dd36284ac24a6b2bee73929f699b9f48c38,0x73b14a78a0d396c521f954532d43fd5ffe385216,WETH / WBTC 0.05%,WETH / WBTC 0.3%,velodrome-finance-slipstream,uniswap_v3_optimism,69602.6604848715,70108.9966794452,69972.5610614953,69492.8193988762,70108.9966794452,70108.9966794452,72.74667247579636,88.66776249676356,19.498445659291708,5.0,30.0,35.0,True,37.74667247579636,-15.501554340708292,23333.539132079863,0.0,0.0,23333.539132079863,471010.6933,791688.8575,471010.6933,api_detail,api_detail
2026-03-20 00:00:00+00:00,3,6,6,fee_adjusted_spread_bps,0x689a850f62b41d89b5e5c3465cd291374b215813,0x319c0dd36284ac24a6b2bee73929f699b9f48c38,WETH / WBTC 0.3%,WETH / WBTC 0.05%,sushiswap-v3-optimism,velodrome-finance-slipstream,69775.6883177235,69907.6873082673,70105.3175501487,69617.970000373,69957.4635003677,69563.3584745841,18.91761926342328,48.765211050090244,-77.30641476331846,30.0,5.0,35.0,True,-16.08238073657672,-112.30641476331846,80.18974744091004,16282.895940050823,80.18974744091004,16363.085687491734,183752.7141,471010.6933,183752.7141,api_detail,api_detail
2026-03-20 01:00:00+00:00,3,6,6,fee_adjusted_spread_bps,0x319c0dd36284ac24a6b2bee73929f699b9f48c38,0x689a850f62b41d89b5e5c3465cd291374b215813,WETH / WBTC 0.05%,WETH / WBTC 0.3%,velodrome-finance-slipstream,sushiswap-v3-optimism,70151.0071127346,70212.4981117952,70334.871829831,69861.1672890467,70212.4981117952,69775.6883177235,8.765519069708905,50.28985864133695,-79.5030256769913,5.0,30.0,35.0,True,-26.234480930291095,-114.5030256769913,28547.349960804706,1.07986822095941,1.07986822095941,28548.429829025667,471010.6933,183752.7141,183752.7141,api_detail,api_detail
2026-03-20 02:00:00+00:00,3,6,6,fee_adjusted_spread_bps,0x73b14a78a0d396c521f954532d43fd5ffe385216,0x319c0dd36284ac24a6b2bee73929f699b9f48c38,WETH / WBTC 0.3%,WETH / WBTC 0.05%,uniswap_v3_optimism,velodrome-finance-slipstream,69882.8038850286,70151.7935891602,70475.9999212787,69882.8038850286,70151.7935891602,69770.4445973814,38.49154429666824,38.49154429666824,-100.11285042928031,30.0,5.0,35.0,True,3.4915442966682377,-135.11285042928031,3628.3231518397765,26477.00749075115,3628.3231518397765,30105.33064259093,791688.8575,471010.6933,471010.6933,api_detail,api_detail
2026-03-20 03:00:00+00:00,3,6,6,fee_adjusted_spread_bps,0x689a850f62b41d89b5e5c3465cd291374b215813,0x73b14a78a0d396c521f954532d43fd5ffe385216,WETH / WBTC 0.3%,WETH / WBTC 0.3%,sushiswap-v3-optimism,uniswap_v3_optimism,69906.7447124219,70610.8925152342,69906.7447124219,69906.7447124219,70610.8925152342,69882.8038850286,100.72673326572135,100.72673326572135,-3.4246806215609826,30.0,30.0,60.0,True,40.72673326572135,-63.42468062156098,0.0,1.2964159865797,0.0,1.2964159865797,183752.7141,791688.8575,183752.7141,api_detail,api_detail
2026-03-20 04:00:00+00:00,3,6,6,fee_adjusted_spread_bps,0x73b14a78a0d396c521f954532d43fd5ffe385216,0x319c0dd36284ac24a6b2bee73929f699b9f48c38,WETH / WBTC 0.3%,WETH / WBTC 0.05%,uniswap_v3_optimism,velodrome-finance-slipstream,70285.668473888,70425.6414791232,70610.8925152342,70241.1279786022,70597.3228595907,70089.8489529516,19.914871448820648,50.71030196112547,-73.79081947876398,30.0,5.0,35.0,True,-15.085128551179352,-108.79081947876398,10376.12992905386,20274.40782766845,10376.12992905386,30650.53775672231,791688.8575,471010.6933,471010.6933,api_detail,api_detail
2026-03-20 05:00:00+00:00,3,6,6,fee_adjusted_spread_bps,0x319c0dd36284ac24a6b2bee73929f699b9f48c38,0x73b14a78a0d396c521f954532d43fd5ffe385216,WETH / WBTC 0.05%,WETH / WBTC 0.3%,velodrome-finance-slipstream,uniswap_v3_optimism,70288.1486415611,70385.6855154356,70515.9572467379,70217.3634395439,70385.6855154356,70285.668473888,13.876716880381057,23.971574500460946,-32.657682295103015,5.0,30.0,35.0,True,-21.123283119618943,-67.65768229510302,10677.315501484589,3425.76,3425.76,14103.075501484589,471010.6933,791688.8575,471010.6933,api_detail,api_detail
2026-03-20 06:00:00+00:00,3,6,6,fee_adjusted_spread_bps,0x319c0dd36284ac24a6b2bee73929f699b9f48c38,0x73b14a78a0d396c521f954532d43fd5ffe385216,WETH / WBTC 0.05%,WETH / WBTC 0.3%,velodrome-finance-slipstream,uniswap_v3_optimism,70092.1099543357,70385.6855154356,70288.1486415611,70060.1317750957,70385.6855154356,70385.6855154356,41.88425220629899,46.46776020704513,13.876716880381057,5.0,30.0,35.0,True,6.884252206298989,-21.123283119618943,11532.218811827785,0.0,0.0,11532.218811827785,471010.6933,791688.8575,471010.6933,api_detail,api_detail
2026-03-20 07:00:00+00:00,3,6,6,fee_adjusted_spread_bps,0x689a850f62b41d89b5e5c3465cd291374b215813,0x319c0dd36284ac24a6b2bee73929f699b9f48c38,WETH / WBTC 0.3%,WETH / WBTC 0.05%,sushiswap-v3-optimism,velodrome-finance-slipstream,70091.281518971,70556.3222099053,70355.2428801914,70091.281518971,70556.3222099053,69857.0497090316,66.34786536303005,66.34786536303005,-70.81109392347295,30.0,5.0,35.0,True,31.347865363030053,-105.81109392347295,273.5845249503213,35657.746584599496,273.5845249503213,35931.331109549814,183752.7141,471010.6933,183752.7141,api_detail,api_detail
2026-03-20 08:00:00+00:00,3,6,6,fee_adjusted_spread_bps,0x319c0dd36284ac24a6b2bee73929f699b9f48c38,0x689a850f62b41d89b5e5c3465cd291374b215813,WETH / WBTC 0.05%,WETH / WBTC 0.3%,velodrome-finance-slipstream,sushiswap-v3-optimism,70745.1119111713,70822.3528730801,71007.3844310063,70232.7213010802,70834.0836315747,70091.281518971,10.91820478081651,85.62423886674387,-129.0151607999912,5.0,30.0,35.0,True,-24.08179521918349,-164.0151607999912,44626.5681494935,457.73874429291294,457.73874429291294,45084.30689378641,471010.6933,183752.7141,183752.7141,api_detail,api_detail
2026-03-20 09:00:00+00:00,3,6,6,fee_adjusted_spread_bps,0x319c0dd36284ac24a6b2bee73929f699b9f48c38,0x689a850f62b41d89b5e5c3465cd291374b215813,WETH / WBTC 0.05%,WETH / WBTC 0.3%,velodrome-finance-slipstream,sushiswap-v3-optimism,70248.1285661226,70298.4318789173,70784.937884272,70169.3475234859,70822.3528730801,70276.63257514,7.160804682126987,93.06133983583598,-71.80981213306237,5.0,30.0,35.0,True,-27.839195317873013,-106.80981213306237,32821.39857427751,370.5062652899469,370.5062652899469,33191.90483956746,471010.6933,183752.7141,183752.7141,api_detail,api_detail
2026-03-20 10:00:00+00:00,3,6,6,fee_adjusted_spread_bps,0x73b14a78a0d396c521f954532d43fd5ffe385216,0x319c0dd36284ac24a6b2bee73929f699b9f48c38,WETH / WBTC 0.3%,WETH / WBTC 0.05%,uniswap_v3_optimism,velodrome-finance-slipstream,70218.438089718,70295.7986043141,70278.1493153431,70216.9039105459,70321.9895287958,69922.8356010157,11.017122667591472,14.965857563840057,-50.55820589883076,30.0,5.0,35.0,True,-23.982877332408528,-85.55820589883075,744.026142797903,26845.589052744002,744.026142797903,27589.615195541905,791688.8575,471010.6933,471010.6933,api_detail,api_detail
2026-03-20 11:00:00+00:00,3,6,6,fee_adjusted_spread_bps,0x319c0dd36284ac24a6b2bee73929f699b9f48c38,0x689a850f62b41d89b5e5c3465cd291374b215813,WETH / WBTC 0.05%,WETH / WBTC 0.3%,velodrome-finance-slipstream,sushiswap-v3-optimism,70093.158491472,70350.9418240979,70492.8297381195,70034.0867720107,70352.8632057382,70243.8660467669,36.77724590728238,45.51732569388012,-35.3175907787362,5.0,30.0,35.0,True,1.7772459072823779,-70.31759077873619,24157.051036292665,111.4422006276105,111.4422006276105,24268.493236920276,471010.6933,183752.7141,183752.7141,api_detail,api_detail
2026-03-20 12:00:00+00:00,3,6,6,fee_adjusted_spread_bps,0x319c0dd36284ac24a6b2bee73929f699b9f48c38,0x689a850f62b41d89b5e5c3465cd291374b215813,WETH / WBTC 0.05%,WETH / WBTC 0.3%,velodrome-finance-slipstream,sushiswap-v3-optimism,69991.3166298578,70350.9418240979,70365.7029408016,69970.5544553935,70350.9418240979,70350.9418240979,51.381401516126246,54.36392089002151,-2.0977715117997953,5.0,30.0,35.0,True,16.381401516126246,-37.09777151179979,24386.16293122432,0.0,0.0,24386.16293122432,471010.6933,183752.7141,183752.7141,api_detail,api_detail
2026-03-20 13:00:00+00:00,3,6,6,fee_adjusted_spread_bps,0x319c0dd36284ac24a6b2bee73929f699b9f48c38,0x689a850f62b41d89b5e5c3465cd291374b215813,WETH / WBTC 0.05%,WETH / WBTC 0.3%,velodrome-finance-slipstream,sushiswap-v3-optimism,69581.0715415648,70176.9438555999,70294.9811131434,69581.0715415648,70350.9418240979,70176.9438555999,85.63712814901648,110.64363705195478,-16.79170485208825,5.0,30.0,35.0,True,50.637128149016476,-51.79170485208825,51292.44331794907,15.4971745116321,15.4971745116321,51307.94049246071,471010.6933,183752.7141,183752.7141,api_detail,api_detail
2026-03-20 14:00:00+00:00,3,6,6,fee_adjusted_spread_bps,0x319c0dd36284ac24a6b2bee73929f699b9f48c38,0x73b14a78a0d396c521f954532d43fd5ffe385216,WETH / WBTC 0.05%,WETH / WBTC 0.3%,velodrome-finance-slipstream,uniswap_v3_optimism,69490.8605182463,69809.7394048226,69975.7918040429,69298.7063686083,69809.7394048226,69304.0389495992,45.88788859400728,73.74351744692697,-95.99789257474289,5.0,30.0,35.0,True,10.88788859400728,-130.99789257474288,62629.91483233903,11800.01006236174,11800.01006236174,74429.92489470077,471010.6933,791688.8575,471010.6933,api_detail,api_detail
2026-03-20 15:00:00+00:00,3,6,6,fee_adjusted_spread_bps,0x319c0dd36284ac24a6b2bee73929f699b9f48c38,0x73b14a78a0d396c521f954532d43fd5ffe385216,WETH / WBTC 0.05%,WETH / WBTC 0.3%,velodrome-finance-slipstream,uniswap_v3_optimism,69562.2930287636,69809.7394048226,69689.2718560739,69266.3242846628,69809.7394048226,69809.7394048226,35.571911920253555,78.45300378962472,17.286383619776746,5.0,30.0,35.0,True,0.5719119202535552,-17.713616380223254,46466.087062433624,0.0,0.0,46466.087062433624,471010.6933,791688.8575,471010.6933,api_detail,api_detail
2026-03-20 16:00:00+00:00,3,6,6,fee_adjusted_spread_bps,0x73b14a78a0d396c521f954532d43fd5ffe385216,0x319c0dd36284ac24a6b2bee73929f699b9f48c38,WETH / WBTC 0.3%,WETH / WBTC 0.05%,uniswap_v3_optimism,velodrome-finance-slipstream,69503.8475495982,69619.8308083643,69809.7394048226,69420.9784857858,69873.5385684109,69423.5222599687,16.68731485452435,65.19068046811904,-55.324249617126895,30.0,5.0,35.0,True,-18.31268514547565,-90.3242496171269,2114.633732134493,23090.257388058955,2114.633732134493,25204.89112019345,791688.8575,471010.6933,471010.6933,api_detail,api_detail
2026-03-20 17:00:00+00:00,3,6,6,fee_adjusted_spread_bps,0x73b14a78a0d396c521f954532d43fd5ffe385216,0x319c0dd36284ac24a6b2bee73929f699b9f48c38,WETH / WBTC 0.3%,WETH / WBTC 0.05%,uniswap_v3_optimism,velodrome-finance-slipstream,69503.8475495982,69743.8834713512,69503.8475495982,69503.8475495982,69757.4250983647,69252.286839972,34.535630791046046,36.483958472306455,-36.1937818545488,30.0,5.0,35.0,True,-0.46436920895395417,-71.1937818545488,0.0,37710.077407308454,0.0,37710.077407308454,791688.8575,471010.6933,471010.6933,api_detail,api_detail
2026-03-20 18:00:00+00:00,3,6,6,fee_adjusted_spread_bps,0x319c0dd36284ac24a6b2bee73929f699b9f48c38,0x689a850f62b41d89b5e5c3465cd291374b215813,WETH / WBTC 0.05%,WETH / WBTC 0.3%,velodrome-finance-slipstream,sushiswap-v3-optimism,69472.7659899301,69500.1366180308,69775.233564694,69365.2754749349,69582.9259206218,69500.1366180308,3.939763691667153,31.37743549588512,-39.426159198470145,5.0,30.0,35.0,True,-31.060236308332847,-74.42615919847015,31698.516803301016,84.69147648,84.69147648,31783.208279781014,471010.6933,183752.7141,183752.7141,api_detail,api_detail
2026-03-20 19:00:00+00:00,3,6,6,fee_adjusted_spread_bps,0x689a850f62b41d89b5e5c3465cd291374b215813,0x319c0dd36284ac24a6b2bee73929f699b9f48c38,WETH / WBTC 0.3%,WETH / WBTC 0.05%,sushiswap-v3-optimism,velodrome-finance-slipstream,69515.9458481093,69911.7971353107,69601.651687005,69500.1366180308,69921.6523121103,69442.1170811504,56.94395471023572,60.649620934722925,-22.92109482861404,30.0,5.0,35.0,True,21.943954710235722,-57.921094828614045,128.7684834584,22697.799017778198,128.7684834584,22826.567501236597,183752.7141,471010.6933,183752.7141,api_detail,api_detail
2026-03-20 20:00:00+00:00,3,6,6,fee_adjusted_spread_bps,0x689a850f62b41d89b5e5c3465cd291374b215813,0x319c0dd36284ac24a6b2bee73929f699b9f48c38,WETH / WBTC 0.3%,WETH / WBTC 0.05%,sushiswap-v3-optimism,velodrome-finance-slipstream,69515.9458481093,69732.760459185,69515.9458481093,69515.9458481093,69952.6551376966,69495.7513641022,31.189190973452963,62.82145546023132,-2.9050146352371797,30.0,5.0,35.0,True,-3.8108090265470373,-37.90501463523718,0.0,13573.680319913634,0.0,13573.680319913634,183752.7141,471010.6933,183752.7141,api_detail,api_detail
2026-03-20 21:00:00+00:00,3,6,6,fee_adjusted_spread_bps,0x689a850f62b41d89b5e5c3465cd291374b215813,0x319c0dd36284ac24a6b2bee73929f699b9f48c38,WETH / WBTC 0.3%,WETH / WBTC 0.05%,sushiswap-v3-optimism,velodrome-finance-slipstream,69515.9458481093,70246.1234723494,69515.9458481093,69515.9458481093,70334.0873900021,69706.7471026904,105.03742923034132,117.69120478924533,27.44712054957743,30.0,5.0,35.0,True,70.03742923034132,-7.552879450422569,0.0,34063.567190052585,0.0,34063.567190052585,183752.7141,471010.6933,183752.7141,api_detail,api_detail
2026-03-20 22:00:00+00:00,3,6,6,fee_adjusted_spread_bps,0x689a850f62b41d89b5e5c3465cd291374b215813,0x319c0dd36284ac24a6b2bee73929f699b9f48c38,WETH / WBTC 0.3%,WETH / WBTC 0.05%,sushiswap-v3-optimism,velodrome-finance-slipstream,70219.6302157521,70531.0157032685,70219.6302157521,69515.9458481093,70651.3795705972,70233.2823302865,44.3445068792947,163.33428375826077,1.9442019977122804,30.0,5.0,35.0,True,9.344506879294698,-33.055798002287716,98.0329235479094,46079.91447587213,98.0329235479094,46177.94739942004,183752.7141,471010.6933,183752.7141,api_detail,api_detail
2026-03-20 23:00:00+00:00,3,6,6,fee_adjusted_spread_bps,0x689a850f62b41d89b5e5c3465cd291374b215813,0x319c0dd36284ac24a6b2bee73929f699b9f48c38,WETH / WBTC 0.3%,WETH / WBTC 0.05%,sushiswap-v3-optimism,velodrome-finance-slipstream,70219.6302157521,70328.6073012855,70219.6302157521,70219.6302157521,70531.0157032685,70213.8328571486,15.519461609034835,44.3445068792947,-0.8256036931097999,30.0,5.0,35.0,True,-19.480538390965165,-35.8256036931098,0.0,14798.42566548306,0.0,14798.42566548306,183752.7141,471010.6933,183752.7141,api_detail,api_detail
2026-03-21 00:00:00+00:00,3,6,6,fee_adjusted_spread_bps,0x689a850f62b41d89b5e5c3465cd291374b215813,0x319c0dd36284ac24a6b2bee73929f699b9f48c38,WETH / WBTC 0.3%,WETH / WBTC 0.05%,sushiswap-v3-optimism,velodrome-finance-slipstream,70219.6302157521,70379.3756657096,70219.6302157521,70219.6302157521,70492.8961143417,70239.1516194233,22.749400625818872,38.91588402701318,2.780049341077895,30.0,5.0,35.0,True,-12.250599374181128,-32.2199506589221,0.0,17463.15165169259,0.0,17463.15165169259,183752.7141,471010.6933,183752.7141,api_detail,api_detail
2026-03-21 01:00:00+00:00,3,6,6,fee_adjusted_spread_bps,0x319c0dd36284ac24a6b2bee73929f699b9f48c38,0x73b14a78a0d396c521f954532d43fd5ffe385216,WETH / WBTC 0.05%,WETH / WBTC 0.3%,velodrome-finance-slipstream,uniswap_v3_optimism,70279.5970513219,70530.5600629395,70557.9197165265,70278.365733078,70530.5600629395,70530.5600629395,35.70922744965843,35.88505896954919,-3.877616247321969,5.0,30.0,35.0,True,0.7092274496584281,-38.87761624732197,8034.821912106312,0.0,0.0,8034.821912106312,471010.6933,791688.8575,471010.6933,api_detail,api_detail
2026-03-21 02:00:00+00:00,3,6,6,fee_adjusted_spread_bps,0x689a850f62b41d89b5e5c3465cd291374b215813,0x319c0dd36284ac24a6b2bee73929f699b9f48c38,WETH / WBTC 0.3%,WETH / WBTC 0.05%,sushiswap-v3-optimism,velodrome-finance-slipstream,70219.6302157521,70475.803131873,70219.6302157521,70219.6302157521,70478.5775720376,70212.7533433621,36.48166692615806,36.87677583745108,-0.9793375967470652,30.0,5.0,35.0,True,1.4816669261580628,-35.979337596747065,0.0,7529.041490509244,0.0,7529.041490509244,183752.7141,471010.6933,183752.7141,api_detail,api_detail
2026-03-21 03:00:00+00:00,3,6,6,fee_adjusted_spread_bps,0x319c0dd36284ac24a6b2bee73929f699b9f48c38,0x73b14a78a0d396c521f954532d43fd5ffe385216,WETH / WBTC 0.05%,WETH / WBTC 0.3%,velodrome-finance-slipstream,uniswap_v3_optimism,70394.2234319448,70623.0207564195,70475.803131873,70393.2495703291,70623.0207564195,70530.5600629395,32.50228688095325,32.64108241811448,7.769607245771137,5.0,30.0,35.0,True,-2.4977131190467503,-27.230392754228863,1164.4043862499848,0.300147838214783,0.300147838214783,1164.7045340881996,471010.6933,791688.8575,471010.6933,api_detail,api_detail
2026-03-21 04:00:00+00:00,3,6,6,fee_adjusted_spread_bps,0x689a850f62b41d89b5e5c3465cd291374b215813,0x319c0dd36284ac24a6b2bee73929f699b9f48c38,WETH / WBTC 0.3%,WETH / WBTC 0.05%,sushiswap-v3-optimism,velodrome-finance-slipstream,70219.6302157521,70459.1722006439,70219.6302157521,70219.6302157521,70545.5315087531,70394.2234319448,34.11325069012649,46.41170738149292,24.86387576469129,30.0,5.0,35.0,True,-0.8867493098735082,-10.13612423530871,0.0,3536.754879001469,0.0,3536.754879001469,183752.7141,471010.6933,183752.7141,api_detail,api_detail
2026-03-21 05:00:00+00:00,3,6,6,fee_adjusted_spread_bps,0x689a850f62b41d89b5e5c3465cd291374b215813,0x319c0dd36284ac24a6b2bee73929f699b9f48c38,WETH / WBTC 0.3%,WETH / WBTC 0.05%,sushiswap-v3-optimism,velodrome-finance-slipstream,70219.6302157521,70451.2545754181,70219.6302157521,70219.6302157521,70520.1096080233,70273.8680956922,32.98569914913063,42.79136636692105,7.724033831202348,30.0,5.0,35.0,True,-2.0143008508693683,-27.275966168797652,0.0,72963.78071181447,0.0,72963.78071181447,183752.7141,471010.6933,183752.7141,api_detail,api_detail
2026-03-21 06:00:00+00:00,3,6,6,fee_adjusted_spread_bps,0x689a850f62b41d89b5e5c3465cd291374b215813,0x319c0dd36284ac24a6b2bee73929f699b9f48c38,WETH / WBTC 0.3%,WETH / WBTC 0.05%,sushiswap-v3-optimism,velodrome-finance-slipstream,70219.6302157521,70498.3322781269,70219.6302157521,70219.6302157521,70548.9872649539,70451.2437017166,39.69004985051594,46.90384272743265,32.984150621822025,30.0,5.0,35.0,True,4.6900498505159405,-2.0158493781779754,0.0,8255.08641499103,0.0,8255.08641499103,183752.7141,471010.6933,183752.7141,api_detail,api_detail
2026-03-21 07:00:00+00:00,3,6,6,fee_adjusted_spread_bps,0x689a850f62b41d89b5e5c3465cd291374b215813,0x319c0dd36284ac24a6b2bee73929f699b9f48c38,WETH / WBTC 0.3%,WETH / WBTC 0.05%,sushiswap-v3-optimism,velodrome-finance-slipstream,70219.6302157521,70503.9902345732,70219.6302157521,70219.6302157521,70662.5775236253,70477.1504434245,40.49580123782981,63.080267798651946,36.673537995168815,30.0,5.0,35.0,True,5.495801237829809,1.6735379951688145,0.0,5088.124968142167,0.0,5088.124968142167,183752.7141,471010.6933,183752.7141,api_detail,api_detail
2026-03-21 08:00:00+00:00,3,6,6,fee_adjusted_spread_bps,0x319c0dd36284ac24a6b2bee73929f699b9f48c38,0x73b14a78a0d396c521f954532d43fd5ffe385216,WETH / WBTC 0.05%,WETH / WBTC 0.3%,velodrome-finance-slipstream,uniswap_v3_optimism,70339.3567379992,70619.68161818,70503.9902345732,70315.529072216,70619.68161818,70619.68161818,39.853204973845365,43.25538753347402,16.409196589000086,5.0,30.0,35.0,True,4.853204973845365,-18.590803410999914,5867.359652458176,0.0,0.0,5867.359652458176,471010.6933,791688.8575,471010.6933,api_detail,api_detail
2026-03-21 09:00:00+00:00,3,6,6,fee_adjusted_spread_bps,0x689a850f62b41d89b5e5c3465cd291374b215813,0x73b14a78a0d396c521f954532d43fd5ffe385216,WETH / WBTC 0.3%,WETH / WBTC 0.3%,sushiswap-v3-optimism,uniswap_v3_optimism,70219.6302157521,70619.68161818,70219.6302157521,70219.6302157521,70619.68161818,70619.68161818,56.97144818318289,56.97144818318289,56.97144818318289,30.0,30.0,60.0,True,-3.0285518168171066,-3.0285518168171066,0.0,0.0,0.0,0.0,183752.7141,791688.8575,183752.7141,api_detail,api_detail
2026-03-21 10:00:00+00:00,3,6,6,fee_adjusted_spread_bps,0x319c0dd36284ac24a6b2bee73929f699b9f48c38,0x73b14a78a0d396c521f954532d43fd5ffe385216,WETH / WBTC 0.05%,WETH / WBTC 0.3%,velodrome-finance-slipstream,uniswap_v3_optimism,70332.0490794201,70619.68161818,70407.5273999407,70283.1171235443,70619.68161818,70619.68161818,40.896368373271045,47.88696182101315,30.13232051655157,5.0,30.0,35.0,True,5.896368373271045,-4.8676794834484305,1957.3022947465279,0.0,0.0,1957.3022947465279,471010.6933,791688.8575,471010.6933,api_detail,api_detail
2026-03-21 11:00:00+00:00,3,6,6,fee_adjusted_spread_bps,0x319c0dd36284ac24a6b2bee73929f699b9f48c38,0x73b14a78a0d396c521f954532d43fd5ffe385216,WETH / WBTC 0.05%,WETH / WBTC 0.3%,velodrome-finance-slipstream,uniswap_v3_optimism,70378.7692346425,70619.68161818,70378.7692346425,70327.1518785684,70619.68161818,70619.68161818,34.23083213266898,41.595561855922725,34.23083213266898,5.0,30.0,35.0,True,-0.7691678673310207,-0.7691678673310207,2282.996886234886,0.0,0.0,2282.996886234886,471010.6933,791688.8575,471010.6933,api_detail,api_detail
2026-03-21 12:00:00+00:00,3,6,6,fee_adjusted_spread_bps,0x689a850f62b41d89b5e5c3465cd291374b215813,0x319c0dd36284ac24a6b2bee73929f699b9f48c38,WETH / WBTC 0.3%,WETH / WBTC 0.05%,sushiswap-v3-optimism,velodrome-finance-slipstream,70219.6302157521,70479.1990094568,70219.6302157521,70219.6302157521,70524.205496039,70378.7692346425,36.965274939098066,43.37466308937721,22.663038583576878,30.0,5.0,35.0,True,1.965274939098066,-12.336961416423122,0.0,3990.765093259676,0.0,3990.765093259676,183752.7141,471010.6933,183752.7141,api_detail,api_detail
2026-03-21 13:00:00+00:00,3,6,6,fee_adjusted_spread_bps,0x689a850f62b41d89b5e5c3465cd291374b215813,0x319c0dd36284ac24a6b2bee73929f699b9f48c38,WETH / WBTC 0.3%,WETH / WBTC 0.05%,sushiswap-v3-optimism,velodrome-finance-slipstream,70219.6302157521,70472.3012994361,70219.6302157521,70219.6302157521,70533.9211421169,70413.6778472433,35.98296984869798,44.75827135505206,27.63438527018547,30.0,5.0,35.0,True,0.9829698486979765,-7.365614729814531,0.0,8249.759311131183,0.0,8249.759311131183,183752.7141,471010.6933,183752.7141,api_detail,api_detail
2026-03-21 14:00:00+00:00,3,6,6,fee_adjusted_spread_bps,0x689a850f62b41d89b5e5c3465cd291374b215813,0x73b14a78a0d396c521f954532d43fd5ffe385216,WETH / WBTC 0.3%,WETH / WBTC 0.3%,sushiswap-v3-optimism,uniswap_v3_optimism,70219.6302157521,70619.68161818,70219.6302157521,70219.6302157521,70619.68161818,70619.68161818,56.97144818318289,56.97144818318289,56.97144818318289,30.0,30.0,60.0,True,-3.0285518168171066,-3.0285518168171066,0.0,0.0,0.0,0.0,183752.7141,791688.8575,183752.7141,api_detail,api_detail
2026-03-21 15:00:00+00:00,3,6,6,fee_adjusted_spread_bps,0x689a850f62b41d89b5e5c3465cd291374b215813,0x73b14a78a0d396c521f954532d43fd5ffe385216,WETH / WBTC 0.3%,WETH / WBTC 0.3%,sushiswap-v3-optimism,uniswap_v3_optimism,70219.6302157521,70619.68161818,70219.6302157521,70219.6302157521,70619.68161818,70619.68161818,56.97144818318289,56.97144818318289,56.97144818318289,30.0,30.0,60.0,True,-3.0285518168171066,-3.0285518168171066,0.0,0.0,0.0,0.0,183752.7141,791688.8575,183752.7141,api_detail,api_detail
2026-03-21 16:00:00+00:00,3,6,6,fee_adjusted_spread_bps,0x319c0dd36284ac24a6b2bee73929f699b9f48c38,0x73b14a78a0d396c521f954532d43fd5ffe385216,WETH / WBTC 0.05%,WETH / WBTC 0.3%,velodrome-finance-slipstream,uniswap_v3_optimism,70060.1763058626,70619.68161818,70457.91413578,70060.1763058626,70619.68161818,70619.68161818,79.86067718053658,79.86067718053658,22.959448116539605,5.0,30.0,35.0,True,44.860677180536584,-12.040551883460395,8704.240055462053,0.0,0.0,8704.240055462053,471010.6933,791688.8575,471010.6933,api_detail,api_detail
2026-03-21 17:00:00+00:00,3,6,6,fee_adjusted_spread_bps,0x319c0dd36284ac24a6b2bee73929f699b9f48c38,0x73b14a78a0d396c521f954532d43fd5ffe385216,WETH / WBTC 0.05%,WETH / WBTC 0.3%,velodrome-finance-slipstream,uniswap_v3_optimism,70070.0167375542,70619.68161818,70172.5781008938,70025.2998706742,70619.68161818,70619.68161818,78.44509052774562,84.88099995337839,63.714848361897666,5.0,30.0,35.0,True,43.44509052774562,28.714848361897666,6387.254182011419,0.0,0.0,6387.254182011419,471010.6933,791688.8575,471010.6933,api_detail,api_detail
2026-03-21 18:00:00+00:00,3,6,6,fee_adjusted_spread_bps,0x319c0dd36284ac24a6b2bee73929f699b9f48c38,0x73b14a78a0d396c521f954532d43fd5ffe385216,WETH / WBTC 0.05%,WETH / WBTC 0.3%,velodrome-finance-slipstream,uniswap_v3_optimism,70192.6895375455,70619.68161818,70262.3712063002,70070.0167375542,70619.68161818,70619.68161818,60.83141755183652,78.44509052774562,50.85373660827397,5.0,30.0,35.0,True,25.831417551836523,15.85373660827397,3344.651342014298,0.0,0.0,3344.651342014298,471010.6933,791688.8575,471010.6933,api_detail,api_detail
2026-03-21 19:00:00+00:00,3,6,6,fee_adjusted_spread_bps,0x73b14a78a0d396c521f954532d43fd5ffe385216,0x319c0dd36284ac24a6b2bee73929f699b9f48c38,WETH / WBTC 0.3%,WETH / WBTC 0.05%,uniswap_v3_optimism,velodrome-finance-slipstream,70094.0609140998,70166.1776001915,70619.68161818,70094.0609140998,70214.7282380856,70114.0186564946,10.288558709714568,17.215056798276507,-71.60368754129509,30.0,5.0,35.0,True,-24.711441290285432,-106.60368754129509,591.787333723125,650.2352554284433,591.787333723125,1242.0225891515684,791688.8575,471010.6933,471010.6933,api_detail,api_detail
2026-03-21 20:00:00+00:00,3,6,6,fee_adjusted_spread_bps,0x73b14a78a0d396c521f954532d43fd5ffe385216,0x319c0dd36284ac24a6b2bee73929f699b9f48c38,WETH / WBTC 0.3%,WETH / WBTC 0.05%,uniswap_v3_optimism,velodrome-finance-slipstream,70094.0609140998,70218.6065323831,70094.0609140998,70094.0609140998,70249.2581774616,70147.5993513657,17.768355358369625,22.14128577198382,7.638084677603629,30.0,5.0,35.0,True,-17.231644641630375,-27.36191532239637,0.0,4093.2538438853435,0.0,4093.2538438853435,791688.8575,471010.6933,471010.6933,api_detail,api_detail
2026-03-21 21:00:00+00:00,3,6,6,fee_adjusted_spread_bps,0x319c0dd36284ac24a6b2bee73929f699b9f48c38,0x689a850f62b41d89b5e5c3465cd291374b215813,WETH / WBTC 0.05%,WETH / WBTC 0.3%,velodrome-finance-slipstream,sushiswap-v3-optimism,70121.7557870845,70168.6461849575,70223.9527739628,70115.7161857349,70219.6302157521,70168.6461849575,6.6869971161831465,14.820362062897274,-7.87574421840298,5.0,30.0,35.0,True,-28.313002883816853,-42.87574421840298,7030.666576946961,240.398654795332,240.398654795332,7271.065231742293,471010.6933,183752.7141,183752.7141,api_detail,api_detail
2026-03-21 22:00:00+00:00,3,6,6,fee_adjusted_spread_bps,0x319c0dd36284ac24a6b2bee73929f699b9f48c38,0x689a850f62b41d89b5e5c3465cd291374b215813,WETH / WBTC 0.05%,WETH / WBTC 0.3%,velodrome-finance-slipstream,sushiswap-v3-optimism,70072.7171988739,70168.6461849575,70169.589497543,70063.1299629773,70168.6461849575,70168.6461849575,13.689919546195917,15.060163888760414,-0.1344332483987909,5.0,30.0,35.0,True,-21.310080453804083,-35.13443324839879,3838.394889757388,0.0,0.0,3838.394889757388,471010.6933,183752.7141,183752.7141,api_detail,api_detail
2026-03-21 23:00:00+00:00,3,6,6,fee_adjusted_spread_bps,0x319c0dd36284ac24a6b2bee73929f699b9f48c38,0x73b14a78a0d396c521f954532d43fd5ffe385216,WETH / WBTC 0.05%,WETH / WBTC 0.3%,velodrome-finance-slipstream,uniswap_v3_optimism,68423.7923350768,68756.0371304754,70087.3793441681,68416.4047197662,70117.2687079876,68714.1129673098,48.55691040501986,248.60470163379,-195.93632829596808,5.0,30.0,35.0,True,13.556910405019863,-230.93632829596808,81077.68163759794,33176.50210164692,33176.50210164692,114254.18373924485,471010.6933,791688.8575,471010.6933,api_detail,api_detail
2026-03-22 00:00:00+00:00,3,6,6,fee_adjusted_spread_bps,0x319c0dd36284ac24a6b2bee73929f699b9f48c38,0x73b14a78a0d396c521f954532d43fd5ffe385216,WETH / WBTC 0.05%,WETH / WBTC 0.3%,velodrome-finance-slipstream,uniswap_v3_optimism,68628.6478373471,68760.6679381543,68889.9830905077,68076.0272622309,68876.6601565325,68408.4173850228,19.236879199500123,117.60863941392196,-69.90358886461267,5.0,30.0,35.0,True,-15.763120800499877,-104.90358886461267,82898.55934756288,26893.957296364657,26893.957296364657,109792.51664392755,471010.6933,791688.8575,471010.6933,api_detail,api_detail
2026-03-22 01:00:00+00:00,3,6,6,fee_adjusted_spread_bps,0x73b14a78a0d396c521f954532d43fd5ffe385216,0x319c0dd36284ac24a6b2bee73929f699b9f48c38,WETH / WBTC 0.3%,WETH / WBTC 0.05%,uniswap_v3_optimism,velodrome-finance-slipstream,68678.7901138022,68729.8924306721,68770.5896560664,68678.7901138022,68885.2604909675,68581.6799387704,7.440771275268876,30.063193720095693,-27.46955031806109,30.0,5.0,35.0,True,-27.559228724731124,-62.46955031806109,1959.9378560352345,11350.10609008163,1959.9378560352345,13310.043946116864,791688.8575,471010.6933,471010.6933,api_detail,api_detail
2026-03-22 02:00:00+00:00,3,6,6,fee_adjusted_spread_bps,0x689a850f62b41d89b5e5c3465cd291374b215813,0x319c0dd36284ac24a6b2bee73929f699b9f48c38,WETH / WBTC 0.3%,WETH / WBTC 0.05%,sushiswap-v3-optimism,velodrome-finance-slipstream,68804.1779547662,69081.1620026132,68910.336381278,68722.1000650886,69189.7932661742,68681.479327981,40.25686463823508,68.05572016027384,-33.210845471823845,30.0,5.0,35.0,True,5.256864638235079,-68.21084547182384,444.5634582710023,40685.411781942355,444.5634582710023,41129.97524021336,183752.7141,471010.6933,183752.7141,api_detail,api_detail
2026-03-22 03:00:00+00:00,3,6,6,fee_adjusted_spread_bps,0x73b14a78a0d396c521f954532d43fd5ffe385216,0x319c0dd36284ac24a6b2bee73929f699b9f48c38,WETH / WBTC 0.3%,WETH / WBTC 0.05%,uniswap_v3_optimism,velodrome-finance-slipstream,69052.6595385217,69162.7217212093,69204.6266306012,68901.0154700457,69314.6335499317,68967.9569157047,15.93887670991112,60.030766900063256,-34.198539377979785,30.0,5.0,35.0,True,-19.06112329008888,-69.19853937797978,17748.722309563727,39167.16225531641,17748.722309563727,56915.884564880136,791688.8575,471010.6933,471010.6933,api_detail,api_detail
2026-03-22 04:00:00+00:00,3,6,6,fee_adjusted_spread_bps,0x73b14a78a0d396c521f954532d43fd5ffe385216,0x319c0dd36284ac24a6b2bee73929f699b9f48c38,WETH / WBTC 0.3%,WETH / WBTC 0.05%,uniswap_v3_optimism,velodrome-finance-slipstream,69112.8835536514,69163.3087062813,69146.6841454924,69052.6595385217,69391.1475409836,68992.6136767938,7.296056832986064,49.01882197210217,-22.281685752916225,30.0,5.0,35.0,True,-27.703943167013936,-57.281685752916225,1223.800590669404,41885.21670885372,1223.800590669404,43109.01729952312,791688.8575,471010.6933,471010.6933,api_detail,api_detail
2026-03-22 05:00:00+00:00,3,6,6,fee_adjusted_spread_bps,0x73b14a78a0d396c521f954532d43fd5ffe385216,0x319c0dd36284ac24a6b2bee73929f699b9f48c38,WETH / WBTC 0.3%,WETH / WBTC 0.05%,uniswap_v3_optimism,velodrome-finance-slipstream,68975.0940700411,68999.8042529326,69452.6491283342,68972.9264898034,69181.8887584757,68973.1757039973,3.582479041841502,30.29627410447766,-69.03601667532233,30.0,5.0,35.0,True,-31.417520958158498,-104.03601667532233,2447.542665966641,11719.226029947502,2447.542665966641,14166.768695914143,791688.8575,471010.6933,471010.6933,api_detail,api_detail
2026-03-22 06:00:00+00:00,3,6,6,fee_adjusted_spread_bps,0x319c0dd36284ac24a6b2bee73929f699b9f48c38,0x689a850f62b41d89b5e5c3465cd291374b215813,WETH / WBTC 0.05%,WETH / WBTC 0.3%,velodrome-finance-slipstream,sushiswap-v3-optimism,68973.6131356006,68982.9147365983,69049.2662886128,68900.1771729107,68982.9147365983,68982.9147365983,1.3485738349561238,12.008323792833675,-9.609305874035412,5.0,30.0,35.0,True,-33.65142616504387,-44.609305874035414,10540.434936222528,0.0,0.0,10540.434936222528,471010.6933,183752.7141,183752.7141,api_detail,api_detail
2026-03-22 07:00:00+00:00,3,6,6,fee_adjusted_spread_bps,0x689a850f62b41d89b5e5c3465cd291374b215813,0x319c0dd36284ac24a6b2bee73929f699b9f48c38,WETH / WBTC 0.3%,WETH / WBTC 0.05%,sushiswap-v3-optimism,velodrome-finance-slipstream,68821.4167756877,68830.6489997355,68982.9147365983,68801.508219794,69025.5760909647,68736.1867002627,1.3414754418517028,32.567290597016466,-35.7665426689624,30.0,5.0,35.0,True,-33.6585245581483,-70.7665426689624,120.4679045091584,28478.08890117975,120.4679045091584,28598.55680568891,183752.7141,471010.6933,183752.7141,api_detail,api_detail
2026-03-22 08:00:00+00:00,3,6,6,fee_adjusted_spread_bps,0x319c0dd36284ac24a6b2bee73929f699b9f48c38,0x689a850f62b41d89b5e5c3465cd291374b215813,WETH / WBTC 0.05%,WETH / WBTC 0.3%,velodrome-finance-slipstream,sushiswap-v3-optimism,68514.6711537901,68595.6272368504,68842.2551965481,68151.5884502065,68836.3281310906,68571.1834711007,11.815875592335878,100.47303319780987,-39.37577650143464,5.0,30.0,35.0,True,-23.18412440766412,-74.37577650143464,43726.95844386415,959.0425107793079,959.0425107793079,44686.00095464345,471010.6933,183752.7141,183752.7141,api_detail,api_detail
2026-03-22 09:00:00+00:00,3,6,6,fee_adjusted_spread_bps,0x319c0dd36284ac24a6b2bee73929f699b9f48c38,0x689a850f62b41d89b5e5c3465cd291374b215813,WETH / WBTC 0.05%,WETH / WBTC 0.3%,velodrome-finance-slipstream,sushiswap-v3-optimism,68554.3830760821,68595.6272368504,68683.3232612861,68413.5343812892,68595.6272368504,68595.6272368504,6.016268970363559,26.616495874389745,-12.768168497334642,5.0,30.0,35.0,True,-28.98373102963644,-47.76816849733464,29444.52425026545,0.0,0.0,29444.52425026545,471010.6933,183752.7141,183752.7141,api_detail,api_detail
2026-03-22 10:00:00+00:00,3,6,6,fee_adjusted_spread_bps,0x319c0dd36284ac24a6b2bee73929f699b9f48c38,0x689a850f62b41d89b5e5c3465cd291374b215813,WETH / WBTC 0.05%,WETH / WBTC 0.3%,velodrome-finance-slipstream,sushiswap-v3-optimism,68423.9142352033,68595.6272368504,68583.9320569962,68370.1018471324,68595.6272368504,68595.6272368504,25.09546604668733,32.98596661772457,1.705236125055798,5.0,30.0,35.0,True,-9.904533953312669,-33.2947638749442,18890.201758379993,0.0,0.0,18890.201758379993,471010.6933,183752.7141,183752.7141,api_detail,api_detail
2026-03-22 11:00:00+00:00,3,6,6,fee_adjusted_spread_bps,0x319c0dd36284ac24a6b2bee73929f699b9f48c38,0x689a850f62b41d89b5e5c3465cd291374b215813,WETH / WBTC 0.05%,WETH / WBTC 0.3%,velodrome-finance-slipstream,sushiswap-v3-optimism,68010.0168396954,68595.6272368504,68507.3279826855,67987.1534379273,68595.6272368504,68595.6272368504,86.10649200915921,89.49834904893316,12.889023227882213,5.0,30.0,35.0,True,51.10649200915921,-22.110976772117787,30431.287863020498,0.0,0.0,30431.287863020498,471010.6933,183752.7141,183752.7141,api_detail,api_detail
2026-03-22 12:00:00+00:00,3,6,6,fee_adjusted_spread_bps,0x319c0dd36284ac24a6b2bee73929f699b9f48c38,0x689a850f62b41d89b5e5c3465cd291374b215813,WETH / WBTC 0.05%,WETH / WBTC 0.3%,velodrome-finance-slipstream,sushiswap-v3-optimism,68431.8817752186,68595.6272368504,68521.2787375716,68005.157145738,68595.6272368504,68595.6272368504,23.928241834656472,86.82725191664353,10.850424955370919,5.0,30.0,35.0,True,-11.071758165343528,-24.14957504462908,17128.29834355874,0.0,0.0,17128.29834355874,471010.6933,183752.7141,183752.7141,api_detail,api_detail
2026-03-22 13:00:00+00:00,3,6,6,fee_adjusted_spread_bps,0x319c0dd36284ac24a6b2bee73929f699b9f48c38,0x689a850f62b41d89b5e5c3465cd291374b215813,WETH / WBTC 0.05%,WETH / WBTC 0.3%,velodrome-finance-slipstream,sushiswap-v3-optimism,68471.3835401914,68595.6272368504,68651.9491990161,68349.2988983019,68595.6272368504,68595.6272368504,18.145346308955368,36.0396291577203,-8.203985876996667,5.0,30.0,35.0,True,-16.854653691044632,-43.20398587699667,13018.51190373538,0.0,0.0,13018.51190373538,471010.6933,183752.7141,183752.7141,api_detail,api_detail
2026-03-22 14:00:00+00:00,3,6,6,fee_adjusted_spread_bps,0x319c0dd36284ac24a6b2bee73929f699b9f48c38,0x689a850f62b41d89b5e5c3465cd291374b215813,WETH / WBTC 0.05%,WETH / WBTC 0.3%,velodrome-finance-slipstream,sushiswap-v3-optimism,68430.418995894,68595.6272368504,68684.1103480393,68102.7515468062,68595.6272368504,68595.6272368504,24.142514890390654,72.37236071224729,-12.882617353641157,5.0,30.0,35.0,True,-10.857485109609346,-47.88261735364116,10025.390404069853,0.0,0.0,10025.390404069853,471010.6933,183752.7141,183752.7141,api_detail,api_detail
2026-03-22 15:00:00+00:00,3,6,6,fee_adjusted_spread_bps,0x319c0dd36284ac24a6b2bee73929f699b9f48c38,0x73b14a78a0d396c521f954532d43fd5ffe385216,WETH / WBTC 0.05%,WETH / WBTC 0.3%,velodrome-finance-slipstream,uniswap_v3_optimism,68546.1231984164,68649.3232638011,68680.3410179765,68430.418995894,68683.5227658594,68563.7954067985,15.055565591355347,36.987026190880016,-16.969282541492436,5.0,30.0,35.0,True,-19.944434408644653,-51.96928254149243,10565.195045828183,2405.412727498636,2405.412727498636,12970.607773326818,471010.6933,791688.8575,471010.6933,api_detail,api_detail
2026-03-22 16:00:00+00:00,3,6,6,fee_adjusted_spread_bps,0x319c0dd36284ac24a6b2bee73929f699b9f48c38,0x73b14a78a0d396c521f954532d43fd5ffe385216,WETH / WBTC 0.05%,WETH / WBTC 0.3%,velodrome-finance-slipstream,uniswap_v3_optimism,68602.1812569031,68649.3232638011,68602.1812569031,68475.3644888954,68649.3232638011,68649.3232638011,6.871794166638523,25.40457815801922,6.871794166638523,5.0,30.0,35.0,True,-28.128205833361477,-28.128205833361477,2079.294701942891,0.0,0.0,2079.294701942891,471010.6933,791688.8575,471010.6933,api_detail,api_detail
2026-03-22 17:00:00+00:00,3,6,6,fee_adjusted_spread_bps,0x319c0dd36284ac24a6b2bee73929f699b9f48c38,0x73b14a78a0d396c521f954532d43fd5ffe385216,WETH / WBTC 0.05%,WETH / WBTC 0.3%,velodrome-finance-slipstream,uniswap_v3_optimism,68547.9870802465,68649.3232638011,68602.1812569031,68435.0270593582,68649.3232638011,68649.3232638011,14.783247163183688,31.313818909872726,6.871794166638523,5.0,30.0,35.0,True,-20.216752836816312,-28.128205833361477,2033.6369230102582,0.0,0.0,2033.6369230102582,471010.6933,791688.8575,471010.6933,api_detail,api_detail
2026-03-22 18:00:00+00:00,3,6,6,fee_adjusted_spread_bps,0x319c0dd36284ac24a6b2bee73929f699b9f48c38,0x689a850f62b41d89b5e5c3465cd291374b215813,WETH / WBTC 0.05%,WETH / WBTC 0.3%,velodrome-finance-slipstream,sushiswap-v3-optimism,68301.3644844445,68516.366962807,68547.9870802465,68162.3348193033,68595.6272368504,68431.4399042496,31.47850412439146,63.56771942976236,-17.00227548045552,5.0,30.0,35.0,True,-3.52149587560854,-52.00227548045552,22388.589286710976,485.6656695559034,485.6656695559034,22874.25495626688,471010.6933,183752.7141,183752.7141,api_detail,api_detail
2026-03-22 19:00:00+00:00,3,6,6,fee_adjusted_spread_bps,0x319c0dd36284ac24a6b2bee73929f699b9f48c38,0x689a850f62b41d89b5e5c3465cd291374b215813,WETH / WBTC 0.05%,WETH / WBTC 0.3%,velodrome-finance-slipstream,sushiswap-v3-optimism,68008.4581134654,68140.0147370549,68411.7247747985,67874.854009567,68516.366962807,68126.3921482331,19.344156188632056,94.51408221807567,-41.70814688632119,5.0,30.0,35.0,True,-15.655843811367944,-76.70814688632119,29670.333349863526,58.3892612963506,58.3892612963506,29728.722611159876,471010.6933,183752.7141,183752.7141,api_detail,api_detail
2026-03-22 20:00:00+00:00,3,6,6,fee_adjusted_spread_bps,0x319c0dd36284ac24a6b2bee73929f699b9f48c38,0x689a850f62b41d89b5e5c3465cd291374b215813,WETH / WBTC 0.05%,WETH / WBTC 0.3%,velodrome-finance-slipstream,sushiswap-v3-optimism,67932.8766913911,68140.0147370549,68239.3328848255,67911.5045611907,68140.0147370549,68140.0147370549,30.4915757660007,33.648227548588316,-14.554384336997739,5.0,30.0,35.0,True,-4.5084242339993,-49.55438433699774,13581.741382813168,0.0,0.0,13581.741382813168,471010.6933,183752.7141,183752.7141,api_detail,api_detail
2026-03-22 21:00:00+00:00,3,6,6,fee_adjusted_spread_bps,0x73b14a78a0d396c521f954532d43fd5ffe385216,0x319c0dd36284ac24a6b2bee73929f699b9f48c38,WETH / WBTC 0.3%,WETH / WBTC 0.05%,uniswap_v3_optimism,velodrome-finance-slipstream,67495.2104514145,67605.4383355693,68199.3908248177,67400.6983644527,68204.4217382766,67222.1640978529,16.331215714060487,119.24555580684837,-143.28965627786627,30.0,5.0,35.0,True,-18.668784285939513,-178.28965627786627,14195.60014962978,83746.55932910633,14195.60014962978,97942.15947873611,791688.8575,471010.6933,471010.6933,api_detail,api_detail
2026-03-22 22:00:00+00:00,3,6,6,fee_adjusted_spread_bps,0x73b14a78a0d396c521f954532d43fd5ffe385216,0x319c0dd36284ac24a6b2bee73929f699b9f48c38,WETH / WBTC 0.3%,WETH / WBTC 0.05%,uniswap_v3_optimism,velodrome-finance-slipstream,67495.2104514145,68096.7348381572,67495.2104514145,67495.2104514145,68096.7348381572,67407.8220050439,89.12104765947726,89.12104765947726,-12.94735519544954,30.0,5.0,35.0,True,54.121047659477256,-47.94735519544954,0.0,58734.348932539935,0.0,58734.348932539935,791688.8575,471010.6933,471010.6933,api_detail,api_detail
2026-03-22 23:00:00+00:00,3,6,6,fee_adjusted_spread_bps,0x319c0dd36284ac24a6b2bee73929f699b9f48c38,0x689a850f62b41d89b5e5c3465cd291374b215813,WETH / WBTC 0.05%,WETH / WBTC 0.3%,velodrome-finance-slipstream,sushiswap-v3-optimism,67702.6046818332,68039.8325995534,68152.6003078646,67625.0944087996,68086.8551761772,67518.4156077296,49.81018371523538,68.2824580748398,-93.05363218280793,5.0,30.0,35.0,True,14.810183715235382,-128.05363218280792,30162.778901396632,269.3341928540045,269.3341928540045,30432.113094250635,471010.6933,183752.7141,183752.7141,api_detail,api_detail
2026-03-23 00:00:00+00:00,3,6,6,fee_adjusted_spread_bps,0x319c0dd36284ac24a6b2bee73929f699b9f48c38,0x73b14a78a0d396c521f954532d43fd5ffe385216,WETH / WBTC 0.05%,WETH / WBTC 0.3%,velodrome-finance-slipstream,uniswap_v3_optimism,67526.3231695253,67890.6261202718,67914.3447526725,67329.2464947104,67890.6261202718,67890.6261202718,53.949768571275314,83.37827241323703,-3.49243337134153,5.0,30.0,35.0,True,18.949768571275314,-38.492433371341534,78458.42480278003,0.0,0.0,78458.42480278003,471010.6933,791688.8575,471010.6933,api_detail,api_detail
2026-03-23 01:00:00+00:00,3,6,6,fee_adjusted_spread_bps,0x319c0dd36284ac24a6b2bee73929f699b9f48c38,0x689a850f62b41d89b5e5c3465cd291374b215813,WETH / WBTC 0.05%,WETH / WBTC 0.3%,velodrome-finance-slipstream,sushiswap-v3-optimism,67702.1714678937,67708.4110025808,67903.6276798636,67393.3626539658,67735.5706181817,67708.4110025808,0.9216151493851577,50.77769541979693,-28.7490792396472,5.0,30.0,35.0,True,-34.07838485061484,-63.7490792396472,42130.970486988874,27.9534174824155,27.9534174824155,42158.92390447129,471010.6933,183752.7141,183752.7141,api_detail,api_detail
2026-03-23 02:00:00+00:00,3,6,6,fee_adjusted_spread_bps,0x689a850f62b41d89b5e5c3465cd291374b215813,0x319c0dd36284ac24a6b2bee73929f699b9f48c38,WETH / WBTC 0.3%,WETH / WBTC 0.05%,sushiswap-v3-optimism,velodrome-finance-slipstream,67825.741326174,67988.079721284,67837.9186448338,67708.4110025808,68104.3283686361,67579.0323727263,23.934628938195868,58.47388237189666,-38.162472740783656,30.0,5.0,35.0,True,-11.065371061804132,-73.16247274078366,64.5170979071716,42437.76971063497,64.5170979071716,42502.28680854214,183752.7141,471010.6933,183752.7141,api_detail,api_detail
2026-03-23 03:00:00+00:00,3,6,6,fee_adjusted_spread_bps,0x319c0dd36284ac24a6b2bee73929f699b9f48c38,0x689a850f62b41d89b5e5c3465cd291374b215813,WETH / WBTC 0.05%,WETH / WBTC 0.3%,velodrome-finance-slipstream,sushiswap-v3-optimism,67878.9175466619,67998.4442366415,68289.7504161081,67878.9175466619,67998.4442366415,67825.741326174,17.608809082352295,17.608809082352295,-67.94710584044682,5.0,30.0,35.0,True,-17.391190917647705,-102.94710584044682,26395.317223238228,82.17,82.17,26477.487223238226,471010.6933,183752.7141,183752.7141,api_detail,api_detail
2026-03-23 04:00:00+00:00,3,6,6,fee_adjusted_spread_bps,0x689a850f62b41d89b5e5c3465cd291374b215813,0x319c0dd36284ac24a6b2bee73929f699b9f48c38,WETH / WBTC 0.3%,WETH / WBTC 0.05%,sushiswap-v3-optimism,velodrome-finance-slipstream,67949.5519480519,68228.0507901409,67998.4442366415,67949.5519480519,68231.2049442741,67878.9175466619,40.98611898161187,41.450309552817366,-17.577856570311077,30.0,5.0,35.0,True,5.986118981611867,-52.57785657031108,82.03957104,21397.971892880527,82.03957104,21480.011463920528,183752.7141,471010.6933,183752.7141,api_detail,api_detail
2026-03-23 05:00:00+00:00,3,6,6,fee_adjusted_spread_bps,0x689a850f62b41d89b5e5c3465cd291374b215813,0x319c0dd36284ac24a6b2bee73929f699b9f48c38,WETH / WBTC 0.3%,WETH / WBTC 0.05%,sushiswap-v3-optimism,velodrome-finance-slipstream,68390.0341582433,68515.4532708813,68557.7899475038,67949.5519480519,68560.3462940575,68228.0507901409,18.33879953149431,89.88938535938517,-48.09652668433251,30.0,5.0,35.0,True,-16.66120046850569,-83.0965266843325,349.8597652193748,26445.796469736328,349.8597652193748,26795.656234955703,183752.7141,471010.6933,183752.7141,api_detail,api_detail
2026-03-23 06:00:00+00:00,3,6,6,fee_adjusted_spread_bps,0x319c0dd36284ac24a6b2bee73929f699b9f48c38,0x73b14a78a0d396c521f954532d43fd5ffe385216,WETH / WBTC 0.05%,WETH / WBTC 0.3%,velodrome-finance-slipstream,uniswap_v3_optimism,67621.4994293276,68069.9365123864,68703.2201260618,67495.5722796416,68669.6382428583,68069.9365123864,66.31575561666824,173.9471084640076,-92.17670038076942,5.0,30.0,35.0,True,31.31575561666824,-127.17670038076942,52859.96070231966,15955.740710405204,15955.740710405204,68815.70141272485,471010.6933,791688.8575,471010.6933,api_detail,api_detail
2026-03-23 07:00:00+00:00,3,6,6,fee_adjusted_spread_bps,0x73b14a78a0d396c521f954532d43fd5ffe385216,0x319c0dd36284ac24a6b2bee73929f699b9f48c38,WETH / WBTC 0.3%,WETH / WBTC 0.05%,uniswap_v3_optimism,velodrome-finance-slipstream,67791.7909348978,68073.02915009,68187.8492686588,67791.7909348978,68196.7156469875,67313.7752446452,41.485585690204104,59.73064090880386,-128.1861846924892,30.0,5.0,35.0,True,6.485585690204104,-163.1861846924892,2209.242221620104,37481.25298403058,2209.242221620104,39690.49520565068,791688.8575,471010.6933,471010.6933,api_detail,api_detail
2026-03-23 08:00:00+00:00,3,6,6,fee_adjusted_spread_bps,0x73b14a78a0d396c521f954532d43fd5ffe385216,0x319c0dd36284ac24a6b2bee73929f699b9f48c38,WETH / WBTC 0.3%,WETH / WBTC 0.05%,uniswap_v3_optimism,velodrome-finance-slipstream,67791.7909348978,68127.052756206,67791.7909348978,67791.7909348978,68366.6994238452,68055.4629053555,49.454634061838476,84.80503037594956,38.89438039937687,30.0,5.0,35.0,True,14.454634061838476,3.894380399376871,0.0,22872.383308475768,0.0,22872.383308475768,791688.8575,471010.6933,471010.6933,api_detail,api_detail
2026-03-23 09:00:00+00:00,3,6,6,fee_adjusted_spread_bps,0x73b14a78a0d396c521f954532d43fd5ffe385216,0x319c0dd36284ac24a6b2bee73929f699b9f48c38,WETH / WBTC 0.3%,WETH / WBTC 0.05%,uniswap_v3_optimism,velodrome-finance-slipstream,67822.1377654152,67985.0603241754,68213.5258120491,67791.7909348978,68246.2341473932,67666.3932223475,24.022032352286615,67.03513894946722,-80.20881242953747,30.0,5.0,35.0,True,-10.977967647713385,-115.20881242953747,3467.101122021911,20895.86604929807,3467.101122021911,24362.967171319982,791688.8575,471010.6933,471010.6933,api_detail,api_detail
2026-03-23 10:00:00+00:00,3,6,6,fee_adjusted_spread_bps,0x689a850f62b41d89b5e5c3465cd291374b215813,0x319c0dd36284ac24a6b2bee73929f699b9f48c38,WETH / WBTC 0.3%,WETH / WBTC 0.05%,sushiswap-v3-optimism,velodrome-finance-slipstream,67829.6861589086,68221.2515590605,67829.6861589086,67829.6861589086,68420.9926783441,67985.0603241754,57.7277328446657,87.17518138742442,22.906513956557628,30.0,5.0,35.0,True,22.727732844665702,-12.093486043442372,0.0,17270.213143060028,0.0,17270.213143060028,183752.7141,471010.6933,183752.7141,api_detail,api_detail
2026-03-23 11:00:00+00:00,3,6,6,fee_adjusted_spread_bps,0x319c0dd36284ac24a6b2bee73929f699b9f48c38,0x689a850f62b41d89b5e5c3465cd291374b215813,WETH / WBTC 0.05%,WETH / WBTC 0.3%,velodrome-finance-slipstream,sushiswap-v3-optimism,69982.1316466944,70327.4438438597,71291.7993748583,67088.2210865854,70793.1639350204,67041.1512570874,49.342909259839644,552.249379761216,-596.2324075200609,5.0,30.0,35.0,True,14.342909259839644,-631.2324075200609,443833.24723337457,5895.494377766426,5895.494377766426,449728.741611141,471010.6933,183752.7141,183752.7141,api_detail,api_detail
2026-03-23 12:00:00+00:00,3,6,6,fee_adjusted_spread_bps,0x689a850f62b41d89b5e5c3465cd291374b215813,0x73b14a78a0d396c521f954532d43fd5ffe385216,WETH / WBTC 0.3%,WETH / WBTC 0.3%,sushiswap-v3-optimism,uniswap_v3_optimism,70126.1751431925,70981.8872595253,70327.4438438597,69796.2375344915,70981.8872595253,69808.5312139385,122.02463838723699,169.8730142076621,-73.78522544815857,30.0,30.0,60.0,True,62.02463838723699,-133.78522544815857,1200.0101759510965,24141.8999973414,1200.0101759510965,25341.910173292497,183752.7141,791688.8575,183752.7141,api_detail,api_detail
2026-03-23 13:00:00+00:00,3,6,6,fee_adjusted_spread_bps,0x689a850f62b41d89b5e5c3465cd291374b215813,0x319c0dd36284ac24a6b2bee73929f699b9f48c38,WETH / WBTC 0.3%,WETH / WBTC 0.05%,sushiswap-v3-optimism,velodrome-finance-slipstream,70821.3233354756,71159.2022618255,70899.6256196613,70126.1751431925,71288.7084949786,70338.4824318894,47.708643447594845,165.7773790474515,-79.1461425737472,30.0,5.0,35.0,True,12.708643447594845,-114.1461425737472,1196.8210522819447,83121.83932076774,1196.8210522819447,84318.66037304969,183752.7141,471010.6933,183752.7141,api_detail,api_detail
2026-03-23 14:00:00+00:00,3,6,6,fee_adjusted_spread_bps,0x689a850f62b41d89b5e5c3465cd291374b215813,0x319c0dd36284ac24a6b2bee73929f699b9f48c38,WETH / WBTC 0.3%,WETH / WBTC 0.05%,sushiswap-v3-optimism,velodrome-finance-slipstream,71101.1239802113,71190.859559398,71114.9801034305,70821.3233354756,71537.1796358904,70904.362630255,12.620838344508112,101.07920421422278,-29.616470801113735,30.0,5.0,35.0,True,-22.379161655491888,-64.61647080111373,84.3482940369514,63503.53379607174,84.3482940369514,63587.88209010869,183752.7141,471010.6933,183752.7141,api_detail,api_detail
2026-03-23 15:00:00+00:00,3,6,6,fee_adjusted_spread_bps,0x319c0dd36284ac24a6b2bee73929f699b9f48c38,0x689a850f62b41d89b5e5c3465cd291374b215813,WETH / WBTC 0.05%,WETH / WBTC 0.3%,velodrome-finance-slipstream,sushiswap-v3-optimism,69895.1659881951,70599.3056395492,71328.0570293782,69895.1659881951,71101.1239802113,70439.1931486973,100.74225325868991,172.53811117923013,-124.61630355566689,5.0,30.0,35.0,True,65.74225325868991,-159.6163035556669,80294.40947490482,740.3064570591564,740.3064570591564,81034.71593196398,471010.6933,183752.7141,183752.7141,api_detail,api_detail
2026-03-23 16:00:00+00:00,3,6,6,fee_adjusted_spread_bps,0x689a850f62b41d89b5e5c3465cd291374b215813,0x319c0dd36284ac24a6b2bee73929f699b9f48c38,WETH / WBTC 0.3%,WETH / WBTC 0.05%,sushiswap-v3-optimism,velodrome-finance-slipstream,70072.6636851277,70261.6622627031,70599.3056395492,70062.346440032,70419.7564025041,69806.8972083617,26.97179864956656,51.01313053767376,-112.24025845710361,30.0,5.0,35.0,True,-8.028201350433442,-147.2402584571036,680.9750756728553,68261.64532689481,680.9750756728553,68942.62040256767,183752.7141,471010.6933,183752.7141,api_detail,api_detail
2026-03-23 17:00:00+00:00,3,6,6,fee_adjusted_spread_bps,0x689a850f62b41d89b5e5c3465cd291374b215813,0x319c0dd36284ac24a6b2bee73929f699b9f48c38,WETH / WBTC 0.3%,WETH / WBTC 0.05%,sushiswap-v3-optimism,velodrome-finance-slipstream,70546.8828857611,70768.829444392,70546.8828857611,70072.6636851277,70778.9749105606,70146.2837298242,31.460859722223233,100.7969710708756,-56.78481309877359,30.0,5.0,35.0,True,-3.5391402777767667,-91.78481309877358,42.0868593919874,48739.83092797179,42.0868593919874,48781.917787363775,183752.7141,471010.6933,183752.7141,api_detail,api_detail
2026-03-23 18:00:00+00:00,3,6,6,fee_adjusted_spread_bps,0x319c0dd36284ac24a6b2bee73929f699b9f48c38,0x689a850f62b41d89b5e5c3465cd291374b215813,WETH / WBTC 0.05%,WETH / WBTC 0.3%,velodrome-finance-slipstream,sushiswap-v3-optimism,70734.6938250381,70761.0791066566,70930.042033916,70591.8665452206,70778.3084183478,70546.8828857611,3.730175419116577,26.411240026891214,-54.019303692460774,5.0,30.0,35.0,True,-31.269824580883423,-89.01930369246077,48262.54821161326,873.2355132533962,873.2355132533962,49135.78372486666,471010.6933,183752.7141,183752.7141,api_detail,api_detail
2026-03-23 19:00:00+00:00,3,6,6,fee_adjusted_spread_bps,0x319c0dd36284ac24a6b2bee73929f699b9f48c38,0x73b14a78a0d396c521f954532d43fd5ffe385216,WETH / WBTC 0.05%,WETH / WBTC 0.3%,velodrome-finance-slipstream,uniswap_v3_optimism,70462.657246273,70833.8587885858,71162.9134394672,70462.657246273,70847.1543162664,70733.8056734473,52.68060513463402,54.56749504202607,-60.29935331201774,5.0,30.0,35.0,True,17.68060513463402,-95.29935331201774,33280.63062747618,3018.49290697358,3018.49290697358,36299.12353444976,471010.6933,791688.8575,471010.6933,api_detail,api_detail
2026-03-23 20:00:00+00:00,3,6,6,fee_adjusted_spread_bps,0x319c0dd36284ac24a6b2bee73929f699b9f48c38,0x73b14a78a0d396c521f954532d43fd5ffe385216,WETH / WBTC 0.05%,WETH / WBTC 0.3%,velodrome-finance-slipstream,uniswap_v3_optimism,70693.1850569186,70833.8587885858,70730.9249782334,70400.3404809643,70833.8587885858,70833.8587885858,19.899192765742146,61.57900724055754,14.552872083051227,5.0,30.0,35.0,True,-15.100807234257854,-20.447127916948773,13625.507746241574,0.0,0.0,13625.507746241574,471010.6933,791688.8575,471010.6933,api_detail,api_detail
2026-03-23 21:00:00+00:00,3,6,6,fee_adjusted_spread_bps,0x319c0dd36284ac24a6b2bee73929f699b9f48c38,0x73b14a78a0d396c521f954532d43fd5ffe385216,WETH / WBTC 0.05%,WETH / WBTC 0.3%,velodrome-finance-slipstream,uniswap_v3_optimism,70728.9710675607,70833.8587885858,70764.606576011,70610.5404998457,70833.8587885858,70833.8587885858,14.829527341053694,31.626763817307335,9.786278187020603,5.0,30.0,35.0,True,-20.170472658946306,-25.213721812979397,15229.270101586684,0.0,0.0,15229.270101586684,471010.6933,791688.8575,471010.6933,api_detail,api_detail
2026-03-23 22:00:00+00:00,3,6,6,fee_adjusted_spread_bps,0x73b14a78a0d396c521f954532d43fd5ffe385216,0x689a850f62b41d89b5e5c3465cd291374b215813,WETH / WBTC 0.3%,WETH / WBTC 0.3%,uniswap_v3_optimism,sushiswap-v3-optimism,70078.3983512619,70821.798328048,70833.8587885858,70078.3983512619,70821.798328048,70821.798328048,106.08118825145895,106.08118825145895,-1.7026406218811907,30.0,30.0,60.0,True,46.081188251458954,-61.70264062188119,1.161827862381423,0.0,0.0,1.161827862381423,791688.8575,183752.7141,183752.7141,api_detail,api_detail
2026-03-23 23:00:00+00:00,3,6,6,fee_adjusted_spread_bps,0x689a850f62b41d89b5e5c3465cd291374b215813,0x319c0dd36284ac24a6b2bee73929f699b9f48c38,WETH / WBTC 0.3%,WETH / WBTC 0.05%,sushiswap-v3-optimism,velodrome-finance-slipstream,70559.4785891752,70619.5673205803,70821.798328048,70436.5523891529,70619.5673205803,70243.1026741955,8.516039603263525,25.982948514611248,-81.71151644186803,30.0,5.0,35.0,True,-26.483960396736475,-116.71151644186803,144.8101211460367,15720.242484147348,144.8101211460367,15865.052605293384,183752.7141,471010.6933,183752.7141,api_detail,api_detail
2026-03-24 00:00:00+00:00,3,6,6,fee_adjusted_spread_bps,0x319c0dd36284ac24a6b2bee73929f699b9f48c38,0x73b14a78a0d396c521f954532d43fd5ffe385216,WETH / WBTC 0.05%,WETH / WBTC 0.3%,velodrome-finance-slipstream,uniswap_v3_optimism,70524.0030507595,70560.1035564211,70776.1968026386,70061.7925322764,70752.1640311888,70461.471530067,5.118896276439244,98.53751580711557,-44.467672295138705,5.0,30.0,35.0,True,-29.881103723560756,-79.4676722951387,42709.30950207779,7860.325388014991,7860.325388014991,50569.634890092784,471010.6933,791688.8575,471010.6933,api_detail,api_detail
2026-03-24 01:00:00+00:00,3,6,6,fee_adjusted_spread_bps,0x689a850f62b41d89b5e5c3465cd291374b215813,0x319c0dd36284ac24a6b2bee73929f699b9f48c38,WETH / WBTC 0.3%,WETH / WBTC 0.05%,sushiswap-v3-optimism,velodrome-finance-slipstream,70217.4741454927,70284.0196047823,70554.2654262328,70216.8371187199,70629.5952562171,70097.3040374092,9.477051132844583,58.78335659000644,-64.76736538365336,30.0,5.0,35.0,True,-25.522948867155417,-99.76736538365336,179.21786388681357,30583.110278246873,179.21786388681357,30762.328142133687,183752.7141,471010.6933,183752.7141,api_detail,api_detail
2026-03-24 02:00:00+00:00,3,6,6,fee_adjusted_spread_bps,0x689a850f62b41d89b5e5c3465cd291374b215813,0x319c0dd36284ac24a6b2bee73929f699b9f48c38,WETH / WBTC 0.3%,WETH / WBTC 0.05%,sushiswap-v3-optimism,velodrome-finance-slipstream,70217.4741454927,70249.2727598663,70217.4741454927,70217.4741454927,70382.5804405176,70182.1470168552,4.528589893124657,23.513562262691412,-5.031102167574186,30.0,5.0,35.0,True,-30.471410106875343,-40.03110216757419,0.0,13818.584851906555,0.0,13818.584851906555,183752.7141,471010.6933,183752.7141,api_detail,api_detail
2026-03-24 03:00:00+00:00,3,6,6,fee_adjusted_spread_bps,0x319c0dd36284ac24a6b2bee73929f699b9f48c38,0x73b14a78a0d396c521f954532d43fd5ffe385216,WETH / WBTC 0.05%,WETH / WBTC 0.3%,velodrome-finance-slipstream,uniswap_v3_optimism,70337.0980164523,70484.5756827747,70337.0980164523,70178.7630076967,70484.5756827747,70225.4799011033,20.967266276452623,43.57624186742237,-15.869024810050147,5.0,30.0,35.0,True,-14.032733723547377,-50.86902481005015,15950.106408280735,0.30026429240862,0.30026429240862,15950.406672573145,471010.6933,791688.8575,471010.6933,api_detail,api_detail
2026-03-24 04:00:00+00:00,3,6,6,fee_adjusted_spread_bps,0x319c0dd36284ac24a6b2bee73929f699b9f48c38,0x73b14a78a0d396c521f954532d43fd5ffe385216,WETH / WBTC 0.05%,WETH / WBTC 0.3%,velodrome-finance-slipstream,uniswap_v3_optimism,70060.1497805185,70484.5756827747,70433.7123043971,70055.5930163234,70484.5756827747,70484.5756827747,60.58021622645793,61.23460640056866,7.221453578618586,5.0,30.0,35.0,True,25.580216226457928,-27.778546421381414,17242.277985029617,0.0,0.0,17242.277985029617,471010.6933,791688.8575,471010.6933,api_detail,api_detail
2026-03-24 05:00:00+00:00,3,6,6,fee_adjusted_spread_bps,0x319c0dd36284ac24a6b2bee73929f699b9f48c38,0x73b14a78a0d396c521f954532d43fd5ffe385216,WETH / WBTC 0.05%,WETH / WBTC 0.3%,velodrome-finance-slipstream,uniswap_v3_optimism,70050.3963221301,70484.5756827747,70144.0741382912,69890.6465370266,70484.5756827747,70484.5756827747,61.980999885855596,84.97977557461178,48.54316614290033,5.0,30.0,35.0,True,26.980999885855596,13.543166142900333,15745.37303964405,0.0,0.0,15745.37303964405,471010.6933,791688.8575,471010.6933,api_detail,api_detail
2026-03-24 06:00:00+00:00,3,6,6,fee_adjusted_spread_bps,0x319c0dd36284ac24a6b2bee73929f699b9f48c38,0x73b14a78a0d396c521f954532d43fd5ffe385216,WETH / WBTC 0.05%,WETH / WBTC 0.3%,velodrome-finance-slipstream,uniswap_v3_optimism,70214.571374529,70908.7355613627,70247.4581825067,70032.0448953662,70908.7355613627,70484.5756827747,98.86326630564879,125.18421635500543,33.754602145454896,5.0,30.0,35.0,True,63.86326630564879,-1.2453978545451037,8547.191082811838,0.0999813171415214,0.0999813171415214,8547.29106412898,471010.6933,791688.8575,471010.6933,api_detail,api_detail
2026-03-24 07:00:00+00:00,3,6,6,fee_adjusted_spread_bps,0x689a850f62b41d89b5e5c3465cd291374b215813,0x319c0dd36284ac24a6b2bee73929f699b9f48c38,WETH / WBTC 0.3%,WETH / WBTC 0.05%,sushiswap-v3-optimism,velodrome-finance-slipstream,70547.5815668539,71029.9604542833,70590.1573953365,70215.3497374967,71031.7960915786,70214.571374529,68.37638891593612,116.27747453145432,-53.20657081185565,30.0,5.0,35.0,True,33.37638891593612,-88.20657081185564,716.8793486989591,46392.059212569395,716.8793486989591,47108.938561268355,183752.7141,471010.6933,183752.7141,api_detail,api_detail
2026-03-24 08:00:00+00:00,3,6,6,fee_adjusted_spread_bps,0x689a850f62b41d89b5e5c3465cd291374b215813,0x319c0dd36284ac24a6b2bee73929f699b9f48c38,WETH / WBTC 0.3%,WETH / WBTC 0.05%,sushiswap-v3-optimism,velodrome-finance-slipstream,70547.5815668539,70693.808227489,70547.5815668539,70547.5815668539,71055.1533070956,70616.4302299055,20.72738106500882,71.94743306129014,9.75918118275354,30.0,5.0,35.0,True,-14.27261893499118,-25.24081881724646,0.0,25947.792772983204,0.0,25947.792772983204,183752.7141,471010.6933,183752.7141,api_detail,api_detail
2026-03-24 09:00:00+00:00,3,6,6,fee_adjusted_spread_bps,0x689a850f62b41d89b5e5c3465cd291374b215813,0x319c0dd36284ac24a6b2bee73929f699b9f48c38,WETH / WBTC 0.3%,WETH / WBTC 0.05%,sushiswap-v3-optimism,velodrome-finance-slipstream,70743.7712120814,71034.9814418613,70804.1171710178,70547.5815668539,71034.9814418613,70589.9524051305,41.16408056716203,69.08810538678978,-30.247501761798688,30.0,5.0,35.0,True,6.164080567162031,-65.24750176179869,395.639133427429,20504.38629780218,395.639133427429,20900.02543122961,183752.7141,471010.6933,183752.7141,api_detail,api_detail
2026-03-24 10:00:00+00:00,3,6,6,fee_adjusted_spread_bps,0x689a850f62b41d89b5e5c3465cd291374b215813,0x319c0dd36284ac24a6b2bee73929f699b9f48c38,WETH / WBTC 0.3%,WETH / WBTC 0.05%,sushiswap-v3-optimism,velodrome-finance-slipstream,70743.7712120814,70976.4312035919,70743.7712120814,70743.7712120814,71054.7673378396,70833.0841320432,32.887699867316655,43.96091987036943,12.624845754130032,30.0,5.0,35.0,True,-2.1123001326833446,-22.375154245869968,0.0,22780.39172464375,0.0,22780.39172464375,183752.7141,471010.6933,183752.7141,api_detail,api_detail
2026-03-24 11:00:00+00:00,3,6,6,fee_adjusted_spread_bps,0x319c0dd36284ac24a6b2bee73929f699b9f48c38,0x73b14a78a0d396c521f954532d43fd5ffe385216,WETH / WBTC 0.05%,WETH / WBTC 0.3%,velodrome-finance-slipstream,uniswap_v3_optimism,70918.9910043571,71431.54211777,71084.6636458238,70734.368048562,71467.778070637,70754.0358830445,72.27275884134076,103.68510277372955,-46.511827702616635,5.0,30.0,35.0,True,37.27275884134076,-81.51182770261664,40888.12577765716,7288.163121293232,7288.163121293232,48176.28889895039,471010.6933,791688.8575,471010.6933,api_detail,api_detail
2026-03-24 12:00:00+00:00,3,6,6,fee_adjusted_spread_bps,0x319c0dd36284ac24a6b2bee73929f699b9f48c38,0x73b14a78a0d396c521f954532d43fd5ffe385216,WETH / WBTC 0.05%,WETH / WBTC 0.3%,velodrome-finance-slipstream,uniswap_v3_optimism,70687.0520888216,71431.54211777,70918.9910043571,70654.4853910716,71431.54211777,71431.54211777,105.32198004422622,109.97981549188296,72.27275884134076,5.0,30.0,35.0,True,70.32198004422622,37.27275884134076,17070.99565253519,0.0,0.0,17070.99565253519,471010.6933,791688.8575,471010.6933,api_detail,api_detail
2026-03-24 13:00:00+00:00,3,6,6,fee_adjusted_spread_bps,0x319c0dd36284ac24a6b2bee73929f699b9f48c38,0x689a850f62b41d89b5e5c3465cd291374b215813,WETH / WBTC 0.05%,WETH / WBTC 0.3%,velodrome-finance-slipstream,sushiswap-v3-optimism,69842.9375964561,70693.3634095787,70804.3910134044,69805.072031036,70693.3634095787,70693.3634095787,121.76260655533343,127.25312827522872,-15.68089241876014,5.0,30.0,35.0,True,86.76260655533343,-50.68089241876014,58492.57147472618,0.0,0.0,58492.57147472618,471010.6933,183752.7141,183752.7141,api_detail,api_detail
2026-03-24 14:00:00+00:00,3,6,6,fee_adjusted_spread_bps,0x689a850f62b41d89b5e5c3465cd291374b215813,0x319c0dd36284ac24a6b2bee73929f699b9f48c38,WETH / WBTC 0.3%,WETH / WBTC 0.05%,sushiswap-v3-optimism,velodrome-finance-slipstream,69405.9445580509,69773.008680229,70693.3634095787,69405.9445580509,70110.601793086,69276.0513371464,52.88655381256113,101.52692820796005,-200.4872882084785,30.0,5.0,35.0,True,17.886553812561132,-235.4872882084785,331.0917110694448,59469.655862188636,331.0917110694448,59800.74757325808,183752.7141,471010.6933,183752.7141,api_detail,api_detail
2026-03-24 15:00:00+00:00,3,6,6,fee_adjusted_spread_bps,0x319c0dd36284ac24a6b2bee73929f699b9f48c38,0x689a850f62b41d89b5e5c3465cd291374b215813,WETH / WBTC 0.05%,WETH / WBTC 0.3%,velodrome-finance-slipstream,sushiswap-v3-optimism,69639.2961107486,69747.4625297962,70031.9778342334,69603.9560767569,69747.4625297962,69405.9445580509,15.532382589793503,20.61757134623754,-89.39248833787383,5.0,30.0,35.0,True,-19.467617410206497,-124.39248833787383,24618.742694404573,24.7694163682065,24.7694163682065,24643.51211077278,471010.6933,183752.7141,183752.7141,api_detail,api_detail
