timestamp,buy_pool_address,sell_pool_address,buy_pool_name,sell_pool_name,buy_dex,sell_dex,buy_price_usd,sell_price_usd,buy_high_usd,buy_low_usd,sell_high_usd,sell_low_usd,observed_spread_bps,optimistic_spread_bps,conservative_spread_bps,buy_fee_bps,sell_fee_bps,explicit_fee_total_bps,explicit_fee_known,fee_adjusted_spread_bps,conservative_fee_adjusted_spread_bps,buy_volume_usd,sell_volume_usd,min_pool_volume_usd,total_volume_usd,buy_reserve_usd,sell_reserve_usd,min_pool_reserve_usd,buy_fee_source,sell_fee_source
2026-03-16 08:00:00+00:00,0x319c0dd36284ac24a6b2bee73929f699b9f48c38,0x689a850f62b41d89b5e5c3465cd291374b215813,WETH / WBTC 0.05%,WETH / WBTC 0.3%,velodrome-finance-slipstream,sushiswap-v3-optimism,72989.5773396125,73040.4331589703,73540.2374963212,72787.4536607966,73275.3662207578,73040.4331589703,6.9675453964035405,67.03250840934372,-67.96338363414978,5.0,30.0,35.0,True,-28.03245460359646,-102.96338363414978,43592.95685452054,0.46745877221741,0.46745877221741,43593.42431329276,471010.6933,183752.7141,183752.7141,api_detail,api_detail
2026-03-16 08:00:00+00:00,0x319c0dd36284ac24a6b2bee73929f699b9f48c38,0x73b14a78a0d396c521f954532d43fd5ffe385216,WETH / WBTC 0.05%,WETH / WBTC 0.3%,velodrome-finance-slipstream,uniswap_v3_optimism,72989.5773396125,73289.9608862222,73540.2374963212,72787.4536607966,73289.9608862222,73289.9608862222,41.154306896729054,69.03761570879796,-34.03260835424082,5.0,30.0,35.0,True,6.154306896729054,-69.03260835424082,43592.95685452054,0.0,0.0,43592.95685452054,471010.6933,791688.8575,471010.6933,api_detail,api_detail
2026-03-16 08:00:00+00:00,0x689a850f62b41d89b5e5c3465cd291374b215813,0x319c0dd36284ac24a6b2bee73929f699b9f48c38,WETH / WBTC 0.3%,WETH / WBTC 0.05%,sushiswap-v3-optimism,velodrome-finance-slipstream,73040.4331589703,72989.5773396125,73275.3662207578,73040.4331589703,73540.2374963212,72787.4536607966,-6.962694107676137,68.42844651031798,-66.58616464519041,30.0,5.0,35.0,True,-41.962694107676136,-101.58616464519041,0.46745877221741,43592.95685452054,0.46745877221741,43593.42431329276,183752.7141,471010.6933,183752.7141,api_detail,api_detail
2026-03-16 08:00:00+00:00,0x689a850f62b41d89b5e5c3465cd291374b215813,0x73b14a78a0d396c521f954532d43fd5ffe385216,WETH / WBTC 0.3%,WETH / WBTC 0.3%,sushiswap-v3-optimism,uniswap_v3_optimism,73040.4331589703,73289.9608862222,73275.3662207578,73040.4331589703,73289.9608862222,73289.9608862222,34.16295830404037,34.16295830404037,1.9917560589766126,30.0,30.0,60.0,True,-25.837041695959627,-58.00824394102339,0.46745877221741,0.0,0.0,0.46745877221741,183752.7141,791688.8575,183752.7141,api_detail,api_detail
2026-03-16 08:00:00+00:00,0x73b14a78a0d396c521f954532d43fd5ffe385216,0x319c0dd36284ac24a6b2bee73929f699b9f48c38,WETH / WBTC 0.3%,WETH / WBTC 0.05%,uniswap_v3_optimism,velodrome-finance-slipstream,73289.9608862222,72989.5773396125,73289.9608862222,73289.9608862222,73540.2374963212,72787.4536607966,-40.98563336334959,34.14882571537214,-68.56426437526709,30.0,5.0,35.0,True,-75.98563336334959,-103.56426437526709,0.0,43592.95685452054,0.0,43592.95685452054,791688.8575,471010.6933,471010.6933,api_detail,api_detail
2026-03-16 08:00:00+00:00,0x73b14a78a0d396c521f954532d43fd5ffe385216,0x689a850f62b41d89b5e5c3465cd291374b215813,WETH / WBTC 0.3%,WETH / WBTC 0.3%,uniswap_v3_optimism,sushiswap-v3-optimism,73289.9608862222,73040.4331589703,73289.9608862222,73289.9608862222,73275.3662207578,73040.4331589703,-34.04664489305209,-1.9913594287557235,-34.04664489305209,30.0,30.0,60.0,True,-94.04664489305209,-94.04664489305209,0.0,0.46745877221741,0.0,0.46745877221741,791688.8575,183752.7141,183752.7141,api_detail,api_detail
2026-03-16 09:00:00+00:00,0x319c0dd36284ac24a6b2bee73929f699b9f48c38,0x689a850f62b41d89b5e5c3465cd291374b215813,WETH / WBTC 0.05%,WETH / WBTC 0.3%,velodrome-finance-slipstream,sushiswap-v3-optimism,73092.9775320332,72946.410259198,73212.4060759994,72849.8274245079,73040.4331589703,72938.3365996456,-20.05216886546424,26.164198488998203,-37.43484076582648,5.0,30.0,35.0,True,-55.05216886546424,-72.43484076582648,27855.089532723006,524.3595279690279,524.3595279690279,28379.449060692034,471010.6933,183752.7141,183752.7141,api_detail,api_detail
2026-03-16 09:00:00+00:00,0x319c0dd36284ac24a6b2bee73929f699b9f48c38,0x73b14a78a0d396c521f954532d43fd5ffe385216,WETH / WBTC 0.05%,WETH / WBTC 0.3%,velodrome-finance-slipstream,uniswap_v3_optimism,73092.9775320332,72933.2160522105,73212.4060759994,72849.8274245079,73289.9608862222,72902.0016809895,-21.857295354082986,60.416541435241996,-42.39778633797098,5.0,30.0,35.0,True,-56.857295354082986,-77.39778633797098,27855.089532723006,10502.880609372058,10502.880609372058,38357.970142095066,471010.6933,791688.8575,471010.6933,api_detail,api_detail
2026-03-16 09:00:00+00:00,0x689a850f62b41d89b5e5c3465cd291374b215813,0x319c0dd36284ac24a6b2bee73929f699b9f48c38,WETH / WBTC 0.3%,WETH / WBTC 0.05%,sushiswap-v3-optimism,velodrome-finance-slipstream,72946.410259198,73092.9775320332,73040.4331589703,72938.3365996456,73212.4060759994,72849.8274245079,20.09245860274733,37.57550406697119,-26.095920604354284,30.0,5.0,35.0,True,-14.907541397252668,-61.09592060435428,524.3595279690279,27855.089532723006,524.3595279690279,28379.449060692034,183752.7141,471010.6933,183752.7141,api_detail,api_detail
2026-03-16 09:00:00+00:00,0x689a850f62b41d89b5e5c3465cd291374b215813,0x73b14a78a0d396c521f954532d43fd5ffe385216,WETH / WBTC 0.3%,WETH / WBTC 0.3%,sushiswap-v3-optimism,uniswap_v3_optimism,72946.410259198,72933.2160522105,73040.4331589703,72938.3365996456,73289.9608862222,72902.0016809895,-1.8087534315436304,48.20843235110228,-18.952718650985247,30.0,30.0,60.0,True,-61.80875343154363,-78.95271865098525,524.3595279690279,10502.880609372058,524.3595279690279,11027.240137341085,183752.7141,791688.8575,183752.7141,api_detail,api_detail
2026-03-16 09:00:00+00:00,0x73b14a78a0d396c521f954532d43fd5ffe385216,0x319c0dd36284ac24a6b2bee73929f699b9f48c38,WETH / WBTC 0.3%,WETH / WBTC 0.05%,uniswap_v3_optimism,velodrome-finance-slipstream,72933.2160522105,73092.9775320332,73289.9608862222,72902.0016809895,73212.4060759994,72849.8274245079,21.905174140179895,42.57830894248915,-60.05371764320921,30.0,5.0,35.0,True,-13.094825859820105,-95.05371764320921,10502.880609372058,27855.089532723006,10502.880609372058,38357.970142095066,791688.8575,471010.6933,471010.6933,api_detail,api_detail
2026-03-16 09:00:00+00:00,0x73b14a78a0d396c521f954532d43fd5ffe385216,0x689a850f62b41d89b5e5c3465cd291374b215813,WETH / WBTC 0.3%,WETH / WBTC 0.3%,uniswap_v3_optimism,sushiswap-v3-optimism,72933.2160522105,72946.410259198,73289.9608862222,72902.0016809895,73040.4331589703,72938.3365996456,1.8090806496262601,18.988707413900574,-47.97714207031345,30.0,30.0,60.0,True,-58.19091935037374,-107.97714207031345,10502.880609372058,524.3595279690279,524.3595279690279,11027.240137341085,791688.8575,183752.7141,183752.7141,api_detail,api_detail
2026-03-16 10:00:00+00:00,0x319c0dd36284ac24a6b2bee73929f699b9f48c38,0x689a850f62b41d89b5e5c3465cd291374b215813,WETH / WBTC 0.05%,WETH / WBTC 0.3%,velodrome-finance-slipstream,sushiswap-v3-optimism,73538.5015402235,73143.2266246735,73538.5015402235,72980.7061179342,73143.2266246735,72946.410259198,-53.75074379694866,22.268968797953814,-80.51446094555547,5.0,30.0,35.0,True,-88.75074379694865,-115.51446094555547,48256.39262438241,356.0490148756974,356.0490148756974,48612.441639258104,471010.6933,183752.7141,183752.7141,api_detail,api_detail
2026-03-16 10:00:00+00:00,0x319c0dd36284ac24a6b2bee73929f699b9f48c38,0x73b14a78a0d396c521f954532d43fd5ffe385216,WETH / WBTC 0.05%,WETH / WBTC 0.3%,velodrome-finance-slipstream,uniswap_v3_optimism,73538.5015402235,73043.4636834961,73538.5015402235,72980.7061179342,73142.4259857348,72933.2160522105,-67.31682674505302,22.15926323585693,-82.30865129634557,5.0,30.0,35.0,True,-102.31682674505302,-117.30865129634557,48256.39262438241,11201.539736608318,11201.539736608318,59457.93236099073,471010.6933,791688.8575,471010.6933,api_detail,api_detail
2026-03-16 10:00:00+00:00,0x689a850f62b41d89b5e5c3465cd291374b215813,0x319c0dd36284ac24a6b2bee73929f699b9f48c38,WETH / WBTC 0.3%,WETH / WBTC 0.05%,sushiswap-v3-optimism,velodrome-finance-slipstream,73143.2266246735,73538.5015402235,73143.2266246735,72946.410259198,73538.5015402235,72980.7061179342,54.04121937063522,81.16798056568398,-22.219488288813814,30.0,5.0,35.0,True,19.04121937063522,-57.219488288813814,356.0490148756974,48256.39262438241,356.0490148756974,48612.441639258104,183752.7141,471010.6933,183752.7141,api_detail,api_detail
2026-03-16 10:00:00+00:00,0x689a850f62b41d89b5e5c3465cd291374b215813,0x73b14a78a0d396c521f954532d43fd5ffe385216,WETH / WBTC 0.3%,WETH / WBTC 0.3%,sushiswap-v3-optimism,uniswap_v3_optimism,73143.2266246735,73043.4636834961,73143.2266246735,72946.410259198,73142.4259857348,72933.2160522105,-13.639395714564184,26.871195695619132,-28.712237913791625,30.0,30.0,60.0,True,-73.63939571456419,-88.71223791379163,356.0490148756974,11201.539736608318,356.0490148756974,11557.588751484016,183752.7141,791688.8575,183752.7141,api_detail,api_detail
2026-03-16 10:00:00+00:00,0x73b14a78a0d396c521f954532d43fd5ffe385216,0x319c0dd36284ac24a6b2bee73929f699b9f48c38,WETH / WBTC 0.3%,WETH / WBTC 0.05%,uniswap_v3_optimism,velodrome-finance-slipstream,73043.4636834961,73538.5015402235,73142.4259857348,72933.2160522105,73538.5015402235,72980.7061179342,67.77305343465656,82.9917451576101,-22.11026850984399,30.0,5.0,35.0,True,32.77305343465656,-57.11026850984399,11201.539736608318,48256.39262438241,11201.539736608318,59457.93236099073,791688.8575,471010.6933,471010.6933,api_detail,api_detail
2026-03-16 10:00:00+00:00,0x73b14a78a0d396c521f954532d43fd5ffe385216,0x689a850f62b41d89b5e5c3465cd291374b215813,WETH / WBTC 0.3%,WETH / WBTC 0.3%,uniswap_v3_optimism,sushiswap-v3-optimism,73043.4636834961,73143.2266246735,73142.4259857348,72933.2160522105,73143.2266246735,72946.410259198,13.658024434557436,28.794914557539464,-26.79918308630014,30.0,30.0,60.0,True,-46.34197556544257,-86.79918308630013,11201.539736608318,356.0490148756974,356.0490148756974,11557.588751484016,791688.8575,183752.7141,183752.7141,api_detail,api_detail
2026-03-16 11:00:00+00:00,0x319c0dd36284ac24a6b2bee73929f699b9f48c38,0x689a850f62b41d89b5e5c3465cd291374b215813,WETH / WBTC 0.05%,WETH / WBTC 0.3%,velodrome-finance-slipstream,sushiswap-v3-optimism,73408.3432722538,73143.2266246735,73649.730426187,73058.5147119361,73143.2266246735,73143.2266246735,-36.115329097817785,11.595077325539105,-68.77198308568589,5.0,30.0,35.0,True,-71.11532909781778,-103.77198308568589,66825.74682419005,0.0,0.0,66825.74682419005,471010.6933,183752.7141,183752.7141,api_detail,api_detail
2026-03-16 11:00:00+00:00,0x319c0dd36284ac24a6b2bee73929f699b9f48c38,0x73b14a78a0d396c521f954532d43fd5ffe385216,WETH / WBTC 0.05%,WETH / WBTC 0.3%,velodrome-finance-slipstream,uniswap_v3_optimism,73408.3432722538,73043.4636834961,73649.730426187,73058.5147119361,73043.4636834961,73043.4636834961,-49.705465685889735,-2.060133373824602,-82.3175779711116,5.0,30.0,35.0,True,-84.70546568588973,-117.3175779711116,66825.74682419005,0.0,0.0,66825.74682419005,471010.6933,791688.8575,471010.6933,api_detail,api_detail
2026-03-16 11:00:00+00:00,0x689a850f62b41d89b5e5c3465cd291374b215813,0x319c0dd36284ac24a6b2bee73929f699b9f48c38,WETH / WBTC 0.3%,WETH / WBTC 0.05%,sushiswap-v3-optimism,velodrome-finance-slipstream,73143.2266246735,73408.3432722538,73143.2266246735,73143.2266246735,73649.730426187,73058.5147119361,36.24623356318635,69.24821680516891,-11.581648314761273,30.0,5.0,35.0,True,1.246233563186351,-46.581648314761274,0.0,66825.74682419005,0.0,66825.74682419005,183752.7141,471010.6933,183752.7141,api_detail,api_detail
2026-03-16 11:00:00+00:00,0x689a850f62b41d89b5e5c3465cd291374b215813,0x73b14a78a0d396c521f954532d43fd5ffe385216,WETH / WBTC 0.3%,WETH / WBTC 0.3%,sushiswap-v3-optimism,uniswap_v3_optimism,73143.2266246735,73043.4636834961,73143.2266246735,73143.2266246735,73043.4636834961,73043.4636834961,-13.639395714564184,-13.639395714564184,-13.639395714564184,30.0,30.0,60.0,True,-73.63939571456419,-73.63939571456419,0.0,0.0,0.0,0.0,183752.7141,791688.8575,183752.7141,api_detail,api_detail
2026-03-16 11:00:00+00:00,0x73b14a78a0d396c521f954532d43fd5ffe385216,0x319c0dd36284ac24a6b2bee73929f699b9f48c38,WETH / WBTC 0.3%,WETH / WBTC 0.05%,uniswap_v3_optimism,velodrome-finance-slipstream,73043.4636834961,73408.3432722538,73043.4636834961,73043.4636834961,73649.730426187,73058.5147119361,49.95376319211209,83.00082062344671,2.060557876228941,30.0,5.0,35.0,True,14.953763192112092,-32.93944212377106,0.0,66825.74682419005,0.0,66825.74682419005,791688.8575,471010.6933,471010.6933,api_detail,api_detail
2026-03-16 11:00:00+00:00,0x73b14a78a0d396c521f954532d43fd5ffe385216,0x689a850f62b41d89b5e5c3465cd291374b215813,WETH / WBTC 0.3%,WETH / WBTC 0.3%,uniswap_v3_optimism,sushiswap-v3-optimism,73043.4636834961,73143.2266246735,73043.4636834961,73043.4636834961,73143.2266246735,73143.2266246735,13.658024434557436,13.658024434557436,13.658024434557436,30.0,30.0,60.0,True,-46.34197556544257,-46.34197556544257,0.0,0.0,0.0,0.0,791688.8575,183752.7141,183752.7141,api_detail,api_detail
2026-03-16 12:00:00+00:00,0x319c0dd36284ac24a6b2bee73929f699b9f48c38,0x689a850f62b41d89b5e5c3465cd291374b215813,WETH / WBTC 0.05%,WETH / WBTC 0.3%,velodrome-finance-slipstream,sushiswap-v3-optimism,73615.7777667834,73635.2185006944,73954.1181327232,73070.5606768021,73743.1638569491,73143.2266246735,2.6408379427289574,92.04844932311218,-109.64791799618622,5.0,30.0,35.0,True,-32.35916205727104,-144.6479179961862,150338.8856587024,2080.455487061853,2080.455487061853,152419.34114576425,471010.6933,183752.7141,183752.7141,api_detail,api_detail
2026-03-16 12:00:00+00:00,0x319c0dd36284ac24a6b2bee73929f699b9f48c38,0x73b14a78a0d396c521f954532d43fd5ffe385216,WETH / WBTC 0.05%,WETH / WBTC 0.3%,velodrome-finance-slipstream,uniswap_v3_optimism,73615.7777667834,73615.9723991916,73954.1181327232,73070.5606768021,73953.5767115063,73043.4636834961,0.026438952911433944,120.84429440877953,-123.13776057646719,5.0,30.0,35.0,True,-34.973561047088566,-158.1377605764672,150338.8856587024,28730.50590246796,28730.50590246796,179069.39156117037,471010.6933,791688.8575,471010.6933,api_detail,api_detail
2026-03-16 12:00:00+00:00,0x689a850f62b41d89b5e5c3465cd291374b215813,0x319c0dd36284ac24a6b2bee73929f699b9f48c38,WETH / WBTC 0.3%,WETH / WBTC 0.05%,sushiswap-v3-optimism,velodrome-finance-slipstream,73635.2185006944,73615.7777667834,73743.1638569491,73143.2266246735,73954.1181327232,73070.5606768021,-2.6401407243492603,110.86351333811307,-91.20888567403452,30.0,5.0,35.0,True,-37.64014072434926,-126.20888567403452,2080.455487061853,150338.8856587024,2080.455487061853,152419.34114576425,183752.7141,471010.6933,183752.7141,api_detail,api_detail
2026-03-16 12:00:00+00:00,0x689a850f62b41d89b5e5c3465cd291374b215813,0x73b14a78a0d396c521f954532d43fd5ffe385216,WETH / WBTC 0.3%,WETH / WBTC 0.3%,sushiswap-v3-optimism,uniswap_v3_optimism,73635.2185006944,73615.9723991916,73743.1638569491,73143.2266246735,73953.5767115063,73043.4636834961,-2.613708751693089,110.7894912800389,-94.88339486088736,30.0,30.0,60.0,True,-62.61370875169309,-154.88339486088736,2080.455487061853,28730.50590246796,2080.455487061853,30810.961389529813,183752.7141,791688.8575,183752.7141,api_detail,api_detail
2026-03-16 12:00:00+00:00,0x73b14a78a0d396c521f954532d43fd5ffe385216,0x319c0dd36284ac24a6b2bee73929f699b9f48c38,WETH / WBTC 0.3%,WETH / WBTC 0.05%,uniswap_v3_optimism,velodrome-finance-slipstream,73615.9723991916,73615.7777667834,73953.5767115063,73043.4636834961,73954.1181327232,73070.5606768021,-0.02643888301068209,124.6729554300785,-119.40139665575167,30.0,5.0,35.0,True,-35.026438883010684,-154.40139665575168,28730.50590246796,150338.8856587024,28730.50590246796,179069.39156117037,791688.8575,471010.6933,471010.6933,api_detail,api_detail
2026-03-16 12:00:00+00:00,0x73b14a78a0d396c521f954532d43fd5ffe385216,0x689a850f62b41d89b5e5c3465cd291374b215813,WETH / WBTC 0.3%,WETH / WBTC 0.3%,uniswap_v3_optimism,sushiswap-v3-optimism,73615.9723991916,73635.2185006944,73953.5767115063,73043.4636834961,73743.1638569491,73143.2266246735,2.614392077637806,95.79230476868705,-109.57550978149433,30.0,30.0,60.0,True,-57.3856079223622,-169.57550978149433,28730.50590246796,2080.455487061853,2080.455487061853,30810.961389529813,791688.8575,183752.7141,183752.7141,api_detail,api_detail
2026-03-16 13:00:00+00:00,0x319c0dd36284ac24a6b2bee73929f699b9f48c38,0x689a850f62b41d89b5e5c3465cd291374b215813,WETH / WBTC 0.05%,WETH / WBTC 0.3%,velodrome-finance-slipstream,sushiswap-v3-optimism,73770.9336954319,74020.340398938,74212.073619579,73569.2833613584,74020.340398938,73635.2185006944,33.80826173839502,61.310511258361174,-77.73062936384467,5.0,30.0,35.0,True,-1.191738261604982,-112.73062936384467,97514.98088931854,574.7355948295215,574.7355948295215,98089.71648414806,471010.6933,183752.7141,183752.7141,api_detail,api_detail
2026-03-16 13:00:00+00:00,0x319c0dd36284ac24a6b2bee73929f699b9f48c38,0x73b14a78a0d396c521f954532d43fd5ffe385216,WETH / WBTC 0.05%,WETH / WBTC 0.3%,velodrome-finance-slipstream,uniswap_v3_optimism,73770.9336954319,74021.3418909462,74212.073619579,73569.2833613584,74059.1293047433,73615.9723991916,33.94401873075603,66.5829434519405,-80.32402159291352,5.0,30.0,35.0,True,-1.055981269243972,-115.32402159291352,97514.98088931854,7892.600369868605,7892.600369868605,105407.58125918715,471010.6933,791688.8575,471010.6933,api_detail,api_detail
2026-03-16 13:00:00+00:00,0x689a850f62b41d89b5e5c3465cd291374b215813,0x319c0dd36284ac24a6b2bee73929f699b9f48c38,WETH / WBTC 0.3%,WETH / WBTC 0.05%,sushiswap-v3-optimism,velodrome-finance-slipstream,74020.340398938,73770.9336954319,74020.340398938,73635.2185006944,74212.073619579,73569.2833613584,-33.69434700812079,78.33956775440853,-60.93690398458085,30.0,5.0,35.0,True,-68.69434700812079,-95.93690398458085,574.7355948295215,97514.98088931854,574.7355948295215,98089.71648414806,183752.7141,471010.6933,183752.7141,api_detail,api_detail
2026-03-16 13:00:00+00:00,0x689a850f62b41d89b5e5c3465cd291374b215813,0x73b14a78a0d396c521f954532d43fd5ffe385216,WETH / WBTC 0.3%,WETH / WBTC 0.3%,sushiswap-v3-optimism,uniswap_v3_optimism,74020.340398938,74021.3418909462,74020.340398938,73635.2185006944,74059.1293047433,73615.9723991916,0.1352995680381497,57.56902915211582,-54.62930831809709,30.0,30.0,60.0,True,-59.86470043196185,-114.62930831809709,574.7355948295215,7892.600369868605,574.7355948295215,8467.335964698126,183752.7141,791688.8575,183752.7141,api_detail,api_detail
2026-03-16 13:00:00+00:00,0x73b14a78a0d396c521f954532d43fd5ffe385216,0x319c0dd36284ac24a6b2bee73929f699b9f48c38,WETH / WBTC 0.3%,WETH / WBTC 0.05%,uniswap_v3_optimism,velodrome-finance-slipstream,74021.3418909462,73770.9336954319,74059.1293047433,73615.9723991916,74212.073619579,73569.2833613584,-33.82918886869479,80.97444086657913,-66.14254690589961,30.0,5.0,35.0,True,-68.82918886869479,-101.14254690589961,7892.600369868605,97514.98088931854,7892.600369868605,105407.58125918715,791688.8575,471010.6933,471010.6933,api_detail,api_detail
2026-03-16 13:00:00+00:00,0x73b14a78a0d396c521f954532d43fd5ffe385216,0x689a850f62b41d89b5e5c3465cd291374b215813,WETH / WBTC 0.3%,WETH / WBTC 0.3%,uniswap_v3_optimism,sushiswap-v3-optimism,74021.3418909462,74020.340398938,74059.1293047433,73615.9723991916,74020.340398938,73635.2185006944,-0.13529773746578933,54.92938374211498,-57.239506868161925,30.0,30.0,60.0,True,-60.13529773746579,-117.23950686816193,7892.600369868605,574.7355948295215,574.7355948295215,8467.335964698126,791688.8575,183752.7141,183752.7141,api_detail,api_detail
2026-03-16 14:00:00+00:00,0x319c0dd36284ac24a6b2bee73929f699b9f48c38,0x689a850f62b41d89b5e5c3465cd291374b215813,WETH / WBTC 0.05%,WETH / WBTC 0.3%,velodrome-finance-slipstream,sushiswap-v3-optimism,73275.3367013756,73001.0016053225,74255.3971068775,72864.88883017,74020.340398938,72974.1443109515,-37.43894035876272,158.5745325792054,-172.54675698277765,5.0,30.0,35.0,True,-72.43894035876272,-207.54675698277765,107190.24641575375,615.7636094973534,615.7636094973534,107806.0100252511,471010.6933,183752.7141,183752.7141,api_detail,api_detail
2026-03-16 14:00:00+00:00,0x319c0dd36284ac24a6b2bee73929f699b9f48c38,0x73b14a78a0d396c521f954532d43fd5ffe385216,WETH / WBTC 0.05%,WETH / WBTC 0.3%,velodrome-finance-slipstream,uniswap_v3_optimism,73275.3367013756,73222.1981864203,74255.3971068775,72864.88883017,74021.3418909462,72986.0828782546,-7.2518963879852905,158.71197765382038,-170.93898599666036,5.0,30.0,35.0,True,-42.25189638798529,-205.93898599666036,107190.24641575375,11875.29034283604,11875.29034283604,119065.53675858979,471010.6933,791688.8575,471010.6933,api_detail,api_detail
2026-03-16 14:00:00+00:00,0x689a850f62b41d89b5e5c3465cd291374b215813,0x319c0dd36284ac24a6b2bee73929f699b9f48c38,WETH / WBTC 0.3%,WETH / WBTC 0.05%,sushiswap-v3-optimism,velodrome-finance-slipstream,73001.0016053225,73275.3367013756,74020.340398938,72974.1443109515,74255.3971068775,72864.88883017,37.579634528344116,175.5762685570428,-156.09919686137675,30.0,5.0,35.0,True,2.5796345283441156,-191.09919686137675,615.7636094973534,107190.24641575375,615.7636094973534,107806.0100252511,183752.7141,471010.6933,183752.7141,api_detail,api_detail
2026-03-16 14:00:00+00:00,0x689a850f62b41d89b5e5c3465cd291374b215813,0x73b14a78a0d396c521f954532d43fd5ffe385216,WETH / WBTC 0.3%,WETH / WBTC 0.3%,sushiswap-v3-optimism,uniswap_v3_optimism,73001.0016053225,73222.1981864203,74020.340398938,72974.1443109515,74021.3418909462,72986.0828782546,30.300485778769204,143.50255009945468,-139.7261232668201,30.0,30.0,60.0,True,-29.699514221230796,-199.7261232668201,615.7636094973534,11875.29034283604,615.7636094973534,12491.053952333394,183752.7141,791688.8575,183752.7141,api_detail,api_detail
2026-03-16 14:00:00+00:00,0x73b14a78a0d396c521f954532d43fd5ffe385216,0x319c0dd36284ac24a6b2bee73929f699b9f48c38,WETH / WBTC 0.3%,WETH / WBTC 0.05%,uniswap_v3_optimism,velodrome-finance-slipstream,73222.1981864203,73275.3367013756,74021.3418909462,72986.0828782546,74255.3971068775,72864.88883017,7.257159204647756,173.91181696107648,-156.2323826120271,30.0,5.0,35.0,True,-27.742840795352244,-191.2323826120271,11875.29034283604,107190.24641575375,11875.29034283604,119065.53675858979,791688.8575,471010.6933,471010.6933,api_detail,api_detail
2026-03-16 14:00:00+00:00,0x73b14a78a0d396c521f954532d43fd5ffe385216,0x689a850f62b41d89b5e5c3465cd291374b215813,WETH / WBTC 0.3%,WETH / WBTC 0.3%,uniswap_v3_optimism,sushiswap-v3-optimism,73222.1981864203,73001.0016053225,74021.3418909462,72986.0828782546,74020.340398938,72974.1443109515,-30.20895118917899,141.70612805849635,-141.47238529362505,30.0,30.0,60.0,True,-90.20895118917899,-201.47238529362505,11875.29034283604,615.7636094973534,615.7636094973534,12491.053952333394,791688.8575,183752.7141,183752.7141,api_detail,api_detail
2026-03-16 15:00:00+00:00,0x319c0dd36284ac24a6b2bee73929f699b9f48c38,0x689a850f62b41d89b5e5c3465cd291374b215813,WETH / WBTC 0.05%,WETH / WBTC 0.3%,velodrome-finance-slipstream,sushiswap-v3-optimism,73154.8885723182,73224.1735256936,73745.5208980803,73103.8052198524,73224.1735256936,73001.0016053225,9.470994314604297,16.465395403044703,-100.95790004477135,5.0,30.0,35.0,True,-25.529005685395703,-135.95790004477135,52872.087053714175,34.5691323214799,34.5691323214799,52906.65618603565,471010.6933,183752.7141,183752.7141,api_detail,api_detail
2026-03-16 15:00:00+00:00,0x319c0dd36284ac24a6b2bee73929f699b9f48c38,0x73b14a78a0d396c521f954532d43fd5ffe385216,WETH / WBTC 0.05%,WETH / WBTC 0.3%,velodrome-finance-slipstream,uniswap_v3_optimism,73154.8885723182,73214.197578113,73745.5208980803,73103.8052198524,73222.1981864203,73194.4491359381,8.107319545183067,16.195185218039754,-74.72613325273048,5.0,30.0,35.0,True,-26.892680454816933,-109.72613325273048,52872.087053714175,1301.3446640743882,1301.3446640743882,54173.43171778856,471010.6933,791688.8575,471010.6933,api_detail,api_detail
2026-03-16 15:00:00+00:00,0x689a850f62b41d89b5e5c3465cd291374b215813,0x319c0dd36284ac24a6b2bee73929f699b9f48c38,WETH / WBTC 0.3%,WETH / WBTC 0.05%,sushiswap-v3-optimism,velodrome-finance-slipstream,73224.1735256936,73154.8885723182,73224.1735256936,73001.0016053225,73745.5208980803,73103.8052198524,-9.462032828690958,101.98754488096151,-16.438329044295983,30.0,5.0,35.0,True,-44.46203282869096,-51.43832904429598,34.5691323214799,52872.087053714175,34.5691323214799,52906.65618603565,183752.7141,471010.6933,183752.7141,api_detail,api_detail
2026-03-16 15:00:00+00:00,0x689a850f62b41d89b5e5c3465cd291374b215813,0x73b14a78a0d396c521f954532d43fd5ffe385216,WETH / WBTC 0.3%,WETH / WBTC 0.3%,sushiswap-v3-optimism,uniswap_v3_optimism,73224.1735256936,73214.197578113,73224.1735256936,73001.0016053225,73222.1981864203,73194.4491359381,-1.3623844558774412,30.300485778769204,-4.059368419508935,30.0,30.0,60.0,True,-61.36238445587744,-64.05936841950893,34.5691323214799,1301.3446640743882,34.5691323214799,1335.913796395868,183752.7141,791688.8575,183752.7141,api_detail,api_detail
2026-03-16 15:00:00+00:00,0x73b14a78a0d396c521f954532d43fd5ffe385216,0x319c0dd36284ac24a6b2bee73929f699b9f48c38,WETH / WBTC 0.3%,WETH / WBTC 0.05%,uniswap_v3_optimism,velodrome-finance-slipstream,73214.197578113,73154.8885723182,73222.1981864203,73194.4491359381,73745.5208980803,73103.8052198524,-8.100752006674483,75.28873687111526,-16.16899922431747,30.0,5.0,35.0,True,-43.10075200667448,-51.168999224317474,1301.3446640743882,52872.087053714175,1301.3446640743882,54173.43171778856,791688.8575,471010.6933,471010.6933,api_detail,api_detail
2026-03-16 15:00:00+00:00,0x73b14a78a0d396c521f954532d43fd5ffe385216,0x689a850f62b41d89b5e5c3465cd291374b215813,WETH / WBTC 0.3%,WETH / WBTC 0.3%,uniswap_v3_optimism,sushiswap-v3-optimism,73214.197578113,73224.1735256936,73222.1981864203,73194.4491359381,73224.1735256936,73001.0016053225,1.3625700903086013,4.061016935898998,-30.20895118917899,30.0,30.0,60.0,True,-58.6374299096914,-90.20895118917899,1301.3446640743882,34.5691323214799,34.5691323214799,1335.913796395868,791688.8575,183752.7141,183752.7141,api_detail,api_detail
2026-03-16 16:00:00+00:00,0x319c0dd36284ac24a6b2bee73929f699b9f48c38,0x689a850f62b41d89b5e5c3465cd291374b215813,WETH / WBTC 0.05%,WETH / WBTC 0.3%,velodrome-finance-slipstream,sushiswap-v3-optimism,73608.2720409183,73583.4478047444,73694.1470520411,72994.5650445917,73598.5797818675,73216.8788297546,-3.3724791365974394,82.74790553335353,-64.76338235510859,5.0,30.0,35.0,True,-38.37247913659744,-99.76338235510859,66399.47047563342,313.6499628510009,313.6499628510009,66713.12043848443,471010.6933,183752.7141,183752.7141,api_detail,api_detail
2026-03-16 16:00:00+00:00,0x319c0dd36284ac24a6b2bee73929f699b9f48c38,0x73b14a78a0d396c521f954532d43fd5ffe385216,WETH / WBTC 0.05%,WETH / WBTC 0.3%,velodrome-finance-slipstream,uniswap_v3_optimism,73608.2720409183,73556.1963185944,73694.1470520411,72994.5650445917,73579.5558144217,73046.0350475,-7.074710610641688,80.14168855895454,-87.946197963783,5.0,30.0,35.0,True,-42.07471061064169,-122.946197963783,66399.47047563342,5821.625683332475,5821.625683332475,72221.0961589659,471010.6933,791688.8575,471010.6933,api_detail,api_detail
2026-03-16 16:00:00+00:00,0x689a850f62b41d89b5e5c3465cd291374b215813,0x319c0dd36284ac24a6b2bee73929f699b9f48c38,WETH / WBTC 0.3%,WETH / WBTC 0.05%,sushiswap-v3-optimism,velodrome-finance-slipstream,73583.4478047444,73608.2720409183,73598.5797818675,73216.8788297546,73694.1470520411,72994.5650445917,3.373616881852115,65.18554599906467,-82.06880337446654,30.0,5.0,35.0,True,-31.626383118147885,-117.06880337446654,313.6499628510009,66399.47047563342,313.6499628510009,66713.12043848443,183752.7141,471010.6933,183752.7141,api_detail,api_detail
2026-03-16 16:00:00+00:00,0x689a850f62b41d89b5e5c3465cd291374b215813,0x73b14a78a0d396c521f954532d43fd5ffe385216,WETH / WBTC 0.3%,WETH / WBTC 0.3%,sushiswap-v3-optimism,uniswap_v3_optimism,73583.4478047444,73556.1963185944,73598.5797818675,73216.8788297546,73579.5558144217,73046.0350475,-3.7034804651048248,49.534614212443095,-75.07546151096167,30.0,30.0,60.0,True,-63.703480465104825,-135.07546151096167,313.6499628510009,5821.625683332475,313.6499628510009,6135.275646183476,183752.7141,791688.8575,183752.7141,api_detail,api_detail
2026-03-16 16:00:00+00:00,0x73b14a78a0d396c521f954532d43fd5ffe385216,0x319c0dd36284ac24a6b2bee73929f699b9f48c38,WETH / WBTC 0.3%,WETH / WBTC 0.05%,uniswap_v3_optimism,velodrome-finance-slipstream,73556.1963185944,73608.2720409183,73579.5558144217,73046.0350475,73694.1470520411,72994.5650445917,7.0797193071725495,88.72651391956366,-79.5045258638749,30.0,5.0,35.0,True,-27.92028069282745,-114.5045258638749,5821.625683332475,66399.47047563342,5821.625683332475,72221.0961589659,791688.8575,471010.6933,471010.6933,api_detail,api_detail
2026-03-16 16:00:00+00:00,0x73b14a78a0d396c521f954532d43fd5ffe385216,0x689a850f62b41d89b5e5c3465cd291374b215813,WETH / WBTC 0.3%,WETH / WBTC 0.3%,uniswap_v3_optimism,sushiswap-v3-optimism,73556.1963185944,73583.4478047444,73579.5558144217,73046.0350475,73598.5797818675,73216.8788297546,3.704852550010518,75.64335750848139,-49.290455840999,30.0,30.0,60.0,True,-56.295147449989486,-109.290455840999,5821.625683332475,313.6499628510009,313.6499628510009,6135.275646183476,791688.8575,183752.7141,183752.7141,api_detail,api_detail
2026-03-16 17:00:00+00:00,0x319c0dd36284ac24a6b2bee73929f699b9f48c38,0x689a850f62b41d89b5e5c3465cd291374b215813,WETH / WBTC 0.05%,WETH / WBTC 0.3%,velodrome-finance-slipstream,sushiswap-v3-optimism,73730.4225949335,73697.6303646967,73875.0347119299,73429.1236853807,73697.6303646967,73417.5626464542,-4.447584739470933,36.566782475364604,-61.925123590069745,5.0,30.0,35.0,True,-39.44758473947093,-96.92512359006975,62625.244244937974,1181.3912557791234,1181.3912557791234,63806.6355007171,471010.6933,183752.7141,183752.7141,api_detail,api_detail
2026-03-16 17:00:00+00:00,0x319c0dd36284ac24a6b2bee73929f699b9f48c38,0x73b14a78a0d396c521f954532d43fd5ffe385216,WETH / WBTC 0.05%,WETH / WBTC 0.3%,velodrome-finance-slipstream,uniswap_v3_optimism,73730.4225949335,73680.2350101797,73875.0347119299,73429.1236853807,73687.8434918077,73430.2325320136,-6.806903173404155,35.23394988826478,-60.210080665379365,5.0,30.0,35.0,True,-41.80690317340415,-95.21008066537937,62625.244244937974,17226.52854081057,17226.52854081057,79851.77278574854,471010.6933,791688.8575,471010.6933,api_detail,api_detail
2026-03-16 17:00:00+00:00,0x689a850f62b41d89b5e5c3465cd291374b215813,0x319c0dd36284ac24a6b2bee73929f699b9f48c38,WETH / WBTC 0.3%,WETH / WBTC 0.05%,sushiswap-v3-optimism,velodrome-finance-slipstream,73697.6303646967,73730.4225949335,73697.6303646967,73417.5626464542,73875.0347119299,73429.1236853807,4.449563720640981,62.31098513562516,-36.433556681167985,30.0,5.0,35.0,True,-30.55043627935902,-71.43355668116799,1181.3912557791234,62625.244244937974,1181.3912557791234,63806.6355007171,183752.7141,471010.6933,183752.7141,api_detail,api_detail
2026-03-16 17:00:00+00:00,0x689a850f62b41d89b5e5c3465cd291374b215813,0x73b14a78a0d396c521f954532d43fd5ffe385216,WETH / WBTC 0.3%,WETH / WBTC 0.3%,sushiswap-v3-optimism,uniswap_v3_optimism,73697.6303646967,73680.2350101797,73697.6303646967,73417.5626464542,73687.8434918077,73430.2325320136,-2.360368227704024,36.814194807179845,-36.28309775495664,30.0,30.0,60.0,True,-62.36036822770402,-96.28309775495664,1181.3912557791234,17226.52854081057,1181.3912557791234,18407.919796589693,183752.7141,791688.8575,183752.7141,api_detail,api_detail
2026-03-16 17:00:00+00:00,0x73b14a78a0d396c521f954532d43fd5ffe385216,0x319c0dd36284ac24a6b2bee73929f699b9f48c38,WETH / WBTC 0.3%,WETH / WBTC 0.05%,uniswap_v3_optimism,velodrome-finance-slipstream,73680.2350101797,73730.4225949335,73687.8434918077,73430.2325320136,73875.0347119299,73429.1236853807,6.811539722539894,60.57480203707222,-35.11024263530671,30.0,5.0,35.0,True,-28.188460277460106,-70.11024263530672,17226.52854081057,62625.244244937974,17226.52854081057,79851.77278574854,791688.8575,471010.6933,471010.6933,api_detail,api_detail
2026-03-16 17:00:00+00:00,0x73b14a78a0d396c521f954532d43fd5ffe385216,0x689a850f62b41d89b5e5c3465cd291374b215813,WETH / WBTC 0.3%,WETH / WBTC 0.3%,uniswap_v3_optimism,sushiswap-v3-optimism,73680.2350101797,73697.6303646967,73687.8434918077,73430.2325320136,73697.6303646967,73417.5626464542,2.360925493056776,36.41522346623738,-36.67916342042887,30.0,30.0,60.0,True,-57.639074506943224,-96.67916342042886,17226.52854081057,1181.3912557791234,1181.3912557791234,18407.919796589693,791688.8575,183752.7141,183752.7141,api_detail,api_detail
2026-03-16 18:00:00+00:00,0x319c0dd36284ac24a6b2bee73929f699b9f48c38,0x689a850f62b41d89b5e5c3465cd291374b215813,WETH / WBTC 0.05%,WETH / WBTC 0.3%,velodrome-finance-slipstream,sushiswap-v3-optimism,73828.633157684,74007.3921890782,74196.1235664289,73667.2377909363,74007.3921890782,73694.3735254755,24.21269685602745,46.174447195541646,-67.62483224668325,5.0,30.0,35.0,True,-10.78730314397255,-102.62483224668325,67073.32625818082,1251.3692328324698,1251.3692328324698,68324.69549101329,471010.6933,183752.7141,183752.7141,api_detail,api_detail
2026-03-16 18:00:00+00:00,0x319c0dd36284ac24a6b2bee73929f699b9f48c38,0x73b14a78a0d396c521f954532d43fd5ffe385216,WETH / WBTC 0.05%,WETH / WBTC 0.3%,velodrome-finance-slipstream,uniswap_v3_optimism,73828.633157684,74000.7278385799,74196.1235664289,73667.2377909363,74000.7278385799,73680.2350101797,23.310018557209933,45.2697912456057,-69.53039208137501,5.0,30.0,35.0,True,-11.689981442790067,-104.53039208137501,67073.32625818082,18431.208993686436,18431.208993686436,85504.53525186726,471010.6933,791688.8575,471010.6933,api_detail,api_detail
2026-03-16 18:00:00+00:00,0x689a850f62b41d89b5e5c3465cd291374b215813,0x319c0dd36284ac24a6b2bee73929f699b9f48c38,WETH / WBTC 0.3%,WETH / WBTC 0.05%,sushiswap-v3-optimism,velodrome-finance-slipstream,74007.3921890782,73828.633157684,74007.3921890782,73694.3735254755,74196.1235664289,73667.2377909363,-24.154212992330002,68.08525765945373,-45.96221918924614,30.0,5.0,35.0,True,-59.15421299233,-80.96221918924614,1251.3692328324698,67073.32625818082,1251.3692328324698,68324.69549101329,183752.7141,471010.6933,183752.7141,api_detail,api_detail
2026-03-16 18:00:00+00:00,0x689a850f62b41d89b5e5c3465cd291374b215813,0x73b14a78a0d396c521f954532d43fd5ffe385216,WETH / WBTC 0.3%,WETH / WBTC 0.3%,sushiswap-v3-optimism,uniswap_v3_optimism,74007.3921890782,74000.7278385799,74007.3921890782,73694.3735254755,74000.7278385799,73680.2350101797,-0.9004979504301236,41.57092304998056,-44.20601364558907,30.0,30.0,60.0,True,-60.90049795043012,-104.20601364558907,1251.3692328324698,18431.208993686436,1251.3692328324698,19682.578226518905,183752.7141,791688.8575,183752.7141,api_detail,api_detail
2026-03-16 18:00:00+00:00,0x73b14a78a0d396c521f954532d43fd5ffe385216,0x319c0dd36284ac24a6b2bee73929f699b9f48c38,WETH / WBTC 0.3%,WETH / WBTC 0.05%,uniswap_v3_optimism,velodrome-finance-slipstream,74000.7278385799,73828.633157684,74000.7278385799,73680.2350101797,74196.1235664289,73667.2377909363,-23.255809222754166,70.01722458918724,-45.06577940301515,30.0,5.0,35.0,True,-58.255809222754166,-80.06577940301514,18431.208993686436,67073.32625818082,18431.208993686436,85504.53525186726,791688.8575,471010.6933,471010.6933,api_detail,api_detail
2026-03-16 18:00:00+00:00,0x73b14a78a0d396c521f954532d43fd5ffe385216,0x689a850f62b41d89b5e5c3465cd291374b215813,WETH / WBTC 0.3%,WETH / WBTC 0.3%,uniswap_v3_optimism,sushiswap-v3-optimism,74000.7278385799,74007.3921890782,74000.7278385799,73680.2350101797,74007.3921890782,73694.3735254755,0.9005790473892716,44.40229850695809,-41.39882431597908,30.0,30.0,60.0,True,-59.09942095261073,-101.39882431597908,18431.208993686436,1251.3692328324698,1251.3692328324698,19682.578226518905,791688.8575,183752.7141,183752.7141,api_detail,api_detail
2026-03-16 19:00:00+00:00,0x319c0dd36284ac24a6b2bee73929f699b9f48c38,0x689a850f62b41d89b5e5c3465cd291374b215813,WETH / WBTC 0.05%,WETH / WBTC 0.3%,velodrome-finance-slipstream,sushiswap-v3-optimism,73916.1652011987,73725.0436751698,74167.6111801987,73650.6090658808,74007.3921890782,73725.0436751698,-25.856526175116468,48.442657531624356,-59.67126323559668,5.0,30.0,35.0,True,-60.85652617511647,-94.67126323559668,56270.54307402602,140.3125795826757,140.3125795826757,56410.8556536087,471010.6933,183752.7141,183752.7141,api_detail,api_detail
2026-03-16 19:00:00+00:00,0x319c0dd36284ac24a6b2bee73929f699b9f48c38,0x73b14a78a0d396c521f954532d43fd5ffe385216,WETH / WBTC 0.05%,WETH / WBTC 0.3%,velodrome-finance-slipstream,uniswap_v3_optimism,73916.1652011987,73710.4104921726,74167.6111801987,73650.6090658808,74000.7278385799,73710.4104921726,-27.83622614431436,47.537797329810786,-61.644251547388066,5.0,30.0,35.0,True,-62.83622614431436,-96.64425154738807,56270.54307402602,2626.021663799143,2626.021663799143,58896.56473782516,471010.6933,791688.8575,471010.6933,api_detail,api_detail
2026-03-16 19:00:00+00:00,0x689a850f62b41d89b5e5c3465cd291374b215813,0x319c0dd36284ac24a6b2bee73929f699b9f48c38,WETH / WBTC 0.3%,WETH / WBTC 0.05%,sushiswap-v3-optimism,velodrome-finance-slipstream,73725.0436751698,73916.1652011987,74007.3921890782,73725.0436751698,74167.6111801987,73650.6090658808,25.92355548420855,60.029466646209784,-48.20911974385833,30.0,5.0,35.0,True,-9.07644451579145,-83.20911974385834,140.3125795826757,56270.54307402602,140.3125795826757,56410.8556536087,183752.7141,471010.6933,183752.7141,api_detail,api_detail
2026-03-16 19:00:00+00:00,0x689a850f62b41d89b5e5c3465cd291374b215813,0x73b14a78a0d396c521f954532d43fd5ffe385216,WETH / WBTC 0.3%,WETH / WBTC 0.3%,sushiswap-v3-optimism,uniswap_v3_optimism,73725.0436751698,73710.4104921726,74007.3921890782,73725.0436751698,74000.7278385799,73710.4104921726,-1.9848320553972343,37.393557150642295,-40.128653114387404,30.0,30.0,60.0,True,-61.984832055397234,-100.1286531143874,140.3125795826757,2626.021663799143,140.3125795826757,2766.334243381819,183752.7141,791688.8575,183752.7141,api_detail,api_detail
2026-03-16 19:00:00+00:00,0x73b14a78a0d396c521f954532d43fd5ffe385216,0x319c0dd36284ac24a6b2bee73929f699b9f48c38,WETH / WBTC 0.3%,WETH / WBTC 0.05%,uniswap_v3_optimism,velodrome-finance-slipstream,73710.4104921726,73916.1652011987,74000.7278385799,73710.4104921726,74167.6111801987,73650.6090658808,27.913927985512288,62.026609941976396,-47.312882308783166,30.0,5.0,35.0,True,-7.086072014487712,-82.31288230878317,2626.021663799143,56270.54307402602,2626.021663799143,58896.56473782516,791688.8575,471010.6933,471010.6933,api_detail,api_detail
2026-03-16 19:00:00+00:00,0x73b14a78a0d396c521f954532d43fd5ffe385216,0x689a850f62b41d89b5e5c3465cd291374b215813,WETH / WBTC 0.3%,WETH / WBTC 0.3%,uniswap_v3_optimism,sushiswap-v3-optimism,73710.4104921726,73725.0436751698,74000.7278385799,73710.4104921726,74007.3921890782,73725.0436751698,1.9852260894359652,40.29033279324024,-37.25425025703277,30.0,30.0,60.0,True,-58.01477391056403,-97.25425025703277,2626.021663799143,140.3125795826757,140.3125795826757,2766.334243381819,791688.8575,183752.7141,183752.7141,api_detail,api_detail
2026-03-16 20:00:00+00:00,0x319c0dd36284ac24a6b2bee73929f699b9f48c38,0x689a850f62b41d89b5e5c3465cd291374b215813,WETH / WBTC 0.05%,WETH / WBTC 0.3%,velodrome-finance-slipstream,sushiswap-v3-optimism,74053.7621510903,73862.0410339565,74113.7128685215,73697.987057156,73867.9166080943,73725.0436751698,-25.889449984004553,23.05755662044051,-52.4422779953293,5.0,30.0,35.0,True,-60.88944998400456,-87.4422779953293,33453.14676979904,319.9575497305779,319.9575497305779,33773.104319529615,471010.6933,183752.7141,183752.7141,api_detail,api_detail
2026-03-16 20:00:00+00:00,0x319c0dd36284ac24a6b2bee73929f699b9f48c38,0x73b14a78a0d396c521f954532d43fd5ffe385216,WETH / WBTC 0.05%,WETH / WBTC 0.3%,velodrome-finance-slipstream,uniswap_v3_optimism,74053.7621510903,73946.053224863,74113.7128685215,73697.987057156,73946.053224863,73710.4104921726,-14.544693355016403,33.65982947602264,-54.41670113928376,5.0,30.0,35.0,True,-49.544693355016406,-89.41670113928376,33453.14676979904,6059.629383397003,6059.629383397003,39512.77615319604,471010.6933,791688.8575,471010.6933,api_detail,api_detail
2026-03-16 20:00:00+00:00,0x689a850f62b41d89b5e5c3465cd291374b215813,0x319c0dd36284ac24a6b2bee73929f699b9f48c38,WETH / WBTC 0.3%,WETH / WBTC 0.05%,sushiswap-v3-optimism,velodrome-finance-slipstream,73862.0410339565,74053.7621510903,73867.9166080943,73725.0436751698,74113.7128685215,73697.987057156,25.956650324034936,52.71874711450408,-23.004513832419747,30.0,5.0,35.0,True,-9.043349675965064,-58.00451383241975,319.9575497305779,33453.14676979904,319.9575497305779,33773.104319529615,183752.7141,471010.6933,183752.7141,api_detail,api_detail
2026-03-16 20:00:00+00:00,0x689a850f62b41d89b5e5c3465cd291374b215813,0x73b14a78a0d396c521f954532d43fd5ffe385216,WETH / WBTC 0.3%,WETH / WBTC 0.3%,sushiswap-v3-optimism,uniswap_v3_optimism,73862.0410339565,73946.053224863,73867.9166080943,73725.0436751698,73946.053224863,73710.4104921726,11.37420381707166,29.977540693901794,-21.32266932034166,30.0,30.0,60.0,True,-48.62579618292834,-81.32266932034166,319.9575497305779,6059.629383397003,319.9575497305779,6379.586933127581,183752.7141,791688.8575,183752.7141,api_detail,api_detail
2026-03-16 20:00:00+00:00,0x73b14a78a0d396c521f954532d43fd5ffe385216,0x319c0dd36284ac24a6b2bee73929f699b9f48c38,WETH / WBTC 0.3%,WETH / WBTC 0.05%,uniswap_v3_optimism,velodrome-finance-slipstream,73946.053224863,74053.7621510903,73946.053224863,73710.4104921726,74113.7128685215,73697.987057156,14.5658789793357,54.71443906715612,-33.54691114516362,30.0,5.0,35.0,True,-20.4341210206643,-68.54691114516362,6059.629383397003,33453.14676979904,6059.629383397003,39512.77615319604,791688.8575,471010.6933,471010.6933,api_detail,api_detail
2026-03-16 20:00:00+00:00,0x73b14a78a0d396c521f954532d43fd5ffe385216,0x689a850f62b41d89b5e5c3465cd291374b215813,WETH / WBTC 0.3%,WETH / WBTC 0.3%,uniswap_v3_optimism,sushiswap-v3-optimism,73946.053224863,73862.0410339565,73946.053224863,73710.4104921726,73867.9166080943,73725.0436751698,-11.36128126419833,21.36823209503369,-29.88794398818495,30.0,30.0,60.0,True,-71.36128126419833,-89.88794398818496,6059.629383397003,319.9575497305779,319.9575497305779,6379.586933127581,791688.8575,183752.7141,183752.7141,api_detail,api_detail
2026-03-16 21:00:00+00:00,0x319c0dd36284ac24a6b2bee73929f699b9f48c38,0x689a850f62b41d89b5e5c3465cd291374b215813,WETH / WBTC 0.05%,WETH / WBTC 0.3%,velodrome-finance-slipstream,sushiswap-v3-optimism,74232.2057631519,74084.9532221192,74515.1436203431,73918.4734510106,74133.8668596467,73862.0410339565,-19.83674599438934,29.139320467548302,-87.64696069220146,5.0,30.0,35.0,True,-54.83674599438934,-122.64696069220146,71942.9615656757,1009.7336245668181,1009.7336245668181,72952.6951902425,471010.6933,183752.7141,183752.7141,api_detail,api_detail
2026-03-16 21:00:00+00:00,0x319c0dd36284ac24a6b2bee73929f699b9f48c38,0x73b14a78a0d396c521f954532d43fd5ffe385216,WETH / WBTC 0.05%,WETH / WBTC 0.3%,velodrome-finance-slipstream,uniswap_v3_optimism,74232.2057631519,73997.3738637611,74515.1436203431,73918.4734510106,74156.1390654969,73909.8653484678,-31.63477320612951,32.15239755239408,-81.22889421769086,5.0,30.0,35.0,True,-66.63477320612951,-116.22889421769086,71942.9615656757,17192.57687160036,17192.57687160036,89135.53843727606,471010.6933,791688.8575,471010.6933,api_detail,api_detail
2026-03-16 21:00:00+00:00,0x689a850f62b41d89b5e5c3465cd291374b215813,0x319c0dd36284ac24a6b2bee73929f699b9f48c38,WETH / WBTC 0.3%,WETH / WBTC 0.05%,sushiswap-v3-optimism,velodrome-finance-slipstream,74084.9532221192,74232.2057631519,74133.8668596467,73862.0410339565,74515.1436203431,73918.4734510106,19.87617385560192,88.42195222933836,-29.05465717091049,30.0,5.0,35.0,True,-15.12382614439808,-64.05465717091049,1009.7336245668181,71942.9615656757,1009.7336245668181,72952.6951902425,183752.7141,471010.6933,183752.7141,api_detail,api_detail
2026-03-16 21:00:00+00:00,0x689a850f62b41d89b5e5c3465cd291374b215813,0x73b14a78a0d396c521f954532d43fd5ffe385216,WETH / WBTC 0.3%,WETH / WBTC 0.3%,sushiswap-v3-optimism,uniswap_v3_optimism,74084.9532221192,73997.3738637611,74133.8668596467,73862.0410339565,74156.1390654969,73909.8653484678,-11.82147717574078,39.81720886987006,-30.215813725592568,30.0,30.0,60.0,True,-71.82147717574078,-90.21581372559257,1009.7336245668181,17192.57687160036,1009.7336245668181,18202.310496167178,183752.7141,791688.8575,183752.7141,api_detail,api_detail
2026-03-16 21:00:00+00:00,0x73b14a78a0d396c521f954532d43fd5ffe385216,0x319c0dd36284ac24a6b2bee73929f699b9f48c38,WETH / WBTC 0.3%,WETH / WBTC 0.05%,uniswap_v3_optimism,velodrome-finance-slipstream,73997.3738637611,74232.2057631519,74156.1390654969,73909.8653484678,74515.1436203431,73918.4734510106,31.735166686206462,81.89411102584643,-32.04935120427188,30.0,5.0,35.0,True,-3.264833313793538,-67.04935120427189,17192.57687160036,71942.9615656757,17192.57687160036,89135.53843727606,791688.8575,471010.6933,471010.6933,api_detail,api_detail
2026-03-16 21:00:00+00:00,0x73b14a78a0d396c521f954532d43fd5ffe385216,0x689a850f62b41d89b5e5c3465cd291374b215813,WETH / WBTC 0.3%,WETH / WBTC 0.3%,uniswap_v3_optimism,sushiswap-v3-optimism,73997.3738637611,74084.9532221192,74156.1390654969,73909.8653484678,74133.8668596467,73862.0410339565,11.83546844775174,30.30738997057858,-39.65929662015477,30.0,30.0,60.0,True,-48.16453155224826,-99.65929662015478,17192.57687160036,1009.7336245668181,1009.7336245668181,18202.310496167178,791688.8575,183752.7141,183752.7141,api_detail,api_detail
2026-03-16 22:00:00+00:00,0x319c0dd36284ac24a6b2bee73929f699b9f48c38,0x689a850f62b41d89b5e5c3465cd291374b215813,WETH / WBTC 0.05%,WETH / WBTC 0.3%,velodrome-finance-slipstream,sushiswap-v3-optimism,74549.0926820182,74523.1529525253,74794.2116671321,74126.6858187233,74695.1579203238,74084.9532221192,-3.4795499931239426,76.68926451004587,-94.82798591011421,5.0,30.0,35.0,True,-38.47954999312394,-129.8279859101142,64716.336736977384,1035.5458461387557,1035.5458461387557,65751.88258311614,471010.6933,183752.7141,183752.7141,api_detail,api_detail
2026-03-16 22:00:00+00:00,0x319c0dd36284ac24a6b2bee73929f699b9f48c38,0x73b14a78a0d396c521f954532d43fd5ffe385216,WETH / WBTC 0.05%,WETH / WBTC 0.3%,velodrome-finance-slipstream,uniswap_v3_optimism,74549.0926820182,74547.1577542736,74794.2116671321,74126.6858187233,74823.0015731423,73997.3738637611,-0.2595508107461342,93.93590806445084,-106.53736239874978,5.0,30.0,35.0,True,-35.259550810746134,-141.5373623987498,64716.336736977384,17858.602198746892,17858.602198746892,82574.93893572428,471010.6933,791688.8575,471010.6933,api_detail,api_detail
2026-03-16 22:00:00+00:00,0x689a850f62b41d89b5e5c3465cd291374b215813,0x319c0dd36284ac24a6b2bee73929f699b9f48c38,WETH / WBTC 0.3%,WETH / WBTC 0.05%,sushiswap-v3-optimism,velodrome-finance-slipstream,74523.1529525253,74549.0926820182,74695.1579203238,74084.9532221192,74794.2116671321,74126.6858187233,3.48076114136342,95.73582949919945,-76.10561613737855,30.0,5.0,35.0,True,-31.51923885863658,-111.10561613737855,1035.5458461387557,64716.336736977384,1035.5458461387557,65751.88258311614,183752.7141,471010.6933,183752.7141,api_detail,api_detail
2026-03-16 22:00:00+00:00,0x689a850f62b41d89b5e5c3465cd291374b215813,0x73b14a78a0d396c521f954532d43fd5ffe385216,WETH / WBTC 0.3%,WETH / WBTC 0.3%,sushiswap-v3-optimism,uniswap_v3_optimism,74523.1529525253,74547.1577542736,74695.1579203238,74084.9532221192,74823.0015731423,73997.3738637611,3.22111998718011,99.62189606981475,-93.41757564888309,30.0,30.0,60.0,True,-56.77888001281989,-153.4175756488831,1035.5458461387557,17858.602198746892,1035.5458461387557,18894.14804488565,183752.7141,791688.8575,183752.7141,api_detail,api_detail
2026-03-16 22:00:00+00:00,0x73b14a78a0d396c521f954532d43fd5ffe385216,0x319c0dd36284ac24a6b2bee73929f699b9f48c38,WETH / WBTC 0.3%,WETH / WBTC 0.05%,uniswap_v3_optimism,velodrome-finance-slipstream,74547.1577542736,74549.0926820182,74823.0015731423,73997.3738637611,74794.2116671321,74126.6858187233,0.2595575475838885,107.68460578588713,-93.06172430657233,30.0,5.0,35.0,True,-34.74044245241611,-128.06172430657233,17858.602198746892,64716.336736977384,17858.602198746892,82574.93893572428,791688.8575,471010.6933,471010.6933,api_detail,api_detail
2026-03-16 22:00:00+00:00,0x73b14a78a0d396c521f954532d43fd5ffe385216,0x689a850f62b41d89b5e5c3465cd291374b215813,WETH / WBTC 0.3%,WETH / WBTC 0.3%,uniswap_v3_optimism,sushiswap-v3-optimism,74547.1577542736,74523.1529525253,74823.0015731423,73997.3738637611,74695.1579203238,74084.9532221192,-3.220082759886056,94.2984892744203,-98.63923332474545,30.0,30.0,60.0,True,-63.220082759886054,-158.63923332474545,17858.602198746892,1035.5458461387557,1035.5458461387557,18894.14804488565,791688.8575,183752.7141,183752.7141,api_detail,api_detail
2026-03-16 23:00:00+00:00,0x319c0dd36284ac24a6b2bee73929f699b9f48c38,0x689a850f62b41d89b5e5c3465cd291374b215813,WETH / WBTC 0.05%,WETH / WBTC 0.3%,velodrome-finance-slipstream,sushiswap-v3-optimism,74654.9455734488,74360.2457144481,74756.1945016944,74099.2130587482,74584.0907892963,74218.3919662551,-39.474927847983345,65.43628609978258,-71.94086577361757,5.0,30.0,35.0,True,-74.47492784798334,-106.94086577361757,57229.50394487057,1028.5235404949333,1028.5235404949333,58258.02748536551,471010.6933,183752.7141,183752.7141,api_detail,api_detail
2026-03-16 23:00:00+00:00,0x319c0dd36284ac24a6b2bee73929f699b9f48c38,0x73b14a78a0d396c521f954532d43fd5ffe385216,WETH / WBTC 0.05%,WETH / WBTC 0.3%,velodrome-finance-slipstream,uniswap_v3_optimism,74654.9455734488,74397.4114557754,74756.1945016944,74099.2130587482,74609.8409775175,74214.7660870812,-34.49659171206987,68.91138214442982,-72.42589302762448,5.0,30.0,35.0,True,-69.49659171206987,-107.42589302762448,57229.50394487057,17379.285998859323,17379.285998859323,74608.78994372989,471010.6933,791688.8575,471010.6933,api_detail,api_detail
2026-03-16 23:00:00+00:00,0x689a850f62b41d89b5e5c3465cd291374b215813,0x319c0dd36284ac24a6b2bee73929f699b9f48c38,WETH / WBTC 0.3%,WETH / WBTC 0.05%,sushiswap-v3-optimism,velodrome-finance-slipstream,74360.2457144481,74654.9455734488,74584.0907892963,74218.3919662551,74756.1945016944,74099.2130587482,39.631372404602686,72.46216486121338,-65.01087905166125,30.0,5.0,35.0,True,4.631372404602686,-100.01087905166125,1028.5235404949333,57229.50394487057,1028.5235404949333,58258.02748536551,183752.7141,471010.6933,183752.7141,api_detail,api_detail
2026-03-16 23:00:00+00:00,0x689a850f62b41d89b5e5c3465cd291374b215813,0x73b14a78a0d396c521f954532d43fd5ffe385216,WETH / WBTC 0.3%,WETH / WBTC 0.3%,sushiswap-v3-optimism,uniswap_v3_optimism,74360.2457144481,74397.4114557754,74584.0907892963,74218.3919662551,74609.8409775175,74214.7660870812,4.998065965249321,52.74285805604295,-49.51789293221598,30.0,30.0,60.0,True,-55.001934034750676,-109.51789293221597,1028.5235404949333,17379.285998859323,1028.5235404949333,18407.809539354257,183752.7141,791688.8575,183752.7141,api_detail,api_detail
2026-03-16 23:00:00+00:00,0x73b14a78a0d396c521f954532d43fd5ffe385216,0x319c0dd36284ac24a6b2bee73929f699b9f48c38,WETH / WBTC 0.3%,WETH / WBTC 0.05%,uniswap_v3_optimism,velodrome-finance-slipstream,74397.4114557754,74654.9455734488,74609.8409775175,74214.7660870812,74756.1945016944,74099.2130587482,34.616005131642424,72.95427084926808,-68.43975433792559,30.0,5.0,35.0,True,-0.38399486835757557,-103.43975433792559,17379.285998859323,57229.50394487057,17379.285998859323,74608.78994372989,791688.8575,471010.6933,471010.6933,api_detail,api_detail
2026-03-16 23:00:00+00:00,0x73b14a78a0d396c521f954532d43fd5ffe385216,0x689a850f62b41d89b5e5c3465cd291374b215813,WETH / WBTC 0.3%,WETH / WBTC 0.3%,uniswap_v3_optimism,sushiswap-v3-optimism,74397.4114557754,74360.2457144481,74609.8409775175,74214.7660870812,74584.0907892963,74218.3919662551,-4.995569146836187,49.76431533608272,-52.46613665620181,30.0,30.0,60.0,True,-64.99556914683619,-112.46613665620181,17379.285998859323,1028.5235404949333,1028.5235404949333,18407.809539354257,791688.8575,183752.7141,183752.7141,api_detail,api_detail
2026-03-17 00:00:00+00:00,0x319c0dd36284ac24a6b2bee73929f699b9f48c38,0x689a850f62b41d89b5e5c3465cd291374b215813,WETH / WBTC 0.05%,WETH / WBTC 0.3%,velodrome-finance-slipstream,sushiswap-v3-optimism,74924.6592768088,74896.3887347319,75359.2173305314,74435.0299342101,75000.2632359375,74360.2457144481,-3.773195947740504,75.93646462250136,-132.56130457164116,5.0,30.0,35.0,True,-38.773195947740504,-167.56130457164116,100382.91676791653,550.7890113113269,550.7890113113269,100933.70577922785,471010.6933,183752.7141,183752.7141,api_detail,api_detail
2026-03-17 00:00:00+00:00,0x319c0dd36284ac24a6b2bee73929f699b9f48c38,0x73b14a78a0d396c521f954532d43fd5ffe385216,WETH / WBTC 0.05%,WETH / WBTC 0.3%,velodrome-finance-slipstream,uniswap_v3_optimism,74924.6592768088,74402.7097832545,75359.2173305314,74435.0299342101,75028.1683855655,74397.4114557754,-69.66324553121628,79.68539166030241,-127.62949362086107,5.0,30.0,35.0,True,-104.66324553121628,-162.62949362086107,100382.91676791653,7666.228737395691,7666.228737395691,108049.14550531222,471010.6933,791688.8575,471010.6933,api_detail,api_detail
2026-03-17 00:00:00+00:00,0x689a850f62b41d89b5e5c3465cd291374b215813,0x319c0dd36284ac24a6b2bee73929f699b9f48c38,WETH / WBTC 0.3%,WETH / WBTC 0.05%,sushiswap-v3-optimism,velodrome-finance-slipstream,74896.3887347319,74924.6592768088,75000.2632359375,74360.2457144481,75359.2173305314,74435.0299342101,3.7746201858990247,134.34216179428304,-75.36417571619269,30.0,5.0,35.0,True,-31.225379814100975,-110.36417571619269,550.7890113113269,100382.91676791653,550.7890113113269,100933.70577922785,183752.7141,471010.6933,183752.7141,api_detail,api_detail
2026-03-17 00:00:00+00:00,0x689a850f62b41d89b5e5c3465cd291374b215813,0x73b14a78a0d396c521f954532d43fd5ffe385216,WETH / WBTC 0.3%,WETH / WBTC 0.3%,sushiswap-v3-optimism,uniswap_v3_optimism,74896.3887347319,74402.7097832545,75000.2632359375,74360.2457144481,75028.1683855655,74397.4114557754,-65.9149205745968,89.82254761264574,-80.37995523637598,30.0,30.0,60.0,True,-125.9149205745968,-140.37995523637596,550.7890113113269,7666.228737395691,550.7890113113269,8217.017748707018,183752.7141,791688.8575,183752.7141,api_detail,api_detail
2026-03-17 00:00:00+00:00,0x73b14a78a0d396c521f954532d43fd5ffe385216,0x319c0dd36284ac24a6b2bee73929f699b9f48c38,WETH / WBTC 0.3%,WETH / WBTC 0.05%,uniswap_v3_optimism,velodrome-finance-slipstream,74402.7097832545,74924.6592768088,75028.1683855655,74397.4114557754,75359.2173305314,74435.0299342101,70.15194676038172,129.2794810915887,-79.0554353276074,30.0,5.0,35.0,True,35.15194676038172,-114.0554353276074,7666.228737395691,100382.91676791653,7666.228737395691,108049.14550531222,791688.8575,471010.6933,471010.6933,api_detail,api_detail
2026-03-17 00:00:00+00:00,0x73b14a78a0d396c521f954532d43fd5ffe385216,0x689a850f62b41d89b5e5c3465cd291374b215813,WETH / WBTC 0.3%,WETH / WBTC 0.3%,uniswap_v3_optimism,sushiswap-v3-optimism,74402.7097832545,74896.3887347319,75028.1683855655,74397.4114557754,75000.2632359375,74360.2457144481,66.3522811085171,81.0312843371519,-89.02292105612663,30.0,30.0,60.0,True,6.352281108517104,-149.02292105612662,7666.228737395691,550.7890113113269,550.7890113113269,8217.017748707018,791688.8575,183752.7141,183752.7141,api_detail,api_detail
2026-03-17 01:00:00+00:00,0x319c0dd36284ac24a6b2bee73929f699b9f48c38,0x689a850f62b41d89b5e5c3465cd291374b215813,WETH / WBTC 0.05%,WETH / WBTC 0.3%,velodrome-finance-slipstream,sushiswap-v3-optimism,75328.6975275932,75701.9602517667,75720.501265089,74894.2278977555,75701.9602517667,74896.3887347319,49.551198470776384,107.84974712789719,-108.83611658512149,5.0,30.0,35.0,True,14.551198470776384,-143.8361165851215,86321.47392440433,1034.0696405712683,1034.0696405712683,87355.5435649756,471010.6933,183752.7141,183752.7141,api_detail,api_detail
2026-03-17 01:00:00+00:00,0x319c0dd36284ac24a6b2bee73929f699b9f48c38,0x73b14a78a0d396c521f954532d43fd5ffe385216,WETH / WBTC 0.05%,WETH / WBTC 0.3%,velodrome-finance-slipstream,uniswap_v3_optimism,75328.6975275932,75727.2924759399,75720.501265089,74894.2278977555,75727.2924759399,74402.7097832545,52.91409003861824,111.23214719853891,-174.03364476168193,5.0,30.0,35.0,True,17.91409003861824,-209.03364476168193,86321.47392440433,18473.55093580409,18473.55093580409,104795.02486020842,471010.6933,791688.8575,471010.6933,api_detail,api_detail
2026-03-17 01:00:00+00:00,0x689a850f62b41d89b5e5c3465cd291374b215813,0x319c0dd36284ac24a6b2bee73929f699b9f48c38,WETH / WBTC 0.3%,WETH / WBTC 0.05%,sushiswap-v3-optimism,velodrome-finance-slipstream,75701.9602517667,75328.6975275932,75701.9602517667,74896.3887347319,75720.501265089,74894.2278977555,-49.3068769860261,110.0336804323021,-106.69900109916198,30.0,5.0,35.0,True,-84.3068769860261,-141.699001099162,1034.0696405712683,86321.47392440433,1034.0696405712683,87355.5435649756,183752.7141,471010.6933,183752.7141,api_detail,api_detail
2026-03-17 01:00:00+00:00,0x689a850f62b41d89b5e5c3465cd291374b215813,0x73b14a78a0d396c521f954532d43fd5ffe385216,WETH / WBTC 0.3%,WETH / WBTC 0.3%,sushiswap-v3-optimism,uniswap_v3_optimism,75701.9602517667,75727.2924759399,75701.9602517667,74896.3887347319,75727.2924759399,74402.7097832545,3.346310199756619,110.94042786907954,-171.62705750170758,30.0,30.0,60.0,True,-56.653689800243384,-231.62705750170758,1034.0696405712683,18473.55093580409,1034.0696405712683,19507.62057637536,183752.7141,791688.8575,183752.7141,api_detail,api_detail
2026-03-17 01:00:00+00:00,0x73b14a78a0d396c521f954532d43fd5ffe385216,0x319c0dd36284ac24a6b2bee73929f699b9f48c38,WETH / WBTC 0.3%,WETH / WBTC 0.05%,uniswap_v3_optimism,velodrome-finance-slipstream,75727.2924759399,75328.6975275932,75727.2924759399,74402.7097832545,75720.501265089,74894.2278977555,-52.63557369007188,177.11606011036497,-110.00849904267862,30.0,5.0,35.0,True,-87.63557369007188,-145.00849904267864,18473.55093580409,86321.47392440433,18473.55093580409,104795.02486020842,791688.8575,471010.6933,471010.6933,api_detail,api_detail
2026-03-17 01:00:00+00:00,0x73b14a78a0d396c521f954532d43fd5ffe385216,0x689a850f62b41d89b5e5c3465cd291374b215813,WETH / WBTC 0.3%,WETH / WBTC 0.3%,uniswap_v3_optimism,sushiswap-v3-optimism,75727.2924759399,75701.9602517667,75727.2924759399,74402.7097832545,75701.9602517667,74896.3887347319,-3.3451907951498328,174.62407918973577,-109.72315449836012,30.0,30.0,60.0,True,-63.34519079514983,-169.72315449836012,18473.55093580409,1034.0696405712683,1034.0696405712683,19507.62057637536,791688.8575,183752.7141,183752.7141,api_detail,api_detail
2026-03-17 02:00:00+00:00,0x319c0dd36284ac24a6b2bee73929f699b9f48c38,0x689a850f62b41d89b5e5c3465cd291374b215813,WETH / WBTC 0.05%,WETH / WBTC 0.3%,velodrome-finance-slipstream,sushiswap-v3-optimism,75005.7017374035,75701.9602517667,75426.4928084601,74883.8897628366,75701.9602517667,75701.9602517667,92.82741154809759,109.24519165884661,36.52131141853809,5.0,30.0,35.0,True,57.82741154809759,1.5213114185380903,46033.03128521119,0.0,0.0,46033.03128521119,471010.6933,183752.7141,183752.7141,api_detail,api_detail
2026-03-17 02:00:00+00:00,0x319c0dd36284ac24a6b2bee73929f699b9f48c38,0x73b14a78a0d396c521f954532d43fd5ffe385216,WETH / WBTC 0.05%,WETH / WBTC 0.3%,velodrome-finance-slipstream,uniswap_v3_optimism,75005.7017374035,75034.7398818179,75426.4928084601,74883.8897628366,75727.2924759399,75034.7398818179,3.871458268074335,112.62805868851532,-51.93837232191356,5.0,30.0,35.0,True,-31.128541731925665,-86.93837232191356,46033.03128521119,1606.5280224556157,1606.5280224556157,47639.55930766681,471010.6933,791688.8575,471010.6933,api_detail,api_detail
2026-03-17 02:00:00+00:00,0x689a850f62b41d89b5e5c3465cd291374b215813,0x319c0dd36284ac24a6b2bee73929f699b9f48c38,WETH / WBTC 0.3%,WETH / WBTC 0.05%,sushiswap-v3-optimism,velodrome-finance-slipstream,75701.9602517667,75005.7017374035,75701.9602517667,75701.9602517667,75426.4928084601,74883.8897628366,-91.97364401761776,-36.3884161507122,-108.06463745580585,30.0,5.0,35.0,True,-126.97364401761776,-143.06463745580584,0.0,46033.03128521119,0.0,46033.03128521119,183752.7141,471010.6933,183752.7141,api_detail,api_detail
2026-03-17 02:00:00+00:00,0x689a850f62b41d89b5e5c3465cd291374b215813,0x73b14a78a0d396c521f954532d43fd5ffe385216,WETH / WBTC 0.3%,WETH / WBTC 0.3%,sushiswap-v3-optimism,uniswap_v3_optimism,75701.9602517667,75034.7398818179,75701.9602517667,75701.9602517667,75727.2924759399,75034.7398818179,-88.13779296200086,3.346310199756619,-88.13779296200086,30.0,30.0,60.0,True,-148.13779296200084,-148.13779296200084,0.0,1606.5280224556157,0.0,1606.5280224556157,183752.7141,791688.8575,183752.7141,api_detail,api_detail
2026-03-17 02:00:00+00:00,0x73b14a78a0d396c521f954532d43fd5ffe385216,0x319c0dd36284ac24a6b2bee73929f699b9f48c38,WETH / WBTC 0.3%,WETH / WBTC 0.05%,uniswap_v3_optimism,velodrome-finance-slipstream,75034.7398818179,75005.7017374035,75727.2924759399,75034.7398818179,75426.4928084601,74883.8897628366,-3.8699600291991487,52.209540175551794,-111.37367856790536,30.0,5.0,35.0,True,-38.86996002919915,-146.37367856790536,1606.5280224556157,46033.03128521119,1606.5280224556157,47639.55930766681,791688.8575,471010.6933,471010.6933,api_detail,api_detail
2026-03-17 02:00:00+00:00,0x73b14a78a0d396c521f954532d43fd5ffe385216,0x689a850f62b41d89b5e5c3465cd291374b215813,WETH / WBTC 0.3%,WETH / WBTC 0.3%,uniswap_v3_optimism,sushiswap-v3-optimism,75034.7398818179,75701.9602517667,75727.2924759399,75034.7398818179,75701.9602517667,75701.9602517667,88.92152768166906,88.92152768166906,-3.3451907951498328,30.0,30.0,60.0,True,28.921527681669062,-63.34519079514983,1606.5280224556157,0.0,0.0,1606.5280224556157,791688.8575,183752.7141,183752.7141,api_detail,api_detail
2026-03-17 03:00:00+00:00,0x319c0dd36284ac24a6b2bee73929f699b9f48c38,0x689a850f62b41d89b5e5c3465cd291374b215813,WETH / WBTC 0.05%,WETH / WBTC 0.3%,velodrome-finance-slipstream,sushiswap-v3-optimism,74126.2318616537,74179.6053770172,75104.2214508916,74024.0537827399,75701.9602517667,74179.6053770172,7.200354587444391,226.67043795675522,-123.1110656647938,5.0,30.0,35.0,True,-27.79964541255561,-158.11106566479378,57878.07420237945,289.1866036473315,289.1866036473315,58167.26080602678,471010.6933,183752.7141,183752.7141,api_detail,api_detail
2026-03-17 03:00:00+00:00,0x319c0dd36284ac24a6b2bee73929f699b9f48c38,0x73b14a78a0d396c521f954532d43fd5ffe385216,WETH / WBTC 0.05%,WETH / WBTC 0.3%,velodrome-finance-slipstream,uniswap_v3_optimism,74126.2318616537,74216.1892627894,75104.2214508916,74024.0537827399,75034.7398818179,74201.5131755206,12.135704038429562,136.5348217816287,-120.19407936493364,5.0,30.0,35.0,True,-22.864295961570438,-155.19407936493366,57878.07420237945,6991.79265791363,6991.79265791363,64869.866860293085,471010.6933,791688.8575,471010.6933,api_detail,api_detail
2026-03-17 03:00:00+00:00,0x689a850f62b41d89b5e5c3465cd291374b215813,0x319c0dd36284ac24a6b2bee73929f699b9f48c38,WETH / WBTC 0.3%,WETH / WBTC 0.05%,sushiswap-v3-optimism,velodrome-finance-slipstream,74179.6053770172,74126.2318616537,75701.9602517667,74179.6053770172,75104.2214508916,74024.0537827399,-7.1951738071718285,124.64559081637682,-221.64636998123765,30.0,5.0,35.0,True,-42.19517380717183,-256.6463699812376,289.1866036473315,57878.07420237945,289.1866036473315,58167.26080602678,183752.7141,471010.6933,183752.7141,api_detail,api_detail
2026-03-17 03:00:00+00:00,0x689a850f62b41d89b5e5c3465cd291374b215813,0x73b14a78a0d396c521f954532d43fd5ffe385216,WETH / WBTC 0.3%,WETH / WBTC 0.3%,sushiswap-v3-optimism,uniswap_v3_optimism,74179.6053770172,74216.1892627894,75701.9602517667,74179.6053770172,75034.7398818179,74201.5131755206,4.931798381275776,115.27892342571677,-198.20452089430285,30.0,30.0,60.0,True,-55.068201618724224,-258.20452089430285,289.1866036473315,6991.79265791363,289.1866036473315,7280.979261560961,183752.7141,791688.8575,183752.7141,api_detail,api_detail
2026-03-17 03:00:00+00:00,0x73b14a78a0d396c521f954532d43fd5ffe385216,0x319c0dd36284ac24a6b2bee73929f699b9f48c38,WETH / WBTC 0.3%,WETH / WBTC 0.05%,uniswap_v3_optimism,velodrome-finance-slipstream,74216.1892627894,74126.2318616537,75034.7398818179,74201.5131755206,75104.2214508916,74024.0537827399,-12.120994358411075,121.6563162580897,-134.69575568195168,30.0,5.0,35.0,True,-47.120994358411075,-169.69575568195168,6991.79265791363,57878.07420237945,6991.79265791363,64869.866860293085,791688.8575,471010.6933,471010.6933,api_detail,api_detail
2026-03-17 03:00:00+00:00,0x73b14a78a0d396c521f954532d43fd5ffe385216,0x689a850f62b41d89b5e5c3465cd291374b215813,WETH / WBTC 0.3%,WETH / WBTC 0.3%,uniswap_v3_optimism,sushiswap-v3-optimism,74216.1892627894,74179.6053770172,75034.7398818179,74201.5131755206,75701.9602517667,74179.6053770172,-4.929367316699462,202.21246333573362,-113.96514549761538,30.0,30.0,60.0,True,-64.92936731669946,-173.96514549761537,6991.79265791363,289.1866036473315,289.1866036473315,7280.979261560961,791688.8575,183752.7141,183752.7141,api_detail,api_detail
2026-03-17 04:00:00+00:00,0x319c0dd36284ac24a6b2bee73929f699b9f48c38,0x689a850f62b41d89b5e5c3465cd291374b215813,WETH / WBTC 0.05%,WETH / WBTC 0.3%,velodrome-finance-slipstream,sushiswap-v3-optimism,74102.6638767465,74275.9025388767,74502.0358930222,73803.2429155207,74275.9025388767,74179.6053770172,23.378196284324915,64.04320524194817,-43.27808121485144,5.0,30.0,35.0,True,-11.621803715675085,-78.27808121485144,63037.52417761681,193.0869692730217,193.0869692730217,63230.61114688983,471010.6933,183752.7141,183752.7141,api_detail,api_detail
2026-03-17 04:00:00+00:00,0x319c0dd36284ac24a6b2bee73929f699b9f48c38,0x73b14a78a0d396c521f954532d43fd5ffe385216,WETH / WBTC 0.05%,WETH / WBTC 0.3%,velodrome-finance-slipstream,uniswap_v3_optimism,74102.6638767465,74177.8708146452,74502.0358930222,73803.2429155207,74431.1168857675,74177.8708146452,10.149019477057042,85.07403542761472,-43.510902016485886,5.0,30.0,35.0,True,-24.850980522942958,-78.51090201648589,63037.52417761681,4156.842277034091,4156.842277034091,67194.36645465091,471010.6933,791688.8575,471010.6933,api_detail,api_detail
2026-03-17 04:00:00+00:00,0x689a850f62b41d89b5e5c3465cd291374b215813,0x319c0dd36284ac24a6b2bee73929f699b9f48c38,WETH / WBTC 0.3%,WETH / WBTC 0.05%,sushiswap-v3-optimism,velodrome-finance-slipstream,74275.9025388767,74102.6638767465,74275.9025388767,74179.6053770172,74502.0358930222,73803.2429155207,-23.3236697513739,43.46619456469858,-63.635662065311124,30.0,5.0,35.0,True,-58.3236697513739,-98.63566206531112,193.0869692730217,63037.52417761681,193.0869692730217,63230.61114688983,183752.7141,471010.6933,183752.7141,api_detail,api_detail
2026-03-17 04:00:00+00:00,0x689a850f62b41d89b5e5c3465cd291374b215813,0x73b14a78a0d396c521f954532d43fd5ffe385216,WETH / WBTC 0.3%,WETH / WBTC 0.3%,sushiswap-v3-optimism,uniswap_v3_optimism,74275.9025388767,74177.8708146452,74275.9025388767,74179.6053770172,74431.1168857675,74177.8708146452,-13.198321512174482,33.90574908992639,-13.198321512174482,30.0,30.0,60.0,True,-73.19832151217449,-73.19832151217449,193.0869692730217,4156.842277034091,193.0869692730217,4349.929246307113,183752.7141,791688.8575,183752.7141,api_detail,api_detail
2026-03-17 04:00:00+00:00,0x73b14a78a0d396c521f954532d43fd5ffe385216,0x319c0dd36284ac24a6b2bee73929f699b9f48c38,WETH / WBTC 0.3%,WETH / WBTC 0.05%,uniswap_v3_optimism,velodrome-finance-slipstream,74177.8708146452,74102.6638767465,74431.1168857675,74177.8708146452,74502.0358930222,73803.2429155207,-10.13872966057705,43.70104922356344,-84.35638164753234,30.0,5.0,35.0,True,-45.13872966057705,-119.35638164753234,4156.842277034091,63037.52417761681,4156.842277034091,67194.36645465091,791688.8575,471010.6933,471010.6933,api_detail,api_detail
2026-03-17 04:00:00+00:00,0x73b14a78a0d396c521f954532d43fd5ffe385216,0x689a850f62b41d89b5e5c3465cd291374b215813,WETH / WBTC 0.3%,WETH / WBTC 0.3%,uniswap_v3_optimism,sushiswap-v3-optimism,74177.8708146452,74275.9025388767,74431.1168857675,74177.8708146452,74275.9025388767,74179.6053770172,13.215764102540994,13.215764102540994,-33.79117757110861,30.0,30.0,60.0,True,-46.784235897459006,-93.79117757110862,4156.842277034091,193.0869692730217,193.0869692730217,4349.929246307113,791688.8575,183752.7141,183752.7141,api_detail,api_detail
2026-03-17 05:00:00+00:00,0x319c0dd36284ac24a6b2bee73929f699b9f48c38,0x689a850f62b41d89b5e5c3465cd291374b215813,WETH / WBTC 0.05%,WETH / WBTC 0.3%,velodrome-finance-slipstream,sushiswap-v3-optimism,73893.6511631299,74275.9025388767,74237.3654906185,73628.3130745057,74275.9025388767,74275.9025388767,51.72993480900389,87.9538641223121,5.191058169093932,5.0,30.0,35.0,True,16.729934809003893,-29.80894183090607,25397.200534308027,0.0,0.0,25397.200534308027,471010.6933,183752.7141,183752.7141,api_detail,api_detail
2026-03-17 05:00:00+00:00,0x319c0dd36284ac24a6b2bee73929f699b9f48c38,0x73b14a78a0d396c521f954532d43fd5ffe385216,WETH / WBTC 0.05%,WETH / WBTC 0.3%,velodrome-finance-slipstream,uniswap_v3_optimism,73893.6511631299,74177.8708146452,74237.3654906185,73628.3130745057,74177.8708146452,74177.8708146452,38.46333846568628,74.63945827244301,-8.014114668551953,5.0,30.0,35.0,True,3.4633384656862773,-43.014114668551954,25397.200534308027,0.0,0.0,25397.200534308027,471010.6933,791688.8575,471010.6933,api_detail,api_detail
2026-03-17 05:00:00+00:00,0x689a850f62b41d89b5e5c3465cd291374b215813,0x319c0dd36284ac24a6b2bee73929f699b9f48c38,WETH / WBTC 0.3%,WETH / WBTC 0.05%,sushiswap-v3-optimism,velodrome-finance-slipstream,74275.9025388767,73893.6511631299,74275.9025388767,74275.9025388767,74237.3654906185,73628.3130745057,-51.46371335531419,-5.188364858715877,-87.1870205861247,30.0,5.0,35.0,True,-86.46371335531418,-122.1870205861247,0.0,25397.200534308027,0.0,25397.200534308027,183752.7141,471010.6933,183752.7141,api_detail,api_detail
2026-03-17 05:00:00+00:00,0x689a850f62b41d89b5e5c3465cd291374b215813,0x73b14a78a0d396c521f954532d43fd5ffe385216,WETH / WBTC 0.3%,WETH / WBTC 0.3%,sushiswap-v3-optimism,uniswap_v3_optimism,74275.9025388767,74177.8708146452,74275.9025388767,74275.9025388767,74177.8708146452,74177.8708146452,-13.198321512174482,-13.198321512174482,-13.198321512174482,30.0,30.0,60.0,True,-73.19832151217449,-73.19832151217449,0.0,0.0,0.0,0.0,183752.7141,791688.8575,183752.7141,api_detail,api_detail
2026-03-17 05:00:00+00:00,0x73b14a78a0d396c521f954532d43fd5ffe385216,0x319c0dd36284ac24a6b2bee73929f699b9f48c38,WETH / WBTC 0.3%,WETH / WBTC 0.05%,uniswap_v3_optimism,velodrome-finance-slipstream,74177.8708146452,73893.6511631299,74177.8708146452,74177.8708146452,74237.3654906185,73628.3130745057,-38.31596248232816,8.020542423219368,-74.08648079327173,30.0,5.0,35.0,True,-73.31596248232816,-109.08648079327173,0.0,25397.200534308027,0.0,25397.200534308027,791688.8575,471010.6933,471010.6933,api_detail,api_detail
2026-03-17 05:00:00+00:00,0x73b14a78a0d396c521f954532d43fd5ffe385216,0x689a850f62b41d89b5e5c3465cd291374b215813,WETH / WBTC 0.3%,WETH / WBTC 0.3%,uniswap_v3_optimism,sushiswap-v3-optimism,74177.8708146452,74275.9025388767,74177.8708146452,74177.8708146452,74275.9025388767,74275.9025388767,13.215764102540994,13.215764102540994,13.215764102540994,30.0,30.0,60.0,True,-46.784235897459006,-46.784235897459006,0.0,0.0,0.0,0.0,791688.8575,183752.7141,183752.7141,api_detail,api_detail
2026-03-17 06:00:00+00:00,0x319c0dd36284ac24a6b2bee73929f699b9f48c38,0x689a850f62b41d89b5e5c3465cd291374b215813,WETH / WBTC 0.05%,WETH / WBTC 0.3%,velodrome-finance-slipstream,sushiswap-v3-optimism,73859.8875054692,74046.6900069366,74112.1476407703,73610.682147584,74275.9025388767,73876.1123780523,25.291468451473786,90.37008921598976,-31.84839061230349,5.0,30.0,35.0,True,-9.708531548526214,-66.84839061230349,32278.841432523684,127.01660218257136,127.01660218257136,32405.858034706256,471010.6933,183752.7141,183752.7141,api_detail,api_detail
2026-03-17 06:00:00+00:00,0x319c0dd36284ac24a6b2bee73929f699b9f48c38,0x73b14a78a0d396c521f954532d43fd5ffe385216,WETH / WBTC 0.05%,WETH / WBTC 0.3%,velodrome-finance-slipstream,uniswap_v3_optimism,73859.8875054692,73993.7907232948,74112.1476407703,73610.682147584,74177.8708146452,73850.2684362735,18.12935577727215,77.05249435455919,-35.33553038648329,5.0,30.0,35.0,True,-16.87064422272785,-70.3355303864833,32278.841432523684,6030.690041432981,6030.690041432981,38309.53147395667,471010.6933,791688.8575,471010.6933,api_detail,api_detail
2026-03-17 06:00:00+00:00,0x689a850f62b41d89b5e5c3465cd291374b215813,0x319c0dd36284ac24a6b2bee73929f699b9f48c38,WETH / WBTC 0.3%,WETH / WBTC 0.05%,sushiswap-v3-optimism,velodrome-finance-slipstream,74046.6900069366,73859.8875054692,74275.9025388767,73876.1123780523,74112.1476407703,73610.682147584,-25.227663984696,31.95014668748497,-89.56072811697192,30.0,5.0,35.0,True,-60.227663984696,-124.56072811697192,127.01660218257136,32278.841432523684,127.01660218257136,32405.858034706256,183752.7141,471010.6933,183752.7141,api_detail,api_detail
2026-03-17 06:00:00+00:00,0x689a850f62b41d89b5e5c3465cd291374b215813,0x73b14a78a0d396c521f954532d43fd5ffe385216,WETH / WBTC 0.3%,WETH / WBTC 0.3%,sushiswap-v3-optimism,uniswap_v3_optimism,74046.6900069366,73993.7907232948,74275.9025388767,73876.1123780523,74177.8708146452,73850.2684362735,-7.144044337002997,40.846550648019345,-57.30446727058247,30.0,30.0,60.0,True,-67.144044337003,-117.30446727058248,127.01660218257136,6030.690041432981,127.01660218257136,6157.706643615553,183752.7141,791688.8575,183752.7141,api_detail,api_detail
2026-03-17 06:00:00+00:00,0x73b14a78a0d396c521f954532d43fd5ffe385216,0x319c0dd36284ac24a6b2bee73929f699b9f48c38,WETH / WBTC 0.3%,WETH / WBTC 0.05%,uniswap_v3_optimism,velodrome-finance-slipstream,73993.7907232948,73859.8875054692,74177.8708146452,73850.2684362735,74112.1476407703,73610.682147584,-18.09654790174808,35.460833121112586,-76.46332535999667,30.0,5.0,35.0,True,-53.09654790174808,-111.46332535999667,6030.690041432981,32278.841432523684,6030.690041432981,38309.53147395667,791688.8575,471010.6933,471010.6933,api_detail,api_detail
2026-03-17 06:00:00+00:00,0x73b14a78a0d396c521f954532d43fd5ffe385216,0x689a850f62b41d89b5e5c3465cd291374b215813,WETH / WBTC 0.3%,WETH / WBTC 0.3%,uniswap_v3_optimism,sushiswap-v3-optimism,73993.7907232948,74046.6900069366,74177.8708146452,73850.2684362735,74275.9025388767,73876.1123780523,7.1491517226918155,57.634740078229555,-40.68038530614104,30.0,30.0,60.0,True,-52.85084827730819,-100.68038530614103,6030.690041432981,127.01660218257136,127.01660218257136,6157.706643615553,791688.8575,183752.7141,183752.7141,api_detail,api_detail
2026-03-17 07:00:00+00:00,0x319c0dd36284ac24a6b2bee73929f699b9f48c38,0x689a850f62b41d89b5e5c3465cd291374b215813,WETH / WBTC 0.05%,WETH / WBTC 0.3%,velodrome-finance-slipstream,sushiswap-v3-optimism,74022.8825986136,74200.5115547121,74274.7646922478,73849.3076684664,74200.5115547121,73995.7501600871,23.996492687494708,47.55682853823995,-37.56518560735556,5.0,30.0,35.0,True,-11.003507312505292,-72.56518560735556,28760.036328753125,761.3512814020463,761.3512814020463,29521.387610155172,471010.6933,183752.7141,183752.7141,api_detail,api_detail
2026-03-17 07:00:00+00:00,0x319c0dd36284ac24a6b2bee73929f699b9f48c38,0x73b14a78a0d396c521f954532d43fd5ffe385216,WETH / WBTC 0.05%,WETH / WBTC 0.3%,velodrome-finance-slipstream,uniswap_v3_optimism,74022.8825986136,73901.2534659376,74274.7646922478,73849.3076684664,74366.4308685912,73901.2534659376,-16.43128832681917,70.02410942650084,-50.28776972338056,5.0,30.0,35.0,True,-51.43128832681917,-85.28776972338056,28760.036328753125,18428.647718098116,18428.647718098116,47188.68404685124,471010.6933,791688.8575,471010.6933,api_detail,api_detail
2026-03-17 07:00:00+00:00,0x689a850f62b41d89b5e5c3465cd291374b215813,0x319c0dd36284ac24a6b2bee73929f699b9f48c38,WETH / WBTC 0.3%,WETH / WBTC 0.05%,sushiswap-v3-optimism,velodrome-finance-slipstream,74200.5115547121,74022.8825986136,74200.5115547121,73995.7501600871,74274.7646922478,73849.3076684664,-23.93904736997854,37.7068320217111,-47.33173382325484,30.0,5.0,35.0,True,-58.93904736997854,-82.33173382325484,761.3512814020463,28760.036328753125,761.3512814020463,29521.387610155172,183752.7141,471010.6933,183752.7141,api_detail,api_detail
2026-03-17 07:00:00+00:00,0x689a850f62b41d89b5e5c3465cd291374b215813,0x73b14a78a0d396c521f954532d43fd5ffe385216,WETH / WBTC 0.3%,WETH / WBTC 0.3%,sushiswap-v3-optimism,uniswap_v3_optimism,74200.5115547121,73901.2534659376,74200.5115547121,73995.7501600871,74366.4308685912,73901.2534659376,-40.331000757837245,50.094864597243216,-40.331000757837245,30.0,30.0,60.0,True,-100.33100075783724,-100.33100075783724,761.3512814020463,18428.647718098116,761.3512814020463,19189.998999500163,183752.7141,791688.8575,183752.7141,api_detail,api_detail
2026-03-17 07:00:00+00:00,0x73b14a78a0d396c521f954532d43fd5ffe385216,0x319c0dd36284ac24a6b2bee73929f699b9f48c38,WETH / WBTC 0.3%,WETH / WBTC 0.05%,uniswap_v3_optimism,velodrome-finance-slipstream,73901.2534659376,74022.8825986136,74366.4308685912,73901.2534659376,74274.7646922478,73849.3076684664,16.45833148582243,50.54193383639438,-69.53718150580323,30.0,5.0,35.0,True,-18.54166851417757,-104.53718150580323,18428.647718098116,28760.036328753125,18428.647718098116,47188.68404685124,791688.8575,471010.6933,471010.6933,api_detail,api_detail
2026-03-17 07:00:00+00:00,0x73b14a78a0d396c521f954532d43fd5ffe385216,0x689a850f62b41d89b5e5c3465cd291374b215813,WETH / WBTC 0.3%,WETH / WBTC 0.3%,uniswap_v3_optimism,sushiswap-v3-optimism,73901.2534659376,74200.5115547121,74366.4308685912,73901.2534659376,74200.5115547121,73995.7501600871,40.494318396431254,40.494318396431254,-49.84516591351573,30.0,30.0,60.0,True,-19.505681603568746,-109.84516591351573,18428.647718098116,761.3512814020463,761.3512814020463,19189.998999500163,791688.8575,183752.7141,183752.7141,api_detail,api_detail
2026-03-17 08:00:00+00:00,0x319c0dd36284ac24a6b2bee73929f699b9f48c38,0x689a850f62b41d89b5e5c3465cd291374b215813,WETH / WBTC 0.05%,WETH / WBTC 0.3%,velodrome-finance-slipstream,sushiswap-v3-optimism,74231.5563937128,74200.5115547121,74319.6057690968,73928.0940029775,74200.5115547121,74200.5115547121,-4.182161941486129,36.848988927487,-16.02460254629401,5.0,30.0,35.0,True,-39.18216194148613,-51.024602546294005,35826.69960941333,0.0,0.0,35826.69960941333,471010.6933,183752.7141,183752.7141,api_detail,api_detail
2026-03-17 08:00:00+00:00,0x319c0dd36284ac24a6b2bee73929f699b9f48c38,0x73b14a78a0d396c521f954532d43fd5ffe385216,WETH / WBTC 0.05%,WETH / WBTC 0.3%,velodrome-finance-slipstream,uniswap_v3_optimism,74231.5563937128,74305.6282046341,74319.6057690968,73928.0940029775,74332.1758829828,73901.2534659376,9.978480112746713,54.65877153400412,-56.29097447838794,5.0,30.0,35.0,True,-25.021519887253287,-91.29097447838794,35826.69960941333,3666.087788708265,3666.087788708265,39492.787398121596,471010.6933,791688.8575,471010.6933,api_detail,api_detail
2026-03-17 08:00:00+00:00,0x689a850f62b41d89b5e5c3465cd291374b215813,0x319c0dd36284ac24a6b2bee73929f699b9f48c38,WETH / WBTC 0.3%,WETH / WBTC 0.05%,sushiswap-v3-optimism,velodrome-finance-slipstream,74200.5115547121,74231.5563937128,74200.5115547121,74200.5115547121,74319.6057690968,73928.0940029775,4.183911721122868,16.05032255025618,-36.71370264526131,30.0,5.0,35.0,True,-30.81608827887713,-71.71370264526131,0.0,35826.69960941333,0.0,35826.69960941333,183752.7141,471010.6933,183752.7141,api_detail,api_detail
2026-03-17 08:00:00+00:00,0x689a850f62b41d89b5e5c3465cd291374b215813,0x73b14a78a0d396c521f954532d43fd5ffe385216,WETH / WBTC 0.3%,WETH / WBTC 0.3%,sushiswap-v3-optimism,uniswap_v3_optimism,74200.5115547121,74305.6282046341,74200.5115547121,74200.5115547121,74332.1758829828,73901.2534659376,14.16656674186001,17.74439630023661,-40.331000757837245,30.0,30.0,60.0,True,-45.83343325813999,-100.33100075783724,0.0,3666.087788708265,0.0,3666.087788708265,183752.7141,791688.8575,183752.7141,api_detail,api_detail
2026-03-17 08:00:00+00:00,0x73b14a78a0d396c521f954532d43fd5ffe385216,0x319c0dd36284ac24a6b2bee73929f699b9f48c38,WETH / WBTC 0.3%,WETH / WBTC 0.05%,uniswap_v3_optimism,velodrome-finance-slipstream,74305.6282046341,74231.5563937128,74332.1758829828,73901.2534659376,74319.6057690968,73928.0940029775,-9.968533031885496,56.60963563385746,-54.361637501562086,30.0,5.0,35.0,True,-44.9685330318855,-89.36163750156209,3666.087788708265,35826.69960941333,3666.087788708265,39492.787398121596,791688.8575,471010.6933,471010.6933,api_detail,api_detail
2026-03-17 08:00:00+00:00,0x73b14a78a0d396c521f954532d43fd5ffe385216,0x689a850f62b41d89b5e5c3465cd291374b215813,WETH / WBTC 0.3%,WETH / WBTC 0.3%,uniswap_v3_optimism,sushiswap-v3-optimism,74305.6282046341,74200.5115547121,74332.1758829828,73901.2534659376,74200.5115547121,74200.5115547121,-14.146525971425739,40.494318396431254,-17.71296571191239,30.0,30.0,60.0,True,-74.14652597142575,-77.71296571191239,3666.087788708265,0.0,0.0,3666.087788708265,791688.8575,183752.7141,183752.7141,api_detail,api_detail
2026-03-17 09:00:00+00:00,0x319c0dd36284ac24a6b2bee73929f699b9f48c38,0x689a850f62b41d89b5e5c3465cd291374b215813,WETH / WBTC 0.05%,WETH / WBTC 0.3%,velodrome-finance-slipstream,sushiswap-v3-optimism,73736.3503260154,73861.7336349237,74231.5563937128,73714.5099907841,74200.5115547121,73853.8231993151,17.004273788157054,65.93024412544501,-50.88579746250544,5.0,30.0,35.0,True,-17.995726211842946,-85.88579746250544,44146.24115671432,69.86421401241772,69.86421401241772,44216.10537072674,471010.6933,183752.7141,183752.7141,api_detail,api_detail
2026-03-17 09:00:00+00:00,0x319c0dd36284ac24a6b2bee73929f699b9f48c38,0x73b14a78a0d396c521f954532d43fd5ffe385216,WETH / WBTC 0.05%,WETH / WBTC 0.3%,velodrome-finance-slipstream,uniswap_v3_optimism,73736.3503260154,73870.5711029368,74231.5563937128,73714.5099907841,74305.6282046341,73870.5711029368,18.20279635864175,80.19021138767401,-48.62962711725927,5.0,30.0,35.0,True,-16.79720364135825,-83.62962711725928,44146.24115671432,5333.645619041254,5333.645619041254,49479.88677575557,471010.6933,791688.8575,471010.6933,api_detail,api_detail
2026-03-17 09:00:00+00:00,0x689a850f62b41d89b5e5c3465cd291374b215813,0x319c0dd36284ac24a6b2bee73929f699b9f48c38,WETH / WBTC 0.3%,WETH / WBTC 0.05%,sushiswap-v3-optimism,velodrome-finance-slipstream,73861.7336349237,73736.3503260154,74200.5115547121,73853.8231993151,74231.5563937128,73714.5099907841,-16.975408339051647,51.14605825866203,-65.49841149944501,30.0,5.0,35.0,True,-51.97540833905165,-100.49841149944501,69.86421401241772,44146.24115671432,69.86421401241772,44216.10537072674,183752.7141,471010.6933,183752.7141,api_detail,api_detail
2026-03-17 09:00:00+00:00,0x689a850f62b41d89b5e5c3465cd291374b215813,0x73b14a78a0d396c521f954532d43fd5ffe385216,WETH / WBTC 0.3%,WETH / WBTC 0.3%,sushiswap-v3-optimism,uniswap_v3_optimism,73861.7336349237,73870.5711029368,74200.5115547121,73853.8231993151,74305.6282046341,73870.5711029368,1.1964880294823566,61.17557436392529,-44.466061602825846,30.0,30.0,60.0,True,-58.80351197051765,-104.46606160282585,69.86421401241772,5333.645619041254,69.86421401241772,5403.509833053671,183752.7141,791688.8575,183752.7141,api_detail,api_detail
2026-03-17 09:00:00+00:00,0x73b14a78a0d396c521f954532d43fd5ffe385216,0x319c0dd36284ac24a6b2bee73929f699b9f48c38,WETH / WBTC 0.3%,WETH / WBTC 0.05%,uniswap_v3_optimism,velodrome-finance-slipstream,73870.5711029368,73736.3503260154,74305.6282046341,73870.5711029368,74231.5563937128,73714.5099907841,-18.169722383000185,48.867266813596984,-79.55227997293535,30.0,5.0,35.0,True,-53.169722383000185,-114.55227997293535,5333.645619041254,44146.24115671432,5333.645619041254,49479.88677575557,791688.8575,471010.6933,471010.6933,api_detail,api_detail
2026-03-17 09:00:00+00:00,0x73b14a78a0d396c521f954532d43fd5ffe385216,0x689a850f62b41d89b5e5c3465cd291374b215813,WETH / WBTC 0.3%,WETH / WBTC 0.3%,uniswap_v3_optimism,sushiswap-v3-optimism,73870.5711029368,73861.7336349237,74305.6282046341,73870.5711029368,74200.5115547121,73853.8231993151,-1.1963448882479355,44.66466778976663,-60.80360481910518,30.0,30.0,60.0,True,-61.196344888247936,-120.80360481910517,5333.645619041254,69.86421401241772,69.86421401241772,5403.509833053671,791688.8575,183752.7141,183752.7141,api_detail,api_detail
2026-03-17 10:00:00+00:00,0x319c0dd36284ac24a6b2bee73929f699b9f48c38,0x689a850f62b41d89b5e5c3465cd291374b215813,WETH / WBTC 0.05%,WETH / WBTC 0.3%,velodrome-finance-slipstream,sushiswap-v3-optimism,73579.8602716764,73492.6287070515,73806.7682721167,73432.5229584171,73861.7336349237,73492.6287070515,-11.855358830911156,58.449670420510635,-42.56243328619958,5.0,30.0,35.0,True,-46.85535883091116,-77.56243328619958,32363.65588509675,15.8744078007231,15.8744078007231,32379.53029289747,471010.6933,183752.7141,183752.7141,api_detail,api_detail
2026-03-17 10:00:00+00:00,0x319c0dd36284ac24a6b2bee73929f699b9f48c38,0x73b14a78a0d396c521f954532d43fd5ffe385216,WETH / WBTC 0.05%,WETH / WBTC 0.3%,velodrome-finance-slipstream,uniswap_v3_optimism,73579.8602716764,73564.1132688971,73806.7682721167,73432.5229584171,73870.5711029368,73479.6706446487,-2.1401240395346743,59.65315188309006,-44.31810728550367,5.0,30.0,35.0,True,-37.140124039534676,-79.31810728550367,32363.65588509675,618.9084054025612,618.9084054025612,32982.56429049931,471010.6933,791688.8575,471010.6933,api_detail,api_detail
2026-03-17 10:00:00+00:00,0x689a850f62b41d89b5e5c3465cd291374b215813,0x319c0dd36284ac24a6b2bee73929f699b9f48c38,WETH / WBTC 0.3%,WETH / WBTC 0.05%,sushiswap-v3-optimism,velodrome-finance-slipstream,73492.6287070515,73579.8602716764,73861.7336349237,73492.6287070515,73806.7682721167,73432.5229584171,11.869430466642239,42.7443636990299,-58.11001927304549,30.0,5.0,35.0,True,-23.13056953335776,-93.11001927304548,15.8744078007231,32363.65588509675,15.8744078007231,32379.53029289747,183752.7141,471010.6933,183752.7141,api_detail,api_detail
2026-03-17 10:00:00+00:00,0x689a850f62b41d89b5e5c3465cd291374b215813,0x73b14a78a0d396c521f954532d43fd5ffe385216,WETH / WBTC 0.3%,WETH / WBTC 0.3%,sushiswap-v3-optimism,uniswap_v3_optimism,73492.6287070515,73564.1132688971,73861.7336349237,73492.6287070515,73870.5711029368,73479.6706446487,9.726766221758165,51.425891621297296,-51.72678347402871,30.0,30.0,60.0,True,-50.27323377824183,-111.72678347402871,15.8744078007231,618.9084054025612,15.8744078007231,634.7828132032844,183752.7141,791688.8575,183752.7141,api_detail,api_detail
2026-03-17 10:00:00+00:00,0x73b14a78a0d396c521f954532d43fd5ffe385216,0x319c0dd36284ac24a6b2bee73929f699b9f48c38,WETH / WBTC 0.3%,WETH / WBTC 0.05%,uniswap_v3_optimism,velodrome-finance-slipstream,73564.1132688971,73579.8602716764,73870.5711029368,73479.6706446487,73806.7682721167,73432.5229584171,2.1405821506670364,44.51539107324764,-59.29941219884216,30.0,5.0,35.0,True,-32.859417849332964,-94.29941219884216,618.9084054025612,32363.65588509675,618.9084054025612,32982.56429049931,791688.8575,471010.6933,471010.6933,api_detail,api_detail
2026-03-17 10:00:00+00:00,0x73b14a78a0d396c521f954532d43fd5ffe385216,0x689a850f62b41d89b5e5c3465cd291374b215813,WETH / WBTC 0.3%,WETH / WBTC 0.3%,uniswap_v3_optimism,sushiswap-v3-optimism,73564.1132688971,73492.6287070515,73870.5711029368,73479.6706446487,73861.7336349237,73492.6287070515,-9.7173144171947,51.99574071618862,-51.162782450761,30.0,30.0,60.0,True,-69.7173144171947,-111.162782450761,618.9084054025612,15.8744078007231,15.8744078007231,634.7828132032844,791688.8575,183752.7141,183752.7141,api_detail,api_detail
2026-03-17 11:00:00+00:00,0x319c0dd36284ac24a6b2bee73929f699b9f48c38,0x689a850f62b41d89b5e5c3465cd291374b215813,WETH / WBTC 0.05%,WETH / WBTC 0.3%,velodrome-finance-slipstream,sushiswap-v3-optimism,73823.6671753701,73754.7194594156,74063.6799426359,73515.6945763293,73775.0313830756,73492.6287070515,-9.339513816173373,35.27638666013466,-77.10273591950978,5.0,30.0,35.0,True,-44.33951381617337,-112.10273591950978,27236.357626904664,697.8419701858551,697.8419701858551,27934.19959709052,471010.6933,183752.7141,183752.7141,api_detail,api_detail
2026-03-17 11:00:00+00:00,0x319c0dd36284ac24a6b2bee73929f699b9f48c38,0x73b14a78a0d396c521f954532d43fd5ffe385216,WETH / WBTC 0.05%,WETH / WBTC 0.3%,velodrome-finance-slipstream,uniswap_v3_optimism,73823.6671753701,73713.3749251443,74063.6799426359,73515.6945763293,73771.3334987116,73564.1132688971,-14.939958206600101,34.77338054894696,-67.45096572648546,5.0,30.0,35.0,True,-49.9399582066001,-102.45096572648546,27236.357626904664,15685.263917710237,15685.263917710237,42921.6215446149,471010.6933,791688.8575,471010.6933,api_detail,api_detail
2026-03-17 11:00:00+00:00,0x689a850f62b41d89b5e5c3465cd291374b215813,0x319c0dd36284ac24a6b2bee73929f699b9f48c38,WETH / WBTC 0.3%,WETH / WBTC 0.05%,sushiswap-v3-optimism,velodrome-finance-slipstream,73754.7194594156,73823.6671753701,73775.0313830756,73492.6287070515,74063.6799426359,73515.6945763293,9.348244622153778,77.70183835180022,-35.15238175903934,30.0,5.0,35.0,True,-25.65175537784622,-70.15238175903934,697.8419701858551,27236.357626904664,697.8419701858551,27934.19959709052,183752.7141,471010.6933,183752.7141,api_detail,api_detail
2026-03-17 11:00:00+00:00,0x689a850f62b41d89b5e5c3465cd291374b215813,0x73b14a78a0d396c521f954532d43fd5ffe385216,WETH / WBTC 0.3%,WETH / WBTC 0.3%,sushiswap-v3-optimism,uniswap_v3_optimism,73754.7194594156,73713.3749251443,73775.0313830756,73492.6287070515,73771.3334987116,73564.1132688971,-5.6056798228432125,37.92282254197809,-28.58936285412339,30.0,30.0,60.0,True,-65.60567982284321,-88.5893628541234,697.8419701858551,15685.263917710237,697.8419701858551,16383.105887896092,183752.7141,791688.8575,183752.7141,api_detail,api_detail
2026-03-17 11:00:00+00:00,0x73b14a78a0d396c521f954532d43fd5ffe385216,0x319c0dd36284ac24a6b2bee73929f699b9f48c38,WETH / WBTC 0.3%,WETH / WBTC 0.05%,uniswap_v3_optimism,velodrome-finance-slipstream,73713.3749251443,73823.6671753701,73771.3334987116,73564.1132688971,74063.6799426359,73515.6945763293,14.962311837953823,67.9090186151976,-34.652880767941376,30.0,5.0,35.0,True,-20.037688162046177,-69.65288076794138,15685.263917710237,27236.357626904664,15685.263917710237,42921.6215446149,791688.8575,471010.6933,471010.6933,api_detail,api_detail
2026-03-17 11:00:00+00:00,0x73b14a78a0d396c521f954532d43fd5ffe385216,0x689a850f62b41d89b5e5c3465cd291374b215813,WETH / WBTC 0.3%,WETH / WBTC 0.3%,uniswap_v3_optimism,sushiswap-v3-optimism,73713.3749251443,73754.7194594156,73771.3334987116,73564.1132688971,73775.0313830756,73492.6287070515,5.608823949967423,28.671332366576596,-37.77955181804682,30.0,30.0,60.0,True,-54.39117605003258,-97.77955181804683,15685.263917710237,697.8419701858551,697.8419701858551,16383.105887896092,791688.8575,183752.7141,183752.7141,api_detail,api_detail
2026-03-17 12:00:00+00:00,0x319c0dd36284ac24a6b2bee73929f699b9f48c38,0x689a850f62b41d89b5e5c3465cd291374b215813,WETH / WBTC 0.05%,WETH / WBTC 0.3%,velodrome-finance-slipstream,sushiswap-v3-optimism,73558.8943752655,73754.7194594156,74005.5984112628,73525.2780977382,73754.7194594156,73754.7194594156,26.621537179594146,31.20577951060577,-33.89999638311436,5.0,30.0,35.0,True,-8.378462820405854,-68.89999638311437,35407.67158667783,0.0,0.0,35407.67158667783,471010.6933,183752.7141,183752.7141,api_detail,api_detail
2026-03-17 12:00:00+00:00,0x319c0dd36284ac24a6b2bee73929f699b9f48c38,0x73b14a78a0d396c521f954532d43fd5ffe385216,WETH / WBTC 0.05%,WETH / WBTC 0.3%,velodrome-finance-slipstream,uniswap_v3_optimism,73558.8943752655,73713.3749251443,74005.5984112628,73525.2780977382,73713.3749251443,73713.3749251443,21.0009341753703,25.582606726906043,-39.486672953386034,5.0,30.0,35.0,True,-13.9990658246297,-74.48667295338603,35407.67158667783,0.0,0.0,35407.67158667783,471010.6933,791688.8575,471010.6933,api_detail,api_detail
2026-03-17 12:00:00+00:00,0x689a850f62b41d89b5e5c3465cd291374b215813,0x319c0dd36284ac24a6b2bee73929f699b9f48c38,WETH / WBTC 0.3%,WETH / WBTC 0.05%,sushiswap-v3-optimism,velodrome-finance-slipstream,73754.7194594156,73558.8943752655,73754.7194594156,73754.7194594156,74005.5984112628,73525.2780977382,-26.55085472297869,34.01530826583343,-31.108702379872845,30.0,5.0,35.0,True,-61.55085472297869,-66.10870237987285,0.0,35407.67158667783,0.0,35407.67158667783,183752.7141,471010.6933,183752.7141,api_detail,api_detail
2026-03-17 12:00:00+00:00,0x689a850f62b41d89b5e5c3465cd291374b215813,0x73b14a78a0d396c521f954532d43fd5ffe385216,WETH / WBTC 0.3%,WETH / WBTC 0.3%,sushiswap-v3-optimism,uniswap_v3_optimism,73754.7194594156,73713.3749251443,73754.7194594156,73754.7194594156,73713.3749251443,73713.3749251443,-5.6056798228432125,-5.6056798228432125,-5.6056798228432125,30.0,30.0,60.0,True,-65.60567982284321,-65.60567982284321,0.0,0.0,0.0,0.0,183752.7141,791688.8575,183752.7141,api_detail,api_detail
2026-03-17 12:00:00+00:00,0x73b14a78a0d396c521f954532d43fd5ffe385216,0x319c0dd36284ac24a6b2bee73929f699b9f48c38,WETH / WBTC 0.3%,WETH / WBTC 0.05%,uniswap_v3_optimism,velodrome-finance-slipstream,73713.3749251443,73558.8943752655,73713.3749251443,73713.3749251443,74005.5984112628,73525.2780977382,-20.956922679997714,39.64321080336619,-25.51732675340146,30.0,5.0,35.0,True,-55.95692267999772,-60.51732675340146,0.0,35407.67158667783,0.0,35407.67158667783,791688.8575,471010.6933,471010.6933,api_detail,api_detail
2026-03-17 12:00:00+00:00,0x73b14a78a0d396c521f954532d43fd5ffe385216,0x689a850f62b41d89b5e5c3465cd291374b215813,WETH / WBTC 0.3%,WETH / WBTC 0.3%,uniswap_v3_optimism,sushiswap-v3-optimism,73713.3749251443,73754.7194594156,73713.3749251443,73713.3749251443,73754.7194594156,73754.7194594156,5.608823949967423,5.608823949967423,5.608823949967423,30.0,30.0,60.0,True,-54.39117605003258,-54.39117605003258,0.0,0.0,0.0,0.0,791688.8575,183752.7141,183752.7141,api_detail,api_detail
2026-03-17 13:00:00+00:00,0x319c0dd36284ac24a6b2bee73929f699b9f48c38,0x689a850f62b41d89b5e5c3465cd291374b215813,WETH / WBTC 0.05%,WETH / WBTC 0.3%,velodrome-finance-slipstream,sushiswap-v3-optimism,73324.4242630638,73268.9443485372,73975.0830965669,73246.9744162401,73754.7194594156,73268.9443485372,-7.566362107059854,69.31959268244192,-95.45629669762023,5.0,30.0,35.0,True,-42.56636210705985,-130.45629669762025,58753.12153759196,938.1279761585545,938.1279761585545,59691.24951375051,471010.6933,183752.7141,183752.7141,api_detail,api_detail
2026-03-17 13:00:00+00:00,0x319c0dd36284ac24a6b2bee73929f699b9f48c38,0x73b14a78a0d396c521f954532d43fd5ffe385216,WETH / WBTC 0.05%,WETH / WBTC 0.3%,velodrome-finance-slipstream,uniswap_v3_optimism,73324.4242630638,73265.3172686346,73975.0830965669,73246.9744162401,73713.3749251443,73265.3172686346,-8.061024007109951,63.67505451539523,-95.94660772543895,5.0,30.0,35.0,True,-43.06102400710995,-130.94660772543895,58753.12153759196,12113.721171722691,12113.721171722691,70866.84270931465,471010.6933,791688.8575,471010.6933,api_detail,api_detail
2026-03-17 13:00:00+00:00,0x689a850f62b41d89b5e5c3465cd291374b215813,0x319c0dd36284ac24a6b2bee73929f699b9f48c38,WETH / WBTC 0.3%,WETH / WBTC 0.05%,sushiswap-v3-optimism,velodrome-finance-slipstream,73268.9443485372,73324.4242630638,73754.7194594156,73268.9443485372,73975.0830965669,73246.9744162401,7.572091425622762,96.37626886919826,-68.84238010760657,30.0,5.0,35.0,True,-27.427908574377238,-103.84238010760657,938.1279761585545,58753.12153759196,938.1279761585545,59691.24951375051,183752.7141,471010.6933,183752.7141,api_detail,api_detail
2026-03-17 13:00:00+00:00,0x689a850f62b41d89b5e5c3465cd291374b215813,0x73b14a78a0d396c521f954532d43fd5ffe385216,WETH / WBTC 0.3%,WETH / WBTC 0.3%,sushiswap-v3-optimism,uniswap_v3_optimism,73268.9443485372,73265.3172686346,73754.7194594156,73268.9443485372,73713.3749251443,73265.3172686346,-0.49503646256443545,60.65742867714219,-66.35537283147141,30.0,30.0,60.0,True,-60.495036462564435,-126.35537283147141,938.1279761585545,12113.721171722691,938.1279761585545,13051.849147881245,183752.7141,791688.8575,183752.7141,api_detail,api_detail
2026-03-17 13:00:00+00:00,0x73b14a78a0d396c521f954532d43fd5ffe385216,0x319c0dd36284ac24a6b2bee73929f699b9f48c38,WETH / WBTC 0.3%,WETH / WBTC 0.05%,uniswap_v3_optimism,velodrome-finance-slipstream,73265.3172686346,73324.4242630638,73713.3749251443,73265.3172686346,73975.0830965669,73246.9744162401,8.067527260202656,96.87610105199917,-63.27216863667107,30.0,5.0,35.0,True,-26.932472739797344,-98.27216863667107,12113.721171722691,58753.12153759196,12113.721171722691,70866.84270931465,791688.8575,471010.6933,471010.6933,api_detail,api_detail
2026-03-17 13:00:00+00:00,0x73b14a78a0d396c521f954532d43fd5ffe385216,0x689a850f62b41d89b5e5c3465cd291374b215813,WETH / WBTC 0.3%,WETH / WBTC 0.3%,uniswap_v3_optimism,sushiswap-v3-optimism,73265.3172686346,73268.9443485372,73713.3749251443,73265.3172686346,73754.7194594156,73268.9443485372,0.4950609698872732,66.79861754867788,-60.291714639088,30.0,30.0,60.0,True,-59.50493903011272,-120.291714639088,12113.721171722691,938.1279761585545,938.1279761585545,13051.849147881245,791688.8575,183752.7141,183752.7141,api_detail,api_detail
2026-03-17 14:00:00+00:00,0x319c0dd36284ac24a6b2bee73929f699b9f48c38,0x689a850f62b41d89b5e5c3465cd291374b215813,WETH / WBTC 0.05%,WETH / WBTC 0.3%,velodrome-finance-slipstream,sushiswap-v3-optimism,74165.9849732031,73268.9443485372,74231.7904921539,73232.2115253075,73268.9443485372,73268.9443485372,-120.9504094080338,5.0159379956737915,-129.70805866773017,5.0,30.0,35.0,True,-155.9504094080338,-164.70805866773017,42952.26472252955,0.0,0.0,42952.26472252955,471010.6933,183752.7141,183752.7141,api_detail,api_detail
2026-03-17 14:00:00+00:00,0x319c0dd36284ac24a6b2bee73929f699b9f48c38,0x73b14a78a0d396c521f954532d43fd5ffe385216,WETH / WBTC 0.05%,WETH / WBTC 0.3%,velodrome-finance-slipstream,uniswap_v3_optimism,74165.9849732031,74359.7087338161,74231.7904921539,73232.2115253075,74371.7632519955,73265.3172686346,26.120297692129313,155.6079903846941,-130.1966741084415,5.0,30.0,35.0,True,-8.879702307870687,-165.1966741084415,42952.26472252955,132.1861854922104,132.1861854922104,43084.45090802176,471010.6933,791688.8575,471010.6933,api_detail,api_detail
2026-03-17 14:00:00+00:00,0x689a850f62b41d89b5e5c3465cd291374b215813,0x319c0dd36284ac24a6b2bee73929f699b9f48c38,WETH / WBTC 0.3%,WETH / WBTC 0.05%,sushiswap-v3-optimism,velodrome-finance-slipstream,73268.9443485372,74165.9849732031,73268.9443485372,73268.9443485372,74231.7904921539,73232.2115253075,122.4312200266886,131.41258580668057,-5.0134232936349665,30.0,5.0,35.0,True,87.4312200266886,-40.013423293634965,0.0,42952.26472252955,0.0,42952.26472252955,183752.7141,471010.6933,183752.7141,api_detail,api_detail
2026-03-17 14:00:00+00:00,0x689a850f62b41d89b5e5c3465cd291374b215813,0x73b14a78a0d396c521f954532d43fd5ffe385216,WETH / WBTC 0.3%,WETH / WBTC 0.3%,sushiswap-v3-optimism,uniswap_v3_optimism,73268.9443485372,74359.7087338161,73268.9443485372,73268.9443485372,74371.7632519955,73265.3172686346,148.87131171020806,150.51655421869148,-0.49503646256443545,30.0,30.0,60.0,True,88.87131171020806,-60.495036462564435,0.0,132.1861854922104,0.0,132.1861854922104,183752.7141,791688.8575,183752.7141,api_detail,api_detail
2026-03-17 14:00:00+00:00,0x73b14a78a0d396c521f954532d43fd5ffe385216,0x319c0dd36284ac24a6b2bee73929f699b9f48c38,WETH / WBTC 0.3%,WETH / WBTC 0.05%,uniswap_v3_optimism,velodrome-finance-slipstream,74359.7087338161,74165.9849732031,74371.7632519955,73265.3172686346,74231.7904921539,73232.2115253075,-26.052248443639847,131.91415250078498,-153.22370707103184,30.0,5.0,35.0,True,-61.05224844363985,-188.22370707103184,132.1861854922104,42952.26472252955,132.1861854922104,43084.45090802176,791688.8575,471010.6933,471010.6933,api_detail,api_detail
2026-03-17 14:00:00+00:00,0x73b14a78a0d396c521f954532d43fd5ffe385216,0x689a850f62b41d89b5e5c3465cd291374b215813,WETH / WBTC 0.3%,WETH / WBTC 0.3%,uniswap_v3_optimism,sushiswap-v3-optimism,74359.7087338161,73268.9443485372,74371.7632519955,73265.3172686346,73268.9443485372,73268.9443485372,-146.68755484014696,0.4950609698872732,-148.28462513677198,30.0,30.0,60.0,True,-206.68755484014696,-208.28462513677198,132.1861854922104,0.0,0.0,132.1861854922104,791688.8575,183752.7141,183752.7141,api_detail,api_detail
2026-03-17 15:00:00+00:00,0x319c0dd36284ac24a6b2bee73929f699b9f48c38,0x689a850f62b41d89b5e5c3465cd291374b215813,WETH / WBTC 0.05%,WETH / WBTC 0.3%,velodrome-finance-slipstream,sushiswap-v3-optimism,73801.6529116228,73635.0759109312,74585.5028070981,72642.6062361717,74464.6393100657,72965.9076258091,-22.570903783289964,250.82154513706544,-217.14611021364294,5.0,30.0,35.0,True,-57.570903783289964,-252.14611021364294,178681.34462055832,8968.5732451415,8968.5732451415,187649.91786569983,471010.6933,183752.7141,183752.7141,api_detail,api_detail
2026-03-17 15:00:00+00:00,0x319c0dd36284ac24a6b2bee73929f699b9f48c38,0x73b14a78a0d396c521f954532d43fd5ffe385216,WETH / WBTC 0.05%,WETH / WBTC 0.3%,velodrome-finance-slipstream,uniswap_v3_optimism,73801.6529116228,74103.8316934639,74585.5028070981,72642.6062361717,74515.9453645001,72966.2350770075,40.94471734975347,257.88434988660794,-217.10220741938957,5.0,30.0,35.0,True,5.944717349753468,-252.10220741938957,178681.34462055832,148721.0985123655,148721.0985123655,327402.4431329238,471010.6933,791688.8575,471010.6933,api_detail,api_detail
2026-03-17 15:00:00+00:00,0x689a850f62b41d89b5e5c3465cd291374b215813,0x319c0dd36284ac24a6b2bee73929f699b9f48c38,WETH / WBTC 0.3%,WETH / WBTC 0.05%,sushiswap-v3-optimism,velodrome-finance-slipstream,73635.0759109312,73801.6529116228,74464.6393100657,72965.9076258091,74585.5028070981,72642.6062361717,22.621963599669392,221.9660159090697,-244.684334843438,30.0,5.0,35.0,True,-12.378036400330608,-279.684334843438,8968.5732451415,178681.34462055832,8968.5732451415,187649.91786569983,183752.7141,471010.6933,183752.7141,api_detail,api_detail
2026-03-17 15:00:00+00:00,0x689a850f62b41d89b5e5c3465cd291374b215813,0x73b14a78a0d396c521f954532d43fd5ffe385216,WETH / WBTC 0.3%,WETH / WBTC 0.3%,sushiswap-v3-optimism,uniswap_v3_optimism,73635.0759109312,74103.8316934639,74464.6393100657,72965.9076258091,74515.9453645001,72966.2350770075,63.65930593997149,212.4331470856311,-201.22359376763322,30.0,30.0,60.0,True,3.659305939971489,-261.22359376763325,8968.5732451415,148721.0985123655,8968.5732451415,157689.67175750702,183752.7141,791688.8575,183752.7141,api_detail,api_detail
2026-03-17 15:00:00+00:00,0x73b14a78a0d396c521f954532d43fd5ffe385216,0x319c0dd36284ac24a6b2bee73929f699b9f48c38,WETH / WBTC 0.3%,WETH / WBTC 0.05%,uniswap_v3_optimism,velodrome-finance-slipstream,74103.8316934639,73801.6529116228,74515.9453645001,72966.2350770075,74585.5028070981,72642.6062361717,-40.77775398863004,221.92014270458805,-251.4011087378454,30.0,5.0,35.0,True,-75.77775398863004,-286.4011087378454,148721.0985123655,178681.34462055832,148721.0985123655,327402.4431329238,791688.8575,471010.6933,471010.6933,api_detail,api_detail
2026-03-17 15:00:00+00:00,0x73b14a78a0d396c521f954532d43fd5ffe385216,0x689a850f62b41d89b5e5c3465cd291374b215813,WETH / WBTC 0.3%,WETH / WBTC 0.3%,uniswap_v3_optimism,sushiswap-v3-optimism,74103.8316934639,73635.0759109312,74515.9453645001,72966.2350770075,74464.6393100657,72965.9076258091,-63.25661869574284,205.35583773464649,-208.01423522292973,30.0,30.0,60.0,True,-123.25661869574284,-268.01423522292976,148721.0985123655,8968.5732451415,8968.5732451415,157689.67175750702,791688.8575,183752.7141,183752.7141,api_detail,api_detail
2026-03-17 16:00:00+00:00,0x319c0dd36284ac24a6b2bee73929f699b9f48c38,0x689a850f62b41d89b5e5c3465cd291374b215813,WETH / WBTC 0.05%,WETH / WBTC 0.3%,velodrome-finance-slipstream,sushiswap-v3-optimism,73962.0677864431,73635.0759109312,74091.2481262551,73628.2375960163,73635.0759109312,73635.0759109312,-44.21075360630189,0.928762542493633,-61.568974320226346,5.0,30.0,35.0,True,-79.21075360630189,-96.56897432022635,21070.55773730201,0.0,0.0,21070.55773730201,471010.6933,183752.7141,183752.7141,api_detail,api_detail
2026-03-17 16:00:00+00:00,0x319c0dd36284ac24a6b2bee73929f699b9f48c38,0x73b14a78a0d396c521f954532d43fd5ffe385216,WETH / WBTC 0.05%,WETH / WBTC 0.3%,velodrome-finance-slipstream,uniswap_v3_optimism,73962.0677864431,74103.8316934639,74091.2481262551,73628.2375960163,74103.8316934639,74103.8316934639,19.16710974470437,64.59398092034886,1.6983878024778853,5.0,30.0,35.0,True,-15.83289025529563,-33.30161219752212,21070.55773730201,0.0,0.0,21070.55773730201,471010.6933,791688.8575,471010.6933,api_detail,api_detail
2026-03-17 16:00:00+00:00,0x689a850f62b41d89b5e5c3465cd291374b215813,0x319c0dd36284ac24a6b2bee73929f699b9f48c38,WETH / WBTC 0.3%,WETH / WBTC 0.05%,sushiswap-v3-optimism,velodrome-finance-slipstream,73635.0759109312,73962.0677864431,73635.0759109312,73635.0759109312,74091.2481262551,73628.2375960163,44.40708065643007,61.95039655770618,-0.9286762905180712,30.0,5.0,35.0,True,9.407080656430068,-35.92867629051807,0.0,21070.55773730201,0.0,21070.55773730201,183752.7141,471010.6933,183752.7141,api_detail,api_detail
2026-03-17 16:00:00+00:00,0x689a850f62b41d89b5e5c3465cd291374b215813,0x73b14a78a0d396c521f954532d43fd5ffe385216,WETH / WBTC 0.3%,WETH / WBTC 0.3%,sushiswap-v3-optimism,uniswap_v3_optimism,73635.0759109312,74103.8316934639,73635.0759109312,73635.0759109312,74103.8316934639,74103.8316934639,63.65930593997149,63.65930593997149,63.65930593997149,30.0,30.0,60.0,True,3.659305939971489,3.659305939971489,0.0,0.0,0.0,0.0,183752.7141,791688.8575,183752.7141,api_detail,api_detail
2026-03-17 16:00:00+00:00,0x73b14a78a0d396c521f954532d43fd5ffe385216,0x319c0dd36284ac24a6b2bee73929f699b9f48c38,WETH / WBTC 0.3%,WETH / WBTC 0.05%,uniswap_v3_optimism,velodrome-finance-slipstream,74103.8316934639,73962.0677864431,74103.8316934639,74103.8316934639,74091.2481262551,73628.2375960163,-19.130442216160894,-1.698099399347619,-64.17942049406156,30.0,5.0,35.0,True,-54.130442216160894,-99.17942049406156,0.0,21070.55773730201,0.0,21070.55773730201,791688.8575,471010.6933,471010.6933,api_detail,api_detail
2026-03-17 16:00:00+00:00,0x73b14a78a0d396c521f954532d43fd5ffe385216,0x689a850f62b41d89b5e5c3465cd291374b215813,WETH / WBTC 0.3%,WETH / WBTC 0.3%,uniswap_v3_optimism,sushiswap-v3-optimism,74103.8316934639,73635.0759109312,74103.8316934639,74103.8316934639,73635.0759109312,73635.0759109312,-63.25661869574284,-63.25661869574284,-63.25661869574284,30.0,30.0,60.0,True,-123.25661869574284,-123.25661869574284,0.0,0.0,0.0,0.0,791688.8575,183752.7141,183752.7141,api_detail,api_detail
2026-03-17 17:00:00+00:00,0x319c0dd36284ac24a6b2bee73929f699b9f48c38,0x689a850f62b41d89b5e5c3465cd291374b215813,WETH / WBTC 0.05%,WETH / WBTC 0.3%,velodrome-finance-slipstream,sushiswap-v3-optimism,74271.4815134,73635.0759109312,74371.8893505207,73870.1785024102,73635.0759109312,73635.0759109312,-85.68640203494127,-31.82645503845949,-99.07149677438332,5.0,30.0,35.0,True,-120.68640203494127,-134.07149677438332,20436.790778706003,0.0,0.0,20436.790778706003,471010.6933,183752.7141,183752.7141,api_detail,api_detail
2026-03-17 17:00:00+00:00,0x319c0dd36284ac24a6b2bee73929f699b9f48c38,0x73b14a78a0d396c521f954532d43fd5ffe385216,WETH / WBTC 0.05%,WETH / WBTC 0.3%,velodrome-finance-slipstream,uniswap_v3_optimism,74271.4815134,74103.8316934639,74371.8893505207,73870.1785024102,74103.8316934639,74103.8316934639,-22.57256978317357,31.630245897682485,-36.04287310672083,5.0,30.0,35.0,True,-57.57256978317357,-71.04287310672083,20436.790778706003,0.0,0.0,20436.790778706003,471010.6933,791688.8575,471010.6933,api_detail,api_detail
